사고번호,사고일시,요일,시군구,사고내용,사망자수,중상자수,경상자수,부상신고자수,사고유형,법규위반,노면상태,기상상태,도로형태,가해운전자 차종,가해운전자 성별,가해운전자 연령,가해운전자 상해정도,피해운전자 차종,피해운전자 성별,피해운전자 연령,피해운전자 상해정도
2013010800100209,2013년 1월 8일 12시,화요일,경상북도 문경시 점촌동,경상사고,0,0,1,0,차대사람 - 횡단중,안전운전불이행,건조,맑음,단일로 - 기타,이륜,남,72세,상해없음,보행자,여,77세,경상
2013010800100210,2013년 1월 8일 12시,화요일,경상북도 구미시 도량동,중상사고,0,1,3,0,차대차 - 기타,안전운전불이행,건조,맑음,교차로 - 교차로부근,승용,여,39세,경상,승용,남,25세,경상
2013010800100232,2013년 1월 8일 13시,화요일,경상북도 상주시 낙동면,경상사고,0,0,1,0,차대차 - 추돌 - 진행중,안전거리미확보,건조,맑음,단일로 - 기타,화물,남,40세,상해없음,승용,여,62세,경상
2013010800100253,2013년 1월 8일 14시,화요일,경상북도 안동시 북후면,부상신고사고,0,0,0,1,차대차 - 추돌 - 진행중,안전운전불이행,결빙,맑음,기타 - 기타,승용,여,22세,상해없음,승용,남,49세,부상신고
2013010800100254,2013년 1월 8일 14시,화요일,경상북도 의성군 의성읍,경상사고,0,0,4,0,차대차 - 기타,중앙선침범,결빙,맑음,단일로 - 기타,승용,남,37세,상해없음,화물,남,62세,경상
2013010800100255,2013년 1월 8일 14시,화요일,경상북도 영주시 풍기읍,중상사고,0,1,0,0,차대사람 - 횡단중,안전운전불이행,습기,맑음,교차로 - 교차로안,화물,남,35세,상해없음,보행자,여,32세,중상
2013010800100256,2013년 1월 8일 14시,화요일,경상북도 봉화군 봉성면,중상사고,0,1,1,0,차량단독 - 도로외이탈 - 추락,안전운전불이행,결빙,맑음,단일로 - 기타,승용,남,33세,상해없음,,,,
2013010800100257,2013년 1월 8일 14시,화요일,경상북도 청도군 이서면,중상사고,0,1,0,0,차대사람 - 기타,기타,건조,맑음,단일로 - 기타,화물,남,45세,상해없음,보행자,남,45세,중상
2013010800100306,2013년 1월 8일 16시,화요일,경상북도 경주시 용강동,경상사고,0,0,1,0,차대차 - 기타,안전운전불이행,건조,맑음,단일로 - 기타,원동기,남,51세,경상,승용,여,46세,상해없음
2013010800100307,2013년 1월 8일 16시,화요일,경상북도 영주시 풍기읍,경상사고,0,0,2,0,차대차 - 추돌 - 진행중,안전운전불이행,결빙,맑음,단일로 - 기타,이륜,남,46세,경상,화물,남,32세,경상
2013010800100341,2013년 1월 8일 17시,화요일,경상북도 칠곡군 석적읍,부상신고사고,0,0,0,1,차대차 - 기타,안전운전불이행,건조,맑음,단일로 - 기타,승용,남,27세,부상신고,승용,여,24세,상해없음
2013010800100342,2013년 1월 8일 17시,화요일,경상북도 영천시 망정동,경상사고,0,0,1,0,차대차 - 추돌 - 진행중,안전운전불이행,건조,맑음,단일로 - 기타,승용,여,48세,경상,승합,남,64세,상해없음
2013010800100343,2013년 1월 8일 17시,화요일,경상북도 경산시 삼북동,중상사고,0,1,0,0,차대사람 - 기타,안전운전불이행,건조,맑음,기타 - 기타,승용,남,49세,상해없음,보행자,여,55세,중상
2013010800100344,2013년 1월 8일 17시,화요일,경상북도 영덕군 영해면,경상사고,0,0,1,0,차량단독 - 공작물충돌,안전운전불이행,건조,맑음,단일로 - 기타,승용,남,35세,경상,,,,
2013010800100379,2013년 1월 8일 18시,화요일,경상북도 상주시 중동면,중상사고,0,3,1,0,차대차 - 정면충돌,중앙선침범,건조,맑음,단일로 - 기타,승용,여,44세,상해없음,승용,남,39세,중상
2013010800100380,2013년 1월 8일 18시,화요일,경상북도 칠곡군 왜관읍,경상사고,0,0,1,0,차대차 - 기타,안전운전불이행,건조,맑음,단일로 - 기타,승용,남,56세,상해없음,승용,남,80세,경상
2013010800100381,2013년 1월 8일 18시,화요일,경상북도 고령군 성산면,중상사고,0,1,0,0,차대차 - 측면직각충돌,중앙선침범,건조,맑음,교차로 - 교차로부근,승용,남,51세,상해없음,원동기,남,71세,중상
2013010800100414,2013년 1월 8일 19시,화요일,경상북도 구미시 형곡동,경상사고,0,0,1,0,차대차 - 측면직각충돌,교차로운행방법위반,건조,맑음,교차로 - 교차로안,승용,남,55세,상해없음,승용,남,25세,상해없음
2013010800100439,2013년 1월 8일 20시,화요일,경상북도 경주시 강동면,경상사고,0,0,1,0,차대사람 - 기타,안전운전불이행,건조,맑음,교차로 - 교차로안,승용,남,39세,상해없음,보행자,남,49세,경상
2013010800100440,2013년 1월 8일 20시,화요일,경상북도 포항시 남구 해도동,중상사고,0,2,3,0,차대차 - 추돌 - 진행중,안전거리미확보,건조,맑음,단일로 - 기타,승용,남,42세,상해없음,승용,남,52세,경상
2013010800100462,2013년 1월 8일 21시,화요일,경상북도 포항시 북구 창포동,경상사고,0,0,1,0,차대차 - 측면직각충돌,안전운전불이행,건조,맑음,교차로 - 교차로안,승용,여,50세,상해없음,원동기,여,17세,경상
2013010800100491,2013년 1월 8일 22시,화요일,경상북도 구미시 공단동,중상사고,0,1,1,0,차대차 - 측면직각충돌,안전운전불이행,건조,맑음,교차로 - 교차로부근,승용,남,31세,상해없음,승용,여,47세,중상
2013010800100522,2013년 1월 8일 23시,화요일,경상북도 구미시 진평동,경상사고,0,0,1,0,차대차 - 측면직각충돌,안전운전불이행,결빙,맑음,교차로 - 교차로안,승용,남,36세,상해없음,이륜,남,46세,경상
2013010900100016,2013년 1월 9일 00시,수요일,경상북도 칠곡군 석적읍,경상사고,0,0,1,0,차대차 - 기타,기타,건조,맑음,교차로 - 교차로안,화물,남,30세,상해없음,승용,여,27세,경상
2013010900100017,2013년 1월 9일 00시,수요일,경상북도 포항시 남구 상도동,경상사고,0,0,3,0,차대차 - 추돌 - 진행중,직진우회전진행방해,건조,맑음,교차로 - 교차로안,승용,여,31세,경상,특수,남,42세,경상
2013010900100046,2013년 1월 9일 02시,수요일,경상북도 포항시 북구 득량동,중상사고,0,1,0,0,차대사람 - 횡단중,안전운전불이행,건조,맑음,교차로 - 교차로안,승용,남,43세,상해없음,보행자,여,53세,중상
2013010900100079,2013년 1월 9일 06시,수요일,경상북도 포항시 북구 용흥동,경상사고,0,0,1,0,차대사람 - 기타,신호위반,건조,맑음,교차로 - 교차로안,기타불명,기타불명,기타불명,기타불명,보행자,여,63세,경상
2013010900100080,2013년 1월 9일 06시,수요일,경상북도 칠곡군 지천면,경상사고,0,0,1,0,차대차 - 추돌 - 진행중,안전운전불이행,건조,맑음,단일로 - 기타,화물,남,58세,상해없음,승용,남,37세,경상
2013010900100123,2013년 1월 9일 08시,수요일,경상북도 안동시 평화동,중상사고,0,1,0,0,차대사람 - 횡단중,안전운전불이행,기타,맑음,단일로 - 기타,승용,남,61세,상해없음,보행자,여,73세,중상
2013010900100124,2013년 1월 9일 08시,수요일,경상북도 상주시 외서면,경상사고,0,0,1,0,차대차 - 정면충돌,안전운전불이행,건조,맑음,단일로 - 기타,승용,남,51세,상해없음,승용,여,43세,경상
2013010900100125,2013년 1월 9일 08시,수요일,경상북도 구미시 상모동,경상사고,0,0,1,0,차량단독 - 공작물충돌,안전운전불이행,건조,맑음,교차로 - 교차로부근,승용,남,48세,경상,,,,
2013010900100147,2013년 1월 9일 09시,수요일,경상북도 경산시 하양읍,경상사고,0,0,2,0,차대차 - 기타,안전운전불이행,건조,맑음,교차로 - 교차로부근,화물,남,40세,상해없음,승용,여,30세,경상
2013010900100173,2013년 1월 9일 10시,수요일,경상북도 포항시 북구 남빈동,경상사고,0,0,1,0,차대사람 - 횡단중,신호위반,건조,맑음,교차로 - 교차로부근,승용,여,60세,상해없음,보행자,남,26세,경상
2013010900100201,2013년 1월 9일 11시,수요일,경상북도 경주시 동천동,중상사고,0,1,0,0,차대사람 - 기타,안전운전불이행,건조,맑음,단일로 - 기타,승용,남,31세,상해없음,보행자,여,70세,중상
2013010900100202,2013년 1월 9일 11시,수요일,경상북도 포항시 북구 양덕동,경상사고,0,0,1,0,차대차 - 기타,안전운전불이행,건조,맑음,교차로 - 교차로안,원동기,남,64세,상해없음,승용,남,42세,경상
2013010900100203,2013년 1월 9일 11시,수요일,경상북도 영천시 금호읍,중상사고,0,1,0,0,차대차 - 기타,안전운전불이행,결빙,맑음,기타 - 기타,화물,남,45세,상해없음,승용,여,42세,중상
2013010900100222,2013년 1월 9일 12시,수요일,경상북도 예천군 예천읍,경상사고,0,0,1,0,차대사람 - 횡단중,안전운전불이행,건조,맑음,단일로 - 기타,승용,남,44세,상해없음,보행자,여,79세,경상
2013010900100223,2013년 1월 9일 12시,수요일,경상북도 포항시 남구 이동,경상사고,0,0,1,0,차대차 - 측면직각충돌,안전운전불이행,건조,맑음,단일로 - 기타,특수,남,61세,상해없음,화물,여,54세,경상
2013010900100271,2013년 1월 9일 14시,수요일,경상북도 경주시 강동면,경상사고,0,0,2,0,차대차 - 측면직각충돌,안전운전불이행,건조,맑음,단일로 - 기타,승용,남,58세,상해없음,승용,여,38세,경상
2013010900100272,2013년 1월 9일 14시,수요일,경상북도 김천시 성내동,경상사고,0,0,1,0,차대차 - 측면직각충돌,교차로운행방법위반,건조,맑음,교차로 - 교차로안,승용,남,68세,상해없음,승용,남,51세,상해없음
2013010900100273,2013년 1월 9일 14시,수요일,경상북도 문경시 문경읍,중상사고,0,2,1,0,차량단독 - 도로외이탈 - 기타,안전운전불이행,결빙,맑음,단일로 - 기타,승용,남,70세,경상,,,,
2013010900100321,2013년 1월 9일 16시,수요일,경상북도 경주시 양남면,경상사고,0,0,1,0,차대사람 - 기타,안전운전불이행,건조,맑음,단일로 - 기타,승용,남,18세,상해없음,보행자,여,38세,경상
2013010900100322,2013년 1월 9일 16시,수요일,경상북도 포항시 북구 우현동,경상사고,0,0,1,0,차대사람 - 횡단중,신호위반,건조,맑음,교차로 - 교차로안,승용,여,41세,상해없음,보행자,여,68세,경상
2013010900100323,2013년 1월 9일 16시,수요일,경상북도 경산시 옥산동,중상사고,0,1,0,0,차대차 - 기타,중앙선침범,건조,맑음,교차로 - 교차로안,화물,남,57세,상해없음,승용,여,30세,중상
2013010900100398,2013년 1월 9일 18시,수요일,경상북도 포항시 남구 연일읍,경상사고,0,0,1,0,차대차 - 추돌 - 진행중,안전운전불이행,건조,맑음,교차로 - 교차로안,원동기,남,50세,경상,승용,여,53세,상해없음
2013010900100428,2013년 1월 9일 19시,수요일,경상북도 상주시 성동동,중상사고,0,1,0,0,차대사람 - 기타,안전운전불이행,건조,맑음,교차로 - 교차로부근,화물,남,64세,상해없음,보행자,여,90세,중상
2013010900100429,2013년 1월 9일 19시,수요일,경상북도 구미시 공단동,경상사고,0,0,1,0,차대차 - 측면직각충돌,안전운전불이행,건조,맑음,교차로 - 교차로부근,승용,남,52세,상해없음,승용,남,29세,상해없음
2013010900100458,2013년 1월 9일 20시,수요일,경상북도 안동시 와룡면,중상사고,0,1,0,0,차량단독 - 공작물충돌,안전운전불이행,습기,맑음,단일로 - 기타,화물,남,56세,중상,,,,
2013010900100459,2013년 1월 9일 20시,수요일,경상북도 안동시 태화동,경상사고,0,0,2,0,차대차 - 측면직각충돌,직진우회전진행방해,건조,맑음,교차로 - 교차로안,승용,남,45세,상해없음,화물,남,30세,경상
2013010900100486,2013년 1월 9일 21시,수요일,경상북도 안동시 와룡면,경상사고,0,0,1,0,차대차 - 추돌 - 주정차중,안전운전불이행,건조,맑음,단일로 - 기타,승용,남,60세,경상,승합,남,55세,기타불명
2013010900100511,2013년 1월 9일 22시,수요일,경상북도 경산시 사정동,중상사고,0,1,0,0,차대차 - 기타,안전거리미확보,건조,맑음,단일로 - 기타,승용,남,48세,상해없음,이륜,남,27세,중상
2013011000100034,2013년 1월 10일 01시,목요일,경상북도 안동시 남후면,중상사고,0,1,0,0,차량단독 - 공작물충돌,안전운전불이행,결빙,기타,단일로 - 기타,승용,여,38세,상해없음,,,,
2013011000100117,2013년 1월 10일 07시,목요일,경상북도 영천시 본촌동,중상사고,0,1,0,0,차대차 - 기타,안전운전불이행,습기,맑음,단일로 - 기타,승용,여,51세,상해없음,자전거,여,34세,중상
2013011000100143,2013년 1월 10일 08시,목요일,경상북도 안동시 풍산읍,경상사고,0,0,1,0,차대사람 - 기타,안전운전불이행,건조,맑음,기타 - 기타,화물,남,69세,상해없음,보행자,남,57세,경상
2013011000100144,2013년 1월 10일 08시,목요일,경상북도 안동시 태화동,경상사고,0,0,2,0,차대차 - 측면직각충돌,교차로운행방법위반,습기,맑음,교차로 - 교차로안,승용,여,36세,상해없음,승용,남,27세,경상
2013011000100145,2013년 1월 10일 08시,목요일,경상북도 안동시 태화동,중상사고,0,1,0,0,차대차 - 측면직각충돌,중앙선침범,건조,맑음,교차로 - 교차로부근,승용,남,54세,상해없음,승용,남,54세,상해없음
2013011000100146,2013년 1월 10일 08시,목요일,경상북도 포항시 남구 동촌동,경상사고,0,0,1,0,차대차 - 추돌 - 주정차중,안전운전불이행,건조,맑음,단일로 - 기타,승용,남,51세,상해없음,승용,남,43세,경상
2013011000100178,2013년 1월 10일 09시,목요일,경상북도 안동시 옥동,경상사고,0,0,3,0,차대차 - 측면직각충돌,교차로운행방법위반,결빙,맑음,교차로 - 교차로안,승용,여,37세,경상,승용,여,44세,경상
2013011000100201,2013년 1월 10일 10시,목요일,경상북도 포항시 북구 동빈2가,중상사고,0,1,0,0,차대차 - 기타,안전운전불이행,건조,맑음,단일로 - 기타,승용,남,42세,상해없음,자전거,여,55세,중상
2013011000100202,2013년 1월 10일 10시,목요일,경상북도 문경시 흥덕동,경상사고,0,0,3,0,차대차 - 측면직각충돌,교차로운행방법위반,건조,맑음,교차로 - 교차로안,화물,남,64세,경상,승용,남,51세,경상
2013011000100203,2013년 1월 10일 10시,목요일,경상북도 경산시 임당동,경상사고,0,0,1,0,차대차 - 기타,안전운전불이행,건조,맑음,교차로 - 교차로부근,승용,남,65세,기타불명,승용,여,35세,경상
2013011000100227,2013년 1월 10일 11시,목요일,경상북도 경주시 황남동,중상사고,0,1,0,0,차대차 - 기타,신호위반,건조,맑음,교차로 - 교차로안,화물,남,56세,상해없음,승용,여,34세,중상
2013011000100228,2013년 1월 10일 11시,목요일,경상북도 구미시 시미동,중상사고,0,1,0,0,차대사람 - 횡단중,안전운전불이행,건조,맑음,기타 - 기타,화물,남,39세,상해없음,보행자,남,51세,중상
2013011000100250,2013년 1월 10일 12시,목요일,경상북도 구미시 사곡동,경상사고,0,0,1,0,차대차 - 기타,안전운전불이행,건조,맑음,교차로 - 교차로안,승용,여,50세,상해없음,승용,남,60세,경상
2013011000100289,2013년 1월 10일 14시,목요일,경상북도 경주시 동천동,경상사고,0,0,1,0,차대사람 - 기타,안전운전불이행,건조,맑음,단일로 - 기타,승용,남,45세,상해없음,보행자,남,15세,경상
2013011000100290,2013년 1월 10일 14시,목요일,경상북도 울진군 울진읍,중상사고,0,1,0,0,차대차 - 추돌 - 진행중,안전운전불이행,건조,맑음,단일로 - 기타,승용,남,35세,상해없음,이륜,여,57세,중상
2013011000100291,2013년 1월 10일 14시,목요일,경상북도 울진군 울진읍,경상사고,0,0,1,0,차대차 - 추돌 - 진행중,안전운전불이행,건조,맑음,단일로 - 기타,승합,남,28세,상해없음,승용,여,47세,경상
2013011000100317,2013년 1월 10일 15시,목요일,경상북도 경주시 동방동,경상사고,0,0,3,0,차대차 - 기타,안전운전불이행,건조,맑음,교차로 - 교차로부근,특수,남,44세,상해없음,승용,여,37세,경상
2013011000100344,2013년 1월 10일 16시,목요일,경상북도 영주시 영주동,중상사고,0,1,0,0,차대사람 - 차도통행중,안전운전불이행,건조,맑음,단일로 - 기타,승용,여,52세,상해없음,보행자,여,67세,중상
2013011000100365,2013년 1월 10일 17시,목요일,경상북도 상주시 공검면,중상사고,0,1,2,0,차대차 - 측면직각충돌,안전운전불이행,결빙,맑음,교차로 - 교차로안,승용,여,65세,경상,화물,남,54세,경상
2013011000100398,2013년 1월 10일 18시,목요일,경상북도 영주시 부석면,사망사고,1,2,0,0,차대차 - 정면충돌,중앙선침범,결빙,맑음,단일로 - 기타,승용,여,51세,중상,승용,남,34세,중상
2013011000100399,2013년 1월 10일 18시,목요일,경상북도 영주시 문수면,중상사고,0,1,0,0,차대차 - 추돌 - 진행중,안전운전불이행,건조,맑음,단일로 - 기타,화물,남,24세,상해없음,자전거,남,28세,중상
2013011000100400,2013년 1월 10일 18시,목요일,경상북도 영천시 금호읍,경상사고,0,0,3,0,차대차 - 추돌 - 진행중,안전운전불이행,건조,맑음,기타 - 기타,승용,남,58세,상해없음,승용,여,42세,경상
2013011000100401,2013년 1월 10일 18시,목요일,경상북도 경산시 중방동,경상사고,0,0,2,0,차대차 - 기타,안전운전불이행,건조,맑음,단일로 - 기타,승용,남,58세,상해없음,승용,남,27세,경상
2013011000100402,2013년 1월 10일 18시,목요일,경상북도 고령군 쌍림면,중상사고,0,1,0,0,차대사람 - 차도통행중,안전운전불이행,건조,맑음,단일로 - 기타,승용,남,64세,상해없음,보행자,여,74세,중상
2013011000100440,2013년 1월 10일 19시,목요일,경상북도 경산시 하양읍,경상사고,0,0,3,0,차대차 - 기타,안전운전불이행,건조,맑음,교차로 - 교차로안,승용,남,19세,기타불명,화물,남,53세,경상
2013011000100441,2013년 1월 10일 19시,목요일,경상북도 구미시 공단동,경상사고,0,0,1,0,차대차 - 측면직각충돌,안전운전불이행,건조,맑음,기타 - 기타,승용,남,53세,상해없음,승용,남,37세,경상
2013011000100497,2013년 1월 10일 21시,목요일,경상북도 봉화군 물야면,중상사고,0,1,0,0,차대사람 - 길가장자리구역통행중,안전운전불이행,건조,맑음,단일로 - 기타,승용,남,47세,상해없음,보행자,남,52세,중상
2013011000100527,2013년 1월 10일 22시,목요일,경상북도 구미시 구평동,중상사고,0,1,1,0,차대차 - 측면직각충돌,안전운전불이행,건조,맑음,교차로 - 교차로안,승용,남,29세,상해없음,승용,여,50세,중상
2013011000100528,2013년 1월 10일 22시,목요일,경상북도 포항시 남구 송내동,경상사고,0,0,1,0,차대차 - 측면직각충돌,중앙선침범,건조,맑음,단일로 - 기타,원동기,남,60세,경상,승용,남,53세,상해없음
2013011000100563,2013년 1월 10일 23시,목요일,경상북도 포항시 북구 장성동,경상사고,0,0,2,0,차대차 - 기타,신호위반,건조,맑음,교차로 - 교차로안,승합,남,43세,상해없음,승용,여,36세,경상
2013011100100048,2013년 1월 11일 01시,금요일,경상북도 포항시 남구 오천읍,경상사고,0,0,1,0,차대차 - 측면직각충돌,안전운전불이행,건조,맑음,교차로 - 교차로부근,승용,남,37세,상해없음,승용,남,52세,경상
2013011100100068,2013년 1월 11일 03시,금요일,경상북도 포항시 남구 구룡포읍,사망사고,2,0,0,0,차량단독 - 도로외이탈 - 추락,안전운전불이행,건조,맑음,단일로 - 기타,승용,남,66세,사망,,,,
2013011100100117,2013년 1월 11일 06시,금요일,경상북도 구미시 인의동,중상사고,0,1,0,0,차대사람 - 기타,안전운전불이행,건조,맑음,단일로 - 기타,승합,남,38세,상해없음,보행자,남,65세,중상
2013011100100118,2013년 1월 11일 06시,금요일,경상북도 칠곡군 지천면,중상사고,0,1,0,0,차대차 - 측면직각충돌,안전운전불이행,건조,맑음,단일로 - 기타,기타불명,기타불명,기타불명,기타불명,승용,남,35세,중상
2013011100100136,2013년 1월 11일 07시,금요일,경상북도 구미시 장천면,경상사고,0,0,1,1,차대차 - 정면충돌,안전운전불이행,결빙,기타,단일로 - 기타,승용,남,42세,부상신고,승용,남,29세,경상
2013011100100158,2013년 1월 11일 08시,금요일,경상북도 경주시 시래동,중상사고,0,1,0,0,차대사람 - 보도통행중,보행자보호의무위반,건조,맑음,교차로 - 교차로부근,화물,남,38세,상해없음,보행자,여,68세,중상
2013011100100159,2013년 1월 11일 08시,금요일,경상북도 영천시 도남동,중상사고,0,1,0,0,차대차 - 측면직각충돌,안전운전불이행,건조,맑음,교차로 - 교차로안,승용,남,60세,상해없음,이륜,남,37세,중상
2013011100100217,2013년 1월 11일 10시,금요일,경상북도 상주시 외서면,중상사고,0,3,0,0,차대차 - 기타,안전운전불이행,건조,맑음,단일로 - 기타,승용,여,40세,상해없음,화물,남,63세,상해없음
2013011100100218,2013년 1월 11일 10시,금요일,경상북도 포항시 남구 송도동,중상사고,0,1,0,0,차대차 - 측면직각충돌,교차로운행방법위반,건조,맑음,교차로 - 교차로안,승용,여,43세,상해없음,승용,남,61세,중상
2013011100100235,2013년 1월 11일 11시,금요일,경상북도 김천시 대항면,중상사고,0,1,1,0,차대차 - 측면직각충돌,신호위반,건조,맑음,교차로 - 교차로안,승합,남,60세,상해없음,승용,여,43세,중상
2013011100100236,2013년 1월 11일 11시,금요일,경상북도 영주시 문정동,중상사고,0,1,0,0,차대차 - 측면직각충돌,신호위반,건조,맑음,교차로 - 교차로안,승용,남,61세,상해없음,화물,남,60세,중상
2013011100100238,2013년 1월 11일 11시,금요일,경상북도 영천시 북안면,경상사고,0,0,3,0,차대차 - 추돌 - 진행중,안전거리미확보,건조,맑음,단일로 - 기타,화물,남,49세,경상,승용,남,38세,경상
2013011100100258,2013년 1월 11일 12시,금요일,경상북도 구미시 도량동,중상사고,0,1,0,0,차대차 - 기타,안전운전불이행,건조,맑음,교차로 - 교차로부근,승용,여,55세,상해없음,자전거,남,68세,중상
2013011100100284,2013년 1월 11일 13시,금요일,경상북도 경주시 황성동,중상사고,0,1,0,0,차대사람 - 기타,보행자보호의무위반,건조,맑음,기타 - 기타,건설기계,남,40세,상해없음,보행자,여,16세,중상
2013011100100285,2013년 1월 11일 13시,금요일,경상북도 칠곡군 석적읍,중상사고,0,1,0,0,차대사람 - 보도통행중,안전운전불이행,건조,맑음,기타 - 기타,승용,여,25세,상해없음,보행자,여,11세,중상
2013011100100315,2013년 1월 11일 14시,금요일,경상북도 경주시 동부동,경상사고,0,0,1,0,차대차 - 기타,안전운전불이행,건조,맑음,단일로 - 기타,승용,남,49세,상해없음,승용,여,42세,경상
2013011100100316,2013년 1월 11일 14시,금요일,경상북도 포항시 북구 용흥동,경상사고,0,0,1,0,차대차 - 기타,중앙선침범,건조,맑음,단일로 - 기타,승합,남,54세,상해없음,승용,남,57세,경상
2013011100100317,2013년 1월 11일 14시,금요일,경상북도 포항시 북구 흥해읍,중상사고,0,2,1,0,차대차 - 측면직각충돌,중앙선침범,건조,맑음,단일로 - 기타,승용,남,18세,상해없음,승용,남,31세,경상
2013011100100318,2013년 1월 11일 14시,금요일,경상북도 문경시 산북면,사망사고,2,1,0,0,차대차 - 정면충돌,중앙선침범,습기,맑음,단일로 - 기타,승용,남,49세,사망,화물,남,32세,중상
2013011100100319,2013년 1월 11일 14시,금요일,경상북도 포항시 남구 이동,중상사고,0,1,1,0,차대차 - 측면직각충돌,안전운전불이행,건조,맑음,단일로 - 기타,승합,여,47세,중상,승합,남,59세,경상
2013011100100346,2013년 1월 11일 15시,금요일,경상북도 상주시 내서면,중상사고,0,1,0,0,차대사람 - 기타,안전운전불이행,건조,맑음,단일로 - 기타,승용,남,74세,상해없음,보행자,남,74세,중상
2013011100100347,2013년 1월 11일 15시,금요일,경상북도 영주시 영주동,중상사고,0,2,0,0,차대사람 - 차도통행중,안전운전불이행,건조,맑음,단일로 - 기타,승용,여,48세,상해없음,보행자,남,53세,중상
2013011100100348,2013년 1월 11일 15시,금요일,경상북도 경산시 대평동,경상사고,0,0,1,0,차대차 - 기타,안전운전불이행,건조,맑음,교차로 - 교차로부근,승용,남,72세,상해없음,승용,남,25세,상해없음
2013011100100349,2013년 1월 11일 15시,금요일,경상북도 포항시 남구 대도동,경상사고,0,0,2,0,차대차 - 측면직각충돌,안전운전불이행,건조,맑음,단일로 - 기타,승용,남,62세,경상,화물,남,29세,경상
2013011100100377,2013년 1월 11일 16시,금요일,경상북도 김천시 신음동,경상사고,0,0,4,0,차대차 - 측면직각충돌,안전운전불이행,건조,맑음,단일로 - 교량,승용,남,25세,상해없음,승용,남,35세,경상
2013011100100418,2013년 1월 11일 17시,금요일,경상북도 경산시 대정동,경상사고,0,0,1,0,차대차 - 기타,직진우회전진행방해,건조,맑음,교차로 - 교차로안,승용,남,63세,상해없음,승용,여,45세,경상
2013011100100459,2013년 1월 11일 18시,금요일,경상북도 안동시 수상동,경상사고,0,0,1,0,차대차 - 추돌 - 진행중,안전운전불이행,습기,맑음,단일로 - 교량,승용,남,42세,상해없음,화물,남,34세,경상
2013011100100460,2013년 1월 11일 18시,금요일,경상북도 안동시 와룡면,경상사고,0,0,2,0,차대차 - 추돌 - 주정차중,안전운전불이행,건조,맑음,단일로 - 기타,승용,여,63세,경상,승용,남,34세,경상
2013011100100461,2013년 1월 11일 18시,금요일,경상북도 고령군 운수면,중상사고,0,1,1,0,차대차 - 정면충돌,중앙선침범,건조,맑음,단일로 - 기타,승용,남,72세,중상,화물,남,55세,경상
2013011100100561,2013년 1월 11일 20시,금요일,경상북도 포항시 북구 용흥동,경상사고,0,0,1,0,차량단독 - 기타,안전운전불이행,건조,맑음,교차로 - 교차로부근,승용,남,48세,상해없음,,,,
2013011100100562,2013년 1월 11일 20시,금요일,경상북도 김천시 평화동,경상사고,0,0,3,0,차대차 - 측면직각충돌,안전운전불이행,건조,맑음,단일로 - 기타,승용,여,51세,상해없음,승용,남,24세,경상
2013011100100563,2013년 1월 11일 20시,금요일,경상북도 상주시 외서면,사망사고,1,0,0,0,차대차 - 추돌 - 진행중,안전운전불이행,건조,맑음,단일로 - 기타,승용,남,64세,상해없음,농기계,남,76세,사망
2013011100100564,2013년 1월 11일 20시,금요일,경상북도 포항시 남구 대도동,경상사고,0,0,1,0,차대차 - 기타,안전운전불이행,건조,맑음,단일로 - 기타,원동기,여,42세,상해없음,원동기,남,38세,경상
2013011100100603,2013년 1월 11일 21시,금요일,경상북도 안동시 천리동,중상사고,0,1,0,0,차대사람 - 횡단중,안전운전불이행,습기,맑음,단일로 - 기타,이륜,남,33세,상해없음,보행자,여,80세,중상
2013011100100604,2013년 1월 11일 21시,금요일,경상북도 안동시 태화동,경상사고,0,0,3,0,차대차 - 추돌 - 진행중,안전거리미확보,건조,맑음,단일로 - 기타,승용,남,22세,경상,승용,남,63세,경상
2013011100100605,2013년 1월 11일 21시,금요일,경상북도 포항시 남구 상도동,중상사고,0,1,0,0,차대차 - 측면직각충돌,안전운전불이행,건조,맑음,교차로 - 교차로부근,원동기,남,18세,중상,승용,남,60세,상해없음
2013011200100069,2013년 1월 12일 01시,토요일,경상북도 경산시 정평동,중상사고,0,1,0,0,차대차 - 기타,신호위반,건조,기타,교차로 - 교차로안,승용,남,51세,상해없음,이륜,남,18세,중상
2013011200100070,2013년 1월 12일 01시,토요일,경상북도 구미시 공단동,경상사고,0,0,2,0,차대차 - 정면충돌,안전운전불이행,건조,맑음,교차로 - 교차로부근,승용,남,45세,기타불명,승용,남,52세,경상
2013011200100115,2013년 1월 12일 03시,토요일,경상북도 포항시 남구 상도동,경상사고,0,0,6,0,차대차 - 측면직각충돌,안전운전불이행,건조,맑음,단일로 - 기타,승용,남,39세,상해없음,승용,남,25세,경상
2013011200100140,2013년 1월 12일 05시,토요일,경상북도 문경시 모전동,중상사고,0,1,1,0,차대차 - 기타,안전운전불이행,건조,맑음,교차로 - 교차로부근,화물,남,42세,상해없음,승용,남,52세,경상
2013011200100151,2013년 1월 12일 06시,토요일,경상북도 안동시 송현동,중상사고,0,1,3,0,차대차 - 측면직각충돌,신호위반,건조,맑음,교차로 - 교차로안,화물,남,58세,상해없음,승합,남,41세,중상
2013011200100152,2013년 1월 12일 06시,토요일,경상북도 구미시 구포동,경상사고,0,0,2,0,차대차 - 측면직각충돌,신호위반,건조,맑음,교차로 - 교차로안,승용,남,41세,상해없음,승용,남,30세,경상