사고번호,사고일시,요일,시군구,사고내용,사망자수,중상자수,경상자수,부상신고자수,사고유형,법규위반,노면상태,기상상태,도로형태,가해운전자 차종,가해운전자 성별,가해운전자 연령,가해운전자 상해정도,피해운전자 차종,피해운전자 성별,피해운전자 연령,피해운전자 상해정도
2013011900100207,2013년 1월 19일 09시,토요일,경상북도 문경시 흥덕동,경상사고,0,0,1,0,차대차 - 측면직각충돌,안전운전불이행,건조,맑음,단일로 - 기타,화물,남,75세,상해없음,승용,남,71세,경상
2013011900100235,2013년 1월 19일 10시,토요일,경상북도 구미시 인의동,경상사고,0,0,2,0,차대사람 - 기타,안전운전불이행,건조,맑음,교차로 - 교차로부근,승용,여,37세,상해없음,보행자,여,49세,경상
2013011900100254,2013년 1월 19일 11시,토요일,경상북도 포항시 남구 오천읍,경상사고,0,0,1,0,차대사람 - 기타,안전운전불이행,건조,맑음,단일로 - 기타,화물,남,57세,상해없음,보행자,남,58세,경상
2013011900100277,2013년 1월 19일 12시,토요일,경상북도 경주시 탑동,중상사고,0,1,1,0,차대차 - 측면직각충돌,안전운전불이행,건조,맑음,단일로 - 교량,특수,남,72세,상해없음,화물,남,59세,경상
2013011900100278,2013년 1월 19일 12시,토요일,경상북도 칠곡군 약목면,경상사고,0,0,1,0,차대차 - 추돌 - 진행중,교차로운행방법위반,건조,맑음,교차로 - 교차로안,승용,남,44세,상해없음,이륜,남,86세,경상
2013011900100279,2013년 1월 19일 12시,토요일,경상북도 칠곡군 지천면,경상사고,0,0,1,0,차대차 - 추돌 - 진행중,안전운전불이행,건조,맑음,단일로 - 기타,화물,남,47세,상해없음,화물,남,41세,경상
2013011900100300,2013년 1월 19일 13시,토요일,경상북도 경산시 진량읍,중상사고,0,1,1,0,차대차 - 기타,안전운전불이행,건조,맑음,교차로 - 교차로부근,승합,남,47세,상해없음,승합,남,55세,상해없음
2013011900100301,2013년 1월 19일 13시,토요일,경상북도 포항시 남구 오천읍,중상사고,0,1,4,0,차대차 - 측면직각충돌,교차로운행방법위반,건조,맑음,교차로 - 교차로안,승용,여,45세,경상,승합,남,38세,경상
2013011900100323,2013년 1월 19일 14시,토요일,경상북도 경주시 양북면,경상사고,0,0,1,0,차대사람 - 기타,안전운전불이행,건조,맑음,교차로 - 교차로부근,승용,남,44세,상해없음,보행자,여,77세,경상
2013011900100324,2013년 1월 19일 14시,토요일,경상북도 청송군 파천면,중상사고,0,1,1,0,차대차 - 정면충돌,중앙선침범,건조,맑음,단일로 - 기타,승용,남,41세,상해없음,승용,남,61세,중상
2013011900100325,2013년 1월 19일 14시,토요일,경상북도 포항시 남구 해도동,경상사고,0,0,1,0,차대차 - 측면직각충돌,안전운전불이행,건조,맑음,단일로 - 기타,승용,남,47세,상해없음,승용,남,63세,경상
2013011900100340,2013년 1월 19일 15시,토요일,경상북도 경주시 외동읍,중상사고,0,1,0,0,차대차 - 기타,기타,건조,맑음,교차로 - 교차로부근,이륜,남,18세,중상,화물,남,43세,상해없음
2013011900100341,2013년 1월 19일 15시,토요일,경상북도 경산시 계양동,경상사고,0,0,1,0,차대사람 - 기타,보행자보호의무위반,건조,맑음,교차로 - 교차로안,기타불명,기타불명,기타불명,기타불명,보행자,여,13세,경상
2013011900100358,2013년 1월 19일 16시,토요일,경상북도 경주시 황오동,경상사고,0,0,1,0,차대차 - 기타,안전거리미확보,건조,맑음,교차로 - 교차로부근,승용,남,43세,상해없음,승용,여,39세,경상
2013011900100379,2013년 1월 19일 17시,토요일,경상북도 영천시 임고면,경상사고,0,0,1,0,차대차 - 추돌 - 진행중,안전운전불이행,건조,맑음,단일로 - 기타,승용,남,66세,상해없음,승용,남,60세,경상
2013011900100458,2013년 1월 19일 19시,토요일,경상북도 경주시 용강동,경상사고,0,0,1,0,차대차 - 기타,안전운전불이행,건조,맑음,교차로 - 교차로부근,화물,남,55세,상해없음,승용,남,41세,상해없음
2013011900100459,2013년 1월 19일 19시,토요일,경상북도 칠곡군 가산면,중상사고,0,1,1,0,차대차 - 추돌 - 진행중,안전운전불이행,건조,맑음,단일로 - 기타,승용,남,63세,상해없음,승용,남,39세,중상
2013011900100460,2013년 1월 19일 19시,토요일,경상북도 청도군 운문면,중상사고,0,1,0,0,차량단독 - 전도전복,안전운전불이행,건조,맑음,단일로 - 기타,화물,남,61세,중상,,,,
2013011900100461,2013년 1월 19일 19시,토요일,경상북도 구미시 황상동,경상사고,0,0,1,0,차대차 - 기타,안전운전불이행,건조,맑음,교차로 - 교차로안,승용,남,18세,상해없음,승용,남,51세,경상
2013011900100497,2013년 1월 19일 20시,토요일,경상북도 포항시 북구 용흥동,중상사고,0,1,0,0,차대차 - 측면직각충돌,중앙선침범,건조,맑음,단일로 - 기타,원동기,남,47세,상해없음,원동기,남,21세,중상
2013011900100498,2013년 1월 19일 20시,토요일,경상북도 구미시 봉곡동,부상신고사고,0,0,0,1,차대차 - 기타,안전운전불이행,습기,흐림,교차로 - 교차로부근,이륜,남,27세,부상신고,승용,여,32세,상해없음
2013011900100573,2013년 1월 19일 22시,토요일,경상북도 경주시 외동읍,중상사고,0,1,0,0,차대차 - 기타,중앙선침범,건조,맑음,단일로 - 기타,승용,남,33세,상해없음,승합,남,32세,중상
2013011900100574,2013년 1월 19일 22시,토요일,경상북도 포항시 북구 동빈1가,경상사고,0,0,1,0,차대차 - 추돌 - 주정차중,안전거리미확보,건조,맑음,단일로 - 기타,승용,남,43세,상해없음,승용,남,54세,경상
2013011900100575,2013년 1월 19일 22시,토요일,경상북도 칠곡군 북삼읍,부상신고사고,0,0,0,1,차량단독 - 공작물충돌,안전운전불이행,건조,맑음,교차로 - 교차로부근,승용,남,45세,부상신고,,,,
2013011900100605,2013년 1월 19일 23시,토요일,경상북도 영주시 휴천동,중상사고,0,1,0,0,차대차 - 측면직각충돌,안전거리미확보,건조,맑음,단일로 - 기타,승용,남,39세,상해없음,이륜,남,34세,중상
2013011900100606,2013년 1월 19일 23시,토요일,경상북도 구미시 구평동,경상사고,0,0,1,0,차대차 - 기타,안전운전불이행,건조,맑음,단일로 - 기타,승용,남,35세,상해없음,승용,남,27세,경상
2013012000100039,2013년 1월 20일 01시,일요일,경상북도 구미시 인의동,경상사고,0,0,2,0,차대차 - 기타,안전운전불이행,건조,맑음,기타 - 기타,승용,남,23세,상해없음,승용,남,22세,경상
2013012000100074,2013년 1월 20일 03시,일요일,경상북도 영덕군 병곡면,중상사고,0,1,0,0,차량단독 - 공작물충돌,안전운전불이행,건조,맑음,기타 - 기타,승용,남,56세,상해없음,,,,
2013012000100092,2013년 1월 20일 04시,일요일,경상북도 청송군 안덕면,사망사고,1,0,1,0,차량단독 - 도로외이탈 - 기타,안전운전불이행,건조,맑음,단일로 - 기타,승용,남,63세,사망,,,,
2013012000100142,2013년 1월 20일 08시,일요일,경상북도 포항시 남구 오천읍,경상사고,0,0,1,0,차대차 - 측면직각충돌,안전운전불이행,건조,맑음,단일로 - 기타,승용,남,35세,상해없음,승용,남,55세,상해없음
2013012000100159,2013년 1월 20일 09시,일요일,경상북도 포항시 북구 죽도동,경상사고,0,0,1,0,차대차 - 기타,안전운전불이행,건조,맑음,단일로 - 기타,승용,여,57세,상해없음,승용,남,54세,경상
2013012000100160,2013년 1월 20일 09시,일요일,경상북도 영천시 조교동,경상사고,0,0,2,0,차대차 - 측면직각충돌,안전운전불이행,건조,맑음,교차로 - 교차로부근,승용,남,58세,경상,승용,남,44세,경상
2013012000100182,2013년 1월 20일 10시,일요일,경상북도 포항시 북구 흥해읍,경상사고,0,0,1,0,차대차 - 기타,교차로운행방법위반,건조,맑음,교차로 - 교차로안,승용,남,50세,상해없음,이륜,남,27세,경상
2013012000100183,2013년 1월 20일 10시,일요일,경상북도 영양군 입암면,경상사고,0,0,1,0,차대차 - 기타,안전운전불이행,건조,맑음,단일로 - 기타,승용,여,54세,상해없음,승합,남,39세,경상
2013012000100231,2013년 1월 20일 14시,일요일,경상북도 경주시 동천동,중상사고,0,1,0,0,차대차 - 기타,안전운전불이행,건조,맑음,교차로 - 교차로안,승용,남,65세,상해없음,승용,여,47세,중상
2013012000100232,2013년 1월 20일 14시,일요일,경상북도 경주시 현곡면,중상사고,0,1,0,0,차대차 - 기타,중앙선침범,건조,맑음,단일로 - 기타,승용,기타불명,기타불명,기타불명,원동기,남,16세,중상
2013012000100233,2013년 1월 20일 14시,일요일,경상북도 포항시 북구 동빈1가,경상사고,0,0,1,0,차대차 - 측면직각충돌,교차로운행방법위반,건조,맑음,교차로 - 교차로안,승용,여,46세,상해없음,승용,남,59세,경상
2013012000100234,2013년 1월 20일 14시,일요일,경상북도 포항시 남구 호미곶면,경상사고,0,0,2,0,차대차 - 기타,직진우회전진행방해,건조,흐림,교차로 - 교차로안,기타불명,남,34세,상해없음,승용,남,66세,경상
2013012000100264,2013년 1월 20일 16시,일요일,경상북도 안동시 옥동,경상사고,0,0,3,0,차대차 - 측면직각충돌,안전거리미확보,건조,맑음,단일로 - 기타,건설기계,남,41세,상해없음,승용,남,19세,경상
2013012000100265,2013년 1월 20일 16시,일요일,경상북도 의성군 다인면,중상사고,0,1,0,0,차대차 - 기타,안전운전불이행,건조,맑음,단일로 - 기타,화물,여,55세,상해없음,화물,남,55세,상해없음
2013012000100266,2013년 1월 20일 16시,일요일,경상북도 경주시 율동,경상사고,0,0,3,0,차대차 - 추돌 - 진행중,안전운전불이행,습기,비,단일로 - 기타,승용,남,64세,상해없음,승용,남,43세,상해없음
2013012000100316,2013년 1월 20일 18시,일요일,경상북도 영주시 가흥동,경상사고,0,0,1,0,차량단독 - 기타,안전운전불이행,건조,맑음,교차로 - 교차로부근,이륜,남,78세,경상,,,,
2013012000100317,2013년 1월 20일 18시,일요일,경상북도 포항시 남구 오천읍,경상사고,0,0,1,0,차대차 - 측면직각충돌,직진우회전진행방해,건조,맑음,교차로 - 교차로안,이륜,남,57세,상해없음,승용,남,35세,경상
2013012000100348,2013년 1월 20일 19시,일요일,경상북도 구미시 지산동,중상사고,0,1,0,0,차대차 - 측면직각충돌,안전운전불이행,건조,맑음,단일로 - 기타,이륜,남,69세,중상,승용,남,52세,상해없음
2013012000100374,2013년 1월 20일 20시,일요일,경상북도 경주시 양북면,중상사고,0,2,0,0,차대차 - 기타,중앙선침범,건조,맑음,기타 - 기타,화물,남,64세,기타불명,승합,남,71세,중상
2013012000100415,2013년 1월 20일 22시,일요일,경상북도 안동시 수상동,경상사고,0,0,1,0,차량단독 - 도로외이탈 - 기타,안전운전불이행,기타,맑음,단일로 - 기타,승용,남,23세,상해없음,,,,
2013012000100416,2013년 1월 20일 22시,일요일,경상북도 경산시 하양읍,경상사고,0,0,1,0,차대차 - 기타,안전운전불이행,건조,맑음,교차로 - 교차로부근,이륜,남,35세,경상,승용,남,37세,상해없음
2013012000100417,2013년 1월 20일 22시,일요일,경상북도 구미시 진평동,중상사고,0,1,0,0,차대사람 - 기타,안전운전불이행,건조,맑음,단일로 - 기타,승용,남,31세,상해없음,보행자,남,29세,중상
2013012000100418,2013년 1월 20일 22시,일요일,경상북도 구미시 원평동,경상사고,0,0,1,0,차대차 - 측면직각충돌,안전운전불이행,건조,맑음,단일로 - 기타,승용,남,39세,상해없음,승용,남,23세,경상
2013012100100020,2013년 1월 21일 01시,월요일,경상북도 구미시 구포동,중상사고,0,2,0,0,차대차 - 측면직각충돌,안전운전불이행,습기,비,단일로 - 기타,승용,남,32세,상해없음,승용,남,31세,중상
2013012100100037,2013년 1월 21일 03시,월요일,경상북도 구미시 공단동,중상사고,0,1,0,0,차대차 - 측면직각충돌,안전운전불이행,건조,맑음,단일로 - 기타,승용,남,38세,기타불명,승용,남,41세,중상
2013012100100047,2013년 1월 21일 04시,월요일,경상북도 포항시 북구 흥해읍,중상사고,0,1,0,0,차대사람 - 기타,안전운전불이행,습기,비,단일로 - 기타,승용,남,46세,상해없음,보행자,여,68세,중상
2013012100100057,2013년 1월 21일 05시,월요일,경상북도 구미시 광평동,경상사고,0,0,1,0,차대차 - 추돌 - 주정차중,안전운전불이행,건조,맑음,교차로 - 교차로부근,승용,여,56세,상해없음,승용,남,30세,경상
2013012100100082,2013년 1월 21일 06시,월요일,경상북도 경주시 동천동,중상사고,0,1,0,0,차대차 - 기타,신호위반,습기,비,교차로 - 교차로안,자전거,남,52세,중상,승용,남,53세,상해없음
2013012100100083,2013년 1월 21일 06시,월요일,경상북도 포항시 북구 환호동,중상사고,0,2,2,0,차대차 - 정면충돌,중앙선침범,습기,비,단일로 - 기타,승용,남,53세,중상,승용,남,64세,경상
2013012100100084,2013년 1월 21일 06시,월요일,경상북도 구미시 인의동,중상사고,0,1,0,0,차대차 - 측면직각충돌,교차로운행방법위반,습기,비,교차로 - 교차로안,승용,남,68세,상해없음,자전거,여,53세,중상
2013012100100114,2013년 1월 21일 07시,월요일,경상북도 의성군 가음면,경상사고,0,0,2,0,차대차 - 기타,안전운전불이행,결빙,비,단일로 - 기타,승합,남,55세,상해없음,화물,남,49세,상해없음
2013012100100115,2013년 1월 21일 07시,월요일,경상북도 영양군 일월면,중상사고,0,1,1,0,차대차 - 기타,중앙선침범,결빙,비,단일로 - 기타,화물,남,52세,중상,승합,남,42세,경상
2013012100100116,2013년 1월 21일 07시,월요일,경상북도 포항시 남구 대송면,중상사고,0,1,0,0,차대차 - 기타,안전운전불이행,습기,비,단일로 - 기타,기타불명,기타불명,기타불명,기타불명,승용,남,58세,중상
2013012100100138,2013년 1월 21일 08시,월요일,경상북도 문경시 산북면,중상사고,0,1,1,0,차량단독 - 공작물충돌,안전운전불이행,결빙,비,단일로 - 기타,승용,여,30세,상해없음,,,,
2013012100100139,2013년 1월 21일 08시,월요일,경상북도 봉화군 소천면,중상사고,0,1,0,0,차량단독 - 공작물충돌,안전운전불이행,습기,비,단일로 - 기타,승용,여,52세,중상,,,,
2013012100100140,2013년 1월 21일 08시,월요일,경상북도 구미시 구포동,경상사고,0,0,3,0,차대차 - 기타,안전운전불이행,결빙,비,단일로 - 기타,승용,남,41세,경상,화물,남,34세,경상
2013012100100172,2013년 1월 21일 09시,월요일,경상북도 포항시 북구 양덕동,경상사고,0,0,1,0,차대차 - 측면직각충돌,안전운전불이행,습기,비,단일로 - 기타,승용,여,51세,상해없음,승용,남,42세,경상
2013012100100173,2013년 1월 21일 09시,월요일,경상북도 구미시 구평동,경상사고,0,0,1,0,차대차 - 추돌 - 주정차중,중앙선침범,습기,비,교차로 - 교차로부근,승용,남,26세,상해없음,승용,남,53세,경상
2013012100100174,2013년 1월 21일 09시,월요일,경상북도 포항시 남구 상도동,중상사고,0,1,0,0,차대사람 - 횡단중,안전운전불이행,습기,비,단일로 - 기타,승용,남,63세,상해없음,보행자,여,70세,중상
2013012100100193,2013년 1월 21일 10시,월요일,경상북도 경주시 서면,중상사고,0,1,3,0,차대차 - 측면직각충돌,안전운전불이행,습기,비,단일로 - 기타,승용,여,51세,상해없음,승용,남,49세,경상
2013012100100194,2013년 1월 21일 10시,월요일,경상북도 문경시 점촌동,중상사고,0,1,0,0,차대사람 - 기타,안전운전불이행,적설,눈,교차로 - 교차로안,화물,여,51세,상해없음,보행자,여,46세,중상
2013012100100195,2013년 1월 21일 10시,월요일,경상북도 포항시 남구 지곡동,경상사고,0,0,2,0,차대차 - 추돌 - 주정차중,안전운전불이행,습기,비,단일로 - 기타,승용,남,62세,상해없음,승용,여,52세,상해없음
2013012100100196,2013년 1월 21일 10시,월요일,경상북도 문경시 유곡동,사망사고,1,1,6,0,차량단독 - 전도전복,안전운전불이행,결빙,눈,단일로 - 기타,승합,여,40세,상해없음,,,,
2013012100100236,2013년 1월 21일 12시,월요일,경상북도 구미시 사곡동,사망사고,1,1,0,0,차대차 - 추돌 - 주정차중,안전운전불이행,결빙,눈,단일로 - 기타,화물,남,45세,사망,승용,남,23세,상해없음
2013012100100237,2013년 1월 21일 12시,월요일,경상북도 구미시 사곡동,중상사고,0,1,0,0,차대차 - 측면직각충돌,안전거리미확보,습기,비,단일로 - 기타,화물,남,59세,상해없음,승용,남,23세,중상
2013012100100257,2013년 1월 21일 13시,월요일,경상북도 김천시 덕곡동,중상사고,0,1,0,0,차대차 - 측면직각충돌,중앙선침범,습기,비,단일로 - 기타,승합,남,53세,상해없음,화물,남,34세,중상
2013012100100275,2013년 1월 21일 14시,월요일,경상북도 칠곡군 약목면,경상사고,0,0,2,0,차대차 - 추돌 - 진행중,안전운전불이행,건조,맑음,교차로 - 교차로부근,농기계,남,72세,상해없음,승용,남,63세,경상
2013012100100276,2013년 1월 21일 14시,월요일,경상북도 문경시 문경읍,사망사고,1,0,0,0,차량단독 - 공작물충돌,안전운전불이행,습기,흐림,단일로 - 기타,화물,남,72세,사망,,,,
2013012100100313,2013년 1월 21일 15시,월요일,경상북도 영주시 이산면,중상사고,0,2,0,0,차량단독 - 전도전복,안전운전불이행,적설,눈,단일로 - 기타,승용,남,40세,중상,,,,
2013012100100335,2013년 1월 21일 16시,월요일,경상북도 문경시 호계면,사망사고,1,1,0,0,차대차 - 정면충돌,중앙선침범,습기,비,단일로 - 기타,화물,남,65세,사망,건설기계,남,38세,중상
2013012100100365,2013년 1월 21일 17시,월요일,경상북도 경주시 인왕동,중상사고,0,2,2,0,차대차 - 기타,안전운전불이행,습기,비,단일로 - 기타,화물,남,32세,상해없음,승용,남,44세,중상
2013012100100366,2013년 1월 21일 17시,월요일,경상북도 상주시 서성동,경상사고,0,0,1,0,차대차 - 추돌 - 진행중,차로위반,건조,맑음,교차로 - 교차로부근,승용,남,25세,상해없음,승용,여,45세,경상
2013012100100415,2013년 1월 21일 18시,월요일,경상북도 경주시 강동면,경상사고,0,0,1,0,차대차 - 기타,안전운전불이행,결빙,비,단일로 - 기타,승용,남,52세,상해없음,화물,남,23세,경상
2013012100100416,2013년 1월 21일 18시,월요일,경상북도 포항시 북구 학잠동,중상사고,0,1,0,0,차대사람 - 기타,보행자보호의무위반,건조,맑음,단일로 - 기타,승용,남,55세,상해없음,보행자,여,59세,중상
2013012100100417,2013년 1월 21일 18시,월요일,경상북도 상주시 성하동,중상사고,0,1,0,0,차대사람 - 기타,안전운전불이행,습기,비,단일로 - 기타,승용,남,28세,상해없음,보행자,여,30세,중상
2013012100100418,2013년 1월 21일 18시,월요일,경상북도 경산시 중방동,중상사고,0,1,1,0,차대차 - 추돌 - 진행중,안전운전불이행,습기,비,단일로 - 기타,승용,여,28세,상해없음,승용,남,22세,중상
2013012100100457,2013년 1월 21일 19시,월요일,경상북도 경주시 성건동,경상사고,0,0,1,0,차대차 - 기타,안전거리미확보,습기,비,교차로 - 교차로부근,승용,남,25세,상해없음,원동기,남,66세,경상
2013012100100458,2013년 1월 21일 19시,월요일,경상북도 안동시 태화동,중상사고,0,1,2,0,차대차 - 측면직각충돌,신호위반,건조,맑음,단일로 - 기타,승용,남,42세,상해없음,승합,남,32세,경상
2013012100100459,2013년 1월 21일 19시,월요일,경상북도 포항시 남구 오천읍,중상사고,0,1,0,0,차대사람 - 기타,안전운전불이행,습기,비,단일로 - 기타,승합,남,68세,상해없음,보행자,여,43세,중상
2013012100100490,2013년 1월 21일 20시,월요일,경상북도 안동시 송현동,중상사고,0,1,0,0,차대사람 - 기타,안전운전불이행,습기,비,교차로 - 교차로안,승용,남,51세,상해없음,보행자,남,9세,중상
2013012100100491,2013년 1월 21일 20시,월요일,경상북도 구미시 공단동,경상사고,0,0,2,0,차대차 - 추돌 - 진행중,안전운전불이행,습기,비,교차로 - 교차로부근,승용,남,49세,경상,승용,남,31세,경상
2013012100100492,2013년 1월 21일 20시,월요일,경상북도 포항시 남구 효자동,중상사고,0,1,0,0,차대사람 - 기타,안전운전불이행,습기,비,단일로 - 기타,승용,여,46세,상해없음,보행자,여,34세,중상
2013012100100526,2013년 1월 21일 21시,월요일,경상북도 포항시 북구 죽도동,중상사고,0,1,0,0,차대차 - 기타,안전운전불이행,습기,비,단일로 - 횡단보도상,승용,남,32세,상해없음,자전거,남,72세,중상
2013012100100554,2013년 1월 21일 22시,월요일,경상북도 포항시 북구 양덕동,경상사고,0,0,1,0,차대차 - 측면직각충돌,신호위반,습기,비,교차로 - 교차로안,승용,남,33세,상해없음,승용,여,39세,경상
2013012100100555,2013년 1월 21일 22시,월요일,경상북도 포항시 북구 장성동,중상사고,0,1,0,0,차대차 - 측면직각충돌,교차로운행방법위반,습기,비,교차로 - 교차로안,승용,기타불명,기타불명,기타불명,승용,남,40세,중상
2013012100100556,2013년 1월 21일 22시,월요일,경상북도 성주군 성주읍,중상사고,0,1,0,0,차량단독 - 공작물충돌,안전운전불이행,습기,비,교차로 - 교차로안,승용,남,53세,중상,,,,
2013012100100580,2013년 1월 21일 23시,월요일,경상북도 안동시 당북동,경상사고,0,0,1,0,차대차 - 추돌 - 주정차중,안전운전불이행,습기,비,교차로 - 교차로부근,기타불명,기타불명,기타불명,기타불명,승용,남,51세,경상
2013012200100026,2013년 1월 22일 00시,화요일,경상북도 구미시 진평동,중상사고,0,1,0,0,차대사람 - 횡단중,안전운전불이행,습기,비,단일로 - 기타,이륜,남,22세,상해없음,보행자,남,31세,중상
2013012200100049,2013년 1월 22일 01시,화요일,경상북도 영주시 가흥동,중상사고,0,1,0,0,차대사람 - 차도통행중,안전운전불이행,습기,비,단일로 - 기타,승용,남,49세,상해없음,보행자,남,31세,중상
2013012200100050,2013년 1월 22일 01시,화요일,경상북도 포항시 남구 이동,중상사고,0,1,1,0,차대차 - 측면직각충돌,신호위반,습기,비,교차로 - 교차로안,승합,남,57세,경상,승용,남,50세,중상
2013012200100117,2013년 1월 22일 06시,화요일,경상북도 포항시 남구 송내동,중상사고,0,1,0,0,차대사람 - 기타,안전운전불이행,습기,비,교차로 - 교차로부근,승용,남,62세,상해없음,보행자,남,59세,중상
2013012200100146,2013년 1월 22일 07시,화요일,경상북도 포항시 북구 덕산동,경상사고,0,0,1,0,차대차 - 측면직각충돌,신호위반,건조,맑음,교차로 - 교차로안,승용,남,23세,상해없음,화물,남,26세,경상
2013012200100147,2013년 1월 22일 07시,화요일,경상북도 경산시 대정동,사망사고,1,0,0,0,차대사람 - 기타,안전운전불이행,습기,비,단일로 - 기타,승용,남,38세,상해없음,보행자,여,60세,사망
2013012200100176,2013년 1월 22일 08시,화요일,경상북도 칠곡군 지천면,경상사고,0,0,3,0,차대차 - 추돌 - 진행중,안전운전불이행,건조,흐림,단일로 - 기타,승합,남,46세,상해없음,화물,남,41세,경상
2013012200100177,2013년 1월 22일 08시,화요일,경상북도 문경시 모전동,중상사고,0,1,0,0,차량단독 - 공작물충돌,안전운전불이행,결빙,비,단일로 - 기타,승용,여,37세,상해없음,,,,
2013012200100191,2013년 1월 22일 09시,화요일,경상북도 포항시 북구 용흥동,경상사고,0,0,1,0,차대차 - 기타,안전운전불이행,건조,맑음,단일로 - 기타,승용,남,50세,상해없음,승용,남,45세,상해없음
2013012200100192,2013년 1월 22일 09시,화요일,경상북도 포항시 남구 오천읍,경상사고,0,0,3,0,차대차 - 측면직각충돌,중앙선침범,습기,비,단일로 - 기타,승용,남,18세,상해없음,화물,남,32세,경상
2013012200100193,2013년 1월 22일 09시,화요일,경상북도 포항시 남구 이동,경상사고,0,0,1,0,차대차 - 측면직각충돌,안전운전불이행,습기,비,교차로 - 교차로안,승용,여,56세,상해없음,승용,남,46세,경상
2013012200100230,2013년 1월 22일 11시,화요일,경상북도 경주시 감포읍,중상사고,0,1,0,1,차량단독 - 공작물충돌,안전운전불이행,습기,비,단일로 - 기타,화물,남,40세,부상신고,,,,
2013012200100231,2013년 1월 22일 11시,화요일,경상북도 구미시 비산동,경상사고,0,0,1,0,차대차 - 추돌 - 주정차중,안전운전불이행,건조,맑음,교차로 - 교차로부근,승용,기타불명,기타불명,기타불명,승용,남,37세,상해없음
2013012200100299,2013년 1월 22일 15시,화요일,경상북도 문경시 산양면,중상사고,0,1,2,0,차대차 - 추돌 - 진행중,안전거리미확보,습기,흐림,교차로 - 교차로부근,승합,남,68세,상해없음,승용,남,49세,경상
2013012200100335,2013년 1월 22일 17시,화요일,경상북도 경주시 천북면,중상사고,0,1,0,0,차량단독 - 공작물충돌,안전운전불이행,건조,맑음,기타 - 기타,승용,남,24세,상해없음,,,,
2013012200100336,2013년 1월 22일 17시,화요일,경상북도 안동시 옥동,중상사고,0,1,0,0,차대차 - 측면직각충돌,직진우회전진행방해,습기,흐림,교차로 - 교차로안,승용,남,54세,상해없음,승용,여,30세,중상
2013012200100337,2013년 1월 22일 17시,화요일,경상북도 포항시 남구 오천읍,경상사고,0,0,1,0,차대사람 - 기타,보행자보호의무위반,건조,맑음,단일로 - 횡단보도상,승용,남,56세,상해없음,보행자,남,9세,경상
2013012200100371,2013년 1월 22일 18시,화요일,경상북도 영천시 화남면,사망사고,1,0,0,0,차대사람 - 횡단중,안전운전불이행,습기,흐림,교차로 - 교차로안,승용,남,39세,상해없음,보행자,여,80세,사망
2013012200100372,2013년 1월 22일 18시,화요일,경상북도 문경시 점촌동,중상사고,0,1,0,0,차대사람 - 기타,중앙선침범,습기,비,단일로 - 기타,승합,남,39세,상해없음,보행자,남,37세,중상
2013012200100419,2013년 1월 22일 20시,화요일,경상북도 김천시 성내동,경상사고,0,0,1,0,차대사람 - 기타,보행자보호의무위반,건조,맑음,단일로 - 기타,기타불명,기타불명,기타불명,기타불명,보행자,남,34세,경상
2013012200100442,2013년 1월 22일 21시,화요일,경상북도 경주시 탑동,중상사고,0,1,0,0,차량단독 - 공작물충돌,안전운전불이행,습기,비,교차로 - 교차로부근,승용,남,31세,중상,,,,
2013012200100443,2013년 1월 22일 21시,화요일,경상북도 포항시 북구 양덕동,경상사고,0,0,1,0,차대차 - 기타,교차로운행방법위반,습기,비,교차로 - 교차로안,승용,남,39세,상해없음,원동기,남,32세,경상
2013012200100444,2013년 1월 22일 21시,화요일,경상북도 영천시 조교동,중상사고,0,1,0,0,차대차 - 추돌 - 진행중,안전운전불이행,건조,맑음,단일로 - 기타,화물,남,19세,상해없음,승용,남,48세,중상
2013012200100445,2013년 1월 22일 21시,화요일,경상북도 포항시 남구 연일읍,경상사고,0,0,1,0,차대사람 - 기타,안전운전불이행,습기,비,단일로 - 기타,승합,남,44세,상해없음,보행자,여,17세,경상
2013012200100483,2013년 1월 22일 22시,화요일,경상북도 김천시 지좌동,중상사고,0,1,0,0,차대차 - 측면직각충돌,안전거리미확보,건조,맑음,단일로 - 기타,화물,남,62세,상해없음,승용,남,53세,중상
2013012200100484,2013년 1월 22일 22시,화요일,경상북도 구미시 송정동,중상사고,0,1,0,0,차대차 - 기타,안전운전불이행,건조,맑음,교차로 - 교차로부근,이륜,남,21세,중상,화물,남,48세,기타불명
2013012200100485,2013년 1월 22일 22시,화요일,경상북도 포항시 남구 대도동,경상사고,0,0,1,0,차대차 - 추돌 - 주정차중,안전운전불이행,습기,비,교차로 - 교차로부근,승용,남,21세,상해없음,승용,남,51세,경상
2013012200100527,2013년 1월 22일 23시,화요일,경상북도 경주시 용강동,경상사고,0,0,2,0,차대차 - 측면직각충돌,안전운전불이행,습기,비,단일로 - 기타,화물,남,50세,상해없음,승용,남,29세,경상
2013012300100024,2013년 1월 23일 00시,수요일,경상북도 구미시 지산동,중상사고,0,1,2,0,차대차 - 추돌 - 주정차중,안전운전불이행,건조,맑음,교차로 - 교차로부근,승용,남,24세,상해없음,승용,남,26세,경상
2013012300100025,2013년 1월 23일 00시,수요일,경상북도 포항시 남구 오천읍,중상사고,0,1,0,0,차대사람 - 기타,안전운전불이행,습기,비,단일로 - 기타,승용,남,30세,상해없음,보행자,여,48세,중상
2013012300100045,2013년 1월 23일 01시,수요일,경상북도 포항시 북구 우현동,경상사고,0,0,1,0,차대차 - 측면직각충돌,중앙선침범,건조,맑음,단일로 - 기타,승용,여,48세,상해없음,승용,남,43세,경상