사고번호,사고일시,요일,시군구,사고내용,사망자수,중상자수,경상자수,부상신고자수,사고유형,법규위반,노면상태,기상상태,도로형태,가해운전자 차종,가해운전자 성별,가해운전자 연령,가해운전자 상해정도,피해운전자 차종,피해운전자 성별,피해운전자 연령,피해운전자 상해정도
2013012300100046,2013년 1월 23일 01시,수요일,경상북도 포항시 북구 용흥동,중상사고,0,1,0,0,차대차 - 기타,안전운전불이행,습기,흐림,단일로 - 교량,승용,남,31세,상해없음,승용,남,41세,중상
2013012300100047,2013년 1월 23일 01시,수요일,경상북도 포항시 남구 오천읍,경상사고,0,0,1,0,차대차 - 측면직각충돌,안전운전불이행,건조,맑음,교차로 - 교차로안,화물,남,43세,상해없음,승용,남,46세,경상
2013012300100068,2013년 1월 23일 02시,수요일,경상북도 김천시 신음동,경상사고,0,0,2,0,차대차 - 측면직각충돌,안전운전불이행,습기,비,교차로 - 교차로부근,화물,남,47세,상해없음,승용,여,53세,경상
2013012300100079,2013년 1월 23일 03시,수요일,경상북도 영천시 화룡동,경상사고,0,0,1,0,차대차 - 기타,안전운전불이행,건조,맑음,기타 - 기타,승용,남,53세,상해없음,승용,남,56세,경상
2013012300100118,2013년 1월 23일 06시,수요일,경상북도 경주시 성동동,중상사고,0,1,0,0,차대차 - 측면직각충돌,안전운전불이행,습기,비,교차로 - 교차로안,승용,남,50세,상해없음,승합,남,62세,상해없음
2013012300100119,2013년 1월 23일 06시,수요일,경상북도 포항시 남구 동촌동,경상사고,0,0,1,0,차대차 - 측면직각충돌,신호위반,건조,맑음,교차로 - 교차로안,승용,남,52세,상해없음,화물,남,45세,경상
2013012300100141,2013년 1월 23일 07시,수요일,경상북도 포항시 북구 학산동,경상사고,0,0,2,0,차대차 - 추돌 - 주정차중,안전운전불이행,건조,맑음,교차로 - 교차로부근,승용,남,49세,상해없음,승용,남,52세,경상
2013012300100142,2013년 1월 23일 07시,수요일,경상북도 문경시 동로면,중상사고,0,1,0,0,차대차 - 측면직각충돌,안전운전불이행,결빙,눈,단일로 - 기타,승용,여,52세,중상,승합,남,57세,상해없음
2013012300100166,2013년 1월 23일 08시,수요일,경상북도 상주시 외서면,중상사고,0,1,0,0,차량단독 - 도로외이탈 - 기타,안전운전불이행,결빙,맑음,단일로 - 기타,승용,남,49세,중상,,,,
2013012300100167,2013년 1월 23일 08시,수요일,경상북도 영주시 하망동,경상사고,0,0,1,0,차대사람 - 횡단중,보행자보호의무위반,습기,눈,교차로 - 교차로부근,승용,남,21세,상해없음,보행자,여,66세,경상
2013012300100190,2013년 1월 23일 09시,수요일,경상북도 포항시 북구 죽도동,경상사고,0,0,1,0,차대차 - 측면직각충돌,안전운전불이행,건조,맑음,단일로 - 기타,승용,남,40세,상해없음,승용,여,57세,경상
2013012300100191,2013년 1월 23일 09시,수요일,경상북도 경산시 진량읍,경상사고,0,0,1,0,차대차 - 기타,안전운전불이행,건조,맑음,단일로 - 기타,승용,남,28세,상해없음,화물,남,54세,경상
2013012300100192,2013년 1월 23일 09시,수요일,경상북도 청송군 현동면,중상사고,0,1,0,0,차대사람 - 길가장자리구역통행중,안전운전불이행,습기,맑음,교차로 - 교차로부근,화물,남,48세,상해없음,보행자,여,86세,중상
2013012300100193,2013년 1월 23일 09시,수요일,경상북도 구미시 구포동,경상사고,0,0,2,0,차대차 - 정면충돌,직진우회전진행방해,건조,맑음,교차로 - 교차로안,승용,여,31세,상해없음,승용,남,27세,경상
2013012300100209,2013년 1월 23일 10시,수요일,경상북도 경주시 동천동,중상사고,0,1,0,0,차대사람 - 기타,안전운전불이행,습기,비,단일로 - 기타,화물,남,28세,상해없음,보행자,여,72세,중상
2013012300100220,2013년 1월 23일 11시,수요일,경상북도 경산시 용성면,경상사고,0,0,2,0,차대차 - 측면직각충돌,중앙선침범,건조,맑음,단일로 - 기타,화물,남,70세,상해없음,화물,남,50세,상해없음
2013012300100221,2013년 1월 23일 11시,수요일,경상북도 경산시 정평동,중상사고,0,1,0,0,차대차 - 기타,안전운전불이행,습기,비,단일로 - 기타,승용,남,61세,상해없음,승용,남,55세,중상
2013012300100237,2013년 1월 23일 12시,수요일,경상북도 영천시 도남동,중상사고,0,2,1,0,차대차 - 측면직각충돌,안전운전불이행,습기,비,교차로 - 교차로안,화물,남,56세,중상,화물,남,54세,경상
2013012300100256,2013년 1월 23일 13시,수요일,경상북도 포항시 북구 죽도동,경상사고,0,0,1,0,차대사람 - 기타,안전운전불이행,건조,맑음,단일로 - 기타,화물,남,28세,상해없음,보행자,남,49세,경상
2013012300100257,2013년 1월 23일 13시,수요일,경상북도 의성군 다인면,중상사고,0,1,0,0,차대차 - 기타,중앙선침범,습기,비,단일로 - 기타,승용,남,47세,상해없음,화물,남,52세,중상
2013012300100258,2013년 1월 23일 13시,수요일,경상북도 경산시 하양읍,경상사고,0,0,2,0,차대차 - 기타,안전운전불이행,건조,맑음,단일로 - 기타,화물,남,38세,상해없음,승용,여,59세,경상
2013012300100278,2013년 1월 23일 14시,수요일,경상북도 안동시 용상동,중상사고,0,1,2,0,차대차 - 측면직각충돌,안전운전불이행,건조,맑음,단일로 - 기타,승용,남,41세,중상,화물,남,53세,경상
2013012300100309,2013년 1월 23일 16시,수요일,경상북도 안동시 수상동,경상사고,0,0,2,0,차대차 - 추돌 - 주정차중,안전운전불이행,습기,기타,단일로 - 교량,승용,남,46세,상해없음,화물,남,34세,경상
2013012300100310,2013년 1월 23일 16시,수요일,경상북도 구미시 비산동,경상사고,0,0,1,0,차대차 - 기타,안전운전불이행,건조,맑음,교차로 - 교차로안,화물,남,58세,상해없음,승용,여,42세,경상
2013012300100372,2013년 1월 23일 18시,수요일,경상북도 안동시 안막동,경상사고,0,0,1,0,차대차 - 측면직각충돌,안전운전불이행,건조,맑음,교차로 - 교차로안,화물,남,62세,상해없음,화물,남,56세,경상
2013012300100373,2013년 1월 23일 18시,수요일,경상북도 영주시 봉현면,중상사고,0,2,0,0,차대차 - 기타,안전운전불이행,습기,맑음,단일로 - 기타,승합,남,54세,상해없음,농기계,남,56세,중상
2013012300100374,2013년 1월 23일 18시,수요일,경상북도 칠곡군 북삼읍,경상사고,0,0,2,0,차대차 - 추돌 - 진행중,안전운전불이행,건조,맑음,단일로 - 기타,승용,남,69세,상해없음,승용,남,36세,경상
2013012300100375,2013년 1월 23일 18시,수요일,경상북도 칠곡군 지천면,경상사고,0,0,3,0,차대차 - 추돌 - 진행중,교차로운행방법위반,습기,안개,교차로 - 교차로안,승용,남,40세,상해없음,승용,여,40세,경상
2013012300100376,2013년 1월 23일 18시,수요일,경상북도 청도군 이서면,사망사고,1,0,0,0,차대사람 - 횡단중,신호위반,건조,맑음,교차로 - 교차로안,승용,남,30세,상해없음,보행자,여,80세,사망
2013012300100377,2013년 1월 23일 18시,수요일,경상북도 구미시 선산읍,중상사고,0,1,0,0,차대사람 - 기타,안전운전불이행,습기,비,교차로 - 교차로안,승용,여,46세,상해없음,보행자,여,44세,중상
2013012300100421,2013년 1월 23일 19시,수요일,경상북도 안동시 용상동,경상사고,0,0,1,0,차대사람 - 기타,안전운전불이행,건조,흐림,단일로 - 기타,승용,남,40세,상해없음,보행자,남,49세,경상
2013012300100460,2013년 1월 23일 20시,수요일,경상북도 포항시 북구 양덕동,중상사고,0,1,1,0,차대차 - 기타,교차로운행방법위반,건조,맑음,교차로 - 교차로안,승용,남,37세,상해없음,원동기,남,19세,중상
2013012300100461,2013년 1월 23일 20시,수요일,경상북도 김천시 양천동,경상사고,0,0,1,0,차대차 - 측면직각충돌,안전운전불이행,습기,비,교차로 - 교차로안,화물,남,56세,상해없음,화물,남,46세,경상
2013012300100494,2013년 1월 23일 21시,수요일,경상북도 경산시 중방동,중상사고,0,1,0,0,차대사람 - 기타,안전운전불이행,건조,맑음,단일로 - 기타,승용,남,23세,상해없음,보행자,여,69세,중상
2013012300100495,2013년 1월 23일 21시,수요일,경상북도 구미시 원평동,중상사고,0,1,0,0,차대차 - 기타,안전운전불이행,건조,흐림,단일로 - 기타,승용,남,52세,상해없음,이륜,남,32세,중상
2013012300100496,2013년 1월 23일 21시,수요일,경상북도 구미시 진평동,중상사고,0,1,0,0,차대차 - 기타,교차로운행방법위반,건조,맑음,교차로 - 교차로안,승용,남,32세,상해없음,이륜,남,46세,중상
2013012300100497,2013년 1월 23일 21시,수요일,경상북도 포항시 남구 대송면,중상사고,0,1,0,0,차대차 - 추돌 - 주정차중,안전운전불이행,건조,맑음,단일로 - 기타,승용,남,41세,중상,특수,남,45세,상해없음
2013012300100560,2013년 1월 23일 23시,수요일,경상북도 포항시 북구 흥해읍,중상사고,0,2,0,0,차대사람 - 기타,안전운전불이행,건조,맑음,단일로 - 기타,승용,남,21세,상해없음,보행자,남,57세,중상
2013012300100561,2013년 1월 23일 23시,수요일,경상북도 경산시 갑제동,중상사고,0,1,3,0,차대차 - 측면직각충돌,신호위반,습기,비,교차로 - 교차로안,승용,남,49세,경상,승용,여,28세,중상
2013012400100020,2013년 1월 24일 00시,목요일,경상북도 안동시 당북동,중상사고,0,2,1,0,차대차 - 측면직각충돌,신호위반,건조,맑음,교차로 - 교차로안,승용,남,30세,상해없음,승용,남,53세,중상
2013012400100021,2013년 1월 24일 00시,목요일,경상북도 구미시 송정동,중상사고,0,1,0,0,차대차 - 기타,안전운전불이행,건조,맑음,단일로 - 기타,이륜,남,49세,중상,승용,남,35세,상해없음
2013012400100042,2013년 1월 24일 01시,목요일,경상북도 경주시 용강동,경상사고,0,0,1,0,차대차 - 기타,안전운전불이행,건조,맑음,교차로 - 교차로부근,승용,남,25세,상해없음,승용,여,23세,경상
2013012400100043,2013년 1월 24일 01시,목요일,경상북도 포항시 북구 두호동,부상신고사고,0,0,0,1,차대차 - 측면직각충돌,안전운전불이행,건조,맑음,교차로 - 교차로안,승용,남,32세,상해없음,승용,남,62세,부상신고
2013012400100056,2013년 1월 24일 02시,목요일,경상북도 구미시 진평동,중상사고,0,3,2,0,차대차 - 기타,안전운전불이행,건조,맑음,단일로 - 기타,승용,남,33세,상해없음,승용,남,34세,중상
2013012400100057,2013년 1월 24일 02시,목요일,경상북도 구미시 공단동,경상사고,0,0,1,0,차대차 - 기타,안전운전불이행,건조,흐림,교차로 - 교차로부근,화물,남,37세,상해없음,승용,남,24세,경상
2013012400100067,2013년 1월 24일 03시,목요일,경상북도 포항시 북구 흥해읍,중상사고,0,1,0,0,차량단독 - 기타,안전운전불이행,건조,맑음,단일로 - 기타,승용,남,26세,중상,,,,
2013012400100076,2013년 1월 24일 04시,목요일,경상북도 김천시 신음동,사망사고,2,1,1,0,차대차 - 측면직각충돌,중앙선침범,결빙,흐림,단일로 - 기타,승용,남,66세,사망,화물,남,42세,경상
2013012400100088,2013년 1월 24일 05시,목요일,경상북도 칠곡군 석적읍,경상사고,0,0,1,0,차량단독 - 공작물충돌,안전운전불이행,습기,안개,교차로 - 교차로부근,건설기계,남,48세,경상,,,,
2013012400100089,2013년 1월 24일 05시,목요일,경상북도 구미시 고아읍,중상사고,0,1,0,0,차대차 - 기타,중앙선침범,건조,맑음,교차로 - 교차로부근,화물,남,72세,상해없음,승용,남,22세,중상
2013012400100101,2013년 1월 24일 06시,목요일,경상북도 김천시 평화동,중상사고,0,1,1,0,차량단독 - 공작물충돌,안전운전불이행,건조,맑음,단일로 - 기타,승용,남,22세,상해없음,,,,
2013012400100122,2013년 1월 24일 07시,목요일,경상북도 경주시 양북면,경상사고,0,0,1,0,차대차 - 기타,안전운전불이행,건조,맑음,교차로 - 교차로부근,승용,여,35세,상해없음,승용,남,53세,경상
2013012400100123,2013년 1월 24일 07시,목요일,경상북도 김천시 지좌동,경상사고,0,0,1,0,차대차 - 측면직각충돌,안전운전불이행,결빙,기타,단일로 - 교량,화물,남,57세,상해없음,승용,남,27세,경상
2013012400100124,2013년 1월 24일 07시,목요일,경상북도 칠곡군 왜관읍,사망사고,1,1,0,0,차대차 - 추돌 - 진행중,중앙선침범,결빙,맑음,단일로 - 기타,승용,남,47세,중상,승용,남,35세,사망
2013012400100125,2013년 1월 24일 07시,목요일,경상북도 칠곡군 지천면,중상사고,0,1,1,0,차대차 - 추돌 - 진행중,중앙선침범,결빙,맑음,단일로 - 기타,승용,남,40세,상해없음,화물,남,49세,경상
2013012400100126,2013년 1월 24일 07시,목요일,경상북도 영천시 청통면,중상사고,0,2,0,0,차대사람 - 길가장자리구역통행중,안전운전불이행,습기,비,단일로 - 기타,승용,남,39세,상해없음,보행자,여,17세,중상
2013012400100127,2013년 1월 24일 07시,목요일,경상북도 성주군 초전면,경상사고,0,0,3,0,차대차 - 기타,안전운전불이행,결빙,안개,단일로 - 기타,승용,남,27세,상해없음,화물,여,40세,경상
2013012400100128,2013년 1월 24일 07시,목요일,경상북도 구미시 옥계동,경상사고,0,0,1,0,차대차 - 측면직각충돌,안전운전불이행,건조,흐림,교차로 - 교차로부근,승용,남,50세,상해없음,원동기,남,23세,경상
2013012400100129,2013년 1월 24일 07시,목요일,경상북도 구미시 거의동,경상사고,0,0,2,0,차대차 - 측면직각충돌,안전운전불이행,결빙,흐림,단일로 - 기타,승용,남,29세,경상,승용,남,32세,경상
2013012400100130,2013년 1월 24일 07시,목요일,경상북도 포항시 남구 연일읍,경상사고,0,0,1,0,차대차 - 기타,중앙선침범,결빙,맑음,단일로 - 기타,승용,남,32세,상해없음,화물,남,44세,상해없음
2013012400100172,2013년 1월 24일 08시,목요일,경상북도 상주시 부원동,사망사고,1,0,0,0,차대차 - 추돌 - 진행중,안전운전불이행,건조,맑음,단일로 - 기타,화물,남,36세,상해없음,이륜,남,79세,사망
2013012400100173,2013년 1월 24일 08시,목요일,경상북도 칠곡군 동명면,부상신고사고,0,0,0,1,차량단독 - 공작물충돌,안전운전불이행,건조,맑음,단일로 - 기타,승용,남,24세,부상신고,,,,
2013012400100174,2013년 1월 24일 08시,목요일,경상북도 영천시 금호읍,경상사고,0,0,1,0,차대차 - 기타,안전운전불이행,건조,맑음,단일로 - 기타,승용,여,39세,경상,승용,남,57세,상해없음
2013012400100175,2013년 1월 24일 08시,목요일,경상북도 경산시 삼북동,중상사고,0,1,0,0,차대사람 - 기타,보행자보호의무위반,건조,맑음,교차로 - 교차로안,화물,남,25세,상해없음,보행자,여,44세,중상
2013012400100176,2013년 1월 24일 08시,목요일,경상북도 경산시 와촌면,중상사고,0,1,0,0,차대사람 - 기타,안전운전불이행,결빙,눈,단일로 - 기타,화물,남,43세,상해없음,보행자,남,58세,중상
2013012400100177,2013년 1월 24일 08시,목요일,경상북도 김천시 모암동,중상사고,0,1,0,0,차량단독 - 공작물충돌,안전운전불이행,결빙,흐림,단일로 - 기타,승용,남,29세,상해없음,,,,
2013012400100206,2013년 1월 24일 09시,목요일,경상북도 경주시 외동읍,중상사고,0,1,0,0,차대사람 - 기타,안전운전불이행,건조,맑음,단일로 - 기타,승합,남,56세,상해없음,보행자,여,81세,중상
2013012400100207,2013년 1월 24일 09시,목요일,경상북도 포항시 북구 죽도동,경상사고,0,0,1,0,차대사람 - 길가장자리구역통행중,안전운전불이행,건조,맑음,교차로 - 교차로부근,승용,남,26세,상해없음,보행자,여,46세,경상
2013012400100208,2013년 1월 24일 09시,목요일,경상북도 안동시 일직면,중상사고,0,2,0,0,차대차 - 추돌 - 주정차중,안전운전불이행,건조,맑음,교차로 - 교차로안,화물,남,43세,상해없음,화물,남,51세,중상
2013012400100209,2013년 1월 24일 09시,목요일,경상북도 예천군 유천면,경상사고,0,0,1,0,차대차 - 추돌 - 진행중,안전운전불이행,건조,흐림,교차로 - 교차로부근,승용,남,48세,상해없음,화물,남,44세,경상
2013012400100245,2013년 1월 24일 10시,목요일,경상북도 포항시 북구 죽도동,중상사고,0,1,0,0,차대사람 - 기타,안전운전불이행,건조,맑음,단일로 - 기타,승용,남,44세,상해없음,보행자,여,65세,중상
2013012400100246,2013년 1월 24일 10시,목요일,경상북도 경산시 옥산동,중상사고,0,1,0,0,차대사람 - 기타,안전운전불이행,건조,맑음,교차로 - 교차로안,승용,여,40세,상해없음,보행자,남,73세,중상
2013012400100264,2013년 1월 24일 11시,목요일,경상북도 경주시 양남면,경상사고,0,0,1,0,차대차 - 기타,안전운전불이행,건조,맑음,단일로 - 기타,승용,남,44세,상해없음,승용,여,38세,상해없음
2013012400100265,2013년 1월 24일 11시,목요일,경상북도 칠곡군 북삼읍,중상사고,0,1,0,1,차대차 - 추돌 - 진행중,안전운전불이행,건조,맑음,단일로 - 기타,승용,남,31세,부상신고,승합,남,42세,중상
2013012400100285,2013년 1월 24일 12시,목요일,경상북도 울진군 온정면,사망사고,1,3,1,0,차대차 - 정면충돌,중앙선침범,건조,맑음,단일로 - 기타,승용,남,75세,중상,승용,남,68세,중상
2013012400100307,2013년 1월 24일 13시,목요일,경상북도 경주시 안강읍,경상사고,0,0,1,0,차량단독 - 기타,안전운전불이행,건조,맑음,단일로 - 기타,건설기계,남,28세,경상,,,,
2013012400100308,2013년 1월 24일 13시,목요일,경상북도 포항시 남구 대도동,경상사고,0,0,1,0,차대차 - 측면직각충돌,신호위반,건조,맑음,교차로 - 교차로안,승용,여,49세,경상,승용,남,60세,상해없음
2013012400100331,2013년 1월 24일 14시,목요일,경상북도 경주시 성건동,경상사고,0,0,1,0,차대차 - 기타,안전운전불이행,건조,맑음,단일로 - 기타,승용,남,56세,상해없음,승용,남,39세,경상
2013012400100332,2013년 1월 24일 14시,목요일,경상북도 경산시 하양읍,중상사고,0,1,0,0,차대차 - 기타,교차로운행방법위반,건조,맑음,교차로 - 교차로안,승용,여,26세,상해없음,이륜,남,79세,중상
2013012400100359,2013년 1월 24일 15시,목요일,경상북도 포항시 북구 흥해읍,경상사고,0,0,1,0,차대차 - 측면직각충돌,안전운전불이행,건조,맑음,단일로 - 기타,승용,남,57세,상해없음,자전거,남,44세,경상
2013012400100406,2013년 1월 24일 17시,목요일,경상북도 안동시 법상동,중상사고,0,1,0,0,차대사람 - 횡단중,안전운전불이행,건조,맑음,단일로 - 기타,승용,여,69세,상해없음,보행자,여,39세,중상
2013012400100407,2013년 1월 24일 17시,목요일,경상북도 포항시 남구 청림동,경상사고,0,0,1,0,차대차 - 측면직각충돌,직진우회전진행방해,건조,맑음,교차로 - 교차로안,승용,여,50세,상해없음,승용,남,35세,경상
2013012400100445,2013년 1월 24일 18시,목요일,경상북도 상주시 남성동,중상사고,0,1,0,0,차대사람 - 횡단중,보행자보호의무위반,건조,맑음,교차로 - 교차로안,승용,남,64세,상해없음,보행자,여,82세,중상
2013012400100472,2013년 1월 24일 19시,목요일,경상북도 경산시 하양읍,중상사고,0,1,0,0,차대차 - 기타,안전거리미확보,건조,맑음,단일로 - 기타,승합,남,52세,상해없음,승용,여,57세,중상
2013012400100493,2013년 1월 24일 20시,목요일,경상북도 경주시 성건동,중상사고,0,1,0,1,차대차 - 기타,안전운전불이행,건조,맑음,교차로 - 교차로부근,원동기,남,17세,부상신고,자전거,남,56세,중상
2013012400100494,2013년 1월 24일 20시,목요일,경상북도 경산시 옥산동,중상사고,0,1,0,0,차대차 - 기타,안전거리미확보,건조,맑음,단일로 - 기타,승용,여,42세,상해없음,승용,여,33세,중상
2013012400100544,2013년 1월 24일 22시,목요일,경상북도 영주시 문정동,경상사고,0,0,1,0,차량단독 - 공작물충돌,안전운전불이행,건조,맑음,교차로 - 교차로안,승합,남,63세,경상,,,,
2013012400100545,2013년 1월 24일 22시,목요일,경상북도 구미시 임은동,경상사고,0,0,1,0,차대차 - 추돌 - 주정차중,안전운전불이행,건조,맑음,교차로 - 교차로부근,화물,남,30세,기타불명,승용,남,54세,경상
2013012400100546,2013년 1월 24일 22시,목요일,경상북도 구미시 임은동,중상사고,0,1,0,0,차대차 - 측면직각충돌,직진우회전진행방해,건조,맑음,교차로 - 교차로안,승용,남,39세,상해없음,승용,남,35세,중상
2013012400100547,2013년 1월 24일 22시,목요일,경상북도 구미시 사곡동,부상신고사고,0,0,0,1,차량단독 - 전도전복,안전운전불이행,기타,흐림,단일로 - 기타,이륜,남,74세,부상신고,,,,
2013012500100015,2013년 1월 25일 00시,금요일,경상북도 경주시 동천동,중상사고,0,2,0,0,차대차 - 기타,신호위반,건조,맑음,교차로 - 교차로안,승용,여,46세,상해없음,승용,남,42세,중상
2013012500100031,2013년 1월 25일 01시,금요일,경상북도 포항시 북구 양덕동,경상사고,0,0,2,0,차대차 - 기타,교차로운행방법위반,건조,맑음,교차로 - 교차로안,승용,남,48세,상해없음,승용,여,41세,경상
2013012500100032,2013년 1월 25일 01시,금요일,경상북도 안동시 동부동,경상사고,0,0,1,0,차대차 - 기타,중앙선침범,건조,흐림,단일로 - 기타,승용,남,51세,상해없음,승용,남,28세,경상
2013012500100039,2013년 1월 25일 02시,금요일,경상북도 상주시 가장동,중상사고,0,1,1,0,차대차 - 측면직각충돌,안전운전불이행,건조,맑음,교차로 - 교차로부근,승용,남,31세,상해없음,화물,남,46세,경상
2013012500100045,2013년 1월 25일 03시,금요일,경상북도 경산시 계양동,중상사고,0,1,0,0,차대차 - 기타,안전운전불이행,건조,맑음,단일로 - 기타,승용,남,24세,상해없음,승용,남,23세,중상
2013012500100110,2013년 1월 25일 08시,금요일,경상북도 포항시 북구 학잠동,부상신고사고,0,0,0,1,차대차 - 기타,안전운전불이행,건조,맑음,교차로 - 교차로안,승용,여,46세,상해없음,자전거,남,28세,부상신고
2013012500100111,2013년 1월 25일 08시,금요일,경상북도 안동시 태화동,중상사고,0,1,1,0,차대차 - 추돌 - 진행중,안전거리미확보,건조,맑음,교차로 - 교차로부근,승합,남,45세,상해없음,승용,남,43세,경상
2013012500100135,2013년 1월 25일 09시,금요일,경상북도 안동시 태화동,중상사고,0,1,0,0,차대사람 - 횡단중,안전운전불이행,건조,맑음,교차로 - 교차로부근,승용,여,60세,상해없음,보행자,여,56세,중상
2013012500100157,2013년 1월 25일 10시,금요일,경상북도 구미시 원평동,경상사고,0,0,1,0,차대차 - 측면직각충돌,안전운전불이행,건조,맑음,교차로 - 교차로안,승용,남,34세,상해없음,자전거,남,50세,경상
2013012500100178,2013년 1월 25일 11시,금요일,경상북도 포항시 남구 상도동,경상사고,0,0,1,0,차대차 - 기타,안전운전불이행,건조,맑음,교차로 - 교차로부근,승용,남,68세,상해없음,자전거,남,27세,경상
2013012500100198,2013년 1월 25일 12시,금요일,경상북도 고령군 고령읍,경상사고,0,0,1,0,차대차 - 측면직각충돌,기타,건조,맑음,단일로 - 기타,승용,여,59세,경상,화물,남,51세,상해없음
2013012500100220,2013년 1월 25일 13시,금요일,경상북도 예천군 호명면,중상사고,0,3,0,0,차대차 - 기타,안전운전불이행,건조,맑음,교차로 - 교차로안,화물,여,49세,중상,화물,남,59세,중상
2013012500100221,2013년 1월 25일 13시,금요일,경상북도 구미시 거의동,경상사고,0,0,1,0,차대차 - 측면직각충돌,안전거리미확보,건조,맑음,단일로 - 기타,화물,남,46세,상해없음,승용,남,53세,경상
2013012500100244,2013년 1월 25일 14시,금요일,경상북도 구미시 광평동,경상사고,0,0,1,0,차대차 - 추돌 - 주정차중,안전운전불이행,결빙,맑음,교차로 - 교차로안,화물,남,31세,상해없음,승용,남,48세,경상
2013012500100262,2013년 1월 25일 15시,금요일,경상북도 칠곡군 왜관읍,부상신고사고,0,0,0,1,차대차 - 측면직각충돌,안전운전불이행,건조,맑음,교차로 - 교차로안,승용,남,44세,부상신고,승용,남,55세,상해없음
2013012500100289,2013년 1월 25일 16시,금요일,경상북도 포항시 북구 기계면,경상사고,0,0,1,0,차대차 - 측면직각충돌,신호위반,건조,맑음,교차로 - 교차로안,승용,남,57세,상해없음,승용,여,48세,경상
2013012500100290,2013년 1월 25일 16시,금요일,경상북도 안동시 정하동,중상사고,0,1,0,0,차대사람 - 횡단중,보행자보호의무위반,건조,맑음,교차로 - 교차로부근,승용,여,53세,상해없음,보행자,남,9세,중상
2013012500100291,2013년 1월 25일 16시,금요일,경상북도 안동시 정하동,경상사고,0,0,1,0,차대차 - 측면직각충돌,중앙선침범,건조,맑음,단일로 - 기타,승용,여,49세,상해없음,승용,남,44세,경상
2013012500100321,2013년 1월 25일 17시,금요일,경상북도 포항시 남구 대도동,경상사고,0,0,1,0,차대차 - 측면직각충돌,안전거리미확보,건조,맑음,단일로 - 기타,원동기,남,27세,경상,화물,남,39세,상해없음
2013012500100359,2013년 1월 25일 18시,금요일,경상북도 영천시 망정동,경상사고,0,0,1,0,차대차 - 측면직각충돌,중앙선침범,건조,맑음,교차로 - 교차로안,승용,남,43세,상해없음,이륜,남,16세,경상
2013012500100360,2013년 1월 25일 18시,금요일,경상북도 구미시 선기동,사망사고,1,0,0,0,차대차 - 측면직각충돌,중앙선침범,건조,맑음,단일로 - 기타,승용,남,57세,상해없음,원동기,남,45세,사망
2013012500100389,2013년 1월 25일 19시,금요일,경상북도 문경시 산양면,중상사고,0,1,1,0,차대차 - 기타,안전운전불이행,건조,맑음,단일로 - 기타,화물,남,25세,상해없음,화물,남,61세,상해없음
2013012500100390,2013년 1월 25일 19시,금요일,경상북도 군위군 군위읍,중상사고,0,1,0,0,차대차 - 정면충돌,중앙선침범,건조,맑음,단일로 - 기타,이륜,남,61세,중상,화물,남,49세,상해없음
2013012500100391,2013년 1월 25일 19시,금요일,경상북도 구미시 고아읍,경상사고,0,0,1,0,차대차 - 측면직각충돌,안전운전불이행,건조,맑음,교차로 - 교차로안,승용,여,27세,상해없음,이륜,남,40세,경상
2013012500100424,2013년 1월 25일 20시,금요일,경상북도 김천시 아포읍,경상사고,0,0,1,0,차대차 - 측면직각충돌,중앙선침범,건조,맑음,단일로 - 기타,승용,남,38세,상해없음,승용,남,33세,경상
2013012500100425,2013년 1월 25일 20시,금요일,경상북도 구미시 원평동,경상사고,0,0,1,0,차대차 - 측면직각충돌,안전운전불이행,건조,맑음,교차로 - 교차로안,승용,남,32세,상해없음,승용,남,42세,경상
2013012500100450,2013년 1월 25일 21시,금요일,경상북도 경주시 도지동,중상사고,0,1,1,0,차대차 - 측면직각충돌,안전운전불이행,건조,맑음,기타 - 기타,승용,남,37세,상해없음,승용,남,31세,중상
2013012500100451,2013년 1월 25일 21시,금요일,경상북도 포항시 북구 대신동,경상사고,0,0,2,0,차대차 - 추돌 - 주정차중,안전운전불이행,건조,맑음,단일로 - 기타,승용,남,65세,상해없음,승용,남,24세,경상
2013012500100452,2013년 1월 25일 21시,금요일,경상북도 구미시 옥계동,중상사고,0,1,0,0,차대차 - 측면직각충돌,안전운전불이행,건조,맑음,기타 - 기타,승용,남,42세,상해없음,승용,남,29세,중상
2013012500100477,2013년 1월 25일 22시,금요일,경상북도 포항시 북구 장성동,중상사고,0,1,1,0,차대사람 - 기타,보행자보호의무위반,건조,맑음,단일로 - 횡단보도상,승용,남,65세,상해없음,보행자,여,18세,중상
2013012500100478,2013년 1월 25일 22시,금요일,경상북도 영주시 순흥면,중상사고,0,1,0,0,차대차 - 측면직각충돌,중앙선침범,건조,맑음,단일로 - 기타,승용,남,57세,상해없음,승용,남,29세,중상
2013012500100479,2013년 1월 25일 22시,금요일,경상북도 울릉군 울릉읍,경상사고,0,0,1,0,차대사람 - 기타,안전운전불이행,건조,맑음,기타 - 기타,승용,남,60세,상해없음,보행자,여,47세,경상
2013012500100480,2013년 1월 25일 22시,금요일,경상북도 구미시 임수동,부상신고사고,0,0,0,1,차대차 - 측면직각충돌,안전운전불이행,건조,맑음,교차로 - 교차로안,이륜,여,35세,부상신고,승용,남,25세,상해없음
2013012500100481,2013년 1월 25일 22시,금요일,경상북도 포항시 남구 연일읍,부상신고사고,0,0,0,1,차대사람 - 기타,안전운전불이행,건조,맑음,단일로 - 기타,승용,남,60세,상해없음,보행자,남,53세,부상신고