사고번호,사고일시,요일,시군구,사고내용,사망자수,중상자수,경상자수,부상신고자수,사고유형,법규위반,노면상태,기상상태,도로형태,가해운전자 차종,가해운전자 성별,가해운전자 연령,가해운전자 상해정도,피해운전자 차종,피해운전자 성별,피해운전자 연령,피해운전자 상해정도
2013012900100426,2013년 1월 29일 21시,화요일,경상북도 영천시 고경면,중상사고,0,1,0,0,차량단독 - 도로외이탈 - 추락,안전운전불이행,건조,맑음,단일로 - 기타,이륜,남,50세,중상,,,,
2013012900100452,2013년 1월 29일 22시,화요일,경상북도 경주시 동천동,경상사고,0,0,1,0,차대차 - 측면직각충돌,안전거리미확보,건조,맑음,교차로 - 교차로안,승용,남,43세,상해없음,승용,남,41세,경상
2013012900100474,2013년 1월 29일 23시,화요일,경상북도 구미시 사곡동,경상사고,0,0,1,0,차대사람 - 기타,안전운전불이행,건조,맑음,교차로 - 교차로부근,승용,남,36세,상해없음,보행자,남,41세,경상
2013013000100034,2013년 1월 30일 01시,수요일,경상북도 구미시 봉곡동,중상사고,0,1,0,0,차대차 - 기타,안전운전불이행,건조,맑음,기타 - 기타,기타불명,기타불명,1세,기타불명,이륜,남,34세,중상
2013013000100055,2013년 1월 30일 03시,수요일,경상북도 구미시 송정동,중상사고,0,1,0,0,차량단독 - 기타,안전운전불이행,건조,맑음,교차로 - 교차로안,승용,남,23세,중상,,,,
2013013000100056,2013년 1월 30일 03시,수요일,경상북도 김천시 아포읍,사망사고,1,0,0,0,차대차 - 추돌 - 진행중,안전운전불이행,건조,맑음,단일로 - 기타,화물,남,54세,사망,화물,남,58세,상해없음
2013013000100077,2013년 1월 30일 05시,수요일,경상북도 안동시 당북동,중상사고,0,1,1,0,차대차 - 기타,직진우회전진행방해,건조,맑음,교차로 - 교차로안,승용,남,44세,상해없음,승용,남,65세,경상
2013013000100089,2013년 1월 30일 06시,수요일,경상북도 포항시 북구 양덕동,중상사고,0,1,0,0,차대사람 - 기타,안전운전불이행,건조,맑음,교차로 - 교차로안,승용,남,57세,상해없음,보행자,남,40세,중상
2013013000100090,2013년 1월 30일 06시,수요일,경상북도 포항시 남구 해도동,중상사고,0,1,0,0,차대사람 - 기타,신호위반,건조,맑음,교차로 - 교차로부근,승용,남,61세,상해없음,보행자,남,48세,중상
2013013000100117,2013년 1월 30일 07시,수요일,경상북도 영천시 야사동,경상사고,0,0,1,0,차대차 - 측면직각충돌,안전운전불이행,건조,맑음,교차로 - 교차로부근,승용,남,64세,상해없음,화물,남,49세,경상
2013013000100150,2013년 1월 30일 08시,수요일,경상북도 구미시 황상동,경상사고,0,0,1,0,차대차 - 측면직각충돌,중앙선침범,건조,맑음,단일로 - 기타,승용,여,34세,상해없음,화물,남,33세,경상
2013013000100169,2013년 1월 30일 09시,수요일,경상북도 경주시 양북면,중상사고,0,1,0,0,차대차 - 기타,안전운전불이행,건조,맑음,교차로 - 교차로부근,건설기계,남,46세,상해없음,건설기계,남,45세,중상
2013013000100170,2013년 1월 30일 09시,수요일,경상북도 영덕군 영덕읍,경상사고,0,0,1,0,차대차 - 측면직각충돌,안전운전불이행,건조,맑음,교차로 - 교차로안,화물,남,43세,상해없음,승용,남,39세,경상
2013013000100171,2013년 1월 30일 09시,수요일,경상북도 봉화군 소천면,경상사고,0,0,1,0,차량단독 - 공작물충돌,안전운전불이행,결빙,맑음,단일로 - 기타,승용,여,48세,경상,,,,
2013013000100172,2013년 1월 30일 09시,수요일,경상북도 봉화군 봉성면,중상사고,0,1,0,0,차량단독 - 도로외이탈 - 기타,안전운전불이행,결빙,흐림,단일로 - 기타,화물,남,44세,중상,,,,
2013013000100173,2013년 1월 30일 09시,수요일,경상북도 구미시 구평동,경상사고,0,0,2,0,차대차 - 측면직각충돌,안전거리미확보,건조,맑음,단일로 - 기타,승합,여,45세,경상,화물,남,68세,경상
2013013000100192,2013년 1월 30일 10시,수요일,경상북도 봉화군 재산면,중상사고,0,1,0,0,차량단독 - 도로외이탈 - 추락,안전운전불이행,결빙,흐림,단일로 - 기타,화물,남,54세,중상,,,,
2013013000100219,2013년 1월 30일 11시,수요일,경상북도 경주시 안강읍,중상사고,0,1,0,0,차대사람 - 기타,안전운전불이행,건조,맑음,교차로 - 교차로부근,승합,남,46세,상해없음,보행자,여,56세,중상
2013013000100240,2013년 1월 30일 12시,수요일,경상북도 경주시 황오동,경상사고,0,0,1,0,차대차 - 기타,신호위반,건조,맑음,단일로 - 횡단보도상,원동기,남,70세,상해없음,자전거,여,75세,상해없음
2013013000100241,2013년 1월 30일 12시,수요일,경상북도 경주시 건천읍,경상사고,0,0,1,0,차대차 - 측면직각충돌,중앙선침범,건조,맑음,단일로 - 기타,화물,남,61세,상해없음,화물,남,39세,경상
2013013000100242,2013년 1월 30일 12시,수요일,경상북도 포항시 북구 죽도동,경상사고,0,0,1,0,차대차 - 기타,안전운전불이행,건조,맑음,단일로 - 기타,승용,남,48세,상해없음,원동기,여,24세,경상
2013013000100243,2013년 1월 30일 12시,수요일,경상북도 안동시 안흥동,경상사고,0,0,1,0,차대차 - 측면직각충돌,신호위반,건조,맑음,교차로 - 교차로안,이륜,여,69세,경상,화물,남,75세,상해없음
2013013000100244,2013년 1월 30일 12시,수요일,경상북도 영천시 임고면,중상사고,0,1,0,0,차대차 - 기타,안전운전불이행,건조,맑음,기타 - 기타,승용,여,27세,상해없음,농기계,남,76세,중상
2013013000100245,2013년 1월 30일 12시,수요일,경상북도 경산시 압량면,경상사고,0,0,2,0,차대차 - 기타,신호위반,건조,맑음,교차로 - 교차로안,특수,남,55세,상해없음,승용,여,46세,경상
2013013000100265,2013년 1월 30일 13시,수요일,경상북도 포항시 북구 덕산동,경상사고,0,0,1,0,차대차 - 기타,안전운전불이행,건조,맑음,단일로 - 기타,화물,남,43세,상해없음,승용,여,49세,경상
2013013000100266,2013년 1월 30일 13시,수요일,경상북도 영주시 영주동,중상사고,0,1,0,0,차대사람 - 횡단중,안전운전불이행,건조,맑음,단일로 - 교량,화물,남,47세,상해없음,보행자,여,53세,중상
2013013000100267,2013년 1월 30일 13시,수요일,경상북도 영주시 평은면,중상사고,0,1,1,0,차대차 - 추돌 - 진행중,안전운전불이행,건조,맑음,단일로 - 기타,화물,남,62세,상해없음,승용,남,52세,중상
2013013000100268,2013년 1월 30일 13시,수요일,경상북도 포항시 남구 상도동,경상사고,0,0,2,0,차대차 - 측면직각충돌,안전운전불이행,건조,맑음,단일로 - 기타,승용,여,40세,경상,건설기계,남,51세,경상
2013013000100285,2013년 1월 30일 14시,수요일,경상북도 포항시 북구 장성동,경상사고,0,0,1,0,차대차 - 기타,신호위반,건조,맑음,교차로 - 교차로안,승용,남,56세,상해없음,승용,남,68세,상해없음
2013013000100286,2013년 1월 30일 14시,수요일,경상북도 영덕군 강구면,경상사고,0,0,1,0,차대차 - 측면직각충돌,신호위반,건조,맑음,교차로 - 교차로안,승용,남,40세,상해없음,승용,남,59세,상해없음
2013013000100308,2013년 1월 30일 15시,수요일,경상북도 안동시 천리동,사망사고,1,0,0,0,차대사람 - 횡단중,안전운전불이행,건조,맑음,교차로 - 교차로안,화물,남,27세,상해없음,보행자,여,73세,사망
2013013000100330,2013년 1월 30일 16시,수요일,경상북도 구미시 인의동,경상사고,0,0,1,0,차대차 - 측면직각충돌,안전운전불이행,건조,맑음,기타 - 기타,승용,남,37세,상해없음,승용,여,36세,경상
2013013000100358,2013년 1월 30일 17시,수요일,경상북도 경주시 황오동,경상사고,0,0,1,0,차대차 - 기타,신호위반,건조,맑음,단일로 - 횡단보도상,승용,여,57세,상해없음,원동기,남,68세,경상
2013013000100359,2013년 1월 30일 17시,수요일,경상북도 포항시 북구 죽도동,경상사고,0,0,1,0,차대차 - 기타,안전운전불이행,건조,맑음,단일로 - 기타,승용,여,54세,상해없음,자전거,남,62세,경상
2013013000100360,2013년 1월 30일 17시,수요일,경상북도 성주군 성주읍,경상사고,0,0,1,0,차대차 - 측면직각충돌,직진우회전진행방해,건조,맑음,교차로 - 교차로안,승용,여,50세,상해없음,원동기,여,73세,경상
2013013000100361,2013년 1월 30일 17시,수요일,경상북도 포항시 남구 대도동,부상신고사고,0,0,0,1,차대차 - 측면직각충돌,안전거리미확보,건조,맑음,교차로 - 교차로부근,원동기,남,69세,부상신고,승용,남,33세,상해없음
2013013000100362,2013년 1월 30일 17시,수요일,경상북도 포항시 남구 오천읍,경상사고,0,0,1,0,차대사람 - 기타,안전운전불이행,건조,맑음,단일로 - 기타,승용,남,34세,상해없음,보행자,남,39세,경상
2013013000100363,2013년 1월 30일 17시,수요일,경상북도 포항시 남구 상도동,경상사고,0,0,3,0,차대차 - 측면직각충돌,안전운전불이행,건조,맑음,단일로 - 기타,승용,남,52세,상해없음,승용,남,33세,경상
2013013000100402,2013년 1월 30일 18시,수요일,경상북도 포항시 북구 죽도동,중상사고,0,1,0,0,차대차 - 측면직각충돌,교차로운행방법위반,건조,맑음,교차로 - 교차로안,승용,남,52세,상해없음,승용,여,50세,중상
2013013000100403,2013년 1월 30일 18시,수요일,경상북도 김천시 증산면,사망사고,1,0,0,0,차대사람 - 기타,안전운전불이행,건조,맑음,단일로 - 기타,승용,남,45세,상해없음,보행자,남,65세,사망
2013013000100404,2013년 1월 30일 18시,수요일,경상북도 경산시 옥산동,중상사고,0,1,1,0,차대차 - 기타,안전운전불이행,건조,맑음,교차로 - 교차로부근,승용,남,28세,중상,승용,남,44세,경상
2013013000100405,2013년 1월 30일 18시,수요일,경상북도 구미시 신평동,부상신고사고,0,0,0,1,차대차 - 측면직각충돌,안전운전불이행,건조,맑음,교차로 - 교차로부근,자전거,남,13세,부상신고,승용,여,67세,상해없음
2013013000100438,2013년 1월 30일 19시,수요일,경상북도 구미시 진평동,경상사고,0,0,1,0,차대차 - 측면직각충돌,안전운전불이행,건조,맑음,교차로 - 교차로안,승용,남,26세,상해없음,자전거,남,31세,경상
2013013000100461,2013년 1월 30일 20시,수요일,경상북도 김천시 황금동,경상사고,0,0,1,0,차대차 - 측면직각충돌,안전거리미확보,건조,맑음,단일로 - 기타,승용,남,61세,상해없음,이륜,남,49세,경상
2013013000100462,2013년 1월 30일 20시,수요일,경상북도 김천시 신음동,중상사고,0,1,0,0,차대차 - 측면직각충돌,교차로운행방법위반,건조,맑음,교차로 - 교차로안,승용,남,26세,상해없음,원동기,여,55세,중상
2013013000100463,2013년 1월 30일 20시,수요일,경상북도 영천시 고경면,사망사고,2,4,0,0,차대차 - 추돌 - 주정차중,안전운전불이행,건조,맑음,교차로 - 교차로부근,승용,남,33세,중상,화물,남,49세,중상
2013013000100464,2013년 1월 30일 20시,수요일,경상북도 포항시 남구 대도동,경상사고,0,0,1,0,차대차 - 측면직각충돌,신호위반,건조,맑음,교차로 - 교차로안,원동기,남,40세,경상,승용,남,54세,상해없음
2013013000100495,2013년 1월 30일 21시,수요일,경상북도 경주시 성동동,중상사고,0,2,0,0,차대차 - 측면직각충돌,안전운전불이행,건조,맑음,교차로 - 교차로부근,승용,남,20세,상해없음,승합,남,33세,중상
2013013000100521,2013년 1월 30일 22시,수요일,경상북도 상주시 낙양동,중상사고,0,1,2,0,차대차 - 측면직각충돌,교차로운행방법위반,건조,흐림,교차로 - 교차로안,승용,여,47세,상해없음,승용,남,47세,경상
2013013000100522,2013년 1월 30일 22시,수요일,경상북도 포항시 남구 연일읍,경상사고,0,0,1,0,차대사람 - 기타,안전운전불이행,건조,맑음,단일로 - 기타,승용,남,58세,상해없음,보행자,여,43세,경상
2013013100100014,2013년 1월 31일 00시,목요일,경상북도 칠곡군 석적읍,경상사고,0,0,1,0,차대사람 - 차도통행중,안전운전불이행,건조,맑음,교차로 - 교차로안,승용,여,50세,상해없음,보행자,남,47세,경상
2013013100100039,2013년 1월 31일 02시,목요일,경상북도 경주시 현곡면,경상사고,0,0,1,0,차대차 - 기타,안전운전불이행,건조,맑음,단일로 - 기타,승용,기타불명,기타불명,기타불명,원동기,남,46세,경상
2013013100100040,2013년 1월 31일 02시,목요일,경상북도 영덕군 강구면,중상사고,0,1,5,0,차대차 - 추돌 - 주정차중,안전운전불이행,건조,맑음,교차로 - 교차로안,승용,남,46세,상해없음,특수,남,22세,경상
2013013100100049,2013년 1월 31일 03시,목요일,경상북도 포항시 북구 양덕동,경상사고,0,0,2,0,차대차 - 측면직각충돌,교차로운행방법위반,건조,맑음,교차로 - 교차로안,승용,남,33세,상해없음,승용,남,39세,상해없음
2013013100100076,2013년 1월 31일 06시,목요일,경상북도 포항시 남구 청림동,중상사고,0,1,0,0,차대차 - 측면직각충돌,안전운전불이행,건조,맑음,교차로 - 교차로부근,화물,남,51세,상해없음,원동기,남,76세,중상
2013013100100100,2013년 1월 31일 07시,목요일,경상북도 포항시 북구 우현동,경상사고,0,0,1,0,차대차 - 측면직각충돌,교차로운행방법위반,건조,맑음,교차로 - 교차로안,승용,남,26세,상해없음,승용,남,50세,경상
2013013100100101,2013년 1월 31일 07시,목요일,경상북도 경산시 남천면,경상사고,0,0,2,0,차대차 - 기타,안전운전불이행,건조,맑음,단일로 - 기타,승용,남,56세,상해없음,화물,남,38세,경상
2013013100100102,2013년 1월 31일 07시,목요일,경상북도 구미시 도량동,경상사고,0,0,1,0,차대사람 - 기타,신호위반,건조,맑음,교차로 - 교차로부근,승용,남,47세,상해없음,보행자,남,23세,경상
2013013100100103,2013년 1월 31일 07시,목요일,경상북도 포항시 남구 오천읍,경상사고,0,0,2,0,차대차 - 측면직각충돌,신호위반,건조,맑음,교차로 - 교차로안,원동기,남,46세,경상,승용,남,65세,경상
2013013100100146,2013년 1월 31일 08시,목요일,경상북도 경주시 황성동,중상사고,0,1,0,0,차량단독 - 기타,안전운전불이행,건조,맑음,단일로 - 기타,원동기,여,56세,중상,,,,
2013013100100147,2013년 1월 31일 08시,목요일,경상북도 경주시 외동읍,중상사고,0,1,0,0,차대차 - 기타,신호위반,건조,맑음,교차로 - 교차로안,원동기,남,73세,중상,승합,여,40세,상해없음
2013013100100148,2013년 1월 31일 08시,목요일,경상북도 경주시 양북면,경상사고,0,0,1,0,차량단독 - 기타,안전운전불이행,습기,맑음,단일로 - 기타,승용,여,43세,경상,,,,
2013013100100149,2013년 1월 31일 08시,목요일,경상북도 봉화군 소천면,중상사고,0,3,0,1,차대차 - 정면충돌,중앙선침범,결빙,맑음,단일로 - 기타,화물,남,63세,부상신고,화물,남,55세,중상
2013013100100150,2013년 1월 31일 08시,목요일,경상북도 포항시 남구 지곡동,경상사고,0,0,3,2,차대차 - 추돌 - 주정차중,안전운전불이행,건조,맑음,단일로 - 기타,승용,남,56세,상해없음,승용,여,34세,경상
2013013100100179,2013년 1월 31일 09시,목요일,경상북도 의성군 봉양면,경상사고,0,0,1,0,차대차 - 기타,안전운전불이행,건조,흐림,단일로 - 기타,승합,남,43세,상해없음,원동기,남,61세,경상
2013013100100180,2013년 1월 31일 09시,목요일,경상북도 봉화군 물야면,중상사고,0,1,2,0,차량단독 - 도로외이탈 - 추락,안전운전불이행,습기,맑음,단일로 - 기타,화물,남,53세,경상,,,,
2013013100100202,2013년 1월 31일 10시,목요일,경상북도 의성군 사곡면,경상사고,0,0,3,0,차대차 - 기타,중앙선침범,결빙,맑음,단일로 - 기타,승용,여,59세,경상,화물,남,46세,경상
2013013100100203,2013년 1월 31일 10시,목요일,경상북도 청송군 진보면,경상사고,0,0,1,0,차대사람 - 기타,안전운전불이행,건조,맑음,단일로 - 기타,승용,여,46세,상해없음,보행자,남,6세,경상
2013013100100204,2013년 1월 31일 10시,목요일,경상북도 포항시 남구 효자동,중상사고,0,1,0,0,차대사람 - 기타,안전운전불이행,건조,맑음,단일로 - 기타,원동기,남,34세,상해없음,보행자,남,69세,중상
2013013100100221,2013년 1월 31일 11시,목요일,경상북도 청송군 안덕면,중상사고,0,1,0,0,차량단독 - 도로외이탈 - 기타,안전운전불이행,건조,맑음,단일로 - 기타,화물,남,28세,상해없음,,,,
2013013100100243,2013년 1월 31일 12시,목요일,경상북도 경주시 동천동,중상사고,0,1,0,0,차대차 - 측면직각충돌,안전운전불이행,건조,맑음,단일로 - 기타,승용,여,65세,상해없음,승용,남,42세,상해없음
2013013100100244,2013년 1월 31일 12시,목요일,경상북도 안동시 목성동,중상사고,0,1,0,0,차대차 - 측면직각충돌,직진우회전진행방해,건조,맑음,교차로 - 교차로안,승용,남,81세,상해없음,승용,여,40세,중상
2013013100100245,2013년 1월 31일 12시,목요일,경상북도 안동시 정하동,중상사고,0,1,0,0,차대차 - 측면직각충돌,직진우회전진행방해,건조,맑음,교차로 - 교차로안,승용,남,55세,상해없음,화물,남,51세,중상
2013013100100272,2013년 1월 31일 13시,목요일,경상북도 포항시 북구 흥해읍,부상신고사고,0,0,0,1,차대사람 - 길가장자리구역통행중,안전운전불이행,건조,맑음,단일로 - 기타,승용,여,39세,상해없음,보행자,남,26세,부상신고
2013013100100273,2013년 1월 31일 13시,목요일,경상북도 김천시 덕곡동,중상사고,0,1,0,0,차대차 - 측면직각충돌,교차로운행방법위반,건조,맑음,교차로 - 교차로안,화물,남,44세,상해없음,원동기,남,81세,중상
2013013100100274,2013년 1월 31일 13시,목요일,경상북도 봉화군 물야면,부상신고사고,0,0,0,1,차량단독 - 기타,기타,건조,맑음,단일로 - 기타,승합,남,56세,상해없음,,,,
2013013100100275,2013년 1월 31일 13시,목요일,경상북도 성주군 용암면,중상사고,0,1,0,0,차량단독 - 전도전복,안전운전불이행,건조,맑음,단일로 - 기타,화물,남,66세,상해없음,,,,
2013013100100295,2013년 1월 31일 14시,목요일,경상북도 영천시 금호읍,중상사고,0,1,0,0,차대사람 - 기타,안전운전불이행,건조,맑음,단일로 - 기타,승합,남,48세,상해없음,보행자,여,61세,중상
2013013100100296,2013년 1월 31일 14시,목요일,경상북도 청송군 진보면,경상사고,0,0,2,0,차대차 - 추돌 - 진행중,안전거리미확보,건조,맑음,단일로 - 횡단보도상,화물,남,62세,상해없음,승용,남,65세,경상
2013013100100297,2013년 1월 31일 14시,목요일,경상북도 구미시 옥계동,경상사고,0,0,1,0,차대차 - 기타,차로위반,건조,맑음,단일로 - 기타,승용,남,39세,상해없음,승용,남,32세,경상
2013013100100323,2013년 1월 31일 15시,목요일,경상북도 구미시 진평동,중상사고,0,1,1,0,차대차 - 측면직각충돌,교차로운행방법위반,건조,맑음,교차로 - 교차로안,이륜,남,22세,경상,이륜,남,39세,중상
2013013100100341,2013년 1월 31일 16시,목요일,경상북도 안동시 북문동,중상사고,0,1,0,0,차대사람 - 횡단중,보행자보호의무위반,건조,맑음,단일로 - 횡단보도상,승용,여,44세,상해없음,보행자,여,67세,중상
2013013100100402,2013년 1월 31일 18시,목요일,경상북도 경주시 강동면,경상사고,0,0,2,0,차대차 - 추돌 - 주정차중,안전운전불이행,건조,맑음,단일로 - 기타,승합,남,59세,상해없음,승용,남,38세,경상
2013013100100403,2013년 1월 31일 18시,목요일,경상북도 칠곡군 동명면,부상신고사고,0,0,0,1,차대차 - 추돌 - 진행중,안전운전불이행,건조,맑음,단일로 - 기타,화물,남,48세,부상신고,건설기계,남,42세,상해없음
2013013100100404,2013년 1월 31일 18시,목요일,경상북도 예천군 예천읍,경상사고,0,0,3,0,차대차 - 기타,안전운전불이행,건조,맑음,교차로 - 교차로안,승용,남,70세,상해없음,화물,남,35세,경상
2013013100100405,2013년 1월 31일 18시,목요일,경상북도 성주군 가천면,경상사고,0,0,1,0,차대차 - 측면직각충돌,교차로운행방법위반,건조,흐림,교차로 - 교차로안,승용,남,62세,상해없음,농기계,남,70세,경상
2013013100100432,2013년 1월 31일 19시,목요일,경상북도 구미시 산동면,사망사고,1,0,0,0,차대차 - 측면직각충돌,교차로운행방법위반,건조,맑음,교차로 - 교차로안,특수,남,27세,상해없음,승용,남,40세,사망
2013013100100433,2013년 1월 31일 19시,목요일,경상북도 구미시 원평동,중상사고,0,1,0,0,차대사람 - 기타,안전운전불이행,건조,맑음,교차로 - 교차로안,화물,남,43세,상해없음,보행자,남,52세,중상
2013013100100434,2013년 1월 31일 19시,목요일,경상북도 구미시 황상동,경상사고,0,0,1,0,차대사람 - 기타,안전운전불이행,건조,맑음,단일로 - 기타,승용,남,56세,상해없음,보행자,여,21세,경상
2013013100100463,2013년 1월 31일 20시,목요일,경상북도 김천시 부곡동,경상사고,0,0,1,0,차대차 - 측면직각충돌,안전운전불이행,건조,맑음,단일로 - 기타,승용,남,25세,상해없음,승용,남,36세,상해없음
2013013100100464,2013년 1월 31일 20시,목요일,경상북도 경산시 임당동,경상사고,0,0,1,0,차대차 - 기타,교차로운행방법위반,건조,맑음,교차로 - 교차로안,승용,남,29세,상해없음,이륜,남,60세,경상
2013013100100495,2013년 1월 31일 21시,목요일,경상북도 칠곡군 동명면,중상사고,0,1,0,0,차대차 - 측면직각충돌,중앙선침범,건조,맑음,교차로 - 교차로부근,특수,남,39세,상해없음,승용,여,46세,중상
2013020100100012,2013년 2월 1일 00시,금요일,경상북도 구미시 인의동,중상사고,0,1,1,0,차대차 - 측면직각충돌,직진우회전진행방해,건조,맑음,교차로 - 교차로안,승용,남,26세,상해없음,승용,남,40세,경상
2013020100100013,2013년 2월 1일 00시,금요일,경상북도 구미시 원평동,부상신고사고,0,0,0,1,차대차 - 추돌 - 주정차중,안전운전불이행,건조,맑음,기타 - 기타,기타불명,기타불명,1세,기타불명,원동기,남,64세,상해없음
2013020100100039,2013년 2월 1일 01시,금요일,경상북도 포항시 북구 두호동,경상사고,0,0,2,0,차대차 - 추돌 - 주정차중,안전운전불이행,건조,흐림,교차로 - 교차로안,승용,여,43세,상해없음,승용,남,48세,경상
2013020100100040,2013년 2월 1일 01시,금요일,경상북도 구미시 임수동,경상사고,0,0,2,0,차대차 - 추돌 - 주정차중,안전운전불이행,습기,비,교차로 - 교차로부근,승용,남,62세,상해없음,승용,여,33세,경상
2013020100100064,2013년 2월 1일 02시,금요일,경상북도 경주시 성건동,중상사고,0,1,0,0,차대차 - 추돌 - 주정차중,안전운전불이행,습기,비,단일로 - 기타,승용,남,36세,상해없음,승용,여,34세,중상
2013020100100077,2013년 2월 1일 03시,금요일,경상북도 영천시 금호읍,중상사고,0,1,0,0,차대사람 - 기타,안전운전불이행,습기,비,단일로 - 기타,기타불명,기타불명,기타불명,기타불명,보행자,남,49세,중상
2013020100100091,2013년 2월 1일 04시,금요일,경상북도 포항시 북구 죽도동,경상사고,0,0,1,0,차량단독 - 기타,안전운전불이행,습기,비,단일로 - 기타,승용,남,59세,상해없음,,,,
2013020100100092,2013년 2월 1일 04시,금요일,경상북도 문경시 모전동,경상사고,0,0,3,0,차대차 - 측면직각충돌,불법유턴,습기,비,교차로 - 교차로안,승용,남,52세,경상,승용,남,27세,경상
2013020100100108,2013년 2월 1일 05시,금요일,경상북도 칠곡군 동명면,부상신고사고,0,0,0,1,차량단독 - 공작물충돌,안전운전불이행,습기,비,단일로 - 기타,승용,남,42세,상해없음,,,,
2013020100100109,2013년 2월 1일 05시,금요일,경상북도 구미시 인의동,중상사고,0,1,0,0,차대차 - 추돌 - 주정차중,안전운전불이행,습기,비,교차로 - 교차로부근,승용,남,35세,상해없음,승용,남,52세,중상
2013020100100127,2013년 2월 1일 06시,금요일,경상북도 경주시 황오동,중상사고,0,1,1,0,차대차 - 측면직각충돌,신호위반,습기,비,교차로 - 교차로안,승용,남,38세,경상,승용,남,34세,중상
2013020100100128,2013년 2월 1일 06시,금요일,경상북도 포항시 북구 흥해읍,중상사고,0,2,1,0,차대차 - 추돌 - 주정차중,안전운전불이행,습기,비,단일로 - 기타,승용,남,44세,상해없음,특수,남,65세,상해없음
2013020100100129,2013년 2월 1일 06시,금요일,경상북도 봉화군 소천면,경상사고,0,0,2,0,차량단독 - 공작물충돌,안전운전불이행,습기,비,단일로 - 기타,승합,남,33세,경상,,,,
2013020100100188,2013년 2월 1일 08시,금요일,경상북도 경주시 동천동,경상사고,0,0,1,0,차대차 - 측면직각충돌,안전운전불이행,습기,비,교차로 - 교차로부근,승용,여,48세,상해없음,승용,남,49세,경상
2013020100100189,2013년 2월 1일 08시,금요일,경상북도 포항시 남구 해도동,경상사고,0,0,2,0,차대차 - 추돌 - 주정차중,안전운전불이행,습기,비,교차로 - 교차로부근,승용,남,45세,상해없음,승용,남,45세,경상
2013020100100238,2013년 2월 1일 10시,금요일,경상북도 칠곡군 왜관읍,부상신고사고,0,0,0,1,차대차 - 측면직각충돌,신호위반,습기,비,교차로 - 교차로안,승용,남,38세,상해없음,승용,남,47세,부상신고
2013020100100259,2013년 2월 1일 11시,금요일,경상북도 예천군 예천읍,중상사고,0,1,0,0,차대사람 - 기타,안전운전불이행,습기,비,단일로 - 기타,승용,남,38세,상해없음,보행자,여,64세,중상
2013020100100276,2013년 2월 1일 12시,금요일,경상북도 고령군 다산면,중상사고,0,1,1,0,차대차 - 측면직각충돌,안전운전불이행,습기,비,교차로 - 교차로부근,화물,남,40세,상해없음,승용,여,43세,중상
2013020100100304,2013년 2월 1일 13시,금요일,경상북도 경주시 동천동,경상사고,0,0,1,0,차대차 - 측면직각충돌,안전운전불이행,습기,비,단일로 - 기타,승용,남,80세,상해없음,승용,남,38세,경상
2013020100100305,2013년 2월 1일 13시,금요일,경상북도 포항시 남구 대잠동,중상사고,0,1,0,0,차대차 - 측면직각충돌,안전운전불이행,건조,맑음,교차로 - 교차로부근,화물,남,32세,상해없음,승용,여,31세,중상
2013020100100340,2013년 2월 1일 15시,금요일,경상북도 경주시 효현동,경상사고,0,0,1,0,차량단독 - 기타,안전운전불이행,습기,비,단일로 - 기타,승용,남,63세,경상,,,,
2013020100100341,2013년 2월 1일 15시,금요일,경상북도 영천시 금호읍,중상사고,0,4,0,0,차대차 - 측면직각충돌,신호위반,건조,맑음,교차로 - 교차로안,승용,여,72세,중상,승용,남,30세,중상
2013020100100369,2013년 2월 1일 16시,금요일,경상북도 안동시 법흥동,경상사고,0,0,1,0,차대차 - 측면직각충돌,안전거리미확보,습기,비,단일로 - 기타,화물,남,53세,상해없음,승용,남,42세,상해없음
2013020100100390,2013년 2월 1일 17시,금요일,경상북도 구미시 송정동,경상사고,0,0,1,0,차대차 - 측면직각충돌,중앙선침범,습기,비,단일로 - 기타,승용,여,37세,상해없음,승용,남,28세,경상
2013020100100431,2013년 2월 1일 18시,금요일,경상북도 포항시 북구 장성동,중상사고,0,1,0,0,차대사람 - 횡단중,안전운전불이행,건조,맑음,교차로 - 교차로부근,승용,여,45세,상해없음,보행자,여,6세,중상
2013020100100432,2013년 2월 1일 18시,금요일,경상북도 포항시 북구 흥해읍,중상사고,0,1,2,0,차대차 - 기타,안전거리미확보,습기,비,단일로 - 기타,화물,남,34세,상해없음,승용,남,32세,경상
2013020100100433,2013년 2월 1일 18시,금요일,경상북도 안동시 옥동,중상사고,0,1,4,0,차대차 - 기타,안전거리미확보,습기,흐림,단일로 - 횡단보도부근,승용,남,61세,상해없음,승용,여,34세,경상
2013020100100434,2013년 2월 1일 18시,금요일,경상북도 영주시 안정면,중상사고,0,1,0,0,차대사람 - 횡단중,안전운전불이행,습기,비,단일로 - 기타,승용,남,59세,상해없음,보행자,여,50세,중상
2013020100100435,2013년 2월 1일 18시,금요일,경상북도 영천시 망정동,중상사고,0,1,0,0,차대차 - 기타,신호위반,기타,비,교차로 - 교차로안,화물,남,56세,상해없음,승용,남,39세,중상
2013020100100436,2013년 2월 1일 18시,금요일,경상북도 구미시 형곡동,중상사고,0,1,0,0,차대차 - 기타,안전운전불이행,습기,흐림,교차로 - 교차로부근,승용,남,39세,상해없음,원동기,남,40세,중상
2013020100100479,2013년 2월 1일 19시,금요일,경상북도 상주시 공성면,경상사고,0,0,1,0,차대차 - 추돌 - 주정차중,안전운전불이행,습기,비,단일로 - 기타,화물,남,46세,상해없음,승합,남,44세,상해없음