사고번호,사고일시,요일,시군구,사고내용,사망자수,중상자수,경상자수,부상신고자수,사고유형,법규위반,노면상태,기상상태,도로형태,가해운전자 차종,가해운전자 성별,가해운전자 연령,가해운전자 상해정도,피해운전자 차종,피해운전자 성별,피해운전자 연령,피해운전자 상해정도
2013020800100247,2013년 2월 8일 13시,금요일,경상북도 포항시 남구 해도동,경상사고,0,0,1,0,차대차 - 기타,직진우회전진행방해,건조,맑음,교차로 - 교차로안,승합,여,55세,상해없음,원동기,여,34세,경상
2013020800100278,2013년 2월 8일 14시,금요일,경상북도 칠곡군 석적읍,경상사고,0,0,2,0,차대차 - 추돌 - 진행중,안전운전불이행,건조,맑음,단일로 - 기타,승용,여,58세,상해없음,승용,남,41세,경상
2013020800100279,2013년 2월 8일 14시,금요일,경상북도 구미시 원평동,중상사고,0,1,0,0,차대차 - 기타,차로위반,건조,맑음,단일로 - 기타,승합,남,54세,상해없음,승용,남,32세,중상
2013020800100312,2013년 2월 8일 15시,금요일,경상북도 경주시 현곡면,중상사고,0,1,1,0,차대차 - 기타,신호위반,건조,맑음,교차로 - 교차로안,승용,남,37세,상해없음,승용,남,70세,경상
2013020800100313,2013년 2월 8일 15시,금요일,경상북도 영주시 하망동,경상사고,0,0,1,0,차대사람 - 횡단중,안전운전불이행,건조,맑음,단일로 - 기타,승용,여,42세,상해없음,보행자,여,76세,경상
2013020800100334,2013년 2월 8일 16시,금요일,경상북도 경산시 자인면,중상사고,0,1,0,0,차대차 - 기타,신호위반,건조,맑음,교차로 - 교차로안,승용,남,53세,상해없음,승용,남,34세,중상
2013020800100335,2013년 2월 8일 16시,금요일,경상북도 경산시 압량면,경상사고,0,0,5,0,차대차 - 기타,신호위반,건조,맑음,교차로 - 교차로부근,승용,여,32세,경상,승용,남,21세,경상
2013020800100336,2013년 2월 8일 16시,금요일,경상북도 봉화군 봉화읍,중상사고,0,1,0,0,차대사람 - 횡단중,안전운전불이행,건조,맑음,교차로 - 교차로안,승용,여,37세,상해없음,보행자,여,77세,중상
2013020800100370,2013년 2월 8일 17시,금요일,경상북도 문경시 가은읍,중상사고,0,1,0,0,차량단독 - 도로외이탈 - 추락,안전운전불이행,건조,맑음,단일로 - 기타,승용,여,53세,중상,,,,
2013020800100409,2013년 2월 8일 18시,금요일,경상북도 포항시 북구 송라면,경상사고,0,0,8,0,차대차 - 기타,안전거리미확보,건조,흐림,단일로 - 기타,승용,남,46세,상해없음,승용,남,31세,경상
2013020800100410,2013년 2월 8일 18시,금요일,경상북도 경산시 사동,경상사고,0,0,2,0,차대차 - 기타,안전운전불이행,건조,맑음,교차로 - 교차로안,승용,남,48세,상해없음,승용,남,56세,경상
2013020800100411,2013년 2월 8일 18시,금요일,경상북도 예천군 예천읍,중상사고,0,1,4,0,차대차 - 기타,안전운전불이행,건조,맑음,교차로 - 교차로안,승용,남,27세,중상,승용,남,53세,경상
2013020800100412,2013년 2월 8일 18시,금요일,경상북도 구미시 고아읍,사망사고,1,1,1,0,차대차 - 측면직각충돌,안전운전불이행,건조,맑음,교차로 - 교차로안,승용,남,22세,중상,화물,남,29세,경상
2013020800100461,2013년 2월 8일 19시,금요일,경상북도 경주시 구황동,중상사고,0,1,1,0,차량단독 - 공작물충돌,안전운전불이행,건조,맑음,교차로 - 교차로안,승용,여,22세,상해없음,,,,
2013020800100497,2013년 2월 8일 20시,금요일,경상북도 칠곡군 가산면,경상사고,0,0,1,0,차대차 - 추돌 - 진행중,안전운전불이행,건조,맑음,교차로 - 교차로안,승용,남,33세,상해없음,승용,여,54세,경상
2013020800100498,2013년 2월 8일 20시,금요일,경상북도 경산시 조영동,경상사고,0,0,1,0,차대사람 - 기타,안전운전불이행,건조,맑음,단일로 - 기타,승용,남,40세,상해없음,보행자,남,41세,경상
2013020800100499,2013년 2월 8일 20시,금요일,경상북도 구미시 양호동,경상사고,0,0,1,0,차대차 - 기타,안전운전불이행,건조,맑음,교차로 - 교차로안,승용,여,34세,상해없음,원동기,남,33세,경상
2013020800100540,2013년 2월 8일 21시,금요일,경상북도 경주시 동천동,중상사고,0,1,0,0,차대사람 - 기타,기타,건조,맑음,교차로 - 교차로부근,승용,여,44세,상해없음,보행자,남,12세,중상
2013020800100541,2013년 2월 8일 21시,금요일,경상북도 포항시 북구 득량동,경상사고,0,0,1,0,차대차 - 기타,안전운전불이행,건조,맑음,단일로 - 기타,기타불명,기타불명,기타불명,기타불명,자전거,남,41세,경상
2013020800100542,2013년 2월 8일 21시,금요일,경상북도 안동시 안흥동,경상사고,0,0,1,0,차대사람 - 횡단중,신호위반,건조,맑음,단일로 - 기타,승용,여,55세,상해없음,보행자,남,8세,경상
2013020800100543,2013년 2월 8일 21시,금요일,경상북도 구미시 구평동,경상사고,0,0,2,0,차대차 - 추돌 - 진행중,안전운전불이행,건조,맑음,교차로 - 교차로안,승용,남,29세,상해없음,승용,남,31세,경상
2013020800100598,2013년 2월 8일 23시,금요일,경상북도 포항시 북구 죽도동,중상사고,0,1,0,0,차대사람 - 기타,안전운전불이행,건조,맑음,단일로 - 기타,승용,남,31세,상해없음,보행자,여,57세,중상
2013020800100599,2013년 2월 8일 23시,금요일,경상북도 경산시 중방동,경상사고,0,0,2,0,차대차 - 기타,중앙선침범,건조,맑음,단일로 - 기타,승합,남,50세,상해없음,승용,남,50세,경상
2013020900100011,2013년 2월 9일 00시,토요일,경상북도 칠곡군 동명면,경상사고,0,0,2,1,차량단독 - 공작물충돌,안전운전불이행,건조,맑음,단일로 - 기타,승용,남,46세,부상신고,,,,
2013020900100012,2013년 2월 9일 00시,토요일,경상북도 영천시 금호읍,중상사고,0,1,0,0,차대차 - 기타,중앙선침범,건조,맑음,기타 - 기타,승용,남,30세,상해없음,승용,남,21세,중상
2013020900100013,2013년 2월 9일 00시,토요일,경상북도 문경시 점촌동,중상사고,0,1,0,0,차대사람 - 횡단중,안전운전불이행,건조,맑음,단일로 - 기타,승용,남,44세,상해없음,보행자,여,53세,중상
2013020900100014,2013년 2월 9일 00시,토요일,경상북도 경산시 계양동,경상사고,0,0,6,0,차대차 - 추돌 - 진행중,안전운전불이행,건조,맑음,단일로 - 기타,승용,남,32세,상해없음,승용,남,38세,경상
2013020900100044,2013년 2월 9일 01시,토요일,경상북도 칠곡군 왜관읍,중상사고,0,1,1,0,차대차 - 추돌 - 진행중,안전거리미확보,건조,맑음,단일로 - 기타,승용,남,20세,상해없음,승용,남,53세,중상
2013020900100045,2013년 2월 9일 01시,토요일,경상북도 봉화군 봉화읍,중상사고,0,1,0,0,차대차 - 추돌 - 주정차중,안전운전불이행,건조,맑음,단일로 - 기타,승용,남,26세,중상,화물,남,46세,기타불명
2013020900100065,2013년 2월 9일 02시,토요일,경상북도 포항시 남구 오천읍,경상사고,0,0,1,0,차대사람 - 기타,안전운전불이행,건조,맑음,교차로 - 교차로안,승용,남,52세,상해없음,보행자,여,45세,경상
2013020900100066,2013년 2월 9일 02시,토요일,경상북도 영천시 대창면,중상사고,0,2,1,0,차대차 - 추돌 - 주정차중,과속,건조,맑음,단일로 - 기타,승용,남,50세,중상,화물,남,34세,상해없음
2013020900100067,2013년 2월 9일 02시,토요일,경상북도 영천시 대창면,중상사고,0,2,0,0,차대차 - 추돌 - 주정차중,안전운전불이행,건조,맑음,단일로 - 기타,승용,남,31세,중상,화물,남,34세,상해없음
2013020900100068,2013년 2월 9일 02시,토요일,경상북도 영천시 대창면,중상사고,0,4,2,0,차대차 - 추돌 - 주정차중,안전운전불이행,건조,맑음,단일로 - 기타,승용,남,29세,상해없음,승용,남,31세,중상
2013020900100091,2013년 2월 9일 04시,토요일,경상북도 경주시 용강동,부상신고사고,0,0,0,1,차량단독 - 전도전복,안전운전불이행,건조,맑음,단일로 - 기타,승용,남,18세,부상신고,,,,
2013020900100137,2013년 2월 9일 08시,토요일,경상북도 경주시 감포읍,중상사고,0,4,0,1,차대차 - 기타,중앙선침범,건조,맑음,단일로 - 기타,승용,남,46세,부상신고,승용,남,50세,중상
2013020900100138,2013년 2월 9일 08시,토요일,경상북도 상주시 모서면,경상사고,0,0,4,0,차대차 - 기타,교차로운행방법위반,건조,맑음,교차로 - 교차로안,승용,남,39세,상해없음,승용,남,43세,경상
2013020900100139,2013년 2월 9일 08시,토요일,경상북도 청도군 각남면,중상사고,0,1,3,0,차대차 - 측면직각충돌,안전운전불이행,건조,맑음,단일로 - 기타,승용,남,70세,상해없음,승용,남,54세,경상
2013020900100164,2013년 2월 9일 10시,토요일,경상북도 칠곡군 왜관읍,사망사고,1,0,0,0,차량단독 - 전도전복,안전운전불이행,건조,맑음,단일로 - 기타,이륜,남,44세,사망,,,,
2013020900100176,2013년 2월 9일 11시,토요일,경상북도 영천시 조교동,경상사고,0,0,2,0,차대차 - 측면직각충돌,안전운전불이행,건조,맑음,단일로 - 기타,승용,남,54세,상해없음,승용,남,51세,경상
2013020900100177,2013년 2월 9일 11시,토요일,경상북도 구미시 옥계동,중상사고,0,1,4,0,차대차 - 측면직각충돌,안전운전불이행,건조,맑음,단일로 - 기타,화물,남,44세,상해없음,승용,여,45세,중상
2013020900100194,2013년 2월 9일 12시,토요일,경상북도 경주시 배반동,경상사고,0,0,3,0,차대차 - 추돌 - 진행중,안전운전불이행,건조,맑음,교차로 - 교차로부근,승용,남,40세,상해없음,승용,남,50세,경상
2013020900100195,2013년 2월 9일 12시,토요일,경상북도 칠곡군 석적읍,중상사고,0,2,0,1,차대차 - 추돌 - 주정차중,안전운전불이행,건조,맑음,단일로 - 기타,승용,여,46세,부상신고,승용,남,64세,중상
2013020900100196,2013년 2월 9일 12시,토요일,경상북도 영천시 금노동,중상사고,0,2,0,0,차대차 - 추돌 - 진행중,안전거리미확보,건조,맑음,단일로 - 기타,승용,남,47세,상해없음,승용,남,52세,중상
2013020900100211,2013년 2월 9일 13시,토요일,경상북도 경주시 현곡면,중상사고,0,1,1,1,차대차 - 추돌 - 주정차중,안전운전불이행,건조,맑음,단일로 - 교량,승용,남,44세,상해없음,승용,남,48세,부상신고
2013020900100232,2013년 2월 9일 14시,토요일,경상북도 영천시 청통면,중상사고,0,1,2,0,차대차 - 정면충돌,안전운전불이행,건조,맑음,단일로 - 기타,승용,남,38세,상해없음,승용,여,38세,경상
2013020900100243,2013년 2월 9일 15시,토요일,경상북도 경주시 동천동,중상사고,0,3,2,0,차대차 - 측면직각충돌,안전운전불이행,건조,맑음,교차로 - 교차로안,승합,남,55세,상해없음,승용,남,41세,중상
2013020900100244,2013년 2월 9일 15시,토요일,경상북도 영주시 영주동,경상사고,0,0,1,0,차대차 - 측면직각충돌,안전운전불이행,건조,맑음,교차로 - 교차로안,승용,남,33세,상해없음,자전거,남,67세,경상
2013020900100245,2013년 2월 9일 15시,토요일,경상북도 경산시 사동,경상사고,0,0,2,0,차대차 - 기타,안전운전불이행,건조,맑음,단일로 - 기타,승용,남,21세,경상,승용,여,40세,경상
2013020900100246,2013년 2월 9일 15시,토요일,경상북도 청송군 진보면,경상사고,0,0,2,0,차대차 - 기타,안전운전불이행,건조,맑음,단일로 - 기타,승용,남,41세,상해없음,승용,남,66세,경상
2013020900100283,2013년 2월 9일 17시,토요일,경상북도 경주시 노서동,경상사고,0,0,1,0,차대차 - 기타,안전운전불이행,건조,맑음,교차로 - 교차로부근,승용,남,52세,상해없음,승용,남,45세,상해없음
2013020900100284,2013년 2월 9일 17시,토요일,경상북도 포항시 북구 용흥동,경상사고,0,0,1,0,차대사람 - 기타,안전운전불이행,건조,맑음,단일로 - 기타,승용,남,56세,상해없음,보행자,여,90세,경상
2013020900100285,2013년 2월 9일 17시,토요일,경상북도 의성군 의성읍,경상사고,0,0,1,0,차대차 - 기타,교차로운행방법위반,건조,맑음,교차로 - 교차로안,화물,남,41세,상해없음,승용,남,55세,경상
2013020900100286,2013년 2월 9일 17시,토요일,경상북도 칠곡군 석적읍,부상신고사고,0,0,0,1,차대차 - 추돌 - 주정차중,안전운전불이행,건조,맑음,단일로 - 기타,화물,남,41세,부상신고,승용,남,23세,기타불명
2013020900100287,2013년 2월 9일 17시,토요일,경상북도 경산시 하양읍,경상사고,0,0,1,0,차대차 - 기타,안전운전불이행,적설,눈,단일로 - 기타,화물,남,56세,상해없음,승용,남,27세,경상
2013020900100303,2013년 2월 9일 18시,토요일,경상북도 영천시 완산동,경상사고,0,0,2,0,차대차 - 기타,안전운전불이행,건조,맑음,기타 - 기타,이륜,남,20세,경상,승용,여,23세,경상
2013020900100304,2013년 2월 9일 18시,토요일,경상북도 군위군 군위읍,경상사고,0,0,1,0,차대사람 - 길가장자리구역통행중,안전운전불이행,건조,맑음,단일로 - 기타,승용,남,50세,상해없음,보행자,여,70세,경상
2013020900100305,2013년 2월 9일 18시,토요일,경상북도 구미시 송정동,중상사고,0,1,0,0,차대사람 - 기타,안전운전불이행,건조,흐림,단일로 - 기타,승용,남,33세,상해없음,보행자,여,57세,중상
2013020900100324,2013년 2월 9일 19시,토요일,경상북도 포항시 남구 대도동,경상사고,0,0,4,0,차대차 - 추돌 - 주정차중,안전운전불이행,건조,맑음,교차로 - 교차로부근,승용,남,32세,상해없음,승용,여,28세,경상
2013020900100345,2013년 2월 9일 20시,토요일,경상북도 경산시 조영동,경상사고,0,0,2,0,차대차 - 기타,안전운전불이행,건조,맑음,교차로 - 교차로안,승용,남,22세,상해없음,승용,남,38세,경상
2013020900100361,2013년 2월 9일 21시,토요일,경상북도 경주시 동천동,경상사고,0,0,4,0,차대차 - 기타,안전운전불이행,건조,맑음,교차로 - 교차로부근,승용,여,45세,상해없음,승용,남,39세,경상
2013020900100362,2013년 2월 9일 21시,토요일,경상북도 칠곡군 약목면,경상사고,0,0,1,0,차대차 - 추돌 - 진행중,안전운전불이행,건조,맑음,단일로 - 기타,승용,남,27세,기타불명,승용,남,49세,경상
2013020900100371,2013년 2월 9일 22시,토요일,경상북도 안동시 당북동,중상사고,0,1,0,0,차대차 - 기타,신호위반,건조,맑음,교차로 - 교차로안,승용,남,25세,상해없음,승용,남,27세,중상
2013020900100372,2013년 2월 9일 22시,토요일,경상북도 안동시 옥동,경상사고,0,0,1,0,차대사람 - 기타,안전운전불이행,건조,맑음,단일로 - 기타,승용,남,29세,상해없음,보행자,남,29세,경상
2013021000100010,2013년 2월 10일 00시,일요일,경상북도 경산시 중방동,중상사고,0,1,0,0,차대사람 - 기타,안전운전불이행,건조,맑음,단일로 - 기타,승용,남,33세,상해없음,보행자,남,40세,중상
2013021000100016,2013년 2월 10일 01시,일요일,경상북도 포항시 남구 오천읍,경상사고,0,0,2,0,차대차 - 기타,안전운전불이행,건조,맑음,단일로 - 기타,승용,남,56세,상해없음,승용,남,39세,경상
2013021000100025,2013년 2월 10일 02시,일요일,경상북도 안동시 옥동,중상사고,0,1,0,0,차대사람 - 기타,안전운전불이행,건조,맑음,교차로 - 교차로안,승용,남,39세,상해없음,보행자,여,25세,중상
2013021000100026,2013년 2월 10일 02시,일요일,경상북도 구미시 임은동,경상사고,0,0,1,0,차대사람 - 기타,안전운전불이행,건조,맑음,기타 - 기타,기타불명,기타불명,기타불명,기타불명,보행자,남,25세,경상
2013021000100029,2013년 2월 10일 03시,일요일,경상북도 안동시 옥동,경상사고,0,0,1,0,차대사람 - 기타,안전운전불이행,건조,맑음,단일로 - 기타,승용,남,27세,상해없음,보행자,남,29세,경상
2013021000100030,2013년 2월 10일 03시,일요일,경상북도 문경시 마성면,중상사고,0,1,0,0,차대사람 - 횡단중,안전운전불이행,건조,맑음,단일로 - 기타,승용,남,27세,상해없음,보행자,여,84세,중상
2013021000100035,2013년 2월 10일 04시,일요일,경상북도 칠곡군 북삼읍,부상신고사고,0,0,0,1,차대차 - 기타,안전운전불이행,건조,맑음,단일로 - 기타,승합,남,60세,부상신고,승용,남,48세,상해없음
2013021000100084,2013년 2월 10일 08시,일요일,경상북도 문경시 산양면,중상사고,0,1,0,0,차대차 - 추돌 - 진행중,안전운전불이행,건조,맑음,단일로 - 기타,승용,남,64세,상해없음,자전거,남,45세,중상
2013021000100116,2013년 2월 10일 10시,일요일,경상북도 경주시 안강읍,중상사고,0,1,0,0,차량단독 - 공작물충돌,안전운전불이행,건조,맑음,단일로 - 기타,승용,남,40세,중상,,,,
2013021000100117,2013년 2월 10일 10시,일요일,경상북도 청도군 화양읍,중상사고,0,1,1,0,차대차 - 측면직각충돌,교차로운행방법위반,건조,맑음,교차로 - 교차로안,승용,남,27세,상해없음,승용,남,64세,중상
2013021000100118,2013년 2월 10일 10시,일요일,경상북도 성주군 선남면,경상사고,0,0,4,0,차대차 - 기타,안전운전불이행,건조,맑음,단일로 - 기타,화물,남,40세,상해없음,승합,남,56세,경상
2013021000100151,2013년 2월 10일 12시,일요일,경상북도 청도군 금천면,경상사고,0,0,3,0,차대차 - 측면직각충돌,교차로운행방법위반,건조,맑음,교차로 - 교차로안,승용,남,67세,상해없음,승용,남,58세,경상
2013021000100189,2013년 2월 10일 14시,일요일,경상북도 의성군 의성읍,경상사고,0,0,1,0,차대사람 - 기타,안전운전불이행,건조,맑음,교차로 - 교차로부근,화물,남,21세,상해없음,보행자,여,70세,경상
2013021000100217,2013년 2월 10일 15시,일요일,경상북도 포항시 북구 용흥동,경상사고,0,0,1,0,차대차 - 추돌 - 주정차중,안전운전불이행,건조,맑음,교차로 - 교차로부근,승용,남,32세,상해없음,승용,여,35세,경상
2013021000100252,2013년 2월 10일 17시,일요일,경상북도 안동시 서후면,중상사고,0,1,1,0,차대차 - 측면직각충돌,직진우회전진행방해,건조,맑음,교차로 - 교차로안,승용,여,38세,상해없음,승용,남,60세,중상
2013021000100253,2013년 2월 10일 17시,일요일,경상북도 예천군 호명면,중상사고,0,3,0,0,차량단독 - 공작물충돌,안전운전불이행,건조,맑음,교차로 - 교차로부근,승용,여,33세,중상,,,,
2013021000100254,2013년 2월 10일 17시,일요일,경상북도 포항시 남구 동촌동,경상사고,0,0,4,0,차대차 - 정면충돌,중앙선침범,건조,맑음,단일로 - 기타,화물,남,30세,상해없음,승용,남,37세,경상
2013021000100267,2013년 2월 10일 18시,일요일,경상북도 영덕군 강구면,경상사고,0,0,5,0,차대차 - 추돌 - 진행중,안전운전불이행,건조,맑음,교차로 - 교차로부근,승용,남,44세,상해없음,승용,남,37세,상해없음
2013021000100291,2013년 2월 10일 19시,일요일,경상북도 군위군 군위읍,경상사고,0,0,3,0,차대차 - 추돌 - 주정차중,안전운전불이행,건조,맑음,단일로 - 기타,승용,여,48세,상해없음,승용,여,36세,경상
2013021000100311,2013년 2월 10일 20시,일요일,경상북도 포항시 북구 환호동,중상사고,0,1,1,0,차대사람 - 기타,안전운전불이행,건조,맑음,단일로 - 기타,원동기,남,64세,상해없음,보행자,여,48세,경상
2013021000100349,2013년 2월 10일 22시,일요일,경상북도 경주시 양남면,경상사고,0,0,4,0,차대차 - 기타,안전운전불이행,건조,맑음,단일로 - 기타,승용,남,67세,상해없음,승용,남,46세,경상
2013021000100350,2013년 2월 10일 22시,일요일,경상북도 경주시 양남면,사망사고,2,0,0,0,차대차 - 기타,중앙선침범,건조,맑음,단일로 - 기타,승용,남,67세,사망,승용,남,23세,사망
2013021000100351,2013년 2월 10일 22시,일요일,경상북도 포항시 북구 창포동,부상신고사고,0,0,0,1,차대사람 - 길가장자리구역통행중,안전운전불이행,건조,맑음,교차로 - 교차로부근,기타불명,기타불명,기타불명,기타불명,보행자,남,50세,부상신고
2013021000100352,2013년 2월 10일 22시,일요일,경상북도 고령군 다산면,중상사고,0,3,0,0,차대차 - 정면충돌,중앙선침범,건조,맑음,단일로 - 기타,승용,남,52세,중상,승용,여,61세,중상
2013021000100353,2013년 2월 10일 22시,일요일,경상북도 구미시 광평동,중상사고,0,1,0,0,차대차 - 측면직각충돌,신호위반,건조,맑음,교차로 - 교차로안,이륜,남,17세,중상,승용,남,43세,상해없음
2013021000100354,2013년 2월 10일 22시,일요일,경상북도 구미시 선산읍,경상사고,0,0,1,0,차대차 - 추돌 - 진행중,안전운전불이행,건조,맑음,단일로 - 기타,승용,남,48세,상해없음,승용,남,32세,상해없음
2013021000100369,2013년 2월 10일 23시,일요일,경상북도 안동시 옥동,중상사고,0,1,0,1,차대차 - 기타,안전운전불이행,건조,맑음,단일로 - 기타,기타불명,기타불명,기타불명,기타불명,승용,남,43세,부상신고
2013021000100370,2013년 2월 10일 23시,일요일,경상북도 구미시 도량동,부상신고사고,0,0,0,1,차량단독 - 공작물충돌,안전운전불이행,건조,맑음,교차로 - 교차로안,승용,남,24세,부상신고,,,,
2013021000100371,2013년 2월 10일 23시,일요일,경상북도 포항시 남구 장기면,중상사고,0,1,0,0,차량단독 - 도로외이탈 - 추락,안전운전불이행,건조,맑음,기타 - 기타,승용,남,40세,중상,,,,
2013021100100033,2013년 2월 11일 03시,월요일,경상북도 포항시 북구 용흥동,경상사고,0,0,3,0,차대차 - 측면직각충돌,안전운전불이행,건조,맑음,교차로 - 교차로안,승용,남,22세,상해없음,승용,남,47세,경상
2013021100100057,2013년 2월 11일 06시,월요일,경상북도 포항시 북구 덕수동,경상사고,0,0,2,0,차대차 - 측면직각충돌,신호위반,건조,맑음,교차로 - 교차로안,승용,남,21세,상해없음,승합,남,64세,상해없음
2013021100100058,2013년 2월 11일 06시,월요일,경상북도 경산시 옥산동,경상사고,0,0,1,0,차대사람 - 횡단중,안전운전불이행,건조,맑음,단일로 - 기타,이륜,남,73세,상해없음,보행자,여,23세,경상
2013021100100079,2013년 2월 11일 09시,월요일,경상북도 안동시 송현동,경상사고,0,0,1,0,차대차 - 측면직각충돌,안전거리미확보,건조,맑음,단일로 - 기타,승용,남,49세,상해없음,승용,여,42세,경상
2013021100100086,2013년 2월 11일 10시,월요일,경상북도 경주시 효현동,경상사고,0,0,5,0,차대차 - 측면직각충돌,신호위반,건조,맑음,교차로 - 교차로부근,승용,남,67세,경상,승용,남,33세,경상
2013021100100099,2013년 2월 11일 11시,월요일,경상북도 고령군 우곡면,경상사고,0,0,5,0,차대차 - 측면직각충돌,안전운전불이행,건조,맑음,교차로 - 교차로부근,승용,여,43세,상해없음,승용,여,25세,경상
2013021100100100,2013년 2월 11일 11시,월요일,경상북도 포항시 남구 오천읍,경상사고,0,0,1,0,차대차 - 측면직각충돌,안전운전불이행,건조,맑음,교차로 - 교차로안,승용,남,49세,상해없음,승용,남,54세,경상
2013021100100111,2013년 2월 11일 12시,월요일,경상북도 경주시 신평동,경상사고,0,0,2,0,차대차 - 측면직각충돌,안전운전불이행,건조,맑음,단일로 - 기타,승용,남,65세,상해없음,승용,남,38세,경상
2013021100100123,2013년 2월 11일 13시,월요일,경상북도 포항시 남구 해도동,경상사고,0,0,1,2,차대차 - 정면충돌,안전운전불이행,건조,맑음,단일로 - 기타,화물,남,57세,상해없음,승용,남,71세,경상
2013021100100153,2013년 2월 11일 15시,월요일,경상북도 상주시 함창읍,중상사고,0,1,0,0,차대사람 - 기타,안전운전불이행,건조,맑음,교차로 - 교차로안,승용,남,33세,상해없음,보행자,여,68세,중상
2013021100100154,2013년 2월 11일 15시,월요일,경상북도 경산시 진량읍,경상사고,0,0,2,0,차대차 - 기타,신호위반,건조,맑음,교차로 - 교차로안,이륜,남,16세,경상,승용,남,43세,경상
2013021100100170,2013년 2월 11일 16시,월요일,경상북도 포항시 남구 구룡포읍,중상사고,0,6,1,0,차대차 - 기타,직진우회전진행방해,건조,맑음,교차로 - 교차로안,승합,남,55세,상해없음,승용,남,62세,중상
2013021100100200,2013년 2월 11일 18시,월요일,경상북도 김천시 아포읍,사망사고,1,0,0,0,차대차 - 기타,안전운전불이행,건조,맑음,단일로 - 교량,승용,남,57세,상해없음,승용,여,40세,상해없음
2013021100100227,2013년 2월 11일 19시,월요일,경상북도 포항시 북구 장성동,경상사고,0,0,1,0,차대차 - 기타,안전운전불이행,건조,맑음,단일로 - 기타,승용,남,43세,상해없음,승용,남,51세,경상
2013021100100247,2013년 2월 11일 20시,월요일,경상북도 칠곡군 북삼읍,중상사고,0,1,0,1,차대사람 - 횡단중,교차로운행방법위반,건조,맑음,교차로 - 교차로안,이륜,남,18세,부상신고,보행자,남,34세,중상
2013021100100262,2013년 2월 11일 21시,월요일,경상북도 안동시 옥야동,중상사고,0,3,0,0,차대차 - 추돌 - 주정차중,안전거리미확보,건조,맑음,교차로 - 교차로부근,승용,남,30세,상해없음,승용,남,71세,중상
2013021100100263,2013년 2월 11일 21시,월요일,경상북도 김천시 평화동,경상사고,0,0,1,0,차대차 - 측면직각충돌,안전운전불이행,건조,맑음,교차로 - 교차로부근,승용,남,22세,상해없음,이륜,남,17세,경상
2013021100100291,2013년 2월 11일 23시,월요일,경상북도 경산시 조영동,부상신고사고,0,0,0,2,차대차 - 측면직각충돌,안전운전불이행,건조,맑음,단일로 - 기타,승용,남,22세,상해없음,승용,여,43세,상해없음
2013021100100292,2013년 2월 11일 23시,월요일,경상북도 영천시 금호읍,사망사고,2,2,3,0,차대차 - 기타,안전운전불이행,건조,맑음,단일로 - 기타,승용,남,51세,상해없음,승용,남,34세,사망
2013021200100010,2013년 2월 12일 00시,화요일,경상북도 경산시 하양읍,경상사고,0,0,1,0,차대차 - 기타,안전운전불이행,건조,맑음,단일로 - 기타,기타불명,기타불명,기타불명,기타불명,승용,남,27세,상해없음
2013021200100034,2013년 2월 12일 02시,화요일,경상북도 영천시 금호읍,경상사고,0,0,1,0,차량단독 - 공작물충돌,안전운전불이행,건조,맑음,단일로 - 기타,이륜,남,28세,경상,,,,
2013021200100035,2013년 2월 12일 02시,화요일,경상북도 경산시 조영동,경상사고,0,0,1,0,차대차 - 기타,안전운전불이행,건조,맑음,단일로 - 기타,승용,남,21세,상해없음,승용,남,71세,경상
2013021200100051,2013년 2월 12일 05시,화요일,경상북도 상주시 화서면,중상사고,0,1,0,0,차량단독 - 공작물충돌,안전운전불이행,건조,맑음,단일로 - 기타,승용,남,82세,중상,,,,
2013021200100103,2013년 2월 12일 09시,화요일,경상북도 상주시 남장동,중상사고,0,4,1,0,차대차 - 추돌 - 주정차중,안전운전불이행,건조,맑음,단일로 - 기타,승용,남,46세,상해없음,승합,남,47세,경상
2013021200100104,2013년 2월 12일 09시,화요일,경상북도 의성군 의성읍,중상사고,0,2,0,0,차대차 - 측면직각충돌,교차로운행방법위반,건조,맑음,교차로 - 교차로안,승용,여,47세,상해없음,원동기,남,78세,중상
2013021200100117,2013년 2월 12일 10시,화요일,경상북도 포항시 북구 용흥동,중상사고,0,1,2,0,차대차 - 측면직각충돌,신호위반,건조,맑음,교차로 - 교차로안,승용,남,66세,상해없음,승용,남,69세,중상
2013021200100118,2013년 2월 12일 10시,화요일,경상북도 의성군 의성읍,중상사고,0,1,0,0,차량단독 - 전도전복,안전운전불이행,건조,흐림,교차로 - 교차로부근,원동기,남,85세,중상,,,,
2013021200100135,2013년 2월 12일 11시,화요일,경상북도 경주시 성건동,중상사고,0,1,0,0,차대차 - 기타,안전운전불이행,건조,흐림,교차로 - 교차로부근,승용,남,59세,상해없음,자전거,여,70세,중상
2013021200100136,2013년 2월 12일 11시,화요일,경상북도 경주시 동천동,중상사고,0,1,0,0,차대차 - 기타,중앙선침범,건조,맑음,단일로 - 기타,화물,남,40세,상해없음,원동기,여,19세,중상
2013021200100137,2013년 2월 12일 11시,화요일,경상북도 경산시 서상동,경상사고,0,0,1,0,차대차 - 기타,교차로운행방법위반,건조,맑음,교차로 - 교차로안,승용,남,69세,상해없음,이륜,남,61세,경상
2013021200100138,2013년 2월 12일 11시,화요일,경상북도 영천시 임고면,경상사고,0,0,1,0,차대차 - 측면직각충돌,안전운전불이행,적설,눈,단일로 - 터널,화물,남,22세,상해없음,승용,남,35세,경상
2013021200100156,2013년 2월 12일 12시,화요일,경상북도 영천시 북안면,중상사고,0,1,3,0,차대차 - 측면직각충돌,안전운전불이행,결빙,눈,단일로 - 기타,화물,남,62세,중상,승용,남,73세,경상