사고번호,사고일시,요일,시군구,사고내용,사망자수,중상자수,경상자수,부상신고자수,사고유형,법규위반,노면상태,기상상태,도로형태,가해운전자 차종,가해운전자 성별,가해운전자 연령,가해운전자 상해정도,피해운전자 차종,피해운전자 성별,피해운전자 연령,피해운전자 상해정도
2013021200100157,2013년 2월 12일 12시,화요일,경상북도 영천시 화북면,경상사고,0,0,3,0,차대차 - 측면직각충돌,교차로운행방법위반,건조,맑음,교차로 - 교차로안,화물,남,59세,상해없음,승용,남,40세,경상
2013021200100158,2013년 2월 12일 12시,화요일,경상북도 청송군 현동면,경상사고,0,0,6,0,차대차 - 측면직각충돌,안전운전불이행,적설,눈,단일로 - 기타,승용,남,53세,경상,승용,남,49세,상해없음
2013021200100159,2013년 2월 12일 12시,화요일,경상북도 구미시 산동면,중상사고,0,1,0,0,차대차 - 측면직각충돌,안전운전불이행,건조,맑음,단일로 - 기타,승용,여,50세,상해없음,이륜,남,67세,중상
2013021200100188,2013년 2월 12일 13시,화요일,경상북도 영천시 고경면,중상사고,0,2,0,0,차량단독 - 도로외이탈 - 기타,안전운전불이행,결빙,눈,단일로 - 기타,승합,여,46세,중상,,,,
2013021200100189,2013년 2월 12일 13시,화요일,경상북도 영천시 임고면,중상사고,0,1,1,0,차대차 - 기타,안전운전불이행,기타,눈,기타 - 기타,화물,남,69세,중상,승용,남,24세,경상
2013021200100190,2013년 2월 12일 13시,화요일,경상북도 영천시 북안면,경상사고,0,0,1,0,차대차 - 기타,안전운전불이행,건조,맑음,단일로 - 터널,승용,여,59세,상해없음,승합,남,48세,상해없음
2013021200100191,2013년 2월 12일 13시,화요일,경상북도 경산시 중산동,경상사고,0,0,1,0,차대차 - 기타,안전운전불이행,건조,맑음,교차로 - 교차로부근,승용,남,29세,상해없음,이륜,남,40세,경상
2013021200100192,2013년 2월 12일 13시,화요일,경상북도 경산시 사동,경상사고,0,0,3,0,차대차 - 측면직각충돌,신호위반,습기,눈,교차로 - 교차로안,승합,여,23세,경상,승용,남,43세,경상
2013021200100193,2013년 2월 12일 13시,화요일,경상북도 영덕군 남정면,중상사고,0,1,2,0,차대차 - 추돌 - 주정차중,안전운전불이행,습기,비,교차로 - 교차로안,승용,남,55세,상해없음,승용,남,56세,상해없음
2013021200100222,2013년 2월 12일 14시,화요일,경상북도 안동시 용상동,경상사고,0,0,3,0,차대차 - 추돌 - 진행중,안전운전불이행,습기,눈,단일로 - 기타,화물,남,40세,상해없음,화물,남,59세,경상
2013021200100247,2013년 2월 12일 15시,화요일,경상북도 경주시 성건동,경상사고,0,0,1,0,차대사람 - 기타,안전운전불이행,습기,비,단일로 - 기타,승용,남,34세,상해없음,보행자,남,37세,경상
2013021200100248,2013년 2월 12일 15시,화요일,경상북도 칠곡군 약목면,경상사고,0,0,4,0,차대차 - 추돌 - 진행중,안전거리미확보,건조,맑음,교차로 - 교차로부근,화물,남,44세,상해없음,승용,남,62세,경상
2013021200100277,2013년 2월 12일 16시,화요일,경상북도 영천시 신령면,중상사고,0,1,0,0,차대차 - 측면직각충돌,안전운전불이행,건조,흐림,단일로 - 기타,화물,남,30세,상해없음,화물,남,61세,상해없음
2013021200100307,2013년 2월 12일 17시,화요일,경상북도 안동시 삼산동,중상사고,0,1,0,0,차대사람 - 횡단중,안전운전불이행,건조,맑음,단일로 - 기타,승용,여,50세,상해없음,보행자,여,19세,중상
2013021200100308,2013년 2월 12일 17시,화요일,경상북도 성주군 수륜면,경상사고,0,0,4,0,차량단독 - 도로외이탈 - 추락,안전운전불이행,결빙,눈,단일로 - 기타,승용,여,51세,경상,,,,
2013021200100337,2013년 2월 12일 18시,화요일,경상북도 김천시 평화동,경상사고,0,0,1,0,차대차 - 측면직각충돌,안전운전불이행,건조,맑음,교차로 - 교차로부근,승용,남,32세,상해없음,승용,남,32세,경상
2013021200100338,2013년 2월 12일 18시,화요일,경상북도 칠곡군 지천면,경상사고,0,0,1,0,차대사람 - 기타,안전운전불이행,건조,맑음,단일로 - 기타,승용,남,53세,상해없음,보행자,남,43세,경상
2013021200100339,2013년 2월 12일 18시,화요일,경상북도 경산시 남산면,중상사고,0,2,0,0,차량단독 - 전도전복,안전운전불이행,결빙,눈,단일로 - 기타,승용,남,32세,상해없음,,,,
2013021200100340,2013년 2월 12일 18시,화요일,경상북도 구미시 인의동,경상사고,0,0,1,0,차대차 - 측면직각충돌,교차로운행방법위반,건조,맑음,교차로 - 교차로안,화물,남,45세,상해없음,이륜,남,35세,경상
2013021200100369,2013년 2월 12일 19시,화요일,경상북도 포항시 북구 죽도동,중상사고,0,2,0,0,차대사람 - 길가장자리구역통행중,안전운전불이행,건조,맑음,교차로 - 교차로안,승용,여,33세,상해없음,보행자,남,59세,중상
2013021200100370,2013년 2월 12일 19시,화요일,경상북도 울진군 울진읍,중상사고,0,1,0,0,차대사람 - 횡단중,안전운전불이행,건조,맑음,단일로 - 기타,승용,남,39세,상해없음,보행자,여,68세,중상
2013021200100448,2013년 2월 12일 22시,화요일,경상북도 안동시 옥동,중상사고,0,1,0,0,차대차 - 측면직각충돌,안전운전불이행,건조,맑음,교차로 - 교차로안,승용,남,21세,상해없음,이륜,남,35세,중상
2013021200100449,2013년 2월 12일 22시,화요일,경상북도 구미시 원평동,중상사고,0,1,0,0,차대차 - 측면직각충돌,교차로운행방법위반,건조,맑음,교차로 - 교차로안,화물,남,57세,상해없음,이륜,남,18세,중상
2013021200100471,2013년 2월 12일 23시,화요일,경상북도 구미시 도량동,경상사고,0,0,1,0,차대차 - 기타,안전운전불이행,건조,맑음,교차로 - 교차로안,승용,남,41세,상해없음,승용,여,25세,경상
2013021300100037,2013년 2월 13일 02시,수요일,경상북도 포항시 남구 오천읍,경상사고,0,0,1,0,차대차 - 측면직각충돌,안전운전불이행,건조,맑음,단일로 - 기타,승용,남,33세,상해없음,승용,남,58세,경상
2013021300100052,2013년 2월 13일 04시,수요일,경상북도 구미시 옥계동,사망사고,1,3,4,0,차대차 - 측면직각충돌,신호위반,건조,맑음,교차로 - 교차로안,승합,남,22세,경상,승용,남,22세,중상
2013021300100058,2013년 2월 13일 05시,수요일,경상북도 김천시 봉산면,사망사고,1,0,0,0,차대차 - 추돌 - 주정차중,안전운전불이행,건조,맑음,단일로 - 기타,기타불명,기타불명,기타불명,기타불명,승용,여,37세,사망
2013021300100071,2013년 2월 13일 06시,수요일,경상북도 구미시 진평동,중상사고,0,1,2,0,차대차 - 측면직각충돌,교차로운행방법위반,건조,맑음,교차로 - 교차로안,승용,남,23세,상해없음,승용,남,36세,중상
2013021300100096,2013년 2월 13일 07시,수요일,경상북도 김천시 대광동,중상사고,0,1,1,0,차대차 - 측면직각충돌,신호위반,건조,맑음,교차로 - 교차로안,승용,남,32세,경상,승용,여,43세,중상
2013021300100122,2013년 2월 13일 08시,수요일,경상북도 포항시 북구 창포동,경상사고,0,0,1,0,차대사람 - 기타,안전운전불이행,건조,맑음,단일로 - 기타,승용,여,40세,상해없음,보행자,여,15세,경상
2013021300100123,2013년 2월 13일 08시,수요일,경상북도 김천시 신음동,경상사고,0,0,1,0,차대차 - 측면직각충돌,교차로운행방법위반,건조,맑음,교차로 - 교차로안,승용,남,37세,상해없음,승용,여,31세,경상
2013021300100124,2013년 2월 13일 08시,수요일,경상북도 경산시 진량읍,경상사고,0,0,1,0,차대차 - 기타,안전운전불이행,건조,맑음,단일로 - 기타,승용,여,18세,경상,화물,남,48세,상해없음
2013021300100149,2013년 2월 13일 09시,수요일,경상북도 안동시 삼산동,중상사고,0,1,0,0,차대사람 - 횡단중,보행자보호의무위반,건조,맑음,단일로 - 횡단보도상,승용,남,23세,상해없음,보행자,남,65세,중상
2013021300100150,2013년 2월 13일 09시,수요일,경상북도 문경시 호계면,중상사고,0,2,0,0,차대차 - 추돌 - 주정차중,안전운전불이행,건조,맑음,교차로 - 교차로부근,승용,여,32세,중상,승용,여,41세,중상
2013021300100151,2013년 2월 13일 09시,수요일,경상북도 성주군 선남면,경상사고,0,0,3,0,차대차 - 기타,안전운전불이행,건조,맑음,단일로 - 기타,승용,여,50세,상해없음,승용,여,32세,경상
2013021300100207,2013년 2월 13일 12시,수요일,경상북도 안동시 안기동,경상사고,0,0,1,0,차대차 - 추돌 - 주정차중,교차로운행방법위반,건조,맑음,교차로 - 교차로부근,화물,남,50세,상해없음,승용,남,42세,경상
2013021300100230,2013년 2월 13일 13시,수요일,경상북도 영주시 가흥동,경상사고,0,0,1,0,차대차 - 측면직각충돌,안전운전불이행,건조,맑음,단일로 - 기타,승용,남,63세,상해없음,이륜,남,34세,경상
2013021300100231,2013년 2월 13일 13시,수요일,경상북도 영천시 화남면,중상사고,0,2,2,0,차대차 - 추돌 - 진행중,안전운전불이행,건조,맑음,단일로 - 기타,승용,남,18세,상해없음,승용,남,47세,경상
2013021300100256,2013년 2월 13일 14시,수요일,경상북도 고령군 쌍림면,사망사고,1,0,0,0,차대사람 - 길가장자리구역통행중,과속,건조,맑음,단일로 - 기타,화물,남,42세,상해없음,보행자,여,65세,사망
2013021300100285,2013년 2월 13일 15시,수요일,경상북도 경주시 황오동,경상사고,0,0,3,0,차대차 - 측면직각충돌,안전운전불이행,건조,맑음,교차로 - 교차로안,승용,남,29세,상해없음,승용,남,75세,경상
2013021300100286,2013년 2월 13일 15시,수요일,경상북도 문경시 농암면,경상사고,0,0,1,0,차대차 - 정면충돌,중앙선침범,결빙,흐림,단일로 - 기타,화물,여,45세,상해없음,화물,남,43세,경상
2013021300100287,2013년 2월 13일 15시,수요일,경상북도 경산시 평산동,중상사고,0,2,0,0,차대차 - 정면충돌,중앙선침범,건조,맑음,단일로 - 기타,승용,남,52세,중상,화물,남,50세,중상
2013021300100288,2013년 2월 13일 15시,수요일,경상북도 청도군 풍각면,경상사고,0,0,1,0,차대사람 - 기타,안전운전불이행,건조,맑음,단일로 - 기타,승용,여,40세,상해없음,보행자,여,47세,경상
2013021300100289,2013년 2월 13일 15시,수요일,경상북도 구미시 광평동,중상사고,0,1,0,0,차대차 - 추돌 - 진행중,안전운전불이행,건조,맑음,단일로 - 기타,승용,남,42세,상해없음,농기계,남,53세,중상
2013021300100315,2013년 2월 13일 16시,수요일,경상북도 경주시 황성동,부상신고사고,0,0,0,1,차대사람 - 기타,안전운전불이행,건조,맑음,단일로 - 기타,승용,남,43세,상해없음,보행자,여,12세,부상신고
2013021300100316,2013년 2월 13일 16시,수요일,경상북도 영천시 문외동,중상사고,0,1,0,0,차대차 - 기타,교차로운행방법위반,건조,맑음,교차로 - 교차로안,승용,여,54세,상해없음,승용,남,37세,중상
2013021300100337,2013년 2월 13일 17시,수요일,경상북도 경산시 갑제동,경상사고,0,0,2,0,차대차 - 기타,안전운전불이행,건조,맑음,단일로 - 기타,화물,남,53세,상해없음,승합,남,46세,경상
2013021300100371,2013년 2월 13일 18시,수요일,경상북도 상주시 함창읍,중상사고,0,1,0,0,차대차 - 기타,중앙선침범,건조,맑음,단일로 - 기타,승용,여,54세,상해없음,화물,여,49세,중상
2013021300100372,2013년 2월 13일 18시,수요일,경상북도 상주시 서성동,중상사고,0,1,0,0,차대차 - 추돌 - 진행중,안전거리미확보,건조,맑음,단일로 - 기타,승용,남,39세,상해없음,이륜,남,29세,중상
2013021300100373,2013년 2월 13일 18시,수요일,경상북도 청도군 운문면,중상사고,0,1,1,0,차대차 - 추돌 - 주정차중,안전운전불이행,결빙,맑음,단일로 - 기타,승용,여,50세,상해없음,화물,남,57세,경상
2013021300100374,2013년 2월 13일 18시,수요일,경상북도 구미시 광평동,중상사고,0,1,1,0,차대사람 - 횡단중,보행자보호의무위반,건조,맑음,교차로 - 교차로안,승용,여,27세,상해없음,보행자,여,18세,중상
2013021300100375,2013년 2월 13일 18시,수요일,경상북도 포항시 남구 대도동,경상사고,0,0,1,1,차대차 - 추돌 - 주정차중,안전운전불이행,건조,맑음,단일로 - 기타,승용,남,34세,상해없음,승용,여,29세,경상
2013021300100412,2013년 2월 13일 19시,수요일,경상북도 경주시 산내면,중상사고,0,1,1,0,차대차 - 기타,중앙선침범,건조,맑음,단일로 - 기타,화물,남,55세,경상,승용,여,66세,중상
2013021300100413,2013년 2월 13일 19시,수요일,경상북도 포항시 북구 용흥동,경상사고,0,0,2,0,차대차 - 기타,신호위반,건조,맑음,교차로 - 교차로안,화물,남,58세,상해없음,승용,남,31세,경상
2013021300100414,2013년 2월 13일 19시,수요일,경상북도 성주군 대가면,중상사고,0,1,0,0,차대차 - 측면직각충돌,안전운전불이행,건조,맑음,단일로 - 기타,원동기,남,45세,중상,승합,남,50세,상해없음
2013021300100415,2013년 2월 13일 19시,수요일,경상북도 구미시 공단동,경상사고,0,0,2,0,차대차 - 기타,불법유턴,건조,맑음,교차로 - 교차로안,승용,남,31세,경상,승용,남,31세,경상
2013021300100436,2013년 2월 13일 20시,수요일,경상북도 경주시 성건동,경상사고,0,0,1,0,차대차 - 측면직각충돌,안전운전불이행,건조,맑음,교차로 - 교차로안,원동기,남,17세,경상,승합,남,47세,상해없음
2013021300100437,2013년 2월 13일 20시,수요일,경상북도 영주시 가흥동,중상사고,0,1,0,0,차대사람 - 횡단중,보행자보호의무위반,건조,맑음,단일로 - 기타,승용,여,40세,상해없음,보행자,여,73세,중상
2013021300100438,2013년 2월 13일 20시,수요일,경상북도 문경시 점촌동,경상사고,0,0,2,0,차대차 - 측면직각충돌,신호위반,건조,맑음,교차로 - 교차로안,화물,남,59세,경상,화물,남,40세,경상
2013021300100467,2013년 2월 13일 21시,수요일,경상북도 성주군 성주읍,경상사고,0,0,2,0,차대차 - 기타,안전운전불이행,건조,맑음,단일로 - 기타,승용,남,57세,상해없음,승용,남,20세,경상
2013021300100468,2013년 2월 13일 21시,수요일,경상북도 포항시 남구 오천읍,중상사고,0,1,0,0,차대차 - 측면직각충돌,교차로운행방법위반,건조,맑음,교차로 - 교차로안,승용,남,59세,상해없음,승용,남,29세,중상
2013021300100500,2013년 2월 13일 22시,수요일,경상북도 포항시 남구 상도동,중상사고,0,1,0,0,차대사람 - 기타,안전운전불이행,건조,맑음,단일로 - 횡단보도상,승용,남,54세,상해없음,보행자,남,37세,중상
2013021300100516,2013년 2월 13일 23시,수요일,경상북도 경주시 사정동,경상사고,0,0,1,0,차대차 - 기타,안전운전불이행,건조,맑음,단일로 - 기타,승용,남,49세,상해없음,원동기,남,16세,경상
2013021400100009,2013년 2월 14일 00시,목요일,경상북도 포항시 북구 항구동,경상사고,0,0,2,0,차대차 - 기타,안전운전불이행,건조,맑음,단일로 - 기타,승용,남,57세,상해없음,승용,남,34세,경상
2013021400100010,2013년 2월 14일 00시,목요일,경상북도 구미시 지산동,사망사고,1,0,0,0,차대사람 - 기타,안전운전불이행,건조,맑음,교차로 - 교차로부근,승용,남,43세,상해없음,보행자,남,27세,사망
2013021400100026,2013년 2월 14일 01시,목요일,경상북도 포항시 북구 죽도동,중상사고,0,4,0,0,차대차 - 측면직각충돌,중앙선침범,건조,맑음,교차로 - 교차로부근,승용,남,31세,상해없음,승용,남,59세,중상
2013021400100027,2013년 2월 14일 01시,목요일,경상북도 포항시 북구 죽도동,경상사고,0,0,1,0,차대사람 - 길가장자리구역통행중,안전운전불이행,건조,맑음,단일로 - 기타,승용,남,20세,상해없음,보행자,남,30세,경상
2013021400100058,2013년 2월 14일 05시,목요일,경상북도 구미시 고아읍,경상사고,0,0,1,0,차대차 - 정면충돌,교차로운행방법위반,건조,맑음,교차로 - 교차로안,승용,남,67세,상해없음,승용,남,49세,상해없음
2013021400100103,2013년 2월 14일 08시,목요일,경상북도 구미시 고아읍,중상사고,0,1,1,0,차대차 - 측면직각충돌,안전운전불이행,건조,맑음,단일로 - 기타,승용,여,22세,상해없음,승용,여,44세,중상
2013021400100122,2013년 2월 14일 09시,목요일,경상북도 칠곡군 왜관읍,경상사고,0,0,1,0,차대차 - 측면직각충돌,교차로운행방법위반,건조,흐림,교차로 - 교차로안,화물,남,50세,상해없음,승용,여,38세,경상
2013021400100147,2013년 2월 14일 10시,목요일,경상북도 영주시 휴천동,중상사고,0,2,0,0,차대사람 - 차도통행중,안전운전불이행,건조,맑음,단일로 - 기타,승용,여,44세,상해없음,보행자,남,68세,중상
2013021400100183,2013년 2월 14일 12시,목요일,경상북도 안동시 수상동,경상사고,0,0,1,0,차대사람 - 보도통행중,안전운전불이행,건조,맑음,단일로 - 기타,승용,여,44세,상해없음,보행자,여,72세,경상
2013021400100215,2013년 2월 14일 13시,목요일,경상북도 경주시 노동동,경상사고,0,0,1,0,차대사람 - 기타,안전운전불이행,건조,맑음,단일로 - 기타,승용,여,43세,상해없음,보행자,여,16세,경상
2013021400100216,2013년 2월 14일 13시,목요일,경상북도 영주시 하망동,경상사고,0,0,1,0,차대사람 - 기타,안전운전불이행,건조,맑음,단일로 - 기타,화물,남,42세,상해없음,보행자,남,13세,경상
2013021400100235,2013년 2월 14일 14시,목요일,경상북도 경주시 노서동,경상사고,0,0,1,0,차대사람 - 기타,안전운전불이행,건조,맑음,단일로 - 기타,승용,여,52세,상해없음,보행자,여,18세,경상
2013021400100236,2013년 2월 14일 14시,목요일,경상북도 경주시 보문동,경상사고,0,0,1,0,차대차 - 기타,안전운전불이행,건조,맑음,교차로 - 교차로안,화물,남,66세,상해없음,승합,남,50세,경상
2013021400100237,2013년 2월 14일 14시,목요일,경상북도 포항시 북구 장성동,경상사고,0,0,1,0,차대차 - 기타,안전운전불이행,건조,맑음,단일로 - 기타,화물,남,52세,상해없음,원동기,남,33세,경상
2013021400100238,2013년 2월 14일 14시,목요일,경상북도 영덕군 영덕읍,중상사고,0,1,0,0,차량단독 - 도로외이탈 - 추락,기타,건조,맑음,단일로 - 기타,화물,남,47세,상해없음,,,,
2013021400100265,2013년 2월 14일 15시,목요일,경상북도 포항시 북구 죽도동,경상사고,0,0,1,0,차대사람 - 기타,안전운전불이행,건조,맑음,단일로 - 기타,승용,남,61세,상해없음,보행자,여,54세,경상
2013021400100287,2013년 2월 14일 16시,목요일,경상북도 성주군 용암면,경상사고,0,0,1,0,차량단독 - 전도전복,안전운전불이행,건조,맑음,단일로 - 기타,이륜,남,75세,경상,,,,
2013021400100337,2013년 2월 14일 18시,목요일,경상북도 경산시 옥곡동,중상사고,0,1,0,0,차대사람 - 기타,안전운전불이행,건조,맑음,단일로 - 기타,승용,여,43세,상해없음,보행자,여,45세,중상
2013021400100338,2013년 2월 14일 18시,목요일,경상북도 성주군 선남면,경상사고,0,0,4,0,차대차 - 추돌 - 진행중,안전거리미확보,건조,흐림,단일로 - 기타,승용,남,55세,상해없음,승용,남,52세,경상
2013021400100339,2013년 2월 14일 18시,목요일,경상북도 포항시 남구 장기면,경상사고,0,0,1,0,차대차 - 정면충돌,중앙선침범,건조,맑음,단일로 - 기타,승용,남,61세,상해없음,승용,남,65세,경상
2013021400100340,2013년 2월 14일 18시,목요일,경상북도 영천시 임고면,중상사고,0,1,1,0,차대차 - 추돌 - 진행중,안전운전불이행,건조,맑음,단일로 - 기타,특수,남,42세,상해없음,승용,여,32세,경상
2013021400100375,2013년 2월 14일 19시,목요일,경상북도 영주시 영주동,중상사고,0,1,1,0,차대사람 - 횡단중,안전운전불이행,건조,맑음,단일로 - 기타,이륜,남,16세,경상,보행자,남,79세,중상
2013021400100376,2013년 2월 14일 19시,목요일,경상북도 문경시 산양면,중상사고,0,2,0,0,차대차 - 측면직각충돌,신호위반,건조,맑음,교차로 - 교차로안,화물,남,47세,상해없음,승용,남,57세,중상
2013021400100406,2013년 2월 14일 20시,목요일,경상북도 경산시 진량읍,경상사고,0,0,1,0,차대차 - 기타,교차로운행방법위반,건조,맑음,교차로 - 교차로안,승용,남,23세,경상,승용,남,42세,상해없음
2013021400100427,2013년 2월 14일 21시,목요일,경상북도 경주시 황성동,부상신고사고,0,0,0,1,차대사람 - 기타,안전운전불이행,건조,맑음,단일로 - 기타,승용,남,38세,상해없음,보행자,남,25세,부상신고
2013021400100463,2013년 2월 14일 22시,목요일,경상북도 포항시 북구 두호동,경상사고,0,0,1,0,차대차 - 기타,안전거리미확보,건조,맑음,단일로 - 기타,승용,남,51세,상해없음,이륜,남,19세,경상
2013021400100464,2013년 2월 14일 22시,목요일,경상북도 구미시 임수동,중상사고,0,1,1,0,차대차 - 측면직각충돌,안전운전불이행,건조,맑음,교차로 - 교차로안,승용,남,43세,상해없음,승용,남,27세,상해없음
2013021400100491,2013년 2월 14일 23시,목요일,경상북도 포항시 북구 죽도동,경상사고,0,0,1,0,차대차 - 추돌 - 주정차중,안전운전불이행,건조,맑음,교차로 - 교차로부근,승용,남,49세,상해없음,승용,남,33세,경상
2013021400100492,2013년 2월 14일 23시,목요일,경상북도 안동시 송현동,경상사고,0,0,2,0,차대차 - 추돌 - 진행중,안전운전불이행,건조,맑음,단일로 - 기타,승용,남,56세,상해없음,승용,남,29세,경상
2013021500100038,2013년 2월 15일 01시,금요일,경상북도 구미시 공단동,중상사고,0,1,0,0,차대차 - 측면직각충돌,교차로운행방법위반,건조,맑음,교차로 - 교차로안,승용,남,33세,상해없음,승용,남,26세,중상
2013021500100039,2013년 2월 15일 01시,금요일,경상북도 구미시 인의동,부상신고사고,0,0,0,1,차대차 - 측면직각충돌,안전운전불이행,건조,맑음,단일로 - 기타,승용,남,24세,부상신고,승용,남,40세,기타불명
2013021500100040,2013년 2월 15일 01시,금요일,경상북도 포항시 남구 오천읍,경상사고,0,0,1,0,차대차 - 측면직각충돌,직진우회전진행방해,건조,맑음,교차로 - 교차로안,승용,남,58세,상해없음,승용,남,42세,경상
2013021500100085,2013년 2월 15일 06시,금요일,경상북도 포항시 북구 대신동,중상사고,0,1,1,0,차대차 - 기타,신호위반,건조,맑음,교차로 - 교차로안,승용,남,20세,상해없음,승용,여,54세,중상
2013021500100086,2013년 2월 15일 06시,금요일,경상북도 영주시 휴천동,중상사고,0,1,0,0,차량단독 - 공작물충돌,안전운전불이행,건조,맑음,교차로 - 교차로안,승용,남,21세,중상,,,,
2013021500100102,2013년 2월 15일 07시,금요일,경상북도 안동시 금곡동,경상사고,0,0,1,0,차대차 - 추돌 - 주정차중,안전운전불이행,건조,맑음,교차로 - 교차로부근,승용,남,45세,상해없음,승용,남,31세,경상
2013021500100103,2013년 2월 15일 07시,금요일,경상북도 구미시 공단동,경상사고,0,0,1,0,차대차 - 측면직각충돌,안전운전불이행,건조,맑음,교차로 - 교차로부근,승용,남,53세,상해없음,자전거,남,41세,경상
2013021500100127,2013년 2월 15일 08시,금요일,경상북도 안동시 남후면,경상사고,0,0,1,0,차대차 - 추돌 - 진행중,안전운전불이행,건조,맑음,단일로 - 기타,화물,남,33세,상해없음,승용,남,59세,경상
2013021500100128,2013년 2월 15일 08시,금요일,경상북도 성주군 성주읍,중상사고,0,1,0,0,차대사람 - 기타,안전운전불이행,건조,맑음,단일로 - 기타,승합,남,53세,상해없음,보행자,여,74세,중상
2013021500100129,2013년 2월 15일 08시,금요일,경상북도 구미시 신평동,경상사고,0,0,2,0,차대차 - 측면직각충돌,직진우회전진행방해,건조,맑음,교차로 - 교차로안,승용,남,53세,경상,승용,남,46세,경상
2013021500100188,2013년 2월 15일 10시,금요일,경상북도 경산시 압량면,경상사고,0,0,1,0,차대차 - 기타,안전거리미확보,건조,맑음,단일로 - 기타,화물,남,56세,상해없음,화물,남,57세,경상
2013021500100206,2013년 2월 15일 11시,금요일,경상북도 문경시 점촌동,중상사고,0,1,0,0,차대차 - 측면직각충돌,직진우회전진행방해,건조,맑음,교차로 - 교차로안,원동기,남,81세,중상,화물,남,47세,상해없음
2013021500100207,2013년 2월 15일 11시,금요일,경상북도 청도군 금천면,사망사고,1,0,0,0,차량단독 - 전도전복,안전운전불이행,건조,맑음,단일로 - 기타,이륜,여,77세,사망,,,,
2013021500100250,2013년 2월 15일 13시,금요일,경상북도 경산시 대평동,중상사고,0,1,0,0,차대차 - 기타,안전운전불이행,건조,맑음,단일로 - 기타,승용,여,39세,상해없음,이륜,남,74세,중상
2013021500100251,2013년 2월 15일 13시,금요일,경상북도 경산시 중산동,중상사고,0,1,0,0,차대차 - 측면직각충돌,교차로운행방법위반,건조,맑음,교차로 - 교차로안,승용,여,44세,상해없음,자전거,남,69세,중상
2013021500100277,2013년 2월 15일 14시,금요일,경상북도 경주시 외동읍,중상사고,0,2,0,0,차대차 - 기타,안전운전불이행,건조,맑음,단일로 - 기타,승용,남,43세,상해없음,승합,남,59세,중상
2013021500100278,2013년 2월 15일 14시,금요일,경상북도 경주시 시래동,경상사고,0,0,1,0,차대차 - 기타,중앙선침범,건조,맑음,단일로 - 기타,원동기,남,46세,경상,승용,남,55세,상해없음
2013021500100279,2013년 2월 15일 14시,금요일,경상북도 포항시 북구 죽도동,중상사고,0,1,0,0,차대차 - 기타,안전운전불이행,건조,맑음,단일로 - 기타,승용,남,54세,상해없음,원동기,남,52세,중상
2013021500100280,2013년 2월 15일 14시,금요일,경상북도 포항시 북구 죽도동,경상사고,0,0,1,0,차대사람 - 기타,안전운전불이행,건조,맑음,단일로 - 기타,승용,여,63세,상해없음,보행자,남,51세,경상
2013021500100281,2013년 2월 15일 14시,금요일,경상북도 경산시 중방동,중상사고,0,1,0,0,차대차 - 기타,안전운전불이행,건조,맑음,교차로 - 교차로부근,승용,남,33세,상해없음,자전거,남,67세,중상
2013021500100305,2013년 2월 15일 15시,금요일,경상북도 경주시 동천동,중상사고,0,1,0,0,차대차 - 측면직각충돌,신호위반,건조,맑음,교차로 - 교차로안,승합,남,65세,상해없음,승용,여,52세,중상
2013021500100306,2013년 2월 15일 15시,금요일,경상북도 김천시 성내동,중상사고,0,1,0,0,차대사람 - 기타,안전운전불이행,건조,맑음,단일로 - 기타,승용,여,31세,상해없음,보행자,남,71세,중상
2013021500100331,2013년 2월 15일 16시,금요일,경상북도 상주시 은척면,경상사고,0,0,1,0,차대차 - 측면직각충돌,안전운전불이행,건조,맑음,단일로 - 기타,승용,남,70세,상해없음,이륜,남,69세,경상
2013021500100359,2013년 2월 15일 17시,금요일,경상북도 김천시 조마면,중상사고,0,1,0,0,차대차 - 측면직각충돌,안전운전불이행,건조,맑음,단일로 - 기타,이륜,남,86세,중상,화물,남,68세,상해없음
2013021500100360,2013년 2월 15일 17시,금요일,경상북도 영천시 북안면,중상사고,0,1,2,0,차대차 - 기타,안전운전불이행,건조,맑음,기타 - 기타,화물,남,53세,중상,화물,남,38세,경상
2013021500100392,2013년 2월 15일 18시,금요일,경상북도 칠곡군 기산면,중상사고,0,1,0,0,차대차 - 기타,안전운전불이행,건조,맑음,교차로 - 교차로안,화물,남,49세,상해없음,원동기,남,78세,중상
2013021500100411,2013년 2월 15일 19시,금요일,경상북도 구미시 신평동,경상사고,0,0,1,1,차대차 - 측면직각충돌,교차로운행방법위반,건조,맑음,교차로 - 교차로안,승합,남,43세,상해없음,승용,남,55세,경상
2013021500100412,2013년 2월 15일 19시,금요일,경상북도 포항시 남구 해도동,중상사고,0,1,0,0,차대차 - 측면직각충돌,안전운전불이행,건조,맑음,교차로 - 교차로안,승용,여,55세,상해없음,승용,여,20세,중상
2013021500100436,2013년 2월 15일 20시,금요일,경상북도 경주시 성건동,부상신고사고,0,0,0,1,차대차 - 측면직각충돌,안전운전불이행,건조,맑음,교차로 - 교차로안,승합,남,27세,상해없음,원동기,남,16세,부상신고
2013021500100437,2013년 2월 15일 20시,금요일,경상북도 경주시 용강동,부상신고사고,0,0,0,1,차대차 - 측면직각충돌,안전운전불이행,건조,맑음,단일로 - 기타,원동기,남,16세,부상신고,승용,남,30세,상해없음
2013021500100467,2013년 2월 15일 21시,금요일,경상북도 포항시 북구 죽도동,경상사고,0,0,1,0,차대사람 - 기타,안전운전불이행,건조,맑음,단일로 - 기타,승용,남,42세,상해없음,보행자,남,27세,경상