사고번호,사고일시,요일,시군구,사고내용,사망자수,중상자수,경상자수,부상신고자수,사고유형,법규위반,노면상태,기상상태,도로형태,가해운전자 차종,가해운전자 성별,가해운전자 연령,가해운전자 상해정도,피해운전자 차종,피해운전자 성별,피해운전자 연령,피해운전자 상해정도
2013022300100225,2013년 2월 23일 10시,토요일,경상북도 포항시 남구 대잠동,중상사고,0,1,0,0,차량단독 - 전도전복,안전운전불이행,건조,맑음,단일로 - 기타,화물,여,47세,중상,,,,
2013022300100250,2013년 2월 23일 11시,토요일,경상북도 포항시 북구 흥해읍,경상사고,0,0,1,0,차대사람 - 횡단중,안전운전불이행,건조,맑음,단일로 - 기타,화물,여,53세,상해없음,보행자,남,51세,경상
2013022300100251,2013년 2월 23일 11시,토요일,경상북도 영주시 휴천동,경상사고,0,0,1,0,차대차 - 측면직각충돌,안전운전불이행,건조,맑음,교차로 - 교차로부근,화물,남,54세,상해없음,이륜,남,65세,경상
2013022300100252,2013년 2월 23일 11시,토요일,경상북도 구미시 광평동,중상사고,0,1,1,0,차대차 - 측면직각충돌,안전운전불이행,건조,맑음,단일로 - 기타,승용,여,52세,상해없음,승용,남,26세,경상
2013022300100290,2013년 2월 23일 12시,토요일,경상북도 포항시 북구 죽도동,경상사고,0,0,2,0,차대차 - 측면직각충돌,안전거리미확보,건조,맑음,단일로 - 기타,화물,남,35세,상해없음,승용,남,54세,경상
2013022300100314,2013년 2월 23일 13시,토요일,경상북도 영양군 영양읍,중상사고,0,1,0,0,차대차 - 기타,안전운전불이행,건조,맑음,교차로 - 교차로안,승용,남,68세,상해없음,자전거,남,39세,중상
2013022300100370,2013년 2월 23일 15시,토요일,경상북도 칠곡군 북삼읍,경상사고,0,0,1,0,차대사람 - 차도통행중,안전운전불이행,건조,맑음,단일로 - 기타,승용,여,59세,상해없음,보행자,여,70세,경상
2013022300100371,2013년 2월 23일 15시,토요일,경상북도 울진군 북면,중상사고,0,1,0,0,차대차 - 측면직각충돌,안전운전불이행,건조,맑음,교차로 - 교차로안,승용,남,29세,상해없음,승합,남,46세,상해없음
2013022300100372,2013년 2월 23일 15시,토요일,경상북도 영양군 영양읍,경상사고,0,0,2,0,차대차 - 기타,안전운전불이행,건조,맑음,교차로 - 교차로안,화물,남,30세,경상,승합,남,53세,상해없음
2013022300100373,2013년 2월 23일 15시,토요일,경상북도 구미시 선산읍,중상사고,0,1,2,0,차대차 - 측면직각충돌,직진우회전진행방해,건조,맑음,교차로 - 교차로안,화물,남,36세,중상,승용,남,35세,경상
2013022300100374,2013년 2월 23일 15시,토요일,경상북도 성주군 초전면,중상사고,0,1,0,0,차대차 - 추돌 - 진행중,안전운전불이행,건조,맑음,단일로 - 기타,승용,남,18세,상해없음,승용,남,54세,상해없음
2013022300100402,2013년 2월 23일 16시,토요일,경상북도 경주시 양남면,경상사고,0,0,3,0,차대차 - 측면직각충돌,중앙선침범,건조,맑음,단일로 - 기타,승용,여,41세,상해없음,승용,여,41세,경상
2013022300100403,2013년 2월 23일 16시,토요일,경상북도 문경시 흥덕동,중상사고,0,1,0,0,차대차 - 기타,차로위반,건조,맑음,단일로 - 기타,자전거,남,76세,중상,화물,남,41세,상해없음
2013022300100420,2013년 2월 23일 17시,토요일,경상북도 안동시 송현동,경상사고,0,0,2,0,차대차 - 추돌 - 진행중,안전운전불이행,건조,맑음,단일로 - 기타,승용,남,38세,상해없음,승용,여,47세,경상
2013022300100457,2013년 2월 23일 18시,토요일,경상북도 경주시 내남면,중상사고,0,1,1,0,차대차 - 측면직각충돌,안전운전불이행,건조,맑음,교차로 - 교차로안,승용,남,70세,상해없음,승용,여,47세,경상
2013022300100458,2013년 2월 23일 18시,토요일,경상북도 칠곡군 북삼읍,경상사고,0,0,1,0,차대차 - 추돌 - 진행중,교차로운행방법위반,건조,맑음,교차로 - 교차로안,승용,남,34세,상해없음,승합,남,60세,경상
2013022300100490,2013년 2월 23일 19시,토요일,경상북도 영천시 야사동,중상사고,0,1,0,0,차대사람 - 횡단중,안전운전불이행,건조,맑음,기타 - 기타,승용,남,70세,상해없음,보행자,남,55세,중상
2013022300100491,2013년 2월 23일 19시,토요일,경상북도 봉화군 소천면,사망사고,1,0,0,0,차대사람 - 길가장자리구역통행중,안전운전불이행,건조,맑음,단일로 - 기타,승용,남,61세,상해없음,보행자,여,75세,사망
2013022300100523,2013년 2월 23일 20시,토요일,경상북도 경산시 중산동,경상사고,0,0,2,0,차대차 - 측면직각충돌,안전운전불이행,건조,맑음,교차로 - 교차로안,승용,여,41세,상해없음,이륜,남,76세,경상
2013022300100524,2013년 2월 23일 20시,토요일,경상북도 영덕군 병곡면,중상사고,0,3,1,0,차대차 - 측면직각충돌,직진우회전진행방해,건조,맑음,교차로 - 교차로안,승용,남,30세,경상,승용,남,48세,중상
2013022300100525,2013년 2월 23일 20시,토요일,경상북도 예천군 예천읍,중상사고,0,1,0,0,차대차 - 기타,기타,건조,맑음,교차로 - 교차로안,원동기,여,48세,중상,승용,남,50세,상해없음
2013022300100526,2013년 2월 23일 20시,토요일,경상북도 포항시 남구 대도동,경상사고,0,0,1,0,차대사람 - 기타,안전운전불이행,건조,맑음,단일로 - 기타,승용,남,67세,상해없음,보행자,여,14세,경상
2013022300100559,2013년 2월 23일 21시,토요일,경상북도 영천시 금호읍,경상사고,0,0,2,0,차대차 - 추돌 - 주정차중,안전운전불이행,건조,맑음,단일로 - 기타,화물,남,51세,상해없음,승용,여,55세,경상
2013022300100560,2013년 2월 23일 21시,토요일,경상북도 예천군 용궁면,경상사고,0,0,2,0,차대차 - 기타,안전운전불이행,건조,맑음,교차로 - 교차로부근,승용,남,46세,상해없음,승용,남,24세,경상
2013022300100561,2013년 2월 23일 21시,토요일,경상북도 구미시 해평면,중상사고,0,1,0,0,차대차 - 측면직각충돌,중앙선침범,건조,맑음,교차로 - 교차로부근,승용,남,54세,상해없음,이륜,남,30세,중상
2013022400100029,2013년 2월 24일 00시,일요일,경상북도 김천시 부곡동,경상사고,0,0,1,0,차량단독 - 공작물충돌,안전운전불이행,건조,맑음,교차로 - 교차로부근,승합,남,48세,상해없음,,,,
2013022400100030,2013년 2월 24일 00시,일요일,경상북도 칠곡군 왜관읍,부상신고사고,0,0,0,2,차량단독 - 공작물충돌,안전운전불이행,건조,맑음,단일로 - 기타,이륜,남,16세,부상신고,,,,
2013022400100031,2013년 2월 24일 00시,일요일,경상북도 경산시 신천동,중상사고,0,1,0,0,차대차 - 기타,안전운전불이행,건조,맑음,단일로 - 기타,승용,남,51세,상해없음,자전거,남,21세,중상
2013022400100123,2013년 2월 24일 06시,일요일,경상북도 포항시 남구 해도동,중상사고,0,1,0,0,차대차 - 측면직각충돌,신호위반,건조,맑음,교차로 - 교차로안,승용,남,58세,상해없음,승용,남,52세,중상
2013022400100134,2013년 2월 24일 07시,일요일,경상북도 안동시 태화동,경상사고,0,0,2,0,차대차 - 추돌 - 주정차중,안전운전불이행,건조,맑음,교차로 - 교차로부근,승용,남,17세,상해없음,승용,남,43세,경상
2013022400100135,2013년 2월 24일 07시,일요일,경상북도 영천시 북안면,경상사고,0,0,3,0,차대차 - 추돌 - 주정차중,안전운전불이행,건조,맑음,단일로 - 기타,승용,남,27세,상해없음,승용,남,52세,경상
2013022400100149,2013년 2월 24일 08시,일요일,경상북도 포항시 남구 오천읍,중상사고,0,1,0,0,차대차 - 추돌 - 진행중,안전운전불이행,건조,맑음,단일로 - 기타,승용,남,58세,상해없음,승용,남,26세,중상
2013022400100163,2013년 2월 24일 09시,일요일,경상북도 문경시 산북면,경상사고,0,0,1,0,차대차 - 측면직각충돌,중앙선침범,건조,맑음,단일로 - 기타,화물,남,31세,상해없음,승용,여,52세,경상
2013022400100187,2013년 2월 24일 10시,일요일,경상북도 영덕군 강구면,중상사고,0,1,0,0,차대사람 - 기타,안전운전불이행,건조,맑음,교차로 - 교차로안,승용,남,42세,상해없음,보행자,남,10세,중상
2013022400100211,2013년 2월 24일 11시,일요일,경상북도 고령군 우곡면,중상사고,0,1,0,0,차량단독 - 기타,안전운전불이행,건조,맑음,단일로 - 기타,화물,남,52세,상해없음,,,,
2013022400100228,2013년 2월 24일 12시,일요일,경상북도 구미시 봉곡동,경상사고,0,0,1,0,차대차 - 측면직각충돌,안전운전불이행,건조,맑음,단일로 - 기타,승용,남,55세,상해없음,이륜,남,18세,경상
2013022400100241,2013년 2월 24일 13시,일요일,경상북도 경주시 강동면,경상사고,0,0,1,0,차대차 - 기타,불법유턴,건조,맑음,단일로 - 기타,화물,남,54세,상해없음,승용,남,38세,경상
2013022400100242,2013년 2월 24일 13시,일요일,경상북도 경주시 교동,경상사고,0,0,2,0,차대차 - 기타,안전운전불이행,건조,맑음,교차로 - 교차로부근,승용,남,56세,상해없음,승합,남,32세,경상
2013022400100243,2013년 2월 24일 13시,일요일,경상북도 포항시 남구 오천읍,경상사고,0,0,1,0,차대차 - 기타,직진우회전진행방해,건조,맑음,교차로 - 교차로안,승용,여,52세,상해없음,원동기,남,39세,경상
2013022400100244,2013년 2월 24일 13시,일요일,경상북도 포항시 남구 송도동,경상사고,0,0,2,0,차대차 - 측면직각충돌,안전운전불이행,건조,맑음,교차로 - 교차로안,승합,남,59세,경상,승용,남,48세,경상
2013022400100270,2013년 2월 24일 14시,일요일,경상북도 경주시 천군동,경상사고,0,0,5,0,차대차 - 기타,안전운전불이행,건조,맑음,기타 - 기타,승용,남,18세,경상,승용,남,30세,경상
2013022400100286,2013년 2월 24일 15시,일요일,경상북도 경주시 황성동,경상사고,0,0,1,0,차대차 - 기타,안전운전불이행,건조,맑음,기타 - 기타,승용,남,43세,상해없음,승용,남,45세,상해없음
2013022400100287,2013년 2월 24일 15시,일요일,경상북도 김천시 부곡동,경상사고,0,0,2,1,차대차 - 측면직각충돌,안전거리미확보,건조,맑음,단일로 - 기타,승용,남,33세,상해없음,승용,남,50세,경상
2013022400100288,2013년 2월 24일 15시,일요일,경상북도 칠곡군 약목면,부상신고사고,0,0,0,1,차대차 - 정면충돌,중앙선침범,건조,맑음,단일로 - 기타,원동기,남,68세,부상신고,승용,여,46세,상해없음
2013022400100310,2013년 2월 24일 16시,일요일,경상북도 안동시 옥동,중상사고,0,1,0,0,차대차 - 정면충돌,안전운전불이행,건조,맑음,교차로 - 교차로부근,승용,여,51세,상해없음,이륜,남,20세,중상
2013022400100311,2013년 2월 24일 16시,일요일,경상북도 영주시 평은면,중상사고,0,5,0,0,차대차 - 측면직각충돌,신호위반,건조,맑음,교차로 - 교차로안,승합,남,66세,상해없음,승용,남,45세,중상
2013022400100312,2013년 2월 24일 16시,일요일,경상북도 경산시 계양동,중상사고,0,1,1,0,차대차 - 기타,차로위반,건조,맑음,교차로 - 교차로안,승용,남,45세,상해없음,승용,여,23세,경상
2013022400100313,2013년 2월 24일 16시,일요일,경상북도 군위군 우보면,중상사고,0,1,0,1,차량단독 - 공작물충돌,안전운전불이행,건조,흐림,교차로 - 교차로부근,승용,남,52세,부상신고,,,,
2013022400100314,2013년 2월 24일 16시,일요일,경상북도 영양군 영양읍,중상사고,0,2,3,0,차대차 - 기타,안전운전불이행,건조,맑음,단일로 - 기타,승용,남,52세,상해없음,승용,남,33세,중상
2013022400100315,2013년 2월 24일 16시,일요일,경상북도 구미시 원평동,중상사고,0,1,0,0,차대차 - 기타,신호위반,건조,맑음,교차로 - 교차로안,승용,남,30세,상해없음,원동기,여,48세,중상
2013022400100341,2013년 2월 24일 17시,일요일,경상북도 경주시 성건동,중상사고,0,1,0,0,차대차 - 측면직각충돌,안전운전불이행,건조,맑음,교차로 - 교차로안,이륜,남,16세,중상,승용,여,26세,상해없음
2013022400100342,2013년 2월 24일 17시,일요일,경상북도 문경시 가은읍,경상사고,0,0,4,0,차대차 - 측면직각충돌,안전운전불이행,건조,맑음,단일로 - 기타,승용,여,45세,상해없음,승용,남,42세,경상
2013022400100343,2013년 2월 24일 17시,일요일,경상북도 구미시 고아읍,사망사고,1,2,0,0,차대차 - 정면충돌,안전운전불이행,건조,맑음,교차로 - 교차로안,화물,남,52세,중상,승용,남,47세,사망
2013022400100344,2013년 2월 24일 17시,일요일,경상북도 포항시 남구 해도동,경상사고,0,0,1,0,차량단독 - 기타,안전운전불이행,건조,맑음,단일로 - 기타,승용,남,51세,경상,,,,
2013022400100345,2013년 2월 24일 17시,일요일,경상북도 칠곡군 지천면,중상사고,0,2,0,0,차대차 - 추돌 - 진행중,안전운전불이행,건조,맑음,단일로 - 기타,승용,남,47세,상해없음,화물,남,38세,중상
2013022400100368,2013년 2월 24일 18시,일요일,경상북도 경주시 서부동,중상사고,0,1,0,0,차대차 - 기타,안전운전불이행,건조,맑음,단일로 - 기타,승용,남,50세,상해없음,자전거,남,70세,중상
2013022400100369,2013년 2월 24일 18시,일요일,경상북도 청도군 화양읍,경상사고,0,0,1,0,차대차 - 측면직각충돌,안전운전불이행,건조,맑음,교차로 - 교차로안,승용,남,32세,상해없음,이륜,남,60세,상해없음
2013022400100410,2013년 2월 24일 19시,일요일,경상북도 경주시 성동동,중상사고,0,1,0,0,차대차 - 기타,안전운전불이행,건조,맑음,단일로 - 기타,승용,남,60세,상해없음,자전거,남,60세,중상
2013022400100411,2013년 2월 24일 19시,일요일,경상북도 경산시 중산동,중상사고,0,1,0,0,차대차 - 기타,안전거리미확보,건조,맑음,단일로 - 기타,이륜,남,16세,중상,화물,남,24세,상해없음
2013022400100412,2013년 2월 24일 19시,일요일,경상북도 영덕군 축산면,사망사고,1,0,0,0,차량단독 - 도로외이탈 - 기타,안전운전불이행,건조,맑음,단일로 - 기타,승용,남,34세,사망,,,,
2013022400100413,2013년 2월 24일 19시,일요일,경상북도 울진군 북면,경상사고,0,0,1,0,차대차 - 측면직각충돌,안전운전불이행,건조,맑음,단일로 - 기타,승용,남,52세,상해없음,승용,여,28세,상해없음
2013022400100440,2013년 2월 24일 20시,일요일,경상북도 구미시 원평동,사망사고,1,0,0,0,차대사람 - 횡단중,안전운전불이행,건조,맑음,단일로 - 기타,승합,남,36세,상해없음,보행자,남,69세,사망
2013022400100441,2013년 2월 24일 20시,일요일,경상북도 구미시 원평동,경상사고,0,0,1,0,차대사람 - 기타,안전운전불이행,건조,맑음,단일로 - 횡단보도부근,기타불명,기타불명,기타불명,기타불명,보행자,여,46세,경상
2013022400100442,2013년 2월 24일 20시,일요일,경상북도 경산시 와촌면,중상사고,0,2,0,0,차대차 - 측면직각충돌,안전운전불이행,건조,맑음,단일로 - 기타,승용,여,24세,상해없음,승용,남,47세,중상
2013022400100467,2013년 2월 24일 21시,일요일,경상북도 경산시 압량면,중상사고,0,1,0,0,차대차 - 기타,불법유턴,건조,맑음,단일로 - 기타,화물,남,49세,상해없음,승용,남,48세,중상
2013022400100507,2013년 2월 24일 23시,일요일,경상북도 고령군 성산면,중상사고,0,1,2,0,차량단독 - 공작물충돌,안전운전불이행,건조,맑음,단일로 - 기타,승용,남,26세,경상,,,,
2013022500100004,2013년 2월 25일 00시,월요일,경상북도 경산시 조영동,중상사고,0,1,0,0,차대차 - 측면직각충돌,안전운전불이행,건조,맑음,교차로 - 교차로안,화물,기타불명,기타불명,기타불명,승용,남,46세,중상
2013022500100021,2013년 2월 25일 04시,월요일,경상북도 경주시 성건동,경상사고,0,0,4,0,차대차 - 추돌 - 진행중,안전운전불이행,건조,맑음,단일로 - 기타,승용,남,41세,상해없음,승용,남,19세,경상
2013022500100026,2013년 2월 25일 05시,월요일,경상북도 경산시 진량읍,중상사고,0,1,0,0,차대사람 - 기타,보행자보호의무위반,건조,맑음,교차로 - 교차로안,승용,여,55세,상해없음,보행자,여,57세,중상
2013022500100048,2013년 2월 25일 07시,월요일,경상북도 김천시 대덕면,경상사고,0,0,1,0,차대차 - 측면직각충돌,중앙선침범,건조,맑음,단일로 - 기타,승용,남,42세,상해없음,승용,남,35세,경상
2013022500100068,2013년 2월 25일 08시,월요일,경상북도 영주시 가흥동,중상사고,0,1,1,0,차대차 - 측면직각충돌,교차로운행방법위반,건조,맑음,교차로 - 교차로안,승용,남,37세,경상,승용,남,45세,중상
2013022500100069,2013년 2월 25일 08시,월요일,경상북도 구미시 광평동,중상사고,0,1,1,0,차대차 - 기타,안전운전불이행,건조,맑음,교차로 - 교차로부근,화물,여,35세,상해없음,화물,남,46세,중상
2013022500100084,2013년 2월 25일 09시,월요일,경상북도 영주시 휴천동,중상사고,0,2,0,0,차대차 - 측면직각충돌,교차로운행방법위반,건조,맑음,교차로 - 교차로안,승용,여,34세,중상,승용,남,50세,중상
2013022500100085,2013년 2월 25일 09시,월요일,경상북도 경산시 사정동,경상사고,0,0,2,0,차대차 - 기타,안전운전불이행,건조,맑음,교차로 - 교차로안,승용,여,36세,경상,승용,여,25세,상해없음
2013022500100107,2013년 2월 25일 10시,월요일,경상북도 경주시 안강읍,중상사고,0,1,0,0,차대사람 - 기타,안전운전불이행,건조,맑음,단일로 - 기타,승용,남,60세,상해없음,보행자,여,47세,중상
2013022500100108,2013년 2월 25일 10시,월요일,경상북도 경산시 사정동,경상사고,0,0,1,0,차대차 - 기타,안전운전불이행,건조,맑음,교차로 - 교차로부근,승용,남,42세,상해없음,승용,남,36세,경상
2013022500100109,2013년 2월 25일 10시,월요일,경상북도 포항시 남구 대잠동,경상사고,0,0,1,0,차대차 - 추돌 - 진행중,안전거리미확보,건조,맑음,교차로 - 교차로안,승용,남,58세,상해없음,승용,여,43세,경상
2013022500100128,2013년 2월 25일 11시,월요일,경상북도 구미시 진평동,경상사고,0,0,1,0,차대차 - 측면직각충돌,안전운전불이행,건조,기타,교차로 - 교차로안,원동기,남,35세,경상,승용,남,39세,상해없음
2013022500100142,2013년 2월 25일 12시,월요일,경상북도 포항시 북구 장성동,중상사고,0,1,0,0,차대사람 - 기타,안전운전불이행,건조,맑음,기타 - 기타,화물,남,33세,상해없음,보행자,남,17세,중상
2013022500100143,2013년 2월 25일 12시,월요일,경상북도 구미시 황상동,중상사고,0,1,1,0,차대차 - 추돌 - 주정차중,안전운전불이행,건조,맑음,교차로 - 교차로부근,승용,남,25세,상해없음,승용,남,48세,중상
2013022500100160,2013년 2월 25일 13시,월요일,경상북도 문경시 산북면,중상사고,0,1,0,0,차대차 - 기타,안전운전불이행,건조,맑음,단일로 - 기타,승용,남,43세,중상,화물,남,44세,상해없음
2013022500100210,2013년 2월 25일 15시,월요일,경상북도 경주시 구정동,경상사고,0,0,3,0,차대차 - 추돌 - 주정차중,안전운전불이행,건조,맑음,교차로 - 교차로부근,승용,남,30세,상해없음,승용,여,39세,경상
2013022500100211,2013년 2월 25일 15시,월요일,경상북도 영덕군 강구면,중상사고,0,1,0,0,차대차 - 측면직각충돌,직진우회전진행방해,건조,맑음,교차로 - 교차로안,승용,남,41세,상해없음,자전거,남,73세,중상
2013022500100212,2013년 2월 25일 15시,월요일,경상북도 성주군 성주읍,경상사고,0,0,1,0,차대사람 - 기타,안전운전불이행,건조,맑음,단일로 - 기타,화물,남,43세,상해없음,보행자,여,36세,경상
2013022500100213,2013년 2월 25일 15시,월요일,경상북도 울진군 죽변면,경상사고,0,0,4,0,차대차 - 추돌 - 주정차중,안전운전불이행,건조,맑음,기타 - 기타,승용,여,51세,상해없음,승합,남,45세,경상
2013022500100214,2013년 2월 25일 15시,월요일,경상북도 구미시 봉곡동,중상사고,0,2,0,0,차대사람 - 기타,보행자보호의무위반,건조,맑음,교차로 - 교차로안,승용,남,20세,상해없음,보행자,여,48세,중상
2013022500100239,2013년 2월 25일 16시,월요일,경상북도 청도군 청도읍,경상사고,0,0,3,0,차대차 - 측면직각충돌,교차로운행방법위반,건조,맑음,교차로 - 교차로안,화물,남,49세,경상,승용,남,36세,경상
2013022500100240,2013년 2월 25일 16시,월요일,경상북도 상주시 사벌면,중상사고,0,1,1,0,차대차 - 추돌 - 진행중,안전운전불이행,건조,맑음,단일로 - 기타,승용,남,26세,중상,화물,남,47세,상해없음
2013022500100300,2013년 2월 25일 18시,월요일,경상북도 포항시 북구 덕산동,중상사고,0,1,0,0,차대차 - 기타,안전운전불이행,건조,맑음,교차로 - 교차로안,승용,남,50세,상해없음,원동기,남,33세,중상
2013022500100301,2013년 2월 25일 18시,월요일,경상북도 포항시 북구 흥해읍,중상사고,0,2,3,0,차대차 - 측면직각충돌,안전운전불이행,건조,맑음,단일로 - 기타,승합,남,63세,상해없음,화물,남,51세,경상
2013022500100334,2013년 2월 25일 19시,월요일,경상북도 경주시 외동읍,경상사고,0,0,1,0,차대차 - 기타,안전운전불이행,건조,맑음,단일로 - 기타,특수,남,41세,상해없음,승용,여,49세,경상
2013022500100335,2013년 2월 25일 19시,월요일,경상북도 포항시 남구 장흥동,경상사고,0,0,2,0,차대차 - 측면직각충돌,직진우회전진행방해,건조,맑음,교차로 - 교차로안,승용,여,48세,상해없음,승용,남,30세,경상
2013022500100379,2013년 2월 25일 21시,월요일,경상북도 경주시 안강읍,중상사고,0,3,3,0,차대차 - 기타,안전운전불이행,건조,맑음,교차로 - 교차로부근,승용,남,49세,중상,승합,남,52세,중상
2013022500100380,2013년 2월 25일 21시,월요일,경상북도 영천시 완산동,경상사고,0,0,1,0,차대차 - 기타,안전운전불이행,건조,맑음,단일로 - 기타,승용,여,53세,상해없음,승용,여,47세,경상
2013022500100381,2013년 2월 25일 21시,월요일,경상북도 영천시 오수동,경상사고,0,0,2,0,차대차 - 추돌 - 주정차중,안전운전불이행,건조,맑음,단일로 - 기타,승용,여,50세,상해없음,승용,남,47세,경상
2013022500100414,2013년 2월 25일 22시,월요일,경상북도 구미시 도량동,중상사고,0,1,0,0,차대차 - 기타,교차로운행방법위반,건조,맑음,교차로 - 교차로안,승용,여,40세,상해없음,이륜,남,64세,중상
2013022500100415,2013년 2월 25일 22시,월요일,경상북도 칠곡군 지천면,경상사고,0,0,2,0,차대차 - 추돌 - 진행중,안전운전불이행,건조,맑음,단일로 - 기타,승용,남,30세,상해없음,화물,남,61세,경상
2013022500100436,2013년 2월 25일 23시,월요일,경상북도 포항시 북구 양덕동,중상사고,0,1,0,0,차대차 - 측면직각충돌,신호위반,건조,맑음,교차로 - 교차로안,화물,남,30세,상해없음,승합,남,58세,중상
2013022600100020,2013년 2월 26일 00시,화요일,경상북도 포항시 북구 죽도동,경상사고,0,0,2,0,차대차 - 측면직각충돌,안전운전불이행,건조,맑음,단일로 - 기타,승용,남,22세,상해없음,승용,남,51세,경상
2013022600100021,2013년 2월 26일 00시,화요일,경상북도 구미시 옥계동,경상사고,0,0,2,0,차대차 - 기타,신호위반,건조,맑음,교차로 - 교차로안,승용,남,30세,상해없음,승용,여,24세,경상
2013022600100040,2013년 2월 26일 01시,화요일,경상북도 경주시 강동면,경상사고,0,0,1,0,차량단독 - 공작물충돌,안전운전불이행,건조,맑음,단일로 - 기타,승용,여,43세,경상,,,,
2013022600100061,2013년 2월 26일 03시,화요일,경상북도 구미시 임수동,중상사고,0,1,0,0,차량단독 - 공작물충돌,안전운전불이행,건조,맑음,단일로 - 기타,승용,남,29세,중상,,,,
2013022600100110,2013년 2월 26일 07시,화요일,경상북도 경주시 안강읍,경상사고,0,0,1,0,차대차 - 측면직각충돌,안전운전불이행,건조,맑음,교차로 - 교차로안,승용,남,74세,상해없음,화물,여,50세,경상
2013022600100111,2013년 2월 26일 07시,화요일,경상북도 성주군 성주읍,중상사고,0,1,1,0,차대차 - 측면직각충돌,신호위반,건조,맑음,교차로 - 교차로안,승용,여,45세,경상,승용,남,50세,중상
2013022600100112,2013년 2월 26일 07시,화요일,경상북도 구미시 임수동,중상사고,0,1,0,0,차대차 - 기타,안전운전불이행,건조,맑음,단일로 - 기타,승합,남,62세,상해없음,승용,남,44세,중상
2013022600100123,2013년 2월 26일 08시,화요일,경상북도 경주시 용강동,경상사고,0,0,1,0,차대차 - 기타,중앙선침범,건조,맑음,단일로 - 기타,승용,남,62세,상해없음,승용,남,32세,경상
2013022600100142,2013년 2월 26일 09시,화요일,경상북도 안동시 안흥동,경상사고,0,0,1,0,차대차 - 측면직각충돌,교차로운행방법위반,건조,맑음,교차로 - 교차로안,승용,남,76세,상해없음,화물,남,27세,경상
2013022600100143,2013년 2월 26일 09시,화요일,경상북도 울진군 기성면,중상사고,0,6,0,0,차대차 - 측면직각충돌,교차로운행방법위반,건조,맑음,교차로 - 교차로안,화물,남,58세,상해없음,승용,여,54세,중상
2013022600100144,2013년 2월 26일 09시,화요일,경상북도 포항시 남구 장흥동,경상사고,0,0,1,0,차대차 - 측면직각충돌,교차로운행방법위반,건조,맑음,교차로 - 교차로안,특수,남,48세,상해없음,승용,남,26세,경상
2013022600100171,2013년 2월 26일 10시,화요일,경상북도 경주시 석장동,중상사고,0,1,0,0,차대차 - 측면직각충돌,안전운전불이행,건조,맑음,단일로 - 기타,승용,여,39세,상해없음,승용,남,42세,기타불명
2013022600100172,2013년 2월 26일 10시,화요일,경상북도 경주시 황성동,경상사고,0,0,3,0,차대차 - 측면직각충돌,안전운전불이행,건조,맑음,단일로 - 기타,승용,여,61세,상해없음,승용,남,47세,경상
2013022600100173,2013년 2월 26일 10시,화요일,경상북도 포항시 북구 동빈1가,중상사고,0,1,0,0,차대사람 - 기타,안전운전불이행,건조,맑음,교차로 - 교차로부근,승용,남,26세,상해없음,보행자,남,56세,중상
2013022600100174,2013년 2월 26일 10시,화요일,경상북도 영덕군 병곡면,중상사고,0,2,2,0,차대차 - 측면직각충돌,직진우회전진행방해,건조,맑음,교차로 - 교차로안,화물,남,57세,상해없음,승용,여,46세,경상
2013022600100227,2013년 2월 26일 13시,화요일,경상북도 영덕군 지품면,경상사고,0,0,1,0,차대차 - 정면충돌,안전운전불이행,건조,맑음,단일로 - 기타,화물,남,64세,상해없음,승용,남,64세,경상
2013022600100246,2013년 2월 26일 14시,화요일,경상북도 포항시 북구 여남동,중상사고,0,1,1,0,차대차 - 측면직각충돌,안전운전불이행,건조,맑음,단일로 - 기타,승용,남,59세,상해없음,승용,남,33세,중상
2013022600100247,2013년 2월 26일 14시,화요일,경상북도 포항시 북구 흥해읍,경상사고,0,0,1,0,차대사람 - 기타,기타,건조,맑음,단일로 - 기타,승용,여,42세,상해없음,보행자,여,35세,경상
2013022600100267,2013년 2월 26일 15시,화요일,경상북도 울진군 평해읍,사망사고,1,0,0,0,차대사람 - 횡단중,안전운전불이행,건조,맑음,단일로 - 기타,승용,남,29세,상해없음,보행자,여,5세,사망
2013022600100280,2013년 2월 26일 16시,화요일,경상북도 경주시 인왕동,중상사고,0,3,1,1,차대차 - 기타,신호위반,건조,맑음,교차로 - 교차로안,승합,남,47세,상해없음,화물,남,35세,중상
2013022600100302,2013년 2월 26일 17시,화요일,경상북도 포항시 북구 흥해읍,경상사고,0,0,1,0,차대차 - 기타,안전운전불이행,건조,맑음,단일로 - 기타,기타불명,기타불명,기타불명,기타불명,승용,여,34세,경상
2013022600100303,2013년 2월 26일 17시,화요일,경상북도 경산시 정평동,경상사고,0,0,2,0,차대차 - 측면직각충돌,안전운전불이행,건조,맑음,교차로 - 교차로안,승용,여,40세,상해없음,승용,여,54세,경상
2013022600100304,2013년 2월 26일 17시,화요일,경상북도 예천군 유천면,중상사고,0,1,0,0,차대차 - 기타,안전운전불이행,건조,맑음,단일로 - 기타,화물,남,72세,상해없음,화물,남,50세,상해없음
2013022600100333,2013년 2월 26일 18시,화요일,경상북도 봉화군 재산면,사망사고,1,0,0,0,차대사람 - 길가장자리구역통행중,안전운전불이행,습기,흐림,단일로 - 기타,화물,남,40세,상해없음,보행자,여,81세,사망
2013022600100366,2013년 2월 26일 19시,화요일,경상북도 포항시 북구 장성동,경상사고,0,0,1,0,차대차 - 기타,교차로운행방법위반,건조,맑음,교차로 - 교차로안,승용,여,53세,상해없음,원동기,남,17세,경상