사고번호,사고일시,요일,시군구,사고내용,사망자수,중상자수,경상자수,부상신고자수,사고유형,법규위반,노면상태,기상상태,도로형태,가해운전자 차종,가해운전자 성별,가해운전자 연령,가해운전자 상해정도,피해운전자 차종,피해운전자 성별,피해운전자 연령,피해운전자 상해정도
2013022600100367,2013년 2월 26일 19시,화요일,경상북도 의성군 의성읍,사망사고,1,0,0,0,차대사람 - 횡단중,안전운전불이행,건조,맑음,단일로 - 기타,화물,남,46세,상해없음,보행자,여,75세,사망
2013022600100368,2013년 2월 26일 19시,화요일,경상북도 성주군 벽진면,사망사고,1,0,0,0,차량단독 - 도로외이탈 - 추락,안전운전불이행,건조,맑음,단일로 - 기타,화물,남,45세,사망,,,,
2013022600100392,2013년 2월 26일 20시,화요일,경상북도 영주시 영주동,중상사고,0,1,0,0,차대사람 - 횡단중,안전운전불이행,건조,맑음,교차로 - 교차로안,승용,남,25세,상해없음,보행자,여,48세,중상
2013022600100393,2013년 2월 26일 20시,화요일,경상북도 경산시 진량읍,중상사고,0,1,0,0,차대차 - 기타,안전거리미확보,건조,맑음,단일로 - 기타,승용,남,51세,상해없음,승용,남,43세,중상
2013022600100394,2013년 2월 26일 20시,화요일,경상북도 구미시 공단동,중상사고,0,1,0,0,차대차 - 기타,신호위반,건조,맑음,교차로 - 교차로안,승용,남,52세,상해없음,승용,남,44세,중상
2013022600100419,2013년 2월 26일 21시,화요일,경상북도 포항시 북구 덕산동,중상사고,0,2,1,0,차대차 - 기타,교차로운행방법위반,건조,맑음,교차로 - 교차로안,원동기,남,13세,중상,승용,남,46세,상해없음
2013022600100453,2013년 2월 26일 22시,화요일,경상북도 경산시 계양동,경상사고,0,0,1,0,차대차 - 기타,안전거리미확보,건조,맑음,단일로 - 기타,승용,남,24세,상해없음,승용,여,44세,경상
2013022600100483,2013년 2월 26일 23시,화요일,경상북도 경산시 진량읍,중상사고,0,3,1,0,차대차 - 기타,과속,건조,맑음,단일로 - 기타,승용,남,25세,경상,승용,남,61세,기타불명
2013022700100018,2013년 2월 27일 00시,수요일,경상북도 구미시 원평동,경상사고,0,0,1,0,차대사람 - 기타,안전운전불이행,건조,맑음,기타 - 기타,승용,남,28세,상해없음,보행자,여,45세,경상
2013022700100051,2013년 2월 27일 02시,수요일,경상북도 경산시 진량읍,경상사고,0,0,2,0,차대차 - 기타,중앙선침범,건조,맑음,단일로 - 기타,승용,남,35세,상해없음,승용,남,19세,경상
2013022700100052,2013년 2월 27일 02시,수요일,경상북도 경산시 옥산동,중상사고,0,1,0,0,차대사람 - 기타,안전운전불이행,건조,맑음,단일로 - 기타,승용,여,54세,상해없음,보행자,남,54세,중상
2013022700100064,2013년 2월 27일 03시,수요일,경상북도 경주시 황오동,경상사고,0,0,2,0,차대차 - 기타,안전운전불이행,건조,맑음,기타 - 기타,승용,여,33세,상해없음,승용,남,43세,상해없음
2013022700100065,2013년 2월 27일 03시,수요일,경상북도 구미시 진평동,중상사고,0,1,0,0,차대차 - 기타,안전운전불이행,건조,맑음,교차로 - 교차로안,자전거,남,40세,중상,승용,남,25세,상해없음
2013022700100072,2013년 2월 27일 04시,수요일,경상북도 구미시 공단동,경상사고,0,0,1,0,차대차 - 기타,안전운전불이행,건조,흐림,단일로 - 기타,승용,남,28세,상해없음,승용,남,49세,경상
2013022700100095,2013년 2월 27일 06시,수요일,경상북도 포항시 남구 장기면,경상사고,0,0,2,0,차량단독 - 전도전복,안전운전불이행,건조,맑음,단일로 - 기타,승용,남,70세,경상,,,,
2013022700100106,2013년 2월 27일 07시,수요일,경상북도 청도군 화양읍,경상사고,0,0,2,0,차대차 - 측면직각충돌,신호위반,건조,맑음,교차로 - 교차로안,승용,여,33세,경상,승용,남,49세,경상
2013022700100135,2013년 2월 27일 08시,수요일,경상북도 경주시 안강읍,사망사고,1,1,0,0,차대차 - 측면직각충돌,신호위반,건조,맑음,교차로 - 교차로안,승용,여,57세,사망,승용,여,35세,중상
2013022700100136,2013년 2월 27일 08시,수요일,경상북도 영천시 북안면,경상사고,0,0,1,0,차대차 - 기타,안전운전불이행,건조,맑음,교차로 - 교차로부근,승합,남,51세,상해없음,승용,남,37세,경상
2013022700100137,2013년 2월 27일 08시,수요일,경상북도 칠곡군 동명면,중상사고,0,1,0,0,차대차 - 측면직각충돌,안전운전불이행,건조,맑음,단일로 - 기타,승용,남,22세,상해없음,화물,남,48세,중상
2013022700100162,2013년 2월 27일 09시,수요일,경상북도 안동시 서부동,중상사고,0,1,0,0,차대사람 - 횡단중,안전운전불이행,건조,맑음,단일로 - 기타,승용,남,82세,상해없음,보행자,여,70세,중상
2013022700100184,2013년 2월 27일 10시,수요일,경상북도 포항시 북구 죽장면,중상사고,0,1,2,0,차량단독 - 기타,안전운전불이행,건조,맑음,단일로 - 기타,승용,남,68세,상해없음,,,,
2013022700100185,2013년 2월 27일 10시,수요일,경상북도 성주군 성주읍,경상사고,0,0,2,0,차대차 - 측면직각충돌,직진우회전진행방해,건조,맑음,교차로 - 교차로안,원동기,남,77세,경상,화물,남,72세,경상
2013022700100216,2013년 2월 27일 11시,수요일,경상북도 김천시 개령면,중상사고,0,1,1,0,차대차 - 측면직각충돌,중앙선침범,건조,맑음,단일로 - 기타,승용,남,65세,상해없음,화물,남,73세,경상
2013022700100217,2013년 2월 27일 11시,수요일,경상북도 문경시 모전동,경상사고,0,0,2,0,차대차 - 측면직각충돌,직진우회전진행방해,건조,맑음,교차로 - 교차로안,승용,남,57세,경상,화물,남,38세,경상
2013022700100218,2013년 2월 27일 11시,수요일,경상북도 봉화군 봉화읍,중상사고,0,1,0,0,차대사람 - 횡단중,보행자보호의무위반,건조,맑음,단일로 - 횡단보도상,이륜,남,79세,상해없음,보행자,여,88세,중상
2013022700100241,2013년 2월 27일 12시,수요일,경상북도 경주시 감포읍,중상사고,0,1,0,0,차량단독 - 기타,안전운전불이행,건조,맑음,단일로 - 기타,이륜,남,60세,중상,,,,
2013022700100242,2013년 2월 27일 12시,수요일,경상북도 경주시 황남동,경상사고,0,0,1,0,차대차 - 기타,안전운전불이행,건조,맑음,단일로 - 기타,승용,기타불명,기타불명,기타불명,승용,여,60세,경상
2013022700100243,2013년 2월 27일 12시,수요일,경상북도 포항시 북구 덕산동,중상사고,0,1,0,0,차대사람 - 보도통행중,기타,건조,맑음,단일로 - 횡단보도부근,승용,남,42세,상해없음,보행자,여,72세,중상
2013022700100244,2013년 2월 27일 12시,수요일,경상북도 칠곡군 약목면,부상신고사고,0,0,0,1,차대차 - 추돌 - 진행중,안전운전불이행,건조,맑음,단일로 - 기타,이륜,남,69세,부상신고,농기계,남,65세,상해없음
2013022700100245,2013년 2월 27일 12시,수요일,경상북도 구미시 임은동,중상사고,0,1,0,0,차대차 - 추돌 - 주정차중,안전운전불이행,건조,맑음,단일로 - 기타,이륜,남,44세,중상,승용,남,29세,상해없음
2013022700100298,2013년 2월 27일 14시,수요일,경상북도 영천시 문외동,중상사고,0,1,0,0,차대차 - 측면직각충돌,안전운전불이행,건조,맑음,교차로 - 교차로부근,승용,남,48세,상해없음,자전거,남,76세,중상
2013022700100299,2013년 2월 27일 14시,수요일,경상북도 구미시 임은동,중상사고,0,1,1,0,차대차 - 측면직각충돌,교차로운행방법위반,건조,맑음,교차로 - 교차로안,승용,남,19세,경상,승용,남,29세,중상
2013022700100324,2013년 2월 27일 15시,수요일,경상북도 경주시 성동동,중상사고,0,1,0,0,차대사람 - 기타,안전운전불이행,건조,맑음,단일로 - 기타,승합,남,61세,상해없음,보행자,여,96세,중상
2013022700100325,2013년 2월 27일 15시,수요일,경상북도 영주시 문정동,경상사고,0,0,1,0,차대차 - 측면직각충돌,안전운전불이행,건조,맑음,교차로 - 교차로안,농기계,남,73세,경상,화물,남,60세,상해없음
2013022700100326,2013년 2월 27일 15시,수요일,경상북도 경산시 정평동,중상사고,0,1,0,0,차대차 - 기타,신호위반,건조,맑음,교차로 - 교차로안,승용,여,35세,상해없음,이륜,남,70세,중상
2013022700100357,2013년 2월 27일 16시,수요일,경상북도 봉화군 봉화읍,경상사고,0,0,1,0,차대차 - 측면직각충돌,안전운전불이행,건조,맑음,단일로 - 기타,원동기,남,68세,경상,화물,남,45세,상해없음
2013022700100358,2013년 2월 27일 16시,수요일,경상북도 울진군 후포면,부상신고사고,0,0,0,1,차대차 - 추돌 - 진행중,안전운전불이행,건조,맑음,교차로 - 교차로안,원동기,남,83세,부상신고,화물,남,47세,상해없음
2013022700100389,2013년 2월 27일 17시,수요일,경상북도 청송군 청송읍,경상사고,0,0,2,0,차대차 - 기타,불법유턴,건조,맑음,단일로 - 기타,승용,여,49세,상해없음,승용,남,28세,경상
2013022700100390,2013년 2월 27일 17시,수요일,경상북도 구미시 인의동,경상사고,0,0,1,0,차대차 - 측면직각충돌,안전운전불이행,건조,맑음,교차로 - 교차로부근,승용,여,37세,기타불명,승용,남,52세,경상
2013022700100391,2013년 2월 27일 17시,수요일,경상북도 포항시 남구 청림동,경상사고,0,0,2,0,차대차 - 측면직각충돌,신호위반,건조,맑음,교차로 - 교차로안,승용,남,43세,상해없음,승용,남,65세,경상
2013022700100417,2013년 2월 27일 18시,수요일,경상북도 영천시 완산동,경상사고,0,0,1,0,차대차 - 측면직각충돌,안전운전불이행,건조,맑음,교차로 - 교차로안,이륜,남,70세,경상,승용,여,42세,상해없음
2013022700100418,2013년 2월 27일 18시,수요일,경상북도 경산시 중방동,중상사고,0,1,0,0,차대사람 - 기타,신호위반,건조,맑음,단일로 - 횡단보도상,승용,남,45세,상해없음,보행자,여,66세,중상
2013022700100446,2013년 2월 27일 19시,수요일,경상북도 안동시 안기동,경상사고,0,0,1,0,차대차 - 측면직각충돌,중앙선침범,건조,맑음,교차로 - 교차로부근,승합,남,53세,상해없음,원동기,남,46세,경상
2013022700100447,2013년 2월 27일 19시,수요일,경상북도 경산시 사정동,중상사고,0,1,0,0,차대차 - 기타,안전운전불이행,건조,맑음,교차로 - 교차로부근,화물,남,45세,상해없음,승용,남,61세,중상
2013022700100448,2013년 2월 27일 19시,수요일,경상북도 구미시 고아읍,중상사고,0,1,0,0,차대사람 - 횡단중,안전운전불이행,건조,맑음,단일로 - 기타,승합,남,26세,상해없음,보행자,여,73세,중상
2013022700100473,2013년 2월 27일 20시,수요일,경상북도 고령군 성산면,중상사고,0,1,0,0,차대차 - 추돌 - 진행중,안전운전불이행,건조,맑음,교차로 - 교차로부근,승용,남,54세,상해없음,자전거,남,73세,중상
2013022700100474,2013년 2월 27일 20시,수요일,경상북도 구미시 공단동,경상사고,0,0,1,0,차대차 - 측면직각충돌,안전운전불이행,건조,흐림,교차로 - 교차로안,승합,여,51세,상해없음,승용,여,27세,경상
2013022700100507,2013년 2월 27일 21시,수요일,경상북도 포항시 남구 동촌동,경상사고,0,0,1,0,차대사람 - 기타,안전운전불이행,건조,맑음,단일로 - 기타,승용,남,43세,상해없음,보행자,남,58세,경상
2013022700100538,2013년 2월 27일 22시,수요일,경상북도 안동시 태화동,경상사고,0,0,1,0,차대차 - 측면직각충돌,교차로운행방법위반,건조,맑음,교차로 - 교차로부근,승용,남,58세,상해없음,승용,남,40세,경상
2013022700100539,2013년 2월 27일 22시,수요일,경상북도 문경시 모전동,경상사고,0,0,1,0,차대사람 - 보도통행중,기타,건조,맑음,교차로 - 교차로안,승용,남,26세,상해없음,보행자,여,59세,경상
2013022700100540,2013년 2월 27일 22시,수요일,경상북도 구미시 황상동,중상사고,0,1,1,0,차대차 - 측면직각충돌,안전운전불이행,건조,맑음,교차로 - 교차로안,승용,남,28세,상해없음,승용,남,40세,경상
2013022700100559,2013년 2월 27일 23시,수요일,경상북도 포항시 북구 죽도동,경상사고,0,0,2,0,차대차 - 추돌 - 주정차중,안전운전불이행,건조,맑음,교차로 - 교차로부근,승합,남,49세,상해없음,승용,여,25세,경상
2013022700100560,2013년 2월 27일 23시,수요일,경상북도 포항시 남구 대잠동,경상사고,0,0,1,0,차대차 - 추돌 - 주정차중,안전운전불이행,건조,맑음,교차로 - 교차로부근,원동기,남,17세,기타불명,승용,남,32세,경상
2013022800100018,2013년 2월 28일 00시,목요일,경상북도 김천시 교동,경상사고,0,0,1,0,차대차 - 측면직각충돌,안전운전불이행,건조,맑음,기타 - 기타,승용,남,48세,상해없음,이륜,남,17세,경상
2013022800100019,2013년 2월 28일 00시,목요일,경상북도 구미시 사곡동,중상사고,0,1,1,0,차대차 - 측면직각충돌,신호위반,건조,맑음,교차로 - 교차로안,승용,남,48세,상해없음,승용,남,37세,경상
2013022800100020,2013년 2월 28일 00시,목요일,경상북도 구미시 원평동,경상사고,0,0,1,1,차량단독 - 공작물충돌,안전운전불이행,건조,맑음,단일로 - 기타,승용,남,30세,부상신고,,,,
2013022800100021,2013년 2월 28일 00시,목요일,경상북도 구미시 송정동,중상사고,0,1,2,0,차대차 - 측면직각충돌,안전운전불이행,건조,맑음,단일로 - 기타,승용,남,13세,상해없음,승용,남,42세,경상
2013022800100034,2013년 2월 28일 01시,목요일,경상북도 안동시 수상동,경상사고,0,0,1,0,차대차 - 추돌 - 주정차중,안전운전불이행,건조,맑음,단일로 - 기타,승용,남,37세,경상,특수,남,45세,기타불명
2013022800100044,2013년 2월 28일 02시,목요일,경상북도 포항시 북구 두호동,경상사고,0,0,1,0,차대사람 - 기타,안전운전불이행,건조,맑음,단일로 - 기타,승용,여,54세,상해없음,보행자,남,23세,경상
2013022800100045,2013년 2월 28일 02시,목요일,경상북도 안동시 송현동,중상사고,0,1,1,0,차대차 - 추돌 - 주정차중,안전운전불이행,건조,맑음,교차로 - 교차로부근,승용,남,32세,상해없음,승용,남,51세,경상
2013022800100084,2013년 2월 28일 06시,목요일,경상북도 포항시 북구 두호동,경상사고,0,0,2,0,차대차 - 기타,안전거리미확보,건조,맑음,단일로 - 기타,승용,남,65세,상해없음,승용,남,19세,경상
2013022800100085,2013년 2월 28일 06시,목요일,경상북도 김천시 아포읍,중상사고,0,1,0,0,차대차 - 추돌 - 진행중,안전운전불이행,건조,맑음,단일로 - 기타,특수,남,44세,상해없음,화물,남,61세,중상
2013022800100105,2013년 2월 28일 07시,목요일,경상북도 포항시 북구 장성동,경상사고,0,0,1,0,차대차 - 측면직각충돌,교차로운행방법위반,건조,맑음,교차로 - 교차로안,승용,여,51세,상해없음,승용,남,48세,경상
2013022800100133,2013년 2월 28일 08시,목요일,경상북도 경주시 성동동,경상사고,0,0,2,0,차대차 - 측면직각충돌,중앙선침범,건조,맑음,단일로 - 기타,화물,남,50세,상해없음,승용,남,26세,경상
2013022800100134,2013년 2월 28일 08시,목요일,경상북도 경주시 양남면,중상사고,0,1,0,0,차량단독 - 전도전복,안전운전불이행,건조,맑음,단일로 - 기타,건설기계,남,63세,중상,,,,
2013022800100135,2013년 2월 28일 08시,목요일,경상북도 영주시 휴천동,경상사고,0,0,2,0,차대차 - 측면직각충돌,신호위반,건조,맑음,교차로 - 교차로안,화물,남,62세,상해없음,승용,남,55세,경상
2013022800100136,2013년 2월 28일 08시,목요일,경상북도 포항시 남구 상도동,경상사고,0,0,3,0,차대차 - 기타,안전운전불이행,건조,맑음,교차로 - 교차로부근,승용,남,44세,상해없음,화물,남,52세,경상
2013022800100165,2013년 2월 28일 09시,목요일,경상북도 안동시 옥동,중상사고,0,1,0,0,차대사람 - 횡단중,보행자보호의무위반,건조,맑음,단일로 - 횡단보도상,승용,남,57세,상해없음,보행자,여,71세,중상
2013022800100186,2013년 2월 28일 10시,목요일,경상북도 경주시 양남면,중상사고,0,1,2,0,차대차 - 측면직각충돌,안전운전불이행,건조,맑음,교차로 - 교차로부근,승용,여,53세,경상,승용,여,30세,상해없음
2013022800100187,2013년 2월 28일 10시,목요일,경상북도 안동시 옥야동,경상사고,0,0,1,0,차대차 - 측면직각충돌,안전운전불이행,건조,맑음,단일로 - 기타,화물,남,65세,상해없음,화물,남,43세,경상
2013022800100188,2013년 2월 28일 10시,목요일,경상북도 상주시 사벌면,중상사고,0,1,0,0,차대차 - 측면직각충돌,교차로운행방법위반,건조,맑음,교차로 - 교차로안,화물,남,26세,상해없음,승용,여,42세,중상
2013022800100189,2013년 2월 28일 10시,목요일,경상북도 상주시 서성동,경상사고,0,0,1,0,차대사람 - 기타,안전운전불이행,건조,맑음,교차로 - 교차로안,원동기,남,73세,상해없음,보행자,여,66세,경상
2013022800100190,2013년 2월 28일 10시,목요일,경상북도 영주시 단산면,중상사고,0,2,5,0,차대차 - 추돌 - 진행중,기타,건조,맑음,단일로 - 기타,승용,남,48세,경상,승합,남,60세,상해없음
2013022800100191,2013년 2월 28일 10시,목요일,경상북도 경산시 자인면,경상사고,0,0,1,0,차대차 - 기타,직진우회전진행방해,건조,맑음,교차로 - 교차로안,승용,남,25세,상해없음,승용,남,58세,경상
2013022800100217,2013년 2월 28일 11시,목요일,경상북도 포항시 북구 흥해읍,중상사고,0,1,0,0,차대사람 - 횡단중,안전운전불이행,건조,맑음,단일로 - 기타,승용,여,44세,상해없음,보행자,남,11세,중상
2013022800100218,2013년 2월 28일 11시,목요일,경상북도 안동시 송현동,경상사고,0,0,1,0,차대차 - 측면직각충돌,안전운전불이행,건조,맑음,교차로 - 교차로부근,승용,남,19세,상해없음,이륜,남,46세,경상
2013022800100219,2013년 2월 28일 11시,목요일,경상북도 의성군 의성읍,중상사고,0,1,1,0,차대차 - 측면직각충돌,교차로운행방법위반,건조,맑음,교차로 - 교차로안,원동기,남,68세,경상,농기계,남,73세,상해없음
2013022800100220,2013년 2월 28일 11시,목요일,경상북도 포항시 남구 동해면,중상사고,0,1,1,0,차대차 - 측면직각충돌,안전운전불이행,건조,맑음,단일로 - 기타,화물,남,59세,상해없음,승용,남,53세,경상
2013022800100245,2013년 2월 28일 12시,목요일,경상북도 구미시 장천면,중상사고,0,1,0,0,차대차 - 측면직각충돌,중앙선침범,건조,맑음,단일로 - 기타,화물,남,63세,상해없음,이륜,남,69세,중상
2013022800100264,2013년 2월 28일 13시,목요일,경상북도 경주시 안강읍,중상사고,0,2,0,0,차대차 - 측면직각충돌,중앙선침범,건조,맑음,교차로 - 교차로부근,화물,남,47세,상해없음,승용,남,41세,중상
2013022800100265,2013년 2월 28일 13시,목요일,경상북도 포항시 북구 득량동,중상사고,0,1,0,0,차대차 - 기타,안전운전불이행,건조,맑음,단일로 - 기타,화물,남,53세,상해없음,자전거,남,37세,중상
2013022800100266,2013년 2월 28일 13시,목요일,경상북도 안동시 와룡면,경상사고,0,0,2,0,차대차 - 정면충돌,중앙선침범,건조,맑음,단일로 - 기타,승용,남,67세,경상,승용,남,59세,경상
2013022800100267,2013년 2월 28일 13시,목요일,경상북도 경산시 사동,경상사고,0,0,2,0,차대차 - 측면직각충돌,안전운전불이행,건조,맑음,교차로 - 교차로안,이륜,남,16세,상해없음,화물,남,46세,상해없음
2013022800100268,2013년 2월 28일 13시,목요일,경상북도 영양군 청기면,경상사고,0,0,1,0,차량단독 - 기타,안전운전불이행,건조,맑음,단일로 - 기타,승용,여,39세,경상,,,,
2013022800100298,2013년 2월 28일 14시,목요일,경상북도 경산시 하양읍,중상사고,0,1,0,0,차대사람 - 기타,기타,건조,맑음,단일로 - 기타,승합,남,51세,상해없음,보행자,여,70세,중상
2013022800100325,2013년 2월 28일 15시,목요일,경상북도 성주군 대가면,경상사고,0,0,1,0,차대차 - 측면직각충돌,안전운전불이행,건조,맑음,단일로 - 기타,이륜,남,80세,경상,승용,여,52세,상해없음
2013022800100326,2013년 2월 28일 15시,목요일,경상북도 구미시 고아읍,경상사고,0,0,1,0,차대사람 - 기타,보행자보호의무위반,건조,맑음,교차로 - 교차로안,승용,여,40세,상해없음,보행자,남,2세,경상
2013022800100352,2013년 2월 28일 16시,목요일,경상북도 경주시 용강동,중상사고,0,1,0,0,차대사람 - 기타,안전운전불이행,건조,맑음,교차로 - 교차로안,화물,남,48세,상해없음,보행자,남,80세,중상
2013022800100353,2013년 2월 28일 16시,목요일,경상북도 상주시 남성동,경상사고,0,0,1,0,차대차 - 기타,불법유턴,건조,맑음,교차로 - 교차로안,승용,여,47세,상해없음,자전거,남,75세,경상
2013022800100354,2013년 2월 28일 16시,목요일,경상북도 문경시 영순면,중상사고,0,2,1,0,차대차 - 측면직각충돌,직진우회전진행방해,건조,맑음,교차로 - 교차로안,승용,남,38세,경상,승용,남,44세,중상
2013022800100355,2013년 2월 28일 16시,목요일,경상북도 포항시 남구 효자동,중상사고,0,1,6,0,차대차 - 추돌 - 주정차중,안전운전불이행,건조,맑음,교차로 - 교차로부근,승용,남,47세,상해없음,승용,남,31세,경상
2013022800100375,2013년 2월 28일 17시,목요일,경상북도 칠곡군 석적읍,경상사고,0,0,2,0,차대차 - 추돌 - 진행중,교차로운행방법위반,건조,맑음,교차로 - 교차로안,건설기계,남,29세,상해없음,승용,남,29세,경상
2013022800100376,2013년 2월 28일 17시,목요일,경상북도 문경시 모전동,경상사고,0,0,1,0,차대차 - 측면직각충돌,안전거리미확보,건조,맑음,단일로 - 기타,화물,남,56세,상해없음,원동기,남,27세,경상
2013022800100377,2013년 2월 28일 17시,목요일,경상북도 구미시 도량동,중상사고,0,2,0,0,차대차 - 기타,안전운전불이행,건조,맑음,교차로 - 교차로부근,승용,남,57세,상해없음,승용,남,28세,중상
2013022800100405,2013년 2월 28일 18시,목요일,경상북도 경주시 용강동,중상사고,0,2,0,0,차량단독 - 기타,안전운전불이행,건조,맑음,단일로 - 기타,원동기,남,17세,중상,,,,
2013022800100406,2013년 2월 28일 18시,목요일,경상북도 포항시 북구 흥해읍,중상사고,0,1,2,0,차대차 - 추돌 - 진행중,안전운전불이행,건조,맑음,단일로 - 기타,화물,남,50세,상해없음,승용,남,51세,중상
2013022800100407,2013년 2월 28일 18시,목요일,경상북도 경산시 하양읍,경상사고,0,0,1,0,차대사람 - 기타,안전운전불이행,건조,맑음,단일로 - 기타,화물,남,45세,상해없음,보행자,여,63세,경상
2013022800100452,2013년 2월 28일 19시,목요일,경상북도 칠곡군 북삼읍,경상사고,0,0,1,0,차대차 - 추돌 - 진행중,안전운전불이행,건조,맑음,단일로 - 기타,화물,남,49세,상해없음,이륜,남,34세,경상
2013022800100479,2013년 2월 28일 20시,목요일,경상북도 문경시 모전동,중상사고,0,1,1,0,차대차 - 추돌 - 진행중,안전운전불이행,건조,맑음,단일로 - 기타,승용,여,57세,상해없음,승용,여,47세,경상
2013022800100480,2013년 2월 28일 20시,목요일,경상북도 청도군 매전면,중상사고,0,2,0,0,차대차 - 측면직각충돌,교차로운행방법위반,건조,맑음,교차로 - 교차로안,화물,남,67세,중상,승용,남,46세,중상
2013022800100511,2013년 2월 28일 21시,목요일,경상북도 칠곡군 동명면,중상사고,0,1,1,0,차대차 - 추돌 - 진행중,안전거리미확보,건조,맑음,단일로 - 기타,승용,남,19세,상해없음,승용,남,35세,경상
2013022800100538,2013년 2월 28일 22시,목요일,경상북도 포항시 남구 송도동,경상사고,0,0,1,0,차대차 - 측면직각충돌,신호위반,건조,맑음,교차로 - 교차로안,원동기,여,49세,경상,승용,남,28세,상해없음
2013022800100581,2013년 2월 28일 23시,목요일,경상북도 포항시 북구 죽도동,중상사고,0,1,0,0,차대차 - 측면직각충돌,교차로운행방법위반,건조,맑음,교차로 - 교차로안,승용,여,51세,기타불명,승용,남,56세,중상
2013022800100582,2013년 2월 28일 23시,목요일,경상북도 안동시 옥동,경상사고,0,0,1,0,차대차 - 측면직각충돌,안전운전불이행,건조,맑음,단일로 - 기타,승용,남,32세,상해없음,승용,여,30세,경상
2013030100100027,2013년 3월 1일 00시,금요일,경상북도 영천시 완산동,경상사고,0,0,1,0,차대차 - 측면직각충돌,신호위반,건조,맑음,교차로 - 교차로안,원동기,남,39세,경상,승용,여,52세,상해없음
2013030100100028,2013년 3월 1일 00시,금요일,경상북도 경산시 옥산동,경상사고,0,0,2,0,차대사람 - 보도통행중,보행자보호의무위반,건조,맑음,단일로 - 횡단보도상,승용,여,40세,상해없음,보행자,남,12세,경상
2013030100100067,2013년 3월 1일 01시,금요일,경상북도 문경시 문경읍,중상사고,0,2,0,0,차대차 - 추돌 - 진행중,안전거리미확보,건조,맑음,단일로 - 기타,화물,남,63세,상해없음,승용,남,42세,상해없음
2013030100100146,2013년 3월 1일 05시,금요일,경상북도 포항시 북구 죽도동,중상사고,0,2,0,0,차대차 - 기타,신호위반,습기,비,교차로 - 교차로안,승용,남,26세,상해없음,승용,남,50세,중상
2013030100100147,2013년 3월 1일 05시,금요일,경상북도 구미시 송정동,중상사고,0,1,1,0,차대차 - 측면직각충돌,신호위반,건조,맑음,교차로 - 교차로안,승용,남,32세,상해없음,승용,남,29세,경상
2013030100100171,2013년 3월 1일 06시,금요일,경상북도 경주시 현곡면,중상사고,0,1,0,0,차대사람 - 횡단중,신호위반,습기,비,단일로 - 횡단보도상,승용,남,75세,상해없음,보행자,여,72세,중상
2013030100100172,2013년 3월 1일 06시,금요일,경상북도 칠곡군 지천면,중상사고,0,1,0,0,차대차 - 추돌 - 진행중,안전운전불이행,습기,비,단일로 - 기타,승용,남,31세,상해없음,승용,여,56세,중상
2013030100100205,2013년 3월 1일 08시,금요일,경상북도 칠곡군 왜관읍,부상신고사고,0,0,0,1,차대차 - 추돌 - 주정차중,안전운전불이행,건조,흐림,단일로 - 기타,화물,남,52세,부상신고,승용,남,52세,기타불명
2013030100100206,2013년 3월 1일 08시,금요일,경상북도 구미시 공단동,경상사고,0,0,1,0,차대차 - 측면직각충돌,신호위반,건조,맑음,교차로 - 교차로안,승용,남,25세,상해없음,승용,남,28세,경상
2013030100100220,2013년 3월 1일 09시,금요일,경상북도 안동시 운흥동,중상사고,0,1,1,0,차대차 - 측면직각충돌,신호위반,건조,맑음,교차로 - 교차로안,승용,남,72세,상해없음,승용,여,42세,중상
2013030100100275,2013년 3월 1일 12시,금요일,경상북도 경산시 옥산동,중상사고,0,1,0,0,차대차 - 기타,안전운전불이행,건조,맑음,교차로 - 교차로부근,승용,남,60세,상해없음,승용,여,44세,중상
2013030100100276,2013년 3월 1일 12시,금요일,경상북도 포항시 남구 대잠동,경상사고,0,0,1,0,차대차 - 기타,중앙선침범,건조,맑음,단일로 - 기타,승용,여,41세,상해없음,원동기,남,20세,경상
2013030100100335,2013년 3월 1일 15시,금요일,경상북도 성주군 초전면,경상사고,0,0,1,0,차대차 - 측면직각충돌,직진우회전진행방해,건조,맑음,교차로 - 교차로안,화물,남,70세,상해없음,승용,여,25세,경상
2013030100100366,2013년 3월 1일 16시,금요일,경상북도 구미시 부곡동,경상사고,0,0,1,0,차대차 - 측면직각충돌,안전운전불이행,건조,맑음,교차로 - 교차로안,승용,여,49세,상해없음,이륜,남,16세,경상
2013030100100367,2013년 3월 1일 16시,금요일,경상북도 영천시 도동,경상사고,0,0,2,0,차대차 - 추돌 - 진행중,안전거리미확보,건조,맑음,교차로 - 교차로안,승용,남,31세,상해없음,승용,여,30세,경상
2013030100100368,2013년 3월 1일 16시,금요일,경상북도 구미시 원평동,중상사고,0,1,0,0,차대사람 - 횡단중,보행자보호의무위반,건조,맑음,교차로 - 교차로부근,승용,남,38세,상해없음,보행자,여,9세,중상
2013030100100369,2013년 3월 1일 16시,금요일,경상북도 포항시 남구 효자동,중상사고,0,1,0,0,차대사람 - 기타,안전운전불이행,건조,맑음,단일로 - 기타,승용,남,18세,상해없음,보행자,남,15세,중상
2013030100100396,2013년 3월 1일 17시,금요일,경상북도 경주시 석장동,경상사고,0,0,1,0,차대차 - 측면직각충돌,안전운전불이행,건조,맑음,단일로 - 기타,원동기,남,37세,경상,화물,남,59세,상해없음