사고번호,사고일시,요일,시군구,사고내용,사망자수,중상자수,경상자수,부상신고자수,사고유형,법규위반,노면상태,기상상태,도로형태,가해운전자 차종,가해운전자 성별,가해운전자 연령,가해운전자 상해정도,피해운전자 차종,피해운전자 성별,피해운전자 연령,피해운전자 상해정도
2013030500100142,2013년 3월 5일 09시,화요일,경상북도 경산시 서상동,경상사고,0,0,2,0,차대차 - 기타,안전운전불이행,건조,맑음,교차로 - 교차로부근,승용,남,47세,상해없음,승용,여,34세,경상
2013030500100143,2013년 3월 5일 09시,화요일,경상북도 예천군 예천읍,경상사고,0,0,1,0,차대차 - 기타,안전운전불이행,건조,맑음,교차로 - 교차로안,승용,남,31세,상해없음,화물,남,22세,상해없음
2013030500100177,2013년 3월 5일 10시,화요일,경상북도 경주시 양북면,부상신고사고,0,0,0,1,차량단독 - 전도전복,안전운전불이행,건조,맑음,교차로 - 교차로부근,농기계,남,48세,부상신고,,,,
2013030500100178,2013년 3월 5일 10시,화요일,경상북도 경주시 양남면,경상사고,0,0,1,0,차대차 - 측면직각충돌,중앙선침범,건조,맑음,단일로 - 기타,승용,남,43세,경상,건설기계,남,54세,상해없음
2013030500100179,2013년 3월 5일 10시,화요일,경상북도 안동시 안기동,중상사고,0,1,0,0,차대차 - 추돌 - 진행중,안전거리미확보,건조,맑음,단일로 - 기타,화물,남,40세,상해없음,화물,남,34세,중상
2013030500100180,2013년 3월 5일 10시,화요일,경상북도 김천시 남면,중상사고,0,1,0,0,차대차 - 측면직각충돌,교차로운행방법위반,건조,맑음,단일로 - 기타,특수,남,43세,상해없음,승용,남,29세,중상
2013030500100206,2013년 3월 5일 11시,화요일,경상북도 경주시 동천동,경상사고,0,0,1,0,차대차 - 기타,안전운전불이행,건조,맑음,교차로 - 교차로부근,화물,여,63세,상해없음,자전거,남,34세,경상
2013030500100207,2013년 3월 5일 11시,화요일,경상북도 군위군 의흥면,중상사고,0,1,0,0,차대차 - 측면직각충돌,안전운전불이행,건조,맑음,교차로 - 교차로안,화물,남,47세,상해없음,자전거,남,61세,중상
2013030500100208,2013년 3월 5일 11시,화요일,경상북도 구미시 선산읍,중상사고,0,3,4,0,차대차 - 추돌 - 진행중,안전운전불이행,건조,맑음,단일로 - 기타,승합,남,42세,상해없음,승용,남,64세,중상
2013030500100254,2013년 3월 5일 13시,화요일,경상북도 울진군 평해읍,중상사고,0,2,0,0,차대차 - 추돌 - 진행중,중앙선침범,건조,맑음,단일로 - 기타,승합,남,58세,상해없음,승용,여,55세,중상
2013030500100330,2013년 3월 5일 16시,화요일,경상북도 김천시 대덕면,경상사고,0,0,1,0,차량단독 - 전도전복,안전운전불이행,건조,맑음,단일로 - 기타,승용,남,52세,경상,,,,
2013030500100331,2013년 3월 5일 16시,화요일,경상북도 포항시 남구 연일읍,중상사고,0,1,0,0,차대차 - 기타,안전운전불이행,건조,맑음,단일로 - 횡단보도상,화물,남,52세,상해없음,자전거,남,6세,중상
2013030500100364,2013년 3월 5일 17시,화요일,경상북도 예천군 예천읍,경상사고,0,0,1,0,차대차 - 측면직각충돌,안전운전불이행,건조,맑음,교차로 - 교차로안,화물,남,74세,상해없음,건설기계,남,43세,경상
2013030500100392,2013년 3월 5일 18시,화요일,경상북도 포항시 북구 용흥동,경상사고,0,0,1,0,차대사람 - 기타,보행자보호의무위반,건조,맑음,단일로 - 기타,승용,여,60세,상해없음,보행자,여,38세,경상
2013030500100431,2013년 3월 5일 19시,화요일,경상북도 김천시 구성면,사망사고,1,0,0,0,차대차 - 기타,안전운전불이행,건조,맑음,단일로 - 기타,자전거,여,61세,사망,화물,남,58세,상해없음
2013030500100432,2013년 3월 5일 19시,화요일,경상북도 경산시 하양읍,사망사고,1,0,0,0,차대사람 - 횡단중,안전운전불이행,건조,맑음,단일로 - 횡단보도부근,화물,남,49세,상해없음,보행자,남,71세,사망
2013030500100433,2013년 3월 5일 19시,화요일,경상북도 울진군 북면,중상사고,0,1,0,0,차대사람 - 횡단중,안전운전불이행,건조,맑음,단일로 - 기타,승용,여,50세,상해없음,보행자,남,24세,중상
2013030500100434,2013년 3월 5일 19시,화요일,경상북도 고령군 성산면,중상사고,0,1,0,0,차대사람 - 기타,안전운전불이행,건조,맑음,단일로 - 기타,화물,남,47세,상해없음,보행자,남,74세,중상
2013030500100435,2013년 3월 5일 19시,화요일,경상북도 구미시 도량동,경상사고,0,0,1,0,차대차 - 측면직각충돌,교차로운행방법위반,건조,맑음,교차로 - 교차로안,화물,남,63세,상해없음,이륜,남,24세,경상
2013030500100456,2013년 3월 5일 20시,화요일,경상북도 포항시 북구 장성동,경상사고,0,0,2,0,차대차 - 기타,안전운전불이행,건조,맑음,단일로 - 기타,승용,여,50세,상해없음,승용,여,24세,경상
2013030500100457,2013년 3월 5일 20시,화요일,경상북도 포항시 북구 장성동,경상사고,0,0,1,0,차대차 - 추돌 - 주정차중,안전운전불이행,건조,맑음,단일로 - 기타,원동기,남,21세,상해없음,승용,여,44세,경상
2013030500100458,2013년 3월 5일 20시,화요일,경상북도 경산시 하양읍,경상사고,0,0,1,0,차대차 - 기타,안전운전불이행,건조,맑음,단일로 - 기타,승용,남,23세,상해없음,승용,남,50세,경상
2013030500100513,2013년 3월 5일 22시,화요일,경상북도 안동시 운흥동,중상사고,0,2,1,0,차대차 - 측면직각충돌,신호위반,건조,맑음,교차로 - 교차로안,승용,여,38세,상해없음,승용,남,25세,경상
2013030600100014,2013년 3월 6일 00시,수요일,경상북도 포항시 남구 대도동,중상사고,0,1,0,0,차대사람 - 기타,안전운전불이행,건조,맑음,단일로 - 기타,승용,남,47세,상해없음,보행자,남,58세,중상
2013030600100030,2013년 3월 6일 01시,수요일,경상북도 경주시 동천동,경상사고,0,0,2,0,차대차 - 추돌 - 진행중,안전운전불이행,건조,맑음,단일로 - 기타,승용,남,40세,상해없음,승용,남,28세,경상
2013030600100101,2013년 3월 6일 08시,수요일,경상북도 성주군 성주읍,중상사고,0,2,0,0,차대차 - 측면직각충돌,신호위반,건조,맑음,교차로 - 교차로안,승용,여,37세,중상,건설기계,남,56세,상해없음
2013030600100102,2013년 3월 6일 08시,수요일,경상북도 구미시 신평동,경상사고,0,0,1,0,차대차 - 측면직각충돌,신호위반,건조,맑음,교차로 - 교차로안,화물,남,55세,상해없음,승용,남,25세,경상
2013030600100138,2013년 3월 6일 09시,수요일,경상북도 경산시 와촌면,경상사고,0,0,1,0,차대사람 - 기타,안전운전불이행,건조,맑음,단일로 - 기타,승용,남,66세,상해없음,보행자,여,63세,경상
2013030600100191,2013년 3월 6일 12시,수요일,경상북도 경주시 성동동,중상사고,0,1,0,0,차대차 - 기타,안전운전불이행,건조,흐림,교차로 - 교차로부근,화물,남,33세,상해없음,자전거,여,55세,중상
2013030600100192,2013년 3월 6일 12시,수요일,경상북도 포항시 북구 흥해읍,경상사고,0,0,2,0,차대차 - 측면직각충돌,안전운전불이행,건조,맑음,단일로 - 기타,화물,남,56세,상해없음,승용,남,42세,경상
2013030600100221,2013년 3월 6일 13시,수요일,경상북도 김천시 삼락동,경상사고,0,0,1,0,차대차 - 측면직각충돌,안전운전불이행,건조,맑음,교차로 - 교차로안,승용,여,54세,상해없음,승용,남,45세,경상
2013030600100222,2013년 3월 6일 13시,수요일,경상북도 의성군 봉양면,경상사고,0,0,1,0,차대사람 - 횡단중,보행자보호의무위반,건조,맑음,교차로 - 교차로안,화물,남,72세,상해없음,보행자,남,9세,경상
2013030600100223,2013년 3월 6일 13시,수요일,경상북도 고령군 고령읍,중상사고,0,1,0,0,차대사람 - 차도통행중,안전운전불이행,건조,맑음,단일로 - 기타,화물,남,56세,상해없음,보행자,여,47세,중상
2013030600100224,2013년 3월 6일 13시,수요일,경상북도 구미시 송정동,경상사고,0,0,2,0,차대차 - 기타,안전운전불이행,건조,맑음,교차로 - 교차로부근,승용,남,61세,상해없음,승합,남,54세,경상
2013030600100225,2013년 3월 6일 13시,수요일,경상북도 구미시 원평동,경상사고,0,0,1,0,차대사람 - 기타,안전운전불이행,건조,맑음,기타 - 기타,승용,남,58세,상해없음,보행자,여,25세,경상
2013030600100245,2013년 3월 6일 14시,수요일,경상북도 김천시 신음동,중상사고,0,1,0,0,차대차 - 측면직각충돌,교차로운행방법위반,건조,맑음,교차로 - 교차로안,승용,남,19세,상해없음,이륜,남,50세,중상
2013030600100269,2013년 3월 6일 15시,수요일,경상북도 상주시 남성동,경상사고,0,0,1,0,차대차 - 기타,안전운전불이행,건조,맑음,단일로 - 기타,화물,남,63세,상해없음,승합,여,50세,경상
2013030600100270,2013년 3월 6일 15시,수요일,경상북도 문경시 영신동,경상사고,0,0,3,0,차대차 - 측면직각충돌,직진우회전진행방해,건조,맑음,교차로 - 교차로안,승용,여,40세,경상,승용,여,43세,경상
2013030600100271,2013년 3월 6일 15시,수요일,경상북도 경산시 용성면,경상사고,0,0,1,0,차대차 - 기타,안전운전불이행,건조,맑음,단일로 - 기타,화물,남,29세,상해없음,이륜,남,73세,경상
2013030600100272,2013년 3월 6일 15시,수요일,경상북도 영덕군 영덕읍,중상사고,0,1,0,0,차대사람 - 기타,안전운전불이행,건조,맑음,교차로 - 교차로안,승용,여,54세,상해없음,보행자,여,85세,중상
2013030600100298,2013년 3월 6일 16시,수요일,경상북도 경주시 황용동,중상사고,0,2,1,0,차대차 - 정면충돌,중앙선침범,건조,맑음,단일로 - 기타,승용,여,52세,상해없음,화물,남,31세,중상
2013030600100318,2013년 3월 6일 17시,수요일,경상북도 안동시 북후면,부상신고사고,0,0,0,1,차량단독 - 공작물충돌,안전운전불이행,건조,맑음,기타 - 기타,화물,남,59세,부상신고,,,,
2013030600100319,2013년 3월 6일 17시,수요일,경상북도 포항시 남구 장흥동,경상사고,0,0,1,0,차대차 - 측면직각충돌,안전운전불이행,건조,맑음,단일로 - 기타,특수,남,56세,상해없음,승용,남,35세,경상
2013030600100320,2013년 3월 6일 17시,수요일,경상북도 경산시 남천면,경상사고,0,0,2,0,차대차 - 추돌 - 진행중,안전운전불이행,건조,맑음,단일로 - 기타,승용,남,59세,상해없음,승용,여,26세,경상
2013030600100353,2013년 3월 6일 18시,수요일,경상북도 경주시 동천동,경상사고,0,0,1,0,차대차 - 기타,안전운전불이행,건조,맑음,교차로 - 교차로안,이륜,남,31세,경상,승용,남,36세,상해없음
2013030600100354,2013년 3월 6일 18시,수요일,경상북도 경산시 진량읍,중상사고,0,1,0,0,차대사람 - 기타,안전운전불이행,건조,맑음,단일로 - 기타,승용,여,57세,상해없음,보행자,남,8세,중상
2013030600100355,2013년 3월 6일 18시,수요일,경상북도 고령군 고령읍,중상사고,0,1,1,0,차대차 - 측면직각충돌,교차로운행방법위반,건조,맑음,교차로 - 교차로안,승용,남,56세,경상,승용,여,40세,중상
2013030600100356,2013년 3월 6일 18시,수요일,경상북도 구미시 임은동,중상사고,0,1,0,0,차대차 - 측면직각충돌,안전거리미확보,건조,맑음,교차로 - 교차로부근,화물,남,40세,기타불명,승용,여,34세,중상
2013030600100383,2013년 3월 6일 19시,수요일,경상북도 경주시 용강동,경상사고,0,0,1,0,차량단독 - 기타,기타,건조,맑음,단일로 - 기타,승합,남,53세,상해없음,,,,
2013030600100384,2013년 3월 6일 19시,수요일,경상북도 포항시 북구 대흥동,중상사고,0,1,0,0,차대사람 - 횡단중,보행자보호의무위반,건조,맑음,교차로 - 교차로부근,승용,여,41세,상해없음,보행자,남,26세,중상
2013030600100385,2013년 3월 6일 19시,수요일,경상북도 포항시 북구 우현동,중상사고,0,1,0,0,차대사람 - 기타,교차로운행방법위반,건조,맑음,교차로 - 교차로안,승용,남,57세,상해없음,보행자,여,52세,중상
2013030600100386,2013년 3월 6일 19시,수요일,경상북도 영주시 휴천동,경상사고,0,0,2,0,차대차 - 기타,교차로운행방법위반,건조,맑음,교차로 - 교차로안,승용,여,51세,경상,승용,남,37세,경상
2013030600100387,2013년 3월 6일 19시,수요일,경상북도 구미시 인의동,중상사고,0,1,0,0,차대사람 - 기타,보행자보호의무위반,건조,맑음,단일로 - 횡단보도상,승용,남,24세,상해없음,보행자,남,9세,중상
2013030600100388,2013년 3월 6일 19시,수요일,경상북도 구미시 원평동,중상사고,0,1,0,0,차대차 - 측면직각충돌,직진우회전진행방해,건조,맑음,교차로 - 교차로안,이륜,남,52세,중상,승용,남,23세,상해없음
2013030600100389,2013년 3월 6일 19시,수요일,경상북도 포항시 남구 이동,경상사고,0,0,1,0,차대차 - 추돌 - 주정차중,안전운전불이행,건조,맑음,단일로 - 기타,승용,여,38세,상해없음,화물,여,48세,경상
2013030600100418,2013년 3월 6일 20시,수요일,경상북도 김천시 평화동,경상사고,0,0,1,0,차대차 - 측면직각충돌,중앙선침범,건조,맑음,단일로 - 기타,승용,남,46세,상해없음,승용,여,33세,경상
2013030600100444,2013년 3월 6일 21시,수요일,경상북도 김천시 신음동,경상사고,0,0,3,0,차대차 - 측면직각충돌,안전운전불이행,건조,맑음,단일로 - 기타,화물,남,48세,상해없음,승용,여,51세,경상
2013030600100445,2013년 3월 6일 21시,수요일,경상북도 경산시 사동,경상사고,0,0,1,0,차대차 - 측면직각충돌,신호위반,건조,맑음,교차로 - 교차로안,승용,남,49세,상해없음,승용,남,29세,경상
2013030600100467,2013년 3월 6일 22시,수요일,경상북도 경산시 옥산동,중상사고,0,1,0,0,차대차 - 기타,안전거리미확보,건조,맑음,교차로 - 교차로부근,이륜,남,25세,중상,승용,여,32세,상해없음
2013030600100468,2013년 3월 6일 22시,수요일,경상북도 포항시 남구 오천읍,중상사고,0,2,0,0,차대차 - 추돌 - 주정차중,안전운전불이행,건조,맑음,교차로 - 교차로부근,승용,여,33세,상해없음,승용,여,51세,중상
2013030600100493,2013년 3월 6일 23시,수요일,경상북도 칠곡군 왜관읍,사망사고,1,0,0,0,차대사람 - 기타,안전운전불이행,건조,맑음,단일로 - 기타,승용,여,31세,상해없음,보행자,남,80세,사망
2013030600100494,2013년 3월 6일 23시,수요일,경상북도 포항시 남구 상도동,부상신고사고,0,0,0,1,차대차 - 측면직각충돌,중앙선침범,건조,맑음,단일로 - 기타,승용,남,31세,부상신고,승용,남,39세,상해없음
2013030700100013,2013년 3월 7일 00시,목요일,경상북도 구미시 옥계동,부상신고사고,0,0,0,1,차대차 - 기타,안전운전불이행,건조,맑음,교차로 - 교차로부근,승용,남,21세,부상신고,승용,여,46세,기타불명
2013030700100027,2013년 3월 7일 01시,목요일,경상북도 포항시 북구 죽도동,경상사고,0,0,2,0,차대차 - 기타,안전운전불이행,건조,맑음,단일로 - 기타,승용,남,26세,상해없음,승용,남,45세,경상
2013030700100049,2013년 3월 7일 03시,목요일,경상북도 구미시 황상동,경상사고,0,0,1,0,차대사람 - 기타,안전운전불이행,건조,맑음,단일로 - 기타,기타불명,기타불명,기타불명,기타불명,보행자,남,19세,경상
2013030700100094,2013년 3월 7일 07시,목요일,경상북도 영주시 가흥동,경상사고,0,0,3,0,차대차 - 측면직각충돌,직진우회전진행방해,건조,흐림,교차로 - 교차로안,승용,남,50세,경상,승합,남,55세,경상
2013030700100095,2013년 3월 7일 07시,목요일,경상북도 영천시 도남동,경상사고,0,0,1,0,차대차 - 기타,안전운전불이행,건조,맑음,교차로 - 교차로안,화물,남,41세,상해없음,승용,남,52세,경상
2013030700100096,2013년 3월 7일 07시,목요일,경상북도 성주군 성주읍,중상사고,0,1,2,0,차대차 - 측면직각충돌,안전운전불이행,건조,맑음,교차로 - 교차로안,승용,여,46세,상해없음,원동기,여,37세,경상
2013030700100097,2013년 3월 7일 07시,목요일,경상북도 구미시 원평동,경상사고,0,0,1,0,차대차 - 측면직각충돌,안전운전불이행,건조,맑음,교차로 - 교차로안,이륜,남,41세,경상,승용,남,61세,상해없음
2013030700100138,2013년 3월 7일 09시,목요일,경상북도 경주시 황성동,경상사고,0,0,1,0,차대차 - 측면직각충돌,중앙선침범,건조,맑음,단일로 - 기타,화물,남,62세,상해없음,승용,여,46세,경상
2013030700100161,2013년 3월 7일 10시,목요일,경상북도 경주시 용강동,중상사고,0,2,0,0,차대차 - 측면직각충돌,신호위반,건조,맑음,교차로 - 교차로부근,승용,남,37세,중상,승용,남,52세,중상
2013030700100162,2013년 3월 7일 10시,목요일,경상북도 김천시 아포읍,경상사고,0,0,2,0,차대차 - 측면직각충돌,차로위반,건조,맑음,교차로 - 교차로안,승용,남,19세,상해없음,승용,여,42세,경상
2013030700100185,2013년 3월 7일 11시,목요일,경상북도 포항시 북구 대신동,경상사고,0,0,2,0,차대차 - 기타,안전운전불이행,건조,맑음,교차로 - 교차로안,승용,남,67세,상해없음,승용,남,36세,경상
2013030700100186,2013년 3월 7일 11시,목요일,경상북도 안동시 송현동,중상사고,0,1,0,0,차대차 - 추돌 - 진행중,안전운전불이행,습기,비,교차로 - 교차로부근,화물,남,46세,상해없음,승용,남,69세,중상
2013030700100187,2013년 3월 7일 11시,목요일,경상북도 김천시 증산면,중상사고,0,2,0,0,차대차 - 측면직각충돌,중앙선침범,건조,맑음,단일로 - 기타,승합,여,46세,상해없음,승용,여,44세,중상
2013030700100188,2013년 3월 7일 11시,목요일,경상북도 경산시 하양읍,경상사고,0,0,1,0,차대차 - 측면직각충돌,안전운전불이행,건조,맑음,교차로 - 교차로안,승용,남,65세,상해없음,이륜,남,74세,경상
2013030700100217,2013년 3월 7일 12시,목요일,경상북도 영천시 완산동,경상사고,0,0,1,0,차대사람 - 차도통행중,안전운전불이행,건조,맑음,단일로 - 기타,승용,남,64세,상해없음,보행자,남,40세,경상
2013030700100239,2013년 3월 7일 13시,목요일,경상북도 포항시 북구 죽도동,중상사고,0,1,0,0,차대사람 - 횡단중,안전운전불이행,건조,맑음,단일로 - 기타,승용,여,34세,상해없음,보행자,여,21세,중상
2013030700100241,2013년 3월 7일 13시,목요일,경상북도 경산시 중방동,중상사고,0,1,0,0,차대차 - 기타,안전운전불이행,건조,맑음,단일로 - 기타,승용,남,45세,상해없음,승합,남,41세,상해없음
2013030700100242,2013년 3월 7일 13시,목요일,경상북도 구미시 원평동,중상사고,0,2,0,0,차대차 - 기타,직진우회전진행방해,건조,맑음,교차로 - 교차로안,승용,남,44세,중상,승용,여,42세,중상
2013030700100243,2013년 3월 7일 13시,목요일,경상북도 포항시 남구 상도동,경상사고,0,0,2,0,차대차 - 추돌 - 주정차중,안전운전불이행,건조,맑음,교차로 - 교차로부근,화물,남,44세,상해없음,화물,남,40세,상해없음
2013030700100278,2013년 3월 7일 15시,목요일,경상북도 구미시 인의동,경상사고,0,0,1,0,차대사람 - 기타,보행자보호의무위반,건조,맑음,단일로 - 횡단보도상,화물,남,55세,상해없음,보행자,남,22세,경상
2013030700100301,2013년 3월 7일 16시,목요일,경상북도 포항시 북구 흥해읍,중상사고,0,1,0,0,차대사람 - 횡단중,안전운전불이행,건조,맑음,단일로 - 기타,화물,남,42세,상해없음,보행자,여,11세,중상
2013030700100326,2013년 3월 7일 17시,목요일,경상북도 경주시 노서동,경상사고,0,0,1,0,차대사람 - 기타,보행자보호의무위반,건조,맑음,교차로 - 교차로부근,승용,여,48세,상해없음,보행자,남,71세,경상
2013030700100327,2013년 3월 7일 17시,목요일,경상북도 포항시 남구 연일읍,중상사고,0,1,0,0,차대사람 - 기타,안전운전불이행,건조,맑음,단일로 - 기타,승용,남,42세,상해없음,보행자,여,14세,중상
2013030700100361,2013년 3월 7일 18시,목요일,경상북도 포항시 북구 흥해읍,중상사고,0,2,0,0,차대차 - 측면직각충돌,안전운전불이행,건조,맑음,단일로 - 기타,승용,남,43세,상해없음,승용,남,38세,중상
2013030700100362,2013년 3월 7일 18시,목요일,경상북도 문경시 점촌동,경상사고,0,0,1,0,차대차 - 기타,중앙선침범,건조,맑음,교차로 - 교차로부근,승용,남,51세,상해없음,승용,남,34세,경상
2013030700100363,2013년 3월 7일 18시,목요일,경상북도 청송군 진보면,경상사고,0,0,2,0,차대차 - 측면직각충돌,교차로운행방법위반,건조,맑음,교차로 - 교차로안,화물,남,44세,상해없음,승용,남,74세,경상
2013030700100395,2013년 3월 7일 19시,목요일,경상북도 안동시 법흥동,중상사고,0,1,0,0,차대사람 - 보도통행중,신호위반,건조,맑음,교차로 - 교차로안,화물,남,56세,상해없음,보행자,여,17세,중상
2013030700100396,2013년 3월 7일 19시,목요일,경상북도 구미시 임은동,사망사고,1,2,0,0,차대차 - 기타,중앙선침범,건조,맑음,단일로 - 기타,승용,남,61세,사망,승용,남,39세,상해없음
2013030700100420,2013년 3월 7일 20시,목요일,경상북도 경주시 양남면,중상사고,0,1,5,0,차대차 - 측면직각충돌,신호위반,건조,맑음,교차로 - 교차로안,건설기계,남,54세,상해없음,승합,남,57세,중상
2013030700100421,2013년 3월 7일 20시,목요일,경상북도 구미시 임은동,경상사고,0,0,1,0,차대차 - 기타,신호위반,건조,맑음,교차로 - 교차로안,승용,남,61세,상해없음,자전거,여,40세,경상
2013030700100454,2013년 3월 7일 21시,목요일,경상북도 칠곡군 석적읍,중상사고,0,1,0,0,차대차 - 추돌 - 진행중,안전거리미확보,건조,맑음,단일로 - 기타,승용,남,26세,상해없음,이륜,남,32세,중상
2013030700100480,2013년 3월 7일 22시,목요일,경상북도 경주시 외동읍,경상사고,0,0,1,0,차대차 - 측면직각충돌,중앙선침범,건조,맑음,단일로 - 기타,승용,남,38세,상해없음,화물,남,55세,경상
2013030700100508,2013년 3월 7일 23시,목요일,경상북도 포항시 남구 청림동,중상사고,0,1,1,0,차대차 - 추돌 - 주정차중,안전운전불이행,건조,맑음,교차로 - 교차로부근,화물,남,48세,상해없음,승용,남,28세,경상
2013030700100509,2013년 3월 7일 23시,목요일,경상북도 영천시 북안면,사망사고,1,1,0,0,차대차 - 추돌 - 진행중,안전운전불이행,건조,맑음,단일로 - 기타,화물,남,61세,사망,화물,남,32세,중상
2013030800100014,2013년 3월 8일 00시,금요일,경상북도 칠곡군 가산면,중상사고,0,2,0,0,차대차 - 추돌 - 진행중,안전거리미확보,건조,맑음,단일로 - 기타,승용,남,31세,상해없음,승용,남,24세,중상
2013030800100015,2013년 3월 8일 00시,금요일,경상북도 구미시 상모동,경상사고,0,0,2,0,차대차 - 기타,중앙선침범,건조,맑음,단일로 - 기타,승용,남,31세,상해없음,승용,남,41세,경상
2013030800100016,2013년 3월 8일 00시,금요일,경상북도 구미시 황상동,경상사고,0,0,1,0,차대차 - 기타,안전운전불이행,건조,맑음,교차로 - 교차로부근,승용,남,34세,상해없음,승용,남,46세,상해없음
2013030800100028,2013년 3월 8일 01시,금요일,경상북도 칠곡군 약목면,중상사고,0,1,0,0,차대차 - 추돌 - 진행중,안전운전불이행,건조,맑음,교차로 - 교차로부근,승용,남,33세,상해없음,승용,여,26세,중상
2013030800100029,2013년 3월 8일 01시,금요일,경상북도 구미시 구평동,중상사고,0,1,0,0,차대차 - 정면충돌,중앙선침범,건조,맑음,단일로 - 기타,승용,남,24세,상해없음,승합,남,50세,상해없음
2013030800100045,2013년 3월 8일 02시,금요일,경상북도 칠곡군 왜관읍,부상신고사고,0,0,0,1,차량단독 - 공작물충돌,안전운전불이행,건조,맑음,단일로 - 기타,승용,남,30세,부상신고,,,,
2013030800100046,2013년 3월 8일 02시,금요일,경상북도 포항시 남구 대도동,중상사고,0,1,0,0,차대사람 - 기타,안전운전불이행,건조,맑음,단일로 - 기타,승용,남,33세,상해없음,보행자,남,43세,중상
2013030800100135,2013년 3월 8일 08시,금요일,경상북도 상주시 남성동,중상사고,0,1,1,0,차대차 - 측면직각충돌,교차로운행방법위반,건조,맑음,교차로 - 교차로안,원동기,여,68세,중상,승용,남,42세,상해없음
2013030800100136,2013년 3월 8일 08시,금요일,경상북도 경산시 정평동,경상사고,0,0,1,0,차대차 - 기타,교차로운행방법위반,건조,맑음,교차로 - 교차로안,승용,여,58세,상해없음,승용,남,39세,경상
2013030800100176,2013년 3월 8일 10시,금요일,경상북도 김천시 남산동,경상사고,0,0,1,0,차대차 - 측면직각충돌,안전운전불이행,건조,맑음,단일로 - 기타,승용,여,46세,상해없음,이륜,남,75세,경상
2013030800100177,2013년 3월 8일 10시,금요일,경상북도 상주시 성동동,중상사고,0,1,0,0,차대차 - 기타,중앙선침범,건조,맑음,단일로 - 기타,승용,여,48세,상해없음,이륜,남,74세,중상
2013030800100178,2013년 3월 8일 10시,금요일,경상북도 구미시 공단동,중상사고,0,1,0,0,차대사람 - 횡단중,보행자보호의무위반,건조,맑음,단일로 - 횡단보도상,화물,여,53세,상해없음,보행자,여,72세,중상
2013030800100199,2013년 3월 8일 11시,금요일,경상북도 상주시 낙양동,중상사고,0,1,0,0,차대사람 - 횡단중,안전운전불이행,건조,맑음,단일로 - 기타,승용,남,62세,상해없음,보행자,여,90세 이상,중상
2013030800100220,2013년 3월 8일 12시,금요일,경상북도 경산시 사정동,경상사고,0,0,2,0,차대차 - 측면직각충돌,안전운전불이행,건조,맑음,단일로 - 기타,화물,남,41세,상해없음,승용,남,22세,경상
2013030800100221,2013년 3월 8일 12시,금요일,경상북도 영천시 금호읍,경상사고,0,0,1,0,차대차 - 추돌 - 진행중,안전운전불이행,건조,맑음,단일로 - 기타,화물,남,41세,상해없음,승용,여,55세,경상
2013030800100243,2013년 3월 8일 13시,금요일,경상북도 포항시 북구 환호동,중상사고,0,1,2,0,차대차 - 기타,차로위반,건조,맑음,단일로 - 기타,승용,남,64세,상해없음,화물,남,39세,경상
2013030800100244,2013년 3월 8일 13시,금요일,경상북도 김천시 평화동,경상사고,0,0,1,0,차대차 - 측면직각충돌,안전운전불이행,건조,맑음,단일로 - 기타,승용,남,65세,상해없음,이륜,남,44세,경상
2013030800100245,2013년 3월 8일 13시,금요일,경상북도 김천시 지좌동,경상사고,0,0,1,0,차대차 - 측면직각충돌,중앙선침범,건조,맑음,단일로 - 횡단보도상,승용,남,26세,상해없음,화물,남,54세,경상
2013030800100246,2013년 3월 8일 13시,금요일,경상북도 포항시 남구 장흥동,중상사고,0,1,0,0,차대차 - 추돌 - 주정차중,안전운전불이행,건조,맑음,교차로 - 교차로부근,승용,남,52세,상해없음,승용,여,44세,중상
2013030800100272,2013년 3월 8일 14시,금요일,경상북도 영천시 금호읍,중상사고,0,1,0,0,차량단독 - 기타,안전운전불이행,건조,맑음,단일로 - 기타,이륜,남,74세,중상,,,,
2013030800100273,2013년 3월 8일 14시,금요일,경상북도 예천군 예천읍,중상사고,0,1,0,0,차대사람 - 기타,안전운전불이행,건조,맑음,단일로 - 기타,승용,남,48세,상해없음,보행자,남,76세,중상
2013030800100274,2013년 3월 8일 14시,금요일,경상북도 포항시 남구 연일읍,경상사고,0,0,1,0,차대사람 - 기타,안전운전불이행,건조,맑음,단일로 - 기타,기타불명,기타불명,기타불명,기타불명,보행자,남,10세,경상
2013030800100300,2013년 3월 8일 15시,금요일,경상북도 경주시 외동읍,경상사고,0,0,2,0,차대차 - 측면직각충돌,안전운전불이행,건조,맑음,교차로 - 교차로안,농기계,남,66세,경상,화물,남,45세,경상
2013030800100301,2013년 3월 8일 15시,금요일,경상북도 안동시 송현동,중상사고,0,1,0,0,차대사람 - 횡단중,안전운전불이행,건조,맑음,단일로 - 기타,승용,여,22세,상해없음,보행자,남,9세,중상
2013030800100302,2013년 3월 8일 15시,금요일,경상북도 영천시 대창면,경상사고,0,0,1,0,차대차 - 기타,안전운전불이행,건조,맑음,기타 - 기타,화물,남,44세,상해없음,이륜,남,48세,경상
2013030800100303,2013년 3월 8일 15시,금요일,경상북도 고령군 쌍림면,사망사고,1,0,0,0,차량단독 - 공작물충돌,안전운전불이행,건조,맑음,단일로 - 기타,화물,남,68세,사망,,,,
2013030800100326,2013년 3월 8일 16시,금요일,경상북도 경주시 안강읍,중상사고,0,1,0,0,차대차 - 측면직각충돌,안전운전불이행,건조,맑음,교차로 - 교차로안,승용,남,63세,상해없음,원동기,남,73세,중상
2013030800100327,2013년 3월 8일 16시,금요일,경상북도 안동시 풍산읍,경상사고,0,0,1,0,차대차 - 추돌 - 진행중,기타,건조,맑음,교차로 - 교차로안,이륜,남,71세,경상,승용,남,52세,상해없음