사고번호,사고일시,요일,시군구,사고내용,사망자수,중상자수,경상자수,부상신고자수,사고유형,법규위반,노면상태,기상상태,도로형태,가해운전자 차종,가해운전자 성별,가해운전자 연령,가해운전자 상해정도,피해운전자 차종,피해운전자 성별,피해운전자 연령,피해운전자 상해정도
2013030800100328,2013년 3월 8일 16시,금요일,경상북도 구미시 황상동,경상사고,0,0,1,0,차대차 - 기타,안전운전불이행,건조,맑음,교차로 - 교차로부근,승용,여,48세,상해없음,이륜,남,43세,경상
2013030800100359,2013년 3월 8일 17시,금요일,경상북도 경주시 사정동,중상사고,0,3,1,0,차대차 - 추돌 - 주정차중,안전운전불이행,건조,맑음,단일로 - 기타,화물,남,39세,중상,건설기계,남,35세,중상
2013030800100360,2013년 3월 8일 17시,금요일,경상북도 포항시 북구 죽도동,중상사고,0,1,0,0,차대사람 - 기타,기타,건조,맑음,기타 - 기타,원동기,남,17세,상해없음,보행자,여,13세,중상
2013030800100361,2013년 3월 8일 17시,금요일,경상북도 경산시 자인면,중상사고,0,1,0,0,차대차 - 기타,안전운전불이행,건조,맑음,단일로 - 기타,화물,남,72세,상해없음,이륜,남,66세,중상
2013030800100362,2013년 3월 8일 17시,금요일,경상북도 울릉군 서면,경상사고,0,0,1,0,차대차 - 기타,안전운전불이행,건조,맑음,기타 - 기타,화물,남,59세,상해없음,이륜,남,60세,경상
2013030800100363,2013년 3월 8일 17시,금요일,경상북도 구미시 고아읍,중상사고,0,2,0,0,차대차 - 기타,안전운전불이행,건조,맑음,단일로 - 기타,승합,남,74세,상해없음,이륜,남,74세,중상
2013030800100399,2013년 3월 8일 18시,금요일,경상북도 청송군 청송읍,중상사고,0,1,0,0,차대사람 - 횡단중,보행자보호의무위반,건조,맑음,단일로 - 횡단보도상,승용,남,50세,상해없음,보행자,남,67세,중상
2013030800100440,2013년 3월 8일 19시,금요일,경상북도 칠곡군 지천면,경상사고,0,0,1,0,차대차 - 기타,안전운전불이행,건조,맑음,교차로 - 교차로부근,화물,남,62세,상해없음,원동기,남,30세,경상
2013030800100441,2013년 3월 8일 19시,금요일,경상북도 칠곡군 석적읍,경상사고,0,0,1,0,차대차 - 추돌 - 진행중,안전운전불이행,건조,맑음,단일로 - 기타,화물,남,37세,상해없음,화물,남,45세,경상
2013030800100442,2013년 3월 8일 19시,금요일,경상북도 경산시 남방동,중상사고,0,2,0,0,차대차 - 측면직각충돌,신호위반,건조,맑음,교차로 - 교차로안,승용,남,43세,상해없음,승용,남,22세,중상
2013030800100468,2013년 3월 8일 20시,금요일,경상북도 경주시 용강동,경상사고,0,0,3,0,차대차 - 측면직각충돌,안전운전불이행,건조,맑음,단일로 - 기타,승용,남,70세,경상,승용,남,64세,경상
2013030800100469,2013년 3월 8일 20시,금요일,경상북도 경주시 안강읍,경상사고,0,0,1,0,차대사람 - 기타,안전운전불이행,건조,맑음,단일로 - 기타,승용,남,46세,상해없음,보행자,남,62세,경상
2013030800100470,2013년 3월 8일 20시,금요일,경상북도 김천시 감문면,중상사고,0,1,0,0,차대차 - 측면직각충돌,안전운전불이행,건조,맑음,단일로 - 기타,화물,남,52세,상해없음,화물,남,27세,기타불명
2013030800100471,2013년 3월 8일 20시,금요일,경상북도 영주시 휴천동,중상사고,0,1,0,0,차대사람 - 횡단중,신호위반,건조,맑음,교차로 - 교차로안,이륜,남,28세,상해없음,보행자,여,54세,중상
2013030800100472,2013년 3월 8일 20시,금요일,경상북도 칠곡군 북삼읍,경상사고,0,0,1,0,차대차 - 측면직각충돌,신호위반,건조,맑음,교차로 - 교차로안,승용,여,46세,상해없음,화물,남,62세,경상
2013030800100473,2013년 3월 8일 20시,금요일,경상북도 영덕군 강구면,중상사고,0,2,1,0,차대차 - 정면충돌,중앙선침범,건조,맑음,단일로 - 교량,승용,남,31세,경상,승용,여,47세,중상
2013030800100474,2013년 3월 8일 20시,금요일,경상북도 포항시 남구 장흥동,중상사고,0,1,0,0,차대차 - 측면직각충돌,신호위반,건조,맑음,교차로 - 교차로안,승용,남,34세,상해없음,승용,남,30세,중상
2013030800100509,2013년 3월 8일 21시,금요일,경상북도 포항시 남구 오천읍,중상사고,0,1,0,0,차대사람 - 기타,신호위반,건조,맑음,교차로 - 교차로안,원동기,남,70세,상해없음,보행자,여,23세,중상
2013030800100536,2013년 3월 8일 22시,금요일,경상북도 구미시 구평동,중상사고,0,1,0,0,차대사람 - 기타,보행자보호의무위반,건조,맑음,교차로 - 교차로부근,승용,여,49세,기타불명,보행자,남,50세,중상
2013030800100537,2013년 3월 8일 22시,금요일,경상북도 포항시 남구 송내동,경상사고,0,0,3,0,차대차 - 추돌 - 주정차중,안전운전불이행,건조,맑음,단일로 - 기타,승용,남,49세,상해없음,승용,여,18세,경상
2013030800100565,2013년 3월 8일 23시,금요일,경상북도 경산시 옥곡동,중상사고,0,1,1,0,차대차 - 기타,안전거리미확보,건조,맑음,단일로 - 기타,승용,여,45세,상해없음,승용,남,38세,경상
2013030900100012,2013년 3월 9일 00시,토요일,경상북도 안동시 당북동,경상사고,0,0,1,0,차대차 - 추돌 - 주정차중,안전운전불이행,건조,맑음,교차로 - 교차로부근,화물,남,42세,상해없음,이륜,남,72세,경상
2013030900100013,2013년 3월 9일 00시,토요일,경상북도 구미시 남통동,경상사고,0,0,1,0,차대차 - 기타,안전운전불이행,건조,맑음,기타 - 기타,기타불명,기타불명,1세,기타불명,승용,남,38세,경상
2013030900100061,2013년 3월 9일 02시,토요일,경상북도 구미시 비산동,경상사고,0,0,3,0,차대차 - 기타,안전운전불이행,건조,맑음,단일로 - 기타,승용,여,45세,상해없음,승용,남,53세,경상
2013030900100082,2013년 3월 9일 03시,토요일,경상북도 영천시 신령면,사망사고,1,0,0,0,차량단독 - 공작물충돌,안전운전불이행,건조,맑음,단일로 - 기타,승용,남,47세,사망,,,,
2013030900100083,2013년 3월 9일 03시,토요일,경상북도 구미시 임수동,경상사고,0,0,2,0,차대차 - 기타,신호위반,건조,맑음,교차로 - 교차로안,승용,여,27세,경상,승용,남,36세,경상
2013030900100090,2013년 3월 9일 04시,토요일,경상북도 칠곡군 석적읍,부상신고사고,0,0,0,1,차대차 - 측면직각충돌,안전운전불이행,건조,맑음,단일로 - 기타,승용,남,45세,부상신고,승용,남,43세,기타불명
2013030900100091,2013년 3월 9일 04시,토요일,경상북도 구미시 진평동,경상사고,0,0,1,0,차대차 - 기타,안전운전불이행,건조,맑음,기타 - 기타,승용,남,23세,상해없음,승용,남,35세,경상
2013030900100109,2013년 3월 9일 05시,토요일,경상북도 구미시 공단동,경상사고,0,0,1,1,차량단독 - 공작물충돌,안전운전불이행,건조,맑음,교차로 - 교차로부근,승용,남,27세,부상신고,,,,
2013030900100123,2013년 3월 9일 06시,토요일,경상북도 경주시 안강읍,경상사고,0,0,1,0,차대차 - 측면직각충돌,안전운전불이행,건조,맑음,교차로 - 교차로안,화물,남,73세,상해없음,자전거,여,54세,경상
2013030900100124,2013년 3월 9일 06시,토요일,경상북도 포항시 북구 죽도동,중상사고,0,1,3,0,차대차 - 기타,신호위반,건조,맑음,교차로 - 교차로안,승용,남,55세,상해없음,원동기,남,37세,중상
2013030900100143,2013년 3월 9일 07시,토요일,경상북도 경주시 천북면,중상사고,0,1,0,0,차대차 - 기타,안전운전불이행,건조,맑음,교차로 - 교차로부근,승용,남,61세,상해없음,승용,남,28세,중상
2013030900100159,2013년 3월 9일 08시,토요일,경상북도 영천시 야사동,중상사고,0,1,1,0,차대차 - 정면충돌,중앙선침범,건조,맑음,단일로 - 기타,승용,남,40세,상해없음,승용,남,32세,경상
2013030900100160,2013년 3월 9일 08시,토요일,경상북도 경산시 진량읍,중상사고,0,1,0,0,차대차 - 기타,교차로운행방법위반,건조,맑음,교차로 - 교차로안,승용,여,29세,상해없음,농기계,남,69세,중상
2013030900100190,2013년 3월 9일 09시,토요일,경상북도 포항시 남구 연일읍,중상사고,0,1,1,0,차대차 - 측면직각충돌,직진우회전진행방해,건조,맑음,교차로 - 교차로안,승용,남,35세,상해없음,승용,여,37세,중상
2013030900100207,2013년 3월 9일 10시,토요일,경상북도 문경시 점촌동,경상사고,0,0,1,0,차대차 - 측면직각충돌,직진우회전진행방해,건조,맑음,교차로 - 교차로안,승용,남,71세,상해없음,승합,남,52세,상해없음
2013030900100208,2013년 3월 9일 10시,토요일,경상북도 구미시 신평동,경상사고,0,0,2,0,차대차 - 측면직각충돌,교차로운행방법위반,건조,맑음,교차로 - 교차로안,승용,남,28세,상해없음,승용,여,49세,경상
2013030900100242,2013년 3월 9일 11시,토요일,경상북도 상주시 남성동,중상사고,0,1,0,0,차대차 - 측면직각충돌,교차로운행방법위반,건조,맑음,교차로 - 교차로안,승용,남,50세,상해없음,승용,여,60세,중상
2013030900100243,2013년 3월 9일 11시,토요일,경상북도 포항시 남구 해도동,경상사고,0,0,1,0,차대차 - 추돌 - 진행중,안전운전불이행,건조,맑음,단일로 - 기타,원동기,남,74세,경상,화물,남,68세,상해없음
2013030900100276,2013년 3월 9일 12시,토요일,경상북도 경주시 외동읍,중상사고,0,1,0,0,차대차 - 측면직각충돌,중앙선침범,건조,맑음,단일로 - 기타,화물,남,40세,상해없음,이륜,남,41세,중상
2013030900100277,2013년 3월 9일 12시,토요일,경상북도 경주시 배반동,경상사고,0,0,2,0,차대차 - 기타,안전운전불이행,건조,맑음,단일로 - 기타,승용,남,68세,상해없음,승용,남,31세,경상
2013030900100278,2013년 3월 9일 12시,토요일,경상북도 안동시 운흥동,경상사고,0,0,1,0,차대차 - 기타,안전거리미확보,건조,맑음,단일로 - 기타,승용,여,27세,상해없음,승용,남,64세,상해없음
2013030900100279,2013년 3월 9일 12시,토요일,경상북도 성주군 성주읍,경상사고,0,0,1,0,차대차 - 추돌 - 진행중,안전운전불이행,건조,맑음,교차로 - 교차로부근,화물,남,63세,상해없음,승용,여,45세,경상
2013030900100280,2013년 3월 9일 12시,토요일,경상북도 포항시 남구 효자동,경상사고,0,0,3,0,차대차 - 추돌 - 주정차중,안전운전불이행,건조,맑음,교차로 - 교차로부근,화물,남,51세,상해없음,승용,남,30세,경상
2013030900100310,2013년 3월 9일 13시,토요일,경상북도 김천시 백옥동,중상사고,0,1,2,0,차대차 - 측면직각충돌,안전운전불이행,건조,맑음,교차로 - 교차로안,화물,남,66세,상해없음,화물,남,48세,경상
2013030900100311,2013년 3월 9일 13시,토요일,경상북도 칠곡군 북삼읍,부상신고사고,0,0,0,1,차대차 - 추돌 - 주정차중,안전운전불이행,건조,맑음,단일로 - 기타,승용,여,47세,부상신고,승합,남,45세,기타불명
2013030900100344,2013년 3월 9일 14시,토요일,경상북도 경주시 천군동,중상사고,0,1,1,0,차대차 - 측면직각충돌,중앙선침범,건조,맑음,단일로 - 기타,이륜,남,19세,중상,승용,남,27세,상해없음
2013030900100345,2013년 3월 9일 14시,토요일,경상북도 구미시 산동면,경상사고,0,0,1,0,차대차 - 측면직각충돌,교차로운행방법위반,건조,맑음,교차로 - 교차로안,건설기계,남,50세,상해없음,화물,남,62세,경상
2013030900100346,2013년 3월 9일 14시,토요일,경상북도 의성군 안평면,사망사고,1,0,1,0,차대차 - 추돌 - 진행중,안전운전불이행,건조,맑음,단일로 - 기타,화물,남,46세,사망,화물,남,44세,경상
2013030900100369,2013년 3월 9일 15시,토요일,경상북도 상주시 만산동,경상사고,0,0,2,0,차대차 - 추돌 - 진행중,안전운전불이행,건조,맑음,교차로 - 교차로안,승용,남,26세,상해없음,승합,남,65세,경상
2013030900100370,2013년 3월 9일 15시,토요일,경상북도 구미시 임은동,경상사고,0,0,1,0,차대차 - 기타,교차로운행방법위반,건조,맑음,교차로 - 교차로안,화물,남,46세,상해없음,승용,남,35세,경상
2013030900100398,2013년 3월 9일 16시,토요일,경상북도 경주시 용강동,중상사고,0,1,0,0,차대차 - 추돌 - 주정차중,안전운전불이행,건조,맑음,교차로 - 교차로부근,승용,남,51세,상해없음,승용,남,52세,중상
2013030900100399,2013년 3월 9일 16시,토요일,경상북도 경주시 충효동,경상사고,0,0,2,0,차량단독 - 기타,안전운전불이행,건조,맑음,기타 - 기타,승합,남,55세,상해없음,,,,
2013030900100429,2013년 3월 9일 17시,토요일,경상북도 경산시 사동,경상사고,0,0,1,0,차대차 - 기타,안전운전불이행,건조,맑음,교차로 - 교차로안,기타불명,기타불명,기타불명,기타불명,승용,남,41세,경상
2013030900100455,2013년 3월 9일 18시,토요일,경상북도 포항시 북구 우현동,경상사고,0,0,1,0,차대차 - 기타,안전운전불이행,건조,기타,단일로 - 기타,화물,남,52세,상해없음,원동기,남,54세,경상
2013030900100456,2013년 3월 9일 18시,토요일,경상북도 안동시 북문동,중상사고,0,2,0,0,차대사람 - 횡단중,안전운전불이행,건조,맑음,교차로 - 교차로부근,화물,남,44세,상해없음,보행자,여,43세,중상
2013030900100457,2013년 3월 9일 18시,토요일,경상북도 경산시 중방동,중상사고,0,1,0,0,차대차 - 기타,신호위반,건조,맑음,교차로 - 교차로안,승용,여,47세,상해없음,이륜,남,24세,중상
2013030900100488,2013년 3월 9일 19시,토요일,경상북도 포항시 북구 학산동,부상신고사고,0,0,0,1,차대차 - 기타,안전운전불이행,건조,맑음,단일로 - 기타,승용,남,41세,상해없음,승용,남,56세,부상신고
2013030900100489,2013년 3월 9일 19시,토요일,경상북도 영주시 영주동,중상사고,0,2,0,0,차대차 - 측면직각충돌,직진우회전진행방해,건조,맑음,교차로 - 교차로안,승용,여,54세,중상,승용,남,32세,중상
2013030900100490,2013년 3월 9일 19시,토요일,경상북도 영천시 신령면,중상사고,0,1,0,0,차대차 - 추돌 - 주정차중,안전운전불이행,건조,맑음,단일로 - 기타,화물,남,55세,중상,화물,남,48세,상해없음
2013030900100491,2013년 3월 9일 19시,토요일,경상북도 경산시 계양동,중상사고,0,1,0,0,차대차 - 측면직각충돌,신호위반,건조,맑음,교차로 - 교차로안,특수,남,34세,상해없음,승용,남,58세,중상
2013030900100559,2013년 3월 9일 21시,토요일,경상북도 구미시 도량동,중상사고,0,1,0,0,차대차 - 측면직각충돌,안전운전불이행,건조,맑음,단일로 - 기타,승합,남,54세,상해없음,자전거,남,56세,중상
2013030900100560,2013년 3월 9일 21시,토요일,경상북도 구미시 도량동,경상사고,0,0,1,0,차대차 - 측면직각충돌,안전거리미확보,건조,맑음,교차로 - 교차로부근,이륜,남,17세,경상,승용,남,36세,상해없음
2013030900100592,2013년 3월 9일 22시,토요일,경상북도 경주시 양북면,경상사고,0,0,1,0,차대사람 - 기타,안전운전불이행,건조,맑음,단일로 - 기타,화물,남,65세,상해없음,보행자,남,54세,경상
2013030900100623,2013년 3월 9일 23시,토요일,경상북도 안동시 정하동,중상사고,0,3,1,1,차대차 - 측면직각충돌,신호위반,건조,맑음,교차로 - 교차로안,특수,남,27세,상해없음,승용,남,30세,중상
2013030900100624,2013년 3월 9일 23시,토요일,경상북도 김천시 평화동,중상사고,0,1,0,0,차대차 - 측면직각충돌,안전거리미확보,건조,맑음,단일로 - 기타,승용,남,25세,상해없음,이륜,남,59세,중상
2013030900100625,2013년 3월 9일 23시,토요일,경상북도 구미시 원평동,경상사고,0,0,2,0,차대차 - 측면직각충돌,안전운전불이행,건조,맑음,교차로 - 교차로안,이륜,남,36세,상해없음,승용,남,63세,경상
2013031000100015,2013년 3월 10일 00시,일요일,경상북도 영천시 완산동,경상사고,0,0,2,0,차대차 - 기타,안전운전불이행,건조,맑음,기타 - 기타,화물,남,50세,상해없음,승용,남,38세,경상
2013031000100033,2013년 3월 10일 01시,일요일,경상북도 경주시 용강동,경상사고,0,0,2,0,차대차 - 기타,안전거리미확보,건조,맑음,단일로 - 기타,승용,남,23세,경상,승용,남,33세,상해없음
2013031000100067,2013년 3월 10일 03시,일요일,경상북도 영덕군 강구면,중상사고,0,1,0,0,차량단독 - 도로외이탈 - 추락,안전운전불이행,건조,맑음,단일로 - 기타,승용,남,27세,상해없음,,,,
2013031000100137,2013년 3월 10일 09시,일요일,경상북도 포항시 남구 연일읍,경상사고,0,0,1,0,차대사람 - 기타,안전운전불이행,건조,맑음,단일로 - 기타,승합,남,55세,상해없음,보행자,남,70세,경상
2013031000100156,2013년 3월 10일 10시,일요일,경상북도 구미시 신평동,중상사고,0,1,0,0,차대차 - 기타,기타,건조,맑음,단일로 - 기타,승용,남,63세,상해없음,자전거,남,33세,중상
2013031000100179,2013년 3월 10일 11시,일요일,경상북도 포항시 북구 흥해읍,중상사고,0,1,0,0,차대차 - 기타,안전운전불이행,건조,맑음,단일로 - 기타,승용,남,35세,상해없음,자전거,남,46세,중상
2013031000100180,2013년 3월 10일 11시,일요일,경상북도 의성군 금성면,중상사고,0,2,0,0,차대차 - 측면직각충돌,교차로운행방법위반,건조,맑음,교차로 - 교차로안,화물,남,51세,상해없음,승용,남,51세,중상
2013031000100181,2013년 3월 10일 11시,일요일,경상북도 구미시 임은동,경상사고,0,0,1,0,차대차 - 기타,안전운전불이행,건조,맑음,교차로 - 교차로부근,화물,남,33세,기타불명,승용,여,49세,경상
2013031000100198,2013년 3월 10일 12시,일요일,경상북도 고령군 고령읍,경상사고,0,0,1,0,차대차 - 측면직각충돌,직진우회전진행방해,건조,맑음,교차로 - 교차로안,건설기계,남,63세,상해없음,자전거,남,82세,경상
2013031000100227,2013년 3월 10일 13시,일요일,경상북도 영주시 봉현면,중상사고,0,4,0,0,차대차 - 측면직각충돌,중앙선침범,건조,맑음,단일로 - 기타,승용,남,61세,중상,화물,남,37세,중상
2013031000100228,2013년 3월 10일 13시,일요일,경상북도 칠곡군 북삼읍,경상사고,0,0,3,0,차대차 - 정면충돌,신호위반,건조,맑음,교차로 - 교차로안,승용,남,61세,상해없음,승용,남,36세,경상
2013031000100229,2013년 3월 10일 13시,일요일,경상북도 영양군 영양읍,경상사고,0,0,1,0,차대차 - 기타,안전운전불이행,건조,맑음,단일로 - 기타,승용,남,51세,상해없음,원동기,남,43세,경상
2013031000100230,2013년 3월 10일 13시,일요일,경상북도 구미시 임수동,경상사고,0,0,4,0,차대차 - 기타,안전거리미확보,건조,맑음,단일로 - 기타,화물,남,30세,상해없음,승용,남,27세,상해없음
2013031000100260,2013년 3월 10일 14시,일요일,경상북도 의성군 단밀면,중상사고,0,1,0,0,차대차 - 측면직각충돌,교차로운행방법위반,건조,맑음,교차로 - 교차로안,승용,남,39세,상해없음,원동기,남,76세,중상
2013031000100261,2013년 3월 10일 14시,일요일,경상북도 영천시 창구동,경상사고,0,0,3,1,차대차 - 측면직각충돌,안전운전불이행,건조,맑음,교차로 - 교차로안,승용,남,53세,부상신고,승용,남,42세,경상
2013031000100285,2013년 3월 10일 15시,일요일,경상북도 포항시 북구 죽도동,경상사고,0,0,1,0,차대차 - 측면직각충돌,신호위반,건조,맑음,교차로 - 교차로안,승용,남,59세,상해없음,승용,여,56세,경상
2013031000100286,2013년 3월 10일 15시,일요일,경상북도 구미시 공단동,경상사고,0,0,1,0,차대차 - 기타,안전운전불이행,건조,맑음,단일로 - 기타,이륜,남,29세,경상,승용,여,30세,상해없음
2013031000100317,2013년 3월 10일 16시,일요일,경상북도 청송군 파천면,중상사고,0,1,0,0,차량단독 - 공작물충돌,안전운전불이행,건조,맑음,단일로 - 기타,승용,여,52세,상해없음,,,,
2013031000100359,2013년 3월 10일 17시,일요일,경상북도 상주시 낙양동,중상사고,0,1,0,0,차대차 - 정면충돌,교차로운행방법위반,건조,맑음,교차로 - 교차로안,승용,여,43세,상해없음,이륜,남,76세,중상
2013031000100385,2013년 3월 10일 18시,일요일,경상북도 칠곡군 가산면,경상사고,0,0,3,1,차대차 - 정면충돌,안전운전불이행,건조,맑음,단일로 - 기타,승용,남,47세,부상신고,승용,여,31세,경상
2013031000100386,2013년 3월 10일 18시,일요일,경상북도 경산시 백천동,경상사고,0,0,4,0,차대차 - 기타,신호위반,건조,맑음,교차로 - 교차로부근,승용,여,49세,상해없음,승용,남,33세,경상
2013031000100418,2013년 3월 10일 19시,일요일,경상북도 경주시 황오동,중상사고,0,1,1,0,차대차 - 추돌 - 진행중,안전운전불이행,건조,맑음,교차로 - 교차로부근,승용,남,63세,상해없음,승용,남,36세,경상
2013031000100419,2013년 3월 10일 19시,일요일,경상북도 포항시 북구 송라면,경상사고,0,0,2,0,차대차 - 추돌 - 주정차중,안전운전불이행,건조,맑음,교차로 - 교차로부근,승용,남,44세,상해없음,승용,남,49세,경상
2013031000100420,2013년 3월 10일 19시,일요일,경상북도 안동시 금곡동,중상사고,0,1,0,0,차대사람 - 횡단중,보행자보호의무위반,건조,맑음,교차로 - 교차로부근,승용,남,50세,상해없음,보행자,여,75세,중상
2013031000100421,2013년 3월 10일 19시,일요일,경상북도 구미시 임수동,경상사고,0,0,3,0,차대차 - 추돌 - 주정차중,안전운전불이행,건조,맑음,교차로 - 교차로부근,승용,남,51세,상해없음,승용,남,52세,경상
2013031000100455,2013년 3월 10일 20시,일요일,경상북도 경주시 인왕동,중상사고,0,1,0,0,차대차 - 기타,안전운전불이행,건조,맑음,교차로 - 교차로부근,승용,남,47세,상해없음,원동기,남,60세,중상
2013031000100456,2013년 3월 10일 20시,일요일,경상북도 포항시 남구 대도동,경상사고,0,0,2,0,차대차 - 추돌 - 주정차중,안전운전불이행,건조,맑음,교차로 - 교차로부근,승용,남,53세,상해없음,승용,남,48세,상해없음
2013031000100476,2013년 3월 10일 21시,일요일,경상북도 경산시 진량읍,중상사고,0,1,0,0,차대사람 - 기타,신호위반,건조,맑음,교차로 - 교차로안,화물,남,38세,상해없음,보행자,남,17세,중상
2013031000100500,2013년 3월 10일 22시,일요일,경상북도 경산시 하양읍,경상사고,0,0,1,0,차대사람 - 기타,안전운전불이행,건조,맑음,교차로 - 교차로부근,기타불명,기타불명,기타불명,기타불명,보행자,남,23세,경상
2013031000100501,2013년 3월 10일 22시,일요일,경상북도 고령군 다산면,중상사고,0,1,2,0,차량단독 - 공작물충돌,안전운전불이행,건조,맑음,단일로 - 기타,승용,남,43세,상해없음,,,,
2013031000100502,2013년 3월 10일 22시,일요일,경상북도 구미시 원평동,중상사고,0,1,1,0,차대차 - 기타,중앙선침범,건조,맑음,단일로 - 기타,승용,남,55세,기타불명,승용,남,49세,중상
2013031000100503,2013년 3월 10일 22시,일요일,경상북도 구미시 해평면,중상사고,0,1,0,0,차량단독 - 전도전복,안전운전불이행,건조,맑음,단일로 - 기타,승용,남,49세,중상,,,,
2013031000100517,2013년 3월 10일 23시,일요일,경상북도 경주시 용강동,중상사고,0,1,0,0,차대차 - 추돌 - 주정차중,안전운전불이행,건조,맑음,교차로 - 교차로부근,화물,남,53세,상해없음,승용,남,64세,중상
2013031000100518,2013년 3월 10일 23시,일요일,경상북도 문경시 흥덕동,경상사고,0,0,2,0,차대차 - 측면직각충돌,안전운전불이행,건조,맑음,단일로 - 기타,원동기,남,16세,경상,승용,남,29세,경상
2013031100100025,2013년 3월 11일 02시,월요일,경상북도 구미시 공단동,중상사고,0,1,0,0,차대차 - 측면직각충돌,안전운전불이행,건조,맑음,기타 - 기타,승용,여,47세,상해없음,승용,남,48세,상해없음
2013031100100037,2013년 3월 11일 04시,월요일,경상북도 구미시 원평동,경상사고,0,0,1,0,차대차 - 기타,중앙선침범,건조,맑음,단일로 - 기타,승용,여,37세,상해없음,승합,남,31세,경상
2013031100100072,2013년 3월 11일 07시,월요일,경상북도 경주시 강동면,경상사고,0,0,1,0,차대차 - 기타,안전운전불이행,건조,맑음,단일로 - 기타,화물,남,42세,상해없음,승용,남,31세,경상
2013031100100073,2013년 3월 11일 07시,월요일,경상북도 포항시 북구 흥해읍,중상사고,0,1,0,0,차대차 - 추돌 - 주정차중,안전운전불이행,건조,맑음,교차로 - 교차로부근,승용,남,24세,상해없음,원동기,남,60세,중상
2013031100100074,2013년 3월 11일 07시,월요일,경상북도 안동시 송현동,중상사고,0,1,0,0,차대차 - 측면직각충돌,신호위반,건조,맑음,교차로 - 교차로안,승용,남,58세,상해없음,승용,여,44세,중상
2013031100100075,2013년 3월 11일 07시,월요일,경상북도 경산시 사정동,경상사고,0,0,3,0,차대차 - 측면직각충돌,안전운전불이행,건조,맑음,교차로 - 교차로안,승용,남,58세,상해없음,승합,남,48세,경상
2013031100100076,2013년 3월 11일 07시,월요일,경상북도 경산시 삼북동,경상사고,0,0,1,0,차대차 - 기타,안전운전불이행,건조,맑음,교차로 - 교차로안,승용,남,47세,상해없음,자전거,남,16세,경상
2013031100100077,2013년 3월 11일 07시,월요일,경상북도 포항시 남구 청림동,중상사고,0,1,0,0,차대사람 - 기타,신호위반,건조,맑음,교차로 - 교차로부근,원동기,남,41세,상해없음,보행자,여,71세,중상
2013031100100113,2013년 3월 11일 08시,월요일,경상북도 포항시 북구 양덕동,중상사고,0,1,2,0,차대차 - 기타,안전거리미확보,건조,맑음,단일로 - 기타,승용,여,48세,경상,승용,여,27세,상해없음
2013031100100155,2013년 3월 11일 09시,월요일,경상북도 경주시 도지동,중상사고,0,1,1,0,차대차 - 측면직각충돌,안전운전불이행,건조,맑음,기타 - 기타,승용,남,31세,상해없음,승용,여,28세,중상
2013031100100156,2013년 3월 11일 09시,월요일,경상북도 문경시 공평동,중상사고,0,2,1,0,차대차 - 측면직각충돌,신호위반,건조,맑음,교차로 - 교차로안,승용,여,41세,중상,화물,남,42세,경상
2013031100100157,2013년 3월 11일 09시,월요일,경상북도 청도군 청도읍,중상사고,0,1,0,0,차대차 - 측면직각충돌,교차로운행방법위반,건조,맑음,교차로 - 교차로안,승용,여,33세,상해없음,원동기,여,68세,중상
2013031100100196,2013년 3월 11일 10시,월요일,경상북도 고령군 고령읍,중상사고,0,1,0,0,차대사람 - 횡단중,안전운전불이행,건조,맑음,단일로 - 기타,승합,남,26세,상해없음,보행자,여,57세,중상
2013031100100197,2013년 3월 11일 10시,월요일,경상북도 포항시 남구 연일읍,중상사고,0,1,0,0,차대사람 - 기타,안전운전불이행,건조,맑음,기타 - 기타,승용,남,53세,상해없음,보행자,남,49세,중상
2013031100100219,2013년 3월 11일 11시,월요일,경상북도 포항시 북구 죽도동,경상사고,0,0,1,0,차대사람 - 횡단중,안전운전불이행,건조,맑음,기타 - 기타,승용,여,47세,상해없음,보행자,남,58세,경상
2013031100100220,2013년 3월 11일 11시,월요일,경상북도 영덕군 강구면,중상사고,0,1,0,0,차대차 - 정면충돌,직진우회전진행방해,건조,맑음,교차로 - 교차로안,승용,남,70세,상해없음,이륜,남,23세,중상
2013031100100249,2013년 3월 11일 13시,월요일,경상북도 포항시 남구 대잠동,경상사고,0,0,2,0,차대차 - 추돌 - 주정차중,안전운전불이행,건조,맑음,교차로 - 교차로부근,화물,남,76세,상해없음,화물,남,48세,경상
2013031100100276,2013년 3월 11일 14시,월요일,경상북도 안동시 운흥동,중상사고,0,1,1,0,차대차 - 정면충돌,신호위반,건조,맑음,교차로 - 교차로안,자전거,남,41세,중상,승합,남,55세,경상
2013031100100277,2013년 3월 11일 14시,월요일,경상북도 상주시 죽전동,중상사고,0,1,1,0,차대차 - 추돌 - 진행중,안전운전불이행,건조,맑음,단일로 - 기타,화물,남,25세,상해없음,화물,남,39세,경상
2013031100100278,2013년 3월 11일 14시,월요일,경상북도 칠곡군 왜관읍,부상신고사고,0,0,0,1,차대차 - 추돌 - 진행중,안전운전불이행,건조,맑음,단일로 - 기타,화물,남,51세,부상신고,승용,여,39세,기타불명
2013031100100308,2013년 3월 11일 15시,월요일,경상북도 포항시 북구 청하면,사망사고,1,0,0,0,차량단독 - 공작물충돌,안전운전불이행,건조,맑음,단일로 - 기타,특수,남,47세,사망,,,,
2013031100100309,2013년 3월 11일 15시,월요일,경상북도 안동시 천리동,경상사고,0,0,1,0,차대사람 - 기타,기타,건조,맑음,단일로 - 기타,승합,남,60세,상해없음,보행자,여,75세,경상