사고번호,사고일시,요일,시군구,사고내용,사망자수,중상자수,경상자수,부상신고자수,사고유형,법규위반,노면상태,기상상태,도로형태,가해운전자 차종,가해운전자 성별,가해운전자 연령,가해운전자 상해정도,피해운전자 차종,피해운전자 성별,피해운전자 연령,피해운전자 상해정도
2013031100100310,2013년 3월 11일 15시,월요일,경상북도 김천시 평화동,중상사고,0,1,0,0,차대사람 - 기타,안전운전불이행,건조,맑음,단일로 - 기타,이륜,남,50세,상해없음,보행자,여,80세,중상
2013031100100337,2013년 3월 11일 16시,월요일,경상북도 포항시 북구 우현동,중상사고,0,1,1,0,차대차 - 측면직각충돌,차로위반,건조,맑음,교차로 - 교차로부근,건설기계,남,51세,상해없음,승용,남,48세,중상
2013031100100372,2013년 3월 11일 17시,월요일,경상북도 포항시 북구 학산동,경상사고,0,0,1,0,차대사람 - 기타,보행자보호의무위반,건조,맑음,교차로 - 교차로안,기타불명,기타불명,기타불명,기타불명,보행자,여,13세,경상
2013031100100373,2013년 3월 11일 17시,월요일,경상북도 칠곡군 왜관읍,경상사고,0,0,1,0,차대차 - 측면직각충돌,교차로운행방법위반,건조,맑음,교차로 - 교차로안,승용,남,64세,상해없음,자전거,남,14세,경상
2013031100100374,2013년 3월 11일 17시,월요일,경상북도 문경시 모전동,중상사고,0,1,0,0,차대차 - 측면직각충돌,안전운전불이행,건조,맑음,교차로 - 교차로부근,원동기,남,27세,중상,승용,남,44세,상해없음
2013031100100375,2013년 3월 11일 17시,월요일,경상북도 문경시 문경읍,경상사고,0,0,1,0,차대차 - 기타,안전운전불이행,건조,맑음,교차로 - 교차로부근,승용,여,39세,상해없음,자전거,남,43세,경상
2013031100100376,2013년 3월 11일 17시,월요일,경상북도 구미시 선산읍,중상사고,0,1,0,0,차대차 - 기타,중앙선침범,건조,맑음,단일로 - 기타,화물,남,45세,상해없음,승용,여,42세,중상
2013031100100411,2013년 3월 11일 18시,월요일,경상북도 경산시 중방동,경상사고,0,0,3,0,차대차 - 기타,안전운전불이행,건조,맑음,교차로 - 교차로부근,승용,남,59세,경상,승용,여,43세,경상
2013031100100412,2013년 3월 11일 18시,월요일,경상북도 구미시 원평동,부상신고사고,0,0,0,1,차대사람 - 기타,안전운전불이행,건조,맑음,단일로 - 기타,승용,여,20세,상해없음,보행자,남,17세,부상신고
2013031100100413,2013년 3월 11일 18시,월요일,경상북도 포항시 남구 효자동,중상사고,0,1,1,0,차대차 - 측면직각충돌,안전운전불이행,건조,맑음,교차로 - 교차로안,승합,남,63세,상해없음,승용,남,52세,경상
2013031100100454,2013년 3월 11일 19시,월요일,경상북도 경주시 황오동,중상사고,0,1,1,0,차대차 - 측면직각충돌,안전운전불이행,건조,맑음,단일로 - 기타,승용,남,21세,상해없음,승용,남,64세,경상
2013031100100455,2013년 3월 11일 19시,월요일,경상북도 경주시 외동읍,경상사고,0,0,1,0,차대차 - 측면직각충돌,신호위반,건조,맑음,교차로 - 교차로안,승용,남,26세,상해없음,화물,남,49세,경상
2013031100100456,2013년 3월 11일 19시,월요일,경상북도 영천시 문외동,중상사고,0,1,0,0,차대사람 - 차도통행중,안전운전불이행,건조,맑음,교차로 - 교차로부근,승용,여,46세,상해없음,보행자,여,79세,중상
2013031100100457,2013년 3월 11일 19시,월요일,경상북도 포항시 남구 해도동,경상사고,0,0,1,0,차대차 - 추돌 - 주정차중,기타,건조,맑음,교차로 - 교차로부근,승합,남,52세,상해없음,승용,남,39세,경상
2013031100100458,2013년 3월 11일 19시,월요일,경상북도 상주시 양촌동,경상사고,0,0,1,0,차대차 - 추돌 - 진행중,안전거리미확보,건조,맑음,단일로 - 기타,특수,남,33세,상해없음,승용,남,47세,경상
2013031100100487,2013년 3월 11일 20시,월요일,경상북도 포항시 남구 송도동,중상사고,0,1,0,0,차대사람 - 기타,안전운전불이행,건조,맑음,단일로 - 기타,승용,남,44세,상해없음,보행자,여,12세,중상
2013031100100513,2013년 3월 11일 21시,월요일,경상북도 경주시 양남면,중상사고,0,1,0,0,차대사람 - 횡단중,안전운전불이행,건조,맑음,단일로 - 기타,승용,여,62세,상해없음,보행자,남,40세,중상
2013031100100514,2013년 3월 11일 21시,월요일,경상북도 구미시 원평동,경상사고,0,0,1,0,차대차 - 기타,신호위반,건조,맑음,단일로 - 기타,승용,여,23세,상해없음,승용,남,28세,경상
2013031100100542,2013년 3월 11일 22시,월요일,경상북도 울진군 죽변면,경상사고,0,0,2,0,차대차 - 추돌 - 진행중,안전운전불이행,건조,맑음,단일로 - 기타,화물,남,28세,상해없음,승용,남,51세,경상
2013031100100543,2013년 3월 11일 22시,월요일,경상북도 구미시 옥계동,중상사고,0,1,0,0,차대차 - 기타,안전운전불이행,건조,맑음,교차로 - 교차로부근,승용,남,51세,상해없음,원동기,남,35세,중상
2013031100100569,2013년 3월 11일 23시,월요일,경상북도 포항시 남구 상도동,경상사고,0,0,2,0,차대차 - 측면직각충돌,안전운전불이행,건조,맑음,단일로 - 기타,승용,남,57세,상해없음,승용,남,55세,경상
2013031100100570,2013년 3월 11일 23시,월요일,경상북도 김천시 남면,중상사고,0,1,0,0,차대차 - 추돌 - 주정차중,안전운전불이행,건조,맑음,단일로 - 기타,특수,남,55세,중상,특수,남,50세,상해없음
2013031200100012,2013년 3월 12일 00시,화요일,경상북도 영천시 화룡동,경상사고,0,0,2,0,차대사람 - 횡단중,안전운전불이행,건조,맑음,교차로 - 교차로부근,승용,남,38세,상해없음,보행자,남,48세,경상
2013031200100027,2013년 3월 12일 01시,화요일,경상북도 칠곡군 석적읍,중상사고,0,1,0,0,차대차 - 추돌 - 주정차중,안전운전불이행,건조,맑음,단일로 - 기타,승용,남,28세,중상,화물,남,38세,기타불명
2013031200100064,2013년 3월 12일 06시,화요일,경상북도 포항시 남구 대도동,중상사고,0,1,0,0,차대차 - 측면직각충돌,안전운전불이행,건조,맑음,교차로 - 교차로부근,승용,여,43세,상해없음,승용,남,65세,중상
2013031200100086,2013년 3월 12일 07시,화요일,경상북도 포항시 북구 양덕동,경상사고,0,0,1,0,차대차 - 측면직각충돌,교차로운행방법위반,건조,맑음,교차로 - 교차로안,승용,여,56세,상해없음,승용,남,40세,경상
2013031200100087,2013년 3월 12일 07시,화요일,경상북도 포항시 북구 장성동,경상사고,0,0,1,0,차대차 - 기타,안전운전불이행,건조,맑음,단일로 - 기타,승용,남,26세,상해없음,승용,남,58세,경상
2013031200100088,2013년 3월 12일 07시,화요일,경상북도 영주시 상망동,경상사고,0,0,1,0,차대차 - 측면직각충돌,교차로운행방법위반,건조,맑음,교차로 - 교차로안,원동기,남,63세,경상,화물,남,66세,상해없음
2013031200100114,2013년 3월 12일 08시,화요일,경상북도 경주시 성건동,중상사고,0,1,0,0,차대사람 - 기타,안전운전불이행,건조,맑음,단일로 - 기타,승용,여,36세,상해없음,보행자,남,60세,중상
2013031200100115,2013년 3월 12일 08시,화요일,경상북도 포항시 북구 두호동,경상사고,0,0,2,0,차대차 - 기타,안전운전불이행,건조,맑음,단일로 - 기타,승용,남,59세,상해없음,승용,여,35세,경상
2013031200100116,2013년 3월 12일 08시,화요일,경상북도 칠곡군 왜관읍,경상사고,0,0,1,0,차대차 - 추돌 - 진행중,교차로운행방법위반,건조,맑음,교차로 - 교차로안,승용,남,51세,상해없음,이륜,남,43세,경상
2013031200100117,2013년 3월 12일 08시,화요일,경상북도 구미시 원평동,중상사고,0,1,3,0,차대차 - 정면충돌,중앙선침범,건조,맑음,단일로 - 기타,승용,남,18세,상해없음,승용,남,40세,경상
2013031200100118,2013년 3월 12일 08시,화요일,경상북도 포항시 남구 대도동,경상사고,0,0,1,0,차대차 - 측면직각충돌,안전운전불이행,건조,맑음,교차로 - 교차로안,승합,남,55세,상해없음,승용,여,35세,경상
2013031200100163,2013년 3월 12일 10시,화요일,경상북도 포항시 북구 장성동,경상사고,0,0,1,0,차대차 - 기타,안전운전불이행,건조,맑음,단일로 - 기타,승용,남,57세,상해없음,승용,남,49세,경상
2013031200100187,2013년 3월 12일 11시,화요일,경상북도 경산시 사동,중상사고,0,1,0,0,차대사람 - 기타,안전운전불이행,건조,맑음,단일로 - 기타,승용,남,56세,상해없음,보행자,남,47세,중상
2013031200100213,2013년 3월 12일 12시,화요일,경상북도 예천군 예천읍,사망사고,1,0,0,0,차대차 - 추돌 - 진행중,과속,건조,맑음,단일로 - 기타,화물,남,22세,상해없음,이륜,남,61세,사망
2013031200100236,2013년 3월 12일 13시,화요일,경상북도 경산시 하양읍,경상사고,0,0,1,0,차대사람 - 기타,안전운전불이행,건조,맑음,단일로 - 기타,승용,여,55세,상해없음,보행자,여,23세,경상
2013031200100254,2013년 3월 12일 14시,화요일,경상북도 칠곡군 지천면,부상신고사고,0,0,0,6,차대차 - 추돌 - 진행중,교차로운행방법위반,건조,맑음,교차로 - 교차로안,승용,여,32세,상해없음,화물,남,35세,상해없음
2013031200100301,2013년 3월 12일 16시,화요일,경상북도 청도군 풍각면,경상사고,0,0,1,0,차대차 - 측면직각충돌,교차로운행방법위반,건조,맑음,교차로 - 교차로안,승용,여,35세,상해없음,승용,여,48세,상해없음
2013031200100302,2013년 3월 12일 16시,화요일,경상북도 군위군 군위읍,사망사고,4,1,0,0,차대사람 - 길가장자리구역통행중,안전운전불이행,건조,맑음,단일로 - 기타,이륜,남,34세,사망,보행자,남,52세,사망
2013031200100353,2013년 3월 12일 18시,화요일,경상북도 상주시 사벌면,중상사고,0,1,0,0,차대차 - 기타,안전운전불이행,건조,맑음,단일로 - 기타,원동기,남,76세,중상,농기계,남,62세,상해없음
2013031200100390,2013년 3월 12일 19시,화요일,경상북도 포항시 북구 창포동,중상사고,0,1,0,0,차대사람 - 기타,안전운전불이행,건조,맑음,단일로 - 기타,승용,남,48세,상해없음,보행자,여,39세,중상
2013031200100391,2013년 3월 12일 19시,화요일,경상북도 영주시 가흥동,경상사고,0,0,3,0,차대차 - 측면직각충돌,신호위반,건조,흐림,교차로 - 교차로안,화물,남,62세,상해없음,화물,남,73세,경상
2013031200100392,2013년 3월 12일 19시,화요일,경상북도 영천시 금노동,중상사고,0,1,0,0,차대사람 - 횡단중,안전운전불이행,건조,맑음,기타 - 기타,승용,여,44세,상해없음,보행자,남,47세,중상
2013031200100420,2013년 3월 12일 20시,화요일,경상북도 포항시 북구 기계면,중상사고,0,1,0,0,차대사람 - 길가장자리구역통행중,안전운전불이행,건조,맑음,단일로 - 기타,승합,남,30세,상해없음,보행자,여,46세,중상
2013031200100455,2013년 3월 12일 21시,화요일,경상북도 안동시 태화동,중상사고,0,1,1,0,차대차 - 기타,신호위반,건조,맑음,교차로 - 교차로안,화물,여,42세,상해없음,승용,남,37세,중상
2013031200100456,2013년 3월 12일 21시,화요일,경상북도 김천시 부곡동,중상사고,0,1,0,0,차대사람 - 횡단중,신호위반,건조,맑음,교차로 - 교차로안,승용,남,34세,상해없음,보행자,여,45세,중상
2013031200100500,2013년 3월 12일 22시,화요일,경상북도 구미시 구평동,경상사고,0,0,1,0,차대차 - 기타,안전거리미확보,건조,맑음,교차로 - 교차로안,원동기,남,25세,경상,승용,남,33세,상해없음
2013031200100501,2013년 3월 12일 22시,화요일,경상북도 구미시 인의동,중상사고,0,1,0,0,차대차 - 측면직각충돌,안전운전불이행,건조,맑음,교차로 - 교차로부근,승용,남,37세,상해없음,원동기,남,16세,중상
2013031200100561,2013년 3월 12일 23시,화요일,경상북도 경주시 외동읍,중상사고,0,1,1,0,차대차 - 측면직각충돌,안전운전불이행,습기,비,단일로 - 기타,승용,남,55세,상해없음,승용,남,47세,경상
2013031200100562,2013년 3월 12일 23시,화요일,경상북도 경주시 충효동,중상사고,0,1,0,1,차대차 - 측면직각충돌,교차로운행방법위반,건조,흐림,교차로 - 교차로안,승용,여,23세,부상신고,승용,남,67세,중상
2013031300100024,2013년 3월 13일 00시,수요일,경상북도 포항시 남구 오천읍,경상사고,0,0,3,0,차대차 - 측면직각충돌,안전운전불이행,건조,흐림,단일로 - 기타,승용,남,31세,상해없음,승용,남,59세,경상
2013031300100025,2013년 3월 13일 00시,수요일,경상북도 포항시 남구 상도동,경상사고,0,0,2,0,차대차 - 측면직각충돌,안전거리미확보,건조,맑음,단일로 - 기타,승용,남,28세,경상,승용,여,52세,경상
2013031300100059,2013년 3월 13일 01시,수요일,경상북도 구미시 지산동,중상사고,0,1,0,0,차량단독 - 공작물충돌,안전운전불이행,습기,흐림,교차로 - 교차로부근,승용,남,42세,중상,,,,
2013031300100097,2013년 3월 13일 03시,수요일,경상북도 성주군 성주읍,경상사고,0,0,2,0,차대차 - 정면충돌,중앙선침범,습기,비,단일로 - 기타,승용,남,52세,경상,화물,남,71세,경상
2013031300100124,2013년 3월 13일 05시,수요일,경상북도 경산시 조영동,중상사고,0,1,0,0,차대사람 - 기타,안전운전불이행,습기,비,교차로 - 교차로안,승용,남,23세,상해없음,보행자,남,65세,중상
2013031300100143,2013년 3월 13일 06시,수요일,경상북도 구미시 신평동,경상사고,0,0,1,0,차대차 - 기타,안전운전불이행,습기,비,단일로 - 기타,승용,남,25세,상해없음,승용,남,50세,경상
2013031300100162,2013년 3월 13일 07시,수요일,경상북도 칠곡군 왜관읍,경상사고,0,0,1,0,차대차 - 추돌 - 진행중,안전운전불이행,습기,비,단일로 - 기타,화물,남,44세,상해없음,승용,남,48세,경상
2013031300100163,2013년 3월 13일 07시,수요일,경상북도 영덕군 남정면,중상사고,0,1,0,0,차량단독 - 공작물충돌,안전운전불이행,습기,비,단일로 - 기타,승용,남,48세,상해없음,,,,
2013031300100189,2013년 3월 13일 08시,수요일,경상북도 포항시 북구 용흥동,중상사고,0,1,0,0,차대차 - 정면충돌,신호위반,습기,비,교차로 - 교차로안,승용,남,51세,상해없음,승용,여,31세,중상
2013031300100190,2013년 3월 13일 08시,수요일,경상북도 포항시 남구 연일읍,경상사고,0,0,1,0,차대차 - 측면직각충돌,안전운전불이행,습기,비,교차로 - 교차로안,자전거,남,28세,경상,승용,여,39세,상해없음
2013031300100191,2013년 3월 13일 08시,수요일,경상북도 포항시 남구 구룡포읍,경상사고,0,0,1,0,차대사람 - 기타,안전운전불이행,습기,비,단일로 - 기타,기타불명,기타불명,기타불명,기타불명,보행자,여,12세,경상
2013031300100255,2013년 3월 13일 11시,수요일,경상북도 김천시 지좌동,경상사고,0,0,1,0,차대사람 - 기타,안전운전불이행,습기,비,교차로 - 교차로부근,승용,남,30세,상해없음,보행자,남,39세,경상
2013031300100273,2013년 3월 13일 12시,수요일,경상북도 경주시 노서동,중상사고,0,1,0,0,차대차 - 기타,안전운전불이행,습기,비,단일로 - 기타,승합,남,43세,상해없음,승용,여,47세,중상
2013031300100274,2013년 3월 13일 12시,수요일,경상북도 경주시 성동동,중상사고,0,1,0,0,차대사람 - 기타,안전운전불이행,습기,비,교차로 - 교차로안,승용,남,59세,상해없음,보행자,여,77세,중상
2013031300100275,2013년 3월 13일 12시,수요일,경상북도 경주시 황오동,경상사고,0,0,1,0,차대사람 - 기타,안전운전불이행,습기,비,단일로 - 기타,승용,여,45세,상해없음,보행자,남,40세,경상
2013031300100276,2013년 3월 13일 12시,수요일,경상북도 칠곡군 가산면,경상사고,0,0,1,1,차대차 - 추돌 - 진행중,안전운전불이행,건조,맑음,단일로 - 기타,승용,남,32세,부상신고,화물,남,33세,경상
2013031300100277,2013년 3월 13일 12시,수요일,경상북도 영천시 임고면,경상사고,0,0,1,0,차대차 - 측면직각충돌,중앙선침범,습기,비,단일로 - 기타,화물,남,25세,상해없음,화물,남,55세,경상
2013031300100278,2013년 3월 13일 12시,수요일,경상북도 문경시 마성면,중상사고,0,1,0,0,차대차 - 추돌 - 진행중,안전운전불이행,건조,맑음,교차로 - 교차로안,화물,남,28세,상해없음,원동기,남,70세,중상
2013031300100279,2013년 3월 13일 12시,수요일,경상북도 고령군 다산면,중상사고,0,1,1,0,차대차 - 정면충돌,중앙선침범,건조,맑음,단일로 - 기타,승용,남,44세,경상,화물,남,34세,중상
2013031300100299,2013년 3월 13일 13시,수요일,경상북도 포항시 남구 해도동,경상사고,0,0,2,1,차대차 - 측면직각충돌,안전운전불이행,습기,비,교차로 - 교차로부근,승용,여,37세,상해없음,승용,여,45세,경상
2013031300100326,2013년 3월 13일 14시,수요일,경상북도 의성군 다인면,중상사고,0,1,0,0,차대차 - 측면직각충돌,신호위반,건조,맑음,교차로 - 교차로안,승합,남,70세,상해없음,이륜,남,73세,중상
2013031300100374,2013년 3월 13일 16시,수요일,경상북도 경주시 안강읍,경상사고,0,0,1,0,차대차 - 측면직각충돌,신호위반,습기,비,교차로 - 교차로안,승용,여,63세,상해없음,승용,여,47세,경상
2013031300100409,2013년 3월 13일 17시,수요일,경상북도 경주시 동천동,경상사고,0,0,1,0,차대차 - 측면직각충돌,안전운전불이행,건조,맑음,단일로 - 기타,기타불명,기타불명,기타불명,기타불명,화물,남,50세,경상
2013031300100410,2013년 3월 13일 17시,수요일,경상북도 경주시 서면,중상사고,0,1,0,0,차량단독 - 기타,기타,건조,맑음,단일로 - 기타,승합,남,59세,상해없음,,,,
2013031300100411,2013년 3월 13일 17시,수요일,경상북도 경주시 안강읍,경상사고,0,0,1,0,차대차 - 기타,안전운전불이행,건조,맑음,단일로 - 기타,화물,남,36세,상해없음,승용,남,56세,경상
2013031300100438,2013년 3월 13일 18시,수요일,경상북도 안동시 당북동,경상사고,0,0,1,0,차대차 - 기타,신호위반,건조,맑음,교차로 - 교차로안,승용,남,66세,상해없음,승용,남,35세,경상
2013031300100439,2013년 3월 13일 18시,수요일,경상북도 상주시 화북면,중상사고,0,1,0,0,차량단독 - 기타,안전운전불이행,건조,맑음,단일로 - 기타,승용,여,24세,중상,,,,
2013031300100440,2013년 3월 13일 18시,수요일,경상북도 포항시 남구 오천읍,경상사고,0,0,1,0,차대사람 - 기타,안전운전불이행,건조,맑음,단일로 - 기타,승용,여,48세,상해없음,보행자,여,72세,경상
2013031300100471,2013년 3월 13일 19시,수요일,경상북도 경주시 성건동,경상사고,0,0,2,0,차대차 - 기타,안전운전불이행,습기,비,교차로 - 교차로안,승용,남,69세,경상,승용,남,42세,경상
2013031300100472,2013년 3월 13일 19시,수요일,경상북도 영주시 가흥동,경상사고,0,0,1,4,차대차 - 추돌 - 진행중,안전운전불이행,건조,흐림,교차로 - 교차로안,화물,남,59세,상해없음,승용,남,55세,상해없음
2013031300100473,2013년 3월 13일 19시,수요일,경상북도 칠곡군 왜관읍,경상사고,0,0,1,0,차대차 - 추돌 - 진행중,중앙선침범,건조,맑음,단일로 - 기타,자전거,남,46세,경상,승용,남,61세,상해없음
2013031300100474,2013년 3월 13일 19시,수요일,경상북도 구미시 신평동,경상사고,0,0,3,0,차대차 - 측면직각충돌,안전운전불이행,건조,맑음,단일로 - 기타,승용,여,40세,상해없음,승용,남,21세,경상
2013031300100502,2013년 3월 13일 20시,수요일,경상북도 경산시 옥곡동,중상사고,0,1,1,0,차대사람 - 기타,보행자보호의무위반,건조,맑음,교차로 - 교차로안,승용,남,48세,상해없음,보행자,남,21세,중상
2013031300100503,2013년 3월 13일 20시,수요일,경상북도 포항시 남구 이동,중상사고,0,1,1,0,차대차 - 추돌 - 주정차중,안전운전불이행,습기,흐림,단일로 - 기타,승용,남,44세,상해없음,승용,남,63세,중상
2013031300100528,2013년 3월 13일 21시,수요일,경상북도 영주시 하망동,경상사고,0,0,1,0,차대차 - 측면직각충돌,직진우회전진행방해,습기,눈,교차로 - 교차로안,승용,남,35세,상해없음,이륜,남,17세,경상
2013031300100529,2013년 3월 13일 21시,수요일,경상북도 구미시 봉곡동,경상사고,0,0,1,0,차대차 - 기타,중앙선침범,건조,흐림,단일로 - 기타,승용,남,43세,상해없음,이륜,남,41세,경상
2013031300100530,2013년 3월 13일 21시,수요일,경상북도 포항시 남구 청림동,경상사고,0,0,1,0,차대사람 - 기타,안전운전불이행,건조,맑음,교차로 - 교차로부근,승용,남,38세,상해없음,보행자,남,13세,경상
2013031300100531,2013년 3월 13일 21시,수요일,경상북도 포항시 남구 해도동,경상사고,0,0,2,0,차대차 - 기타,중앙선침범,건조,맑음,단일로 - 기타,승용,여,63세,상해없음,승용,남,49세,경상
2013031300100554,2013년 3월 13일 22시,수요일,경상북도 칠곡군 석적읍,중상사고,0,1,0,0,차대차 - 추돌 - 진행중,신호위반,건조,맑음,교차로 - 교차로안,승용,남,29세,상해없음,이륜,남,37세,중상
2013031300100555,2013년 3월 13일 22시,수요일,경상북도 칠곡군 약목면,중상사고,0,1,0,0,차대차 - 추돌 - 진행중,신호위반,습기,비,교차로 - 교차로안,승용,남,46세,상해없음,승용,남,31세,중상
2013031300100556,2013년 3월 13일 22시,수요일,경상북도 칠곡군 지천면,중상사고,0,1,0,0,차량단독 - 공작물충돌,안전운전불이행,습기,비,단일로 - 기타,승용,남,22세,중상,,,,
2013031300100557,2013년 3월 13일 22시,수요일,경상북도 구미시 형곡동,경상사고,0,0,1,0,차대차 - 측면직각충돌,안전운전불이행,건조,맑음,교차로 - 교차로부근,기타불명,기타불명,기타불명,기타불명,승용,여,45세,경상
2013031300100590,2013년 3월 13일 23시,수요일,경상북도 구미시 봉곡동,경상사고,0,0,1,0,차대차 - 측면직각충돌,안전운전불이행,건조,맑음,교차로 - 교차로안,기타불명,기타불명,기타불명,기타불명,승용,남,51세,경상
2013031400100065,2013년 3월 14일 03시,목요일,경상북도 구미시 신평동,중상사고,0,1,0,0,차대차 - 측면직각충돌,중앙선침범,습기,비,교차로 - 교차로부근,승용,남,32세,상해없음,이륜,남,51세,중상
2013031400100116,2013년 3월 14일 07시,목요일,경상북도 경주시 황성동,경상사고,0,0,1,0,차대차 - 기타,안전운전불이행,건조,맑음,단일로 - 기타,승용,여,43세,상해없음,자전거,남,16세,경상
2013031400100117,2013년 3월 14일 07시,목요일,경상북도 안동시 안흥동,경상사고,0,0,1,0,차대차 - 기타,안전거리미확보,건조,맑음,단일로 - 기타,화물,남,53세,상해없음,승용,여,47세,경상
2013031400100153,2013년 3월 14일 08시,목요일,경상북도 경산시 갑제동,경상사고,0,0,1,0,차대차 - 기타,안전운전불이행,건조,맑음,단일로 - 기타,건설기계,남,50세,상해없음,승용,여,29세,경상
2013031400100154,2013년 3월 14일 08시,목요일,경상북도 경산시 서상동,중상사고,0,1,0,0,차대차 - 기타,안전운전불이행,건조,맑음,단일로 - 기타,기타불명,기타불명,기타불명,기타불명,승합,남,44세,상해없음
2013031400100155,2013년 3월 14일 08시,목요일,경상북도 경산시 대평동,중상사고,0,1,1,0,차대차 - 기타,안전운전불이행,건조,맑음,기타 - 기타,승용,남,33세,중상,승용,여,53세,경상
2013031400100156,2013년 3월 14일 08시,목요일,경상북도 구미시 공단동,경상사고,0,0,1,0,차대차 - 측면직각충돌,교차로운행방법위반,건조,맑음,교차로 - 교차로안,승합,남,71세,상해없음,이륜,남,18세,경상
2013031400100157,2013년 3월 14일 08시,목요일,경상북도 구미시 고아읍,중상사고,0,1,0,1,차대차 - 추돌 - 주정차중,안전거리미확보,건조,맑음,단일로 - 기타,화물,남,62세,중상,화물,남,43세,부상신고
2013031400100196,2013년 3월 14일 10시,목요일,경상북도 영천시 문외동,경상사고,0,0,1,0,차대차 - 기타,안전운전불이행,건조,맑음,단일로 - 기타,승용,남,32세,기타불명,승용,여,32세,경상
2013031400100197,2013년 3월 14일 10시,목요일,경상북도 군위군 우보면,사망사고,1,0,0,0,차대차 - 측면직각충돌,안전운전불이행,건조,맑음,단일로 - 기타,화물,남,52세,상해없음,자전거,남,83세,사망
2013031400100223,2013년 3월 14일 11시,목요일,경상북도 포항시 북구 흥해읍,중상사고,0,1,0,0,차대차 - 기타,안전운전불이행,건조,맑음,교차로 - 교차로안,승용,남,70세,상해없음,화물,남,75세,중상
2013031400100243,2013년 3월 14일 12시,목요일,경상북도 안동시 용상동,경상사고,0,0,1,0,차대사람 - 기타,안전운전불이행,건조,맑음,단일로 - 기타,화물,남,32세,상해없음,보행자,여,79세,경상
2013031400100244,2013년 3월 14일 12시,목요일,경상북도 상주시 남적동,중상사고,0,2,0,0,차대차 - 기타,교차로운행방법위반,건조,맑음,교차로 - 교차로안,승용,여,58세,상해없음,화물,남,69세,중상
2013031400100245,2013년 3월 14일 12시,목요일,경상북도 경산시 중방동,경상사고,0,0,1,0,차대차 - 기타,안전운전불이행,건조,맑음,단일로 - 기타,승용,남,70세,상해없음,승용,남,24세,경상
2013031400100246,2013년 3월 14일 12시,목요일,경상북도 포항시 남구 연일읍,중상사고,0,1,0,0,차대차 - 측면직각충돌,안전거리미확보,건조,맑음,단일로 - 기타,화물,남,40세,상해없음,승용,남,61세,상해없음
2013031400100247,2013년 3월 14일 12시,목요일,경상북도 포항시 남구 장기면,중상사고,0,1,0,0,차대차 - 기타,중앙선침범,건조,맑음,단일로 - 기타,원동기,남,56세,중상,화물,남,57세,상해없음
2013031400100293,2013년 3월 14일 14시,목요일,경상북도 상주시 무양동,중상사고,0,2,0,0,차대차 - 기타,교차로운행방법위반,건조,맑음,교차로 - 교차로안,승용,여,43세,상해없음,이륜,남,75세,중상
2013031400100294,2013년 3월 14일 14시,목요일,경상북도 봉화군 명호면,중상사고,0,1,0,0,차대차 - 정면충돌,중앙선침범,건조,맑음,단일로 - 기타,승용,남,29세,상해없음,화물,남,71세,중상
2013031400100317,2013년 3월 14일 15시,목요일,경상북도 경주시 시래동,중상사고,0,1,0,0,차대사람 - 기타,안전운전불이행,건조,맑음,단일로 - 기타,승용,남,37세,상해없음,보행자,여,61세,중상
2013031400100318,2013년 3월 14일 15시,목요일,경상북도 안동시 북문동,중상사고,0,1,0,0,차대사람 - 기타,안전운전불이행,건조,맑음,단일로 - 기타,승합,남,44세,상해없음,보행자,여,11세,중상
2013031400100319,2013년 3월 14일 15시,목요일,경상북도 김천시 조마면,경상사고,0,0,3,0,차대차 - 측면직각충돌,중앙선침범,건조,맑음,단일로 - 기타,화물,남,51세,상해없음,승용,남,50세,경상
2013031400100320,2013년 3월 14일 15시,목요일,경상북도 문경시 점촌동,경상사고,0,0,1,1,차대차 - 측면직각충돌,안전운전불이행,건조,맑음,단일로 - 기타,승용,남,39세,상해없음,승용,여,51세,부상신고
2013031400100343,2013년 3월 14일 16시,목요일,경상북도 경주시 황성동,경상사고,0,0,1,0,차대차 - 기타,안전운전불이행,건조,맑음,단일로 - 기타,화물,남,50세,상해없음,자전거,남,13세,경상
2013031400100344,2013년 3월 14일 16시,목요일,경상북도 칠곡군 지천면,중상사고,0,1,0,0,차대사람 - 기타,안전운전불이행,건조,맑음,교차로 - 교차로부근,승용,남,43세,상해없음,보행자,여,81세,중상
2013031400100345,2013년 3월 14일 16시,목요일,경상북도 청송군 안덕면,중상사고,0,1,0,0,차대차 - 측면직각충돌,기타,건조,맑음,교차로 - 교차로안,승용,여,53세,중상,화물,남,56세,상해없음
2013031400100411,2013년 3월 14일 18시,목요일,경상북도 김천시 부곡동,경상사고,0,0,2,0,차대차 - 측면직각충돌,안전운전불이행,건조,맑음,단일로 - 기타,승용,남,26세,상해없음,화물,남,47세,경상
2013031400100412,2013년 3월 14일 18시,목요일,경상북도 영천시 조교동,경상사고,0,0,1,0,차대차 - 측면직각충돌,신호위반,건조,맑음,교차로 - 교차로안,화물,남,36세,상해없음,승용,남,53세,경상
2013031400100413,2013년 3월 14일 18시,목요일,경상북도 구미시 선산읍,경상사고,0,0,1,0,차대사람 - 기타,안전운전불이행,건조,맑음,단일로 - 기타,기타불명,기타불명,기타불명,기타불명,보행자,여,15세,경상
2013031400100445,2013년 3월 14일 19시,목요일,경상북도 경주시 인왕동,중상사고,0,1,1,0,차대차 - 측면직각충돌,신호위반,건조,맑음,교차로 - 교차로안,승용,여,22세,상해없음,승용,남,36세,경상