사고번호,사고일시,요일,시군구,사고내용,사망자수,중상자수,경상자수,부상신고자수,사고유형,법규위반,노면상태,기상상태,도로형태,가해운전자 차종,가해운전자 성별,가해운전자 연령,가해운전자 상해정도,피해운전자 차종,피해운전자 성별,피해운전자 연령,피해운전자 상해정도
2013031400100446,2013년 3월 14일 19시,목요일,경상북도 상주시 내서면,사망사고,1,0,0,0,차대차 - 추돌 - 진행중,안전운전불이행,건조,맑음,단일로 - 기타,화물,남,75세,상해없음,자전거,남,69세,사망
2013031400100447,2013년 3월 14일 19시,목요일,경상북도 상주시 무양동,중상사고,0,1,0,0,차대차 - 측면직각충돌,안전운전불이행,건조,맑음,교차로 - 교차로부근,승용,여,22세,상해없음,자전거,남,22세,중상
2013031400100448,2013년 3월 14일 19시,목요일,경상북도 칠곡군 가산면,중상사고,0,1,0,1,차대차 - 추돌 - 주정차중,안전거리미확보,건조,맑음,단일로 - 기타,승용,남,57세,부상신고,화물,남,56세,중상
2013031400100449,2013년 3월 14일 19시,목요일,경상북도 문경시 산양면,중상사고,0,1,1,0,차대차 - 측면직각충돌,안전운전불이행,건조,맑음,교차로 - 교차로안,승용,여,24세,중상,승합,남,45세,경상
2013031400100450,2013년 3월 14일 19시,목요일,경상북도 구미시 원평동,중상사고,0,1,0,0,차대차 - 측면직각충돌,신호위반,건조,맑음,단일로 - 기타,승용,남,72세,상해없음,자전거,남,70세,중상
2013031400100451,2013년 3월 14일 19시,목요일,경상북도 구미시 옥계동,중상사고,0,2,0,0,차대차 - 정면충돌,중앙선침범,건조,맑음,단일로 - 기타,승용,남,59세,상해없음,승용,남,29세,중상
2013031400100485,2013년 3월 14일 20시,목요일,경상북도 안동시 태화동,경상사고,0,0,1,0,차대차 - 기타,차로위반,건조,맑음,단일로 - 기타,승용,여,48세,상해없음,승용,여,41세,경상
2013031400100486,2013년 3월 14일 20시,목요일,경상북도 김천시 신음동,중상사고,0,1,1,0,차대사람 - 기타,신호위반,건조,맑음,교차로 - 교차로안,승합,남,42세,상해없음,보행자,여,43세,중상
2013031400100487,2013년 3월 14일 20시,목요일,경상북도 포항시 남구 송도동,경상사고,0,0,1,0,차대차 - 측면직각충돌,중앙선침범,건조,맑음,교차로 - 교차로부근,승용,남,33세,상해없음,원동기,여,42세,경상
2013031400100520,2013년 3월 14일 21시,목요일,경상북도 경주시 성동동,중상사고,0,1,0,0,차대차 - 기타,신호위반,건조,맑음,교차로 - 교차로부근,승용,여,25세,상해없음,자전거,남,53세,중상
2013031400100521,2013년 3월 14일 21시,목요일,경상북도 경산시 옥곡동,경상사고,0,0,1,0,차대차 - 기타,안전운전불이행,건조,맑음,단일로 - 기타,승용,여,38세,상해없음,승용,남,35세,경상
2013031400100545,2013년 3월 14일 22시,목요일,경상북도 상주시 냉림동,중상사고,0,1,0,0,차대차 - 측면직각충돌,중앙선침범,건조,맑음,단일로 - 기타,승용,여,48세,상해없음,승용,여,56세,중상
2013031400100546,2013년 3월 14일 22시,목요일,경상북도 구미시 상모동,경상사고,0,0,1,0,차대차 - 기타,교차로운행방법위반,건조,맑음,교차로 - 교차로안,승용,남,54세,상해없음,이륜,남,47세,경상
2013031400100577,2013년 3월 14일 23시,목요일,경상북도 포항시 남구 해도동,경상사고,0,0,2,0,차대차 - 추돌 - 주정차중,안전운전불이행,건조,맑음,단일로 - 기타,화물,남,52세,상해없음,승용,남,27세,경상
2013031500100022,2013년 3월 15일 01시,금요일,경상북도 포항시 북구 덕산동,중상사고,0,1,2,0,차대차 - 정면충돌,중앙선침범,건조,맑음,교차로 - 교차로부근,승용,여,20세,상해없음,승용,남,44세,경상
2013031500100023,2013년 3월 15일 01시,금요일,경상북도 성주군 용암면,사망사고,1,0,0,0,차량단독 - 공작물충돌,안전운전불이행,건조,맑음,단일로 - 기타,승용,남,29세,사망,,,,
2013031500100035,2013년 3월 15일 02시,금요일,경상북도 경산시 대동,중상사고,0,1,0,0,차량단독 - 공작물충돌,안전운전불이행,건조,맑음,단일로 - 기타,승용,여,25세,상해없음,,,,
2013031500100045,2013년 3월 15일 03시,금요일,경상북도 칠곡군 약목면,중상사고,0,1,0,0,차량단독 - 공작물충돌,안전운전불이행,건조,맑음,단일로 - 기타,승용,남,27세,중상,,,,
2013031500100053,2013년 3월 15일 04시,금요일,경상북도 상주시 함창읍,사망사고,1,1,0,0,차대차 - 추돌 - 진행중,안전운전불이행,건조,맑음,단일로 - 기타,화물,남,50세,사망,화물,남,48세,중상
2013031500100073,2013년 3월 15일 06시,금요일,경상북도 상주시 부원동,경상사고,0,0,2,0,차대차 - 정면충돌,중앙선침범,건조,맑음,교차로 - 교차로부근,승용,남,66세,경상,승용,남,60세,경상
2013031500100099,2013년 3월 15일 07시,금요일,경상북도 경주시 성건동,중상사고,0,1,0,0,차대차 - 기타,안전운전불이행,건조,맑음,교차로 - 교차로안,승용,남,66세,상해없음,자전거,여,22세,중상
2013031500100100,2013년 3월 15일 07시,금요일,경상북도 경주시 내남면,경상사고,0,0,1,0,차량단독 - 공작물충돌,안전운전불이행,건조,맑음,단일로 - 기타,승용,남,28세,경상,,,,
2013031500100101,2013년 3월 15일 07시,금요일,경상북도 경주시 외동읍,중상사고,0,1,0,0,차대차 - 측면직각충돌,안전운전불이행,건조,맑음,교차로 - 교차로부근,승용,남,27세,상해없음,승용,남,25세,중상
2013031500100102,2013년 3월 15일 07시,금요일,경상북도 포항시 북구 흥해읍,중상사고,0,1,0,0,차대사람 - 기타,안전운전불이행,건조,맑음,교차로 - 교차로부근,특수,남,53세,상해없음,보행자,남,35세,중상
2013031500100103,2013년 3월 15일 07시,금요일,경상북도 의성군 신평면,중상사고,0,1,2,0,차대차 - 측면직각충돌,안전운전불이행,건조,맑음,교차로 - 교차로부근,화물,남,69세,상해없음,승합,남,63세,경상
2013031500100137,2013년 3월 15일 08시,금요일,경상북도 경주시 동천동,경상사고,0,0,1,0,차대사람 - 기타,안전운전불이행,건조,맑음,단일로 - 기타,승용,여,55세,상해없음,보행자,남,63세,경상
2013031500100138,2013년 3월 15일 08시,금요일,경상북도 영주시 하망동,경상사고,0,0,1,0,차대사람 - 차도통행중,안전운전불이행,건조,맑음,단일로 - 기타,승용,여,42세,상해없음,보행자,남,14세,경상
2013031500100139,2013년 3월 15일 08시,금요일,경상북도 칠곡군 약목면,경상사고,0,0,1,0,차대차 - 기타,신호위반,건조,맑음,교차로 - 교차로안,승용,남,51세,상해없음,승용,여,41세,경상
2013031500100184,2013년 3월 15일 09시,금요일,경상북도 경주시 양남면,중상사고,0,1,0,0,차대차 - 기타,안전운전불이행,건조,맑음,단일로 - 기타,승용,여,54세,상해없음,원동기,여,63세,중상
2013031500100222,2013년 3월 15일 11시,금요일,경상북도 경주시 현곡면,중상사고,0,2,0,0,차량단독 - 전도전복,안전운전불이행,건조,맑음,단일로 - 기타,승용,여,57세,상해없음,,,,
2013031500100241,2013년 3월 15일 12시,금요일,경상북도 의성군 다인면,사망사고,1,0,0,0,차대차 - 기타,불법유턴,건조,맑음,교차로 - 교차로안,화물,남,44세,상해없음,원동기,남,80세,사망
2013031500100260,2013년 3월 15일 13시,금요일,경상북도 경주시 동천동,경상사고,0,0,1,0,차대사람 - 기타,안전운전불이행,건조,맑음,단일로 - 기타,승용,여,41세,상해없음,보행자,남,6세,경상
2013031500100261,2013년 3월 15일 13시,금요일,경상북도 영주시 영주동,경상사고,0,0,2,0,차대차 - 측면직각충돌,안전운전불이행,건조,맑음,교차로 - 교차로안,승용,남,57세,상해없음,승용,남,23세,경상
2013031500100262,2013년 3월 15일 13시,금요일,경상북도 문경시 점촌동,경상사고,0,0,1,0,차량단독 - 기타,안전운전불이행,건조,맑음,단일로 - 기타,승용,남,62세,상해없음,,,,
2013031500100299,2013년 3월 15일 14시,금요일,경상북도 안동시 법흥동,중상사고,0,1,1,0,차대차 - 추돌 - 주정차중,안전운전불이행,건조,맑음,단일로 - 기타,화물,남,49세,상해없음,승용,여,53세,경상
2013031500100300,2013년 3월 15일 14시,금요일,경상북도 문경시 산양면,중상사고,0,1,2,0,차대차 - 측면직각충돌,신호위반,건조,맑음,교차로 - 교차로안,승용,남,36세,중상,승용,남,74세,경상
2013031500100328,2013년 3월 15일 15시,금요일,경상북도 영천시 임고면,경상사고,0,0,1,0,차대차 - 기타,안전운전불이행,건조,맑음,기타 - 기타,승용,남,35세,상해없음,승용,여,45세,경상
2013031500100365,2013년 3월 15일 16시,금요일,경상북도 경산시 압량면,경상사고,0,0,1,0,차대차 - 기타,중앙선침범,건조,맑음,교차로 - 교차로부근,승용,남,40세,상해없음,승용,남,57세,상해없음
2013031500100366,2013년 3월 15일 16시,금요일,경상북도 경산시 하양읍,경상사고,0,0,2,0,차대차 - 추돌 - 진행중,안전거리미확보,건조,맑음,단일로 - 기타,승용,남,59세,경상,화물,남,51세,경상
2013031500100390,2013년 3월 15일 17시,금요일,경상북도 영천시 완산동,경상사고,0,0,2,0,차대차 - 측면직각충돌,안전운전불이행,건조,맑음,교차로 - 교차로부근,승용,여,55세,경상,승용,여,53세,경상
2013031500100391,2013년 3월 15일 17시,금요일,경상북도 봉화군 봉화읍,경상사고,0,0,2,0,차대차 - 측면직각충돌,안전거리미확보,건조,맑음,단일로 - 기타,승용,남,41세,경상,화물,남,42세,경상
2013031500100451,2013년 3월 15일 19시,금요일,경상북도 경주시 충효동,중상사고,0,1,0,0,차대사람 - 기타,보행자보호의무위반,건조,맑음,교차로 - 교차로부근,승용,여,48세,상해없음,보행자,남,40세,중상
2013031500100452,2013년 3월 15일 19시,금요일,경상북도 안동시 수상동,경상사고,0,0,4,0,차대차 - 추돌 - 진행중,안전운전불이행,건조,맑음,교차로 - 교차로부근,승용,남,43세,상해없음,승용,남,54세,경상
2013031500100453,2013년 3월 15일 19시,금요일,경상북도 영천시 금호읍,중상사고,0,1,0,0,차대차 - 기타,안전운전불이행,건조,맑음,기타 - 기타,자전거,남,16세,중상,승합,남,45세,상해없음
2013031500100454,2013년 3월 15일 19시,금요일,경상북도 영양군 수비면,경상사고,0,0,2,0,차대차 - 기타,중앙선침범,건조,맑음,단일로 - 기타,승용,여,34세,상해없음,승용,남,38세,상해없음
2013031500100455,2013년 3월 15일 19시,금요일,경상북도 포항시 남구 장기면,사망사고,1,0,0,0,차대사람 - 기타,안전운전불이행,건조,맑음,단일로 - 기타,화물,남,67세,상해없음,보행자,남,58세,사망
2013031500100497,2013년 3월 15일 20시,금요일,경상북도 성주군 선남면,경상사고,0,0,2,0,차대사람 - 기타,안전운전불이행,건조,맑음,단일로 - 기타,원동기,남,64세,경상,보행자,여,70세,경상
2013031500100498,2013년 3월 15일 20시,금요일,경상북도 구미시 황상동,중상사고,0,1,0,0,차대사람 - 기타,안전운전불이행,건조,맑음,단일로 - 기타,승용,남,44세,상해없음,보행자,남,58세,중상
2013031500100499,2013년 3월 15일 20시,금요일,경상북도 구미시 고아읍,중상사고,0,1,2,0,차대차 - 기타,안전운전불이행,건조,맑음,교차로 - 교차로부근,승합,남,36세,상해없음,승용,여,44세,중상
2013031500100500,2013년 3월 15일 20시,금요일,경상북도 포항시 남구 상도동,중상사고,0,1,0,0,차대차 - 측면직각충돌,안전운전불이행,건조,맑음,단일로 - 기타,원동기,남,32세,중상,승용,남,47세,상해없음
2013031500100524,2013년 3월 15일 21시,금요일,경상북도 경산시 진량읍,경상사고,0,0,3,0,차대차 - 추돌 - 주정차중,안전운전불이행,습기,비,단일로 - 기타,승용,남,44세,상해없음,승용,남,71세,경상
2013031500100525,2013년 3월 15일 21시,금요일,경상북도 예천군 예천읍,경상사고,0,0,1,1,차대차 - 기타,안전운전불이행,건조,맑음,교차로 - 교차로안,원동기,남,60세,부상신고,승용,남,35세,경상
2013031500100526,2013년 3월 15일 21시,금요일,경상북도 청도군 풍각면,중상사고,0,1,0,0,차대차 - 기타,교차로운행방법위반,건조,맑음,교차로 - 교차로안,승용,남,33세,상해없음,자전거,여,50세,중상
2013031500100563,2013년 3월 15일 22시,금요일,경상북도 영주시 가흥동,경상사고,0,0,1,0,차대차 - 추돌 - 진행중,안전운전불이행,건조,맑음,교차로 - 교차로부근,화물,남,58세,상해없음,승용,여,47세,경상
2013031500100590,2013년 3월 15일 23시,금요일,경상북도 포항시 북구 용흥동,중상사고,0,1,0,0,차대사람 - 차도통행중,안전운전불이행,건조,맑음,단일로 - 기타,승용,여,44세,상해없음,보행자,남,53세,중상
2013031500100591,2013년 3월 15일 23시,금요일,경상북도 구미시 임수동,경상사고,0,0,1,0,차대차 - 기타,안전운전불이행,건조,맑음,교차로 - 교차로부근,승용,남,44세,상해없음,승합,남,41세,경상
2013031600100018,2013년 3월 16일 00시,토요일,경상북도 구미시 봉곡동,경상사고,0,0,1,0,차대사람 - 기타,안전운전불이행,건조,맑음,단일로 - 기타,승용,남,27세,상해없음,보행자,남,41세,경상
2013031600100067,2013년 3월 16일 03시,토요일,경상북도 경주시 신평동,중상사고,0,1,0,1,차대차 - 기타,안전운전불이행,건조,맑음,교차로 - 교차로부근,승용,여,45세,부상신고,승용,남,50세,중상
2013031600100068,2013년 3월 16일 03시,토요일,경상북도 경산시 와촌면,부상신고사고,0,0,0,1,차량단독 - 기타,안전운전불이행,건조,맑음,단일로 - 기타,화물,남,43세,부상신고,,,,
2013031600100094,2013년 3월 16일 05시,토요일,경상북도 문경시 모전동,경상사고,0,0,2,0,차대차 - 측면직각충돌,기타,건조,맑음,교차로 - 교차로안,승용,남,45세,경상,승용,남,64세,경상
2013031600100107,2013년 3월 16일 06시,토요일,경상북도 영덕군 영덕읍,중상사고,0,1,0,0,차대사람 - 기타,안전운전불이행,건조,맑음,단일로 - 기타,화물,남,57세,상해없음,보행자,남,70세,중상
2013031600100135,2013년 3월 16일 08시,토요일,경상북도 문경시 흥덕동,중상사고,0,2,1,0,차대차 - 측면직각충돌,직진우회전진행방해,건조,맑음,교차로 - 교차로안,승합,남,53세,중상,승용,여,38세,상해없음
2013031600100154,2013년 3월 16일 09시,토요일,경상북도 경주시 용강동,경상사고,0,0,1,0,차대차 - 측면직각충돌,안전운전불이행,건조,맑음,교차로 - 교차로부근,승용,여,52세,상해없음,승용,남,58세,경상
2013031600100171,2013년 3월 16일 10시,토요일,경상북도 의성군 단촌면,중상사고,0,1,0,0,차대차 - 추돌 - 진행중,안전운전불이행,건조,맑음,단일로 - 기타,건설기계,남,41세,상해없음,승용,남,35세,중상
2013031600100213,2013년 3월 16일 12시,토요일,경상북도 경주시 성동동,경상사고,0,0,3,0,차대차 - 측면직각충돌,안전운전불이행,건조,맑음,교차로 - 교차로부근,승용,남,61세,경상,승용,남,55세,경상
2013031600100229,2013년 3월 16일 13시,토요일,경상북도 포항시 북구 죽도동,경상사고,0,0,2,0,차대차 - 기타,안전거리미확보,건조,맑음,단일로 - 기타,승용,남,19세,상해없음,승용,남,20세,상해없음
2013031600100230,2013년 3월 16일 13시,토요일,경상북도 영주시 상망동,경상사고,0,0,2,0,차대차 - 추돌 - 진행중,안전운전불이행,건조,맑음,교차로 - 교차로부근,화물,남,53세,상해없음,승용,남,54세,경상
2013031600100231,2013년 3월 16일 13시,토요일,경상북도 칠곡군 석적읍,중상사고,0,1,0,0,차대사람 - 보도통행중,안전운전불이행,건조,맑음,단일로 - 기타,자전거,여,52세,상해없음,보행자,여,53세,중상
2013031600100232,2013년 3월 16일 13시,토요일,경상북도 구미시 인의동,경상사고,0,0,1,0,차대사람 - 기타,안전운전불이행,건조,맑음,단일로 - 기타,승용,여,40세,상해없음,보행자,남,26세,경상
2013031600100258,2013년 3월 16일 14시,토요일,경상북도 경주시 구황동,중상사고,0,5,1,0,차량단독 - 공작물충돌,안전운전불이행,건조,맑음,단일로 - 기타,승용,남,19세,중상,,,,
2013031600100259,2013년 3월 16일 14시,토요일,경상북도 상주시 오대동,경상사고,0,0,2,0,차대차 - 기타,안전운전불이행,건조,맑음,교차로 - 교차로안,농기계,남,27세,상해없음,승용,남,61세,경상
2013031600100260,2013년 3월 16일 14시,토요일,경상북도 울진군 북면,중상사고,0,2,0,0,차대차 - 추돌 - 진행중,안전운전불이행,건조,맑음,단일로 - 기타,승용,남,59세,상해없음,승용,여,24세,중상
2013031600100285,2013년 3월 16일 15시,토요일,경상북도 경주시 마동,중상사고,0,3,5,0,차대차 - 기타,안전운전불이행,건조,맑음,교차로 - 교차로안,승용,여,37세,상해없음,승용,남,29세,중상
2013031600100286,2013년 3월 16일 15시,토요일,경상북도 영천시 북안면,중상사고,0,3,2,0,차대차 - 추돌 - 주정차중,안전거리미확보,건조,맑음,교차로 - 교차로안,승용,여,55세,경상,승용,남,66세,중상
2013031600100287,2013년 3월 16일 15시,토요일,경상북도 구미시 선산읍,경상사고,0,0,1,0,차대차 - 기타,교차로운행방법위반,건조,맑음,교차로 - 교차로안,승용,남,37세,상해없음,자전거,남,44세,경상
2013031600100311,2013년 3월 16일 16시,토요일,경상북도 경주시 배반동,중상사고,0,1,0,0,차대차 - 기타,안전운전불이행,건조,맑음,단일로 - 기타,승용,남,57세,상해없음,이륜,남,27세,중상
2013031600100312,2013년 3월 16일 16시,토요일,경상북도 안동시 태화동,부상신고사고,0,0,0,1,차대사람 - 횡단중,안전운전불이행,건조,맑음,단일로 - 기타,승용,남,71세,상해없음,보행자,남,9세,부상신고
2013031600100313,2013년 3월 16일 16시,토요일,경상북도 구미시 인의동,경상사고,0,0,2,0,차대차 - 기타,교차로운행방법위반,건조,맑음,교차로 - 교차로부근,승용,남,55세,상해없음,승용,여,30세,경상
2013031600100355,2013년 3월 16일 17시,토요일,경상북도 경주시 양남면,중상사고,0,1,2,0,차대차 - 측면직각충돌,안전운전불이행,건조,맑음,교차로 - 교차로안,화물,남,65세,경상,승용,남,57세,중상
2013031600100356,2013년 3월 16일 17시,토요일,경상북도 포항시 북구 죽장면,중상사고,0,1,0,0,차대차 - 기타,안전운전불이행,건조,맑음,단일로 - 기타,승용,남,71세,상해없음,승용,여,43세,중상
2013031600100357,2013년 3월 16일 17시,토요일,경상북도 김천시 신음동,중상사고,0,1,0,0,차대차 - 측면직각충돌,안전운전불이행,건조,맑음,단일로 - 기타,승용,남,68세,상해없음,자전거,남,18세,중상
2013031600100358,2013년 3월 16일 17시,토요일,경상북도 성주군 성주읍,중상사고,0,1,1,0,차대차 - 정면충돌,중앙선침범,건조,맑음,단일로 - 기타,승용,남,35세,경상,화물,남,56세,중상
2013031600100393,2013년 3월 16일 18시,토요일,경상북도 포항시 북구 죽장면,경상사고,0,0,4,0,차대차 - 기타,안전운전불이행,건조,맑음,단일로 - 기타,승용,남,60세,상해없음,승용,남,53세,경상
2013031600100394,2013년 3월 16일 18시,토요일,경상북도 칠곡군 석적읍,부상신고사고,0,0,0,1,차대차 - 추돌 - 진행중,안전거리미확보,건조,맑음,교차로 - 교차로부근,승용,남,29세,부상신고,승용,남,33세,상해없음
2013031600100428,2013년 3월 16일 19시,토요일,경상북도 포항시 북구 우현동,경상사고,0,0,1,0,차대차 - 기타,차로위반,건조,맑음,단일로 - 기타,승용,남,29세,상해없음,원동기,남,43세,경상
2013031600100429,2013년 3월 16일 19시,토요일,경상북도 안동시 북문동,중상사고,0,1,0,0,차대사람 - 횡단중,안전운전불이행,건조,맑음,단일로 - 횡단보도상,승용,남,26세,상해없음,보행자,여,21세,중상
2013031600100430,2013년 3월 16일 19시,토요일,경상북도 안동시 법흥동,경상사고,0,0,2,0,차대차 - 기타,안전운전불이행,건조,맑음,교차로 - 교차로부근,승용,남,50세,상해없음,승용,여,33세,경상
2013031600100431,2013년 3월 16일 19시,토요일,경상북도 영주시 가흥동,경상사고,0,0,1,0,차대차 - 추돌 - 주정차중,안전운전불이행,건조,맑음,단일로 - 기타,승용,남,36세,경상,건설기계,남,30세,상해없음
2013031600100498,2013년 3월 16일 21시,토요일,경상북도 구미시 형곡동,중상사고,0,1,1,0,차대차 - 기타,교차로운행방법위반,건조,맑음,교차로 - 교차로안,승용,남,34세,상해없음,승용,남,19세,경상
2013031600100536,2013년 3월 16일 22시,토요일,경상북도 안동시 옥동,중상사고,0,1,0,0,차대사람 - 횡단중,보행자보호의무위반,건조,맑음,교차로 - 교차로부근,승용,남,45세,상해없음,보행자,여,55세,중상
2013031600100537,2013년 3월 16일 22시,토요일,경상북도 청도군 각북면,중상사고,0,1,0,0,차대차 - 측면직각충돌,안전운전불이행,건조,맑음,단일로 - 기타,승용,남,70세,상해없음,자전거,남,57세,중상
2013031700100021,2013년 3월 17일 00시,일요일,경상북도 김천시 남면,중상사고,0,1,0,0,차량단독 - 전도전복,안전운전불이행,건조,맑음,단일로 - 기타,승용,남,25세,상해없음,,,,
2013031700100043,2013년 3월 17일 01시,일요일,경상북도 포항시 북구 죽도동,경상사고,0,0,3,0,차대차 - 측면직각충돌,신호위반,건조,맑음,교차로 - 교차로안,승용,남,41세,경상,승용,남,24세,경상
2013031700100062,2013년 3월 17일 02시,일요일,경상북도 칠곡군 가산면,부상신고사고,0,0,0,1,차대차 - 추돌 - 주정차중,안전운전불이행,건조,맑음,교차로 - 교차로부근,승용,여,54세,부상신고,농기계,남,56세,기타불명
2013031700100105,2013년 3월 17일 05시,일요일,경상북도 포항시 남구 송내동,경상사고,0,0,1,0,차대차 - 기타,안전운전불이행,건조,맑음,교차로 - 교차로안,원동기,남,56세,경상,건설기계,남,61세,상해없음
2013031700100121,2013년 3월 17일 07시,일요일,경상북도 구미시 공단동,중상사고,0,2,0,0,차대차 - 측면직각충돌,신호위반,건조,맑음,교차로 - 교차로안,승용,여,30세,중상,승합,남,41세,중상
2013031700100134,2013년 3월 17일 08시,일요일,경상북도 포항시 북구 죽장면,중상사고,0,1,0,0,차대차 - 측면직각충돌,안전운전불이행,건조,맑음,교차로 - 교차로안,승용,남,52세,상해없음,농기계,남,65세,중상
2013031700100148,2013년 3월 17일 09시,일요일,경상북도 상주시 공성면,중상사고,0,1,0,0,차대차 - 기타,안전운전불이행,건조,맑음,단일로 - 기타,건설기계,남,60세,상해없음,승용,여,56세,중상
2013031700100149,2013년 3월 17일 09시,일요일,경상북도 구미시 선산읍,중상사고,0,1,0,0,차대차 - 추돌 - 주정차중,안전운전불이행,건조,맑음,단일로 - 기타,이륜,남,80세,중상,화물,남,55세,기타불명
2013031700100182,2013년 3월 17일 11시,일요일,경상북도 포항시 북구 용흥동,중상사고,0,2,0,0,차대차 - 기타,안전운전불이행,건조,맑음,단일로 - 기타,승용,남,54세,상해없음,화물,남,57세,중상
2013031700100183,2013년 3월 17일 11시,일요일,경상북도 울진군 죽변면,중상사고,0,1,0,0,차대차 - 측면직각충돌,안전운전불이행,건조,맑음,단일로 - 기타,승용,여,35세,상해없음,이륜,여,59세,중상
2013031700100195,2013년 3월 17일 12시,일요일,경상북도 포항시 북구 흥해읍,경상사고,0,0,1,0,차대차 - 측면직각충돌,안전운전불이행,건조,맑음,교차로 - 교차로안,승용,여,47세,상해없음,승용,남,42세,경상
2013031700100196,2013년 3월 17일 12시,일요일,경상북도 구미시 선산읍,경상사고,0,0,1,0,차량단독 - 전도전복,안전운전불이행,건조,맑음,단일로 - 교량,이륜,여,56세,경상,,,,
2013031700100197,2013년 3월 17일 12시,일요일,경상북도 상주시 낙동면,중상사고,0,1,0,0,차대차 - 측면직각충돌,안전운전불이행,건조,맑음,단일로 - 터널,승용,여,45세,상해없음,승용,남,30세,중상
2013031700100216,2013년 3월 17일 13시,일요일,경상북도 경산시 남천면,중상사고,0,2,2,0,차대차 - 정면충돌,중앙선침범,건조,맑음,단일로 - 기타,화물,남,57세,경상,승용,남,28세,중상
2013031700100243,2013년 3월 17일 14시,일요일,경상북도 청도군 매전면,경상사고,0,0,6,0,차대차 - 정면충돌,중앙선침범,건조,맑음,단일로 - 기타,승용,남,22세,경상,승용,남,55세,경상
2013031700100264,2013년 3월 17일 15시,일요일,경상북도 문경시 점촌동,중상사고,0,1,0,0,차대차 - 추돌 - 주정차중,안전운전불이행,건조,맑음,단일로 - 기타,승용,여,55세,상해없음,자전거,남,55세,중상
2013031700100284,2013년 3월 17일 16시,일요일,경상북도 경산시 하양읍,중상사고,0,1,1,0,차대차 - 기타,안전운전불이행,건조,맑음,교차로 - 교차로안,이륜,남,16세,경상,승용,남,41세,중상
2013031700100285,2013년 3월 17일 16시,일요일,경상북도 영덕군 남정면,중상사고,0,1,0,0,차대차 - 추돌 - 진행중,안전운전불이행,건조,맑음,단일로 - 기타,이륜,남,66세,중상,승용,남,48세,상해없음
2013031700100313,2013년 3월 17일 17시,일요일,경상북도 칠곡군 왜관읍,경상사고,0,0,1,0,차대차 - 추돌 - 진행중,안전운전불이행,건조,맑음,단일로 - 기타,승합,남,50세,상해없음,승용,여,44세,경상
2013031700100314,2013년 3월 17일 17시,일요일,경상북도 영천시 청통면,경상사고,0,0,2,0,차대차 - 측면직각충돌,교차로운행방법위반,건조,맑음,교차로 - 교차로안,화물,여,54세,경상,승용,여,54세,경상
2013031700100346,2013년 3월 17일 18시,일요일,경상북도 경주시 천군동,경상사고,0,0,1,0,차대차 - 측면직각충돌,신호위반,건조,맑음,교차로 - 교차로안,승용,남,52세,상해없음,승용,남,32세,경상
2013031700100347,2013년 3월 17일 18시,일요일,경상북도 문경시 모전동,중상사고,0,1,1,0,차량단독 - 공작물충돌,안전운전불이행,건조,맑음,단일로 - 기타,승용,남,24세,경상,,,,
2013031700100348,2013년 3월 17일 18시,일요일,경상북도 예천군 호명면,사망사고,1,0,0,0,차량단독 - 공작물충돌,안전운전불이행,건조,맑음,단일로 - 기타,화물,남,60세,사망,,,,
2013031700100349,2013년 3월 17일 18시,일요일,경상북도 구미시 공단동,경상사고,0,0,1,0,차대차 - 기타,안전운전불이행,건조,맑음,교차로 - 교차로부근,승용,남,52세,상해없음,승용,남,49세,경상
2013031700100396,2013년 3월 17일 19시,일요일,경상북도 안동시 풍산읍,사망사고,1,0,0,0,차대사람 - 횡단중,안전운전불이행,건조,맑음,단일로 - 기타,승용,남,26세,상해없음,보행자,여,74세,사망
2013031700100397,2013년 3월 17일 19시,일요일,경상북도 경산시 진량읍,중상사고,0,1,0,0,차대차 - 기타,안전운전불이행,건조,맑음,단일로 - 횡단보도부근,승용,남,45세,상해없음,승용,남,36세,중상
2013031700100398,2013년 3월 17일 19시,일요일,경상북도 영덕군 영해면,중상사고,0,1,0,0,차대차 - 정면충돌,중앙선침범,건조,맑음,교차로 - 교차로부근,기타불명,기타불명,기타불명,기타불명,자전거,남,75세,중상
2013031700100450,2013년 3월 17일 20시,일요일,경상북도 상주시 가장동,경상사고,0,0,1,0,차대차 - 측면직각충돌,신호위반,습기,비,교차로 - 교차로안,승용,남,35세,상해없음,승용,남,62세,경상
2013031700100451,2013년 3월 17일 20시,일요일,경상북도 경산시 조영동,경상사고,0,0,2,0,차대차 - 기타,교차로운행방법위반,건조,맑음,교차로 - 교차로안,승용,남,22세,경상,승용,남,37세,경상
2013031700100452,2013년 3월 17일 20시,일요일,경상북도 구미시 비산동,중상사고,0,1,0,0,차대차 - 기타,안전운전불이행,습기,비,단일로 - 기타,승용,남,39세,상해없음,승용,여,49세,중상
2013031700100453,2013년 3월 17일 20시,일요일,경상북도 포항시 남구 청림동,중상사고,0,1,0,0,차대차 - 기타,안전운전불이행,습기,비,단일로 - 기타,기타불명,남,46세,상해없음,자전거,남,44세,중상
2013031700100504,2013년 3월 17일 21시,일요일,경상북도 경주시 성건동,중상사고,0,3,0,0,차대차 - 측면직각충돌,안전운전불이행,습기,비,교차로 - 교차로안,승용,남,67세,중상,승용,남,32세,중상