사고번호,사고일시,요일,시군구,사고내용,사망자수,중상자수,경상자수,부상신고자수,사고유형,법규위반,노면상태,기상상태,도로형태,가해운전자 차종,가해운전자 성별,가해운전자 연령,가해운전자 상해정도,피해운전자 차종,피해운전자 성별,피해운전자 연령,피해운전자 상해정도
2013032000100457,2013년 3월 20일 19시,수요일,경상북도 영천시 대창면,중상사고,0,2,0,0,차대차 - 측면직각충돌,중앙선침범,건조,맑음,단일로 - 기타,화물,남,54세,중상,건설기계,남,49세,상해없음
2013032000100458,2013년 3월 20일 19시,수요일,경상북도 청송군 부남면,경상사고,0,0,1,0,차대차 - 추돌 - 진행중,안전운전불이행,건조,맑음,단일로 - 기타,화물,남,42세,상해없음,화물,남,33세,경상
2013032000100459,2013년 3월 20일 19시,수요일,경상북도 구미시 공단동,중상사고,0,1,0,0,차대차 - 측면직각충돌,신호위반,건조,맑음,교차로 - 교차로부근,화물,남,53세,상해없음,승용,남,26세,중상
2013032000100497,2013년 3월 20일 20시,수요일,경상북도 경주시 외동읍,경상사고,0,0,2,0,차대차 - 추돌 - 진행중,안전운전불이행,건조,맑음,단일로 - 기타,승용,기타불명,기타불명,기타불명,승용,남,29세,상해없음
2013032000100498,2013년 3월 20일 20시,수요일,경상북도 경산시 중방동,경상사고,0,0,1,0,차대차 - 기타,안전운전불이행,건조,맑음,교차로 - 교차로안,이륜,남,17세,경상,승용,여,55세,상해없음
2013032000100499,2013년 3월 20일 20시,수요일,경상북도 영덕군 축산면,중상사고,0,1,0,0,차대사람 - 기타,안전운전불이행,건조,흐림,단일로 - 기타,승용,여,39세,상해없음,보행자,여,72세,중상
2013032000100500,2013년 3월 20일 20시,수요일,경상북도 구미시 광평동,중상사고,0,1,0,1,차량단독 - 공작물충돌,안전운전불이행,건조,맑음,단일로 - 기타,승용,남,29세,부상신고,,,,
2013032000100531,2013년 3월 20일 21시,수요일,경상북도 구미시 임은동,경상사고,0,0,3,0,차대차 - 측면직각충돌,안전운전불이행,건조,맑음,교차로 - 교차로부근,승용,여,26세,상해없음,승용,남,65세,경상
2013032000100555,2013년 3월 20일 22시,수요일,경상북도 안동시 정하동,중상사고,0,1,0,0,차대차 - 추돌 - 주정차중,안전운전불이행,건조,맑음,교차로 - 교차로부근,승용,남,48세,상해없음,화물,여,36세,중상
2013032000100557,2013년 3월 20일 22시,수요일,경상북도 경산시 중방동,경상사고,0,0,1,0,차대차 - 기타,안전운전불이행,건조,맑음,단일로 - 기타,승용,남,55세,상해없음,자전거,남,17세,경상
2013032000100577,2013년 3월 20일 23시,수요일,경상북도 구미시 원평동,경상사고,0,0,2,0,차대차 - 측면직각충돌,안전운전불이행,건조,맑음,교차로 - 교차로안,승용,남,39세,상해없음,승용,여,28세,경상
2013032100100015,2013년 3월 21일 00시,목요일,경상북도 포항시 북구 죽도동,중상사고,0,2,0,0,차대차 - 측면직각충돌,안전운전불이행,건조,맑음,교차로 - 교차로부근,원동기,남,13세,중상,승용,여,43세,상해없음
2013032100100041,2013년 3월 21일 02시,목요일,경상북도 김천시 교동,경상사고,0,0,5,0,차대차 - 측면직각충돌,안전운전불이행,건조,맑음,교차로 - 교차로부근,승용,남,48세,상해없음,승합,남,24세,경상
2013032100100042,2013년 3월 21일 02시,목요일,경상북도 포항시 남구 상도동,중상사고,0,1,0,0,차대사람 - 기타,안전운전불이행,건조,맑음,단일로 - 기타,기타불명,기타불명,기타불명,기타불명,보행자,남,42세,중상
2013032100100043,2013년 3월 21일 02시,목요일,경상북도 경주시 서면,중상사고,0,3,4,0,차대차 - 추돌 - 주정차중,안전운전불이행,건조,맑음,단일로 - 기타,화물,남,48세,상해없음,승합,남,65세,중상
2013032100100059,2013년 3월 21일 04시,목요일,경상북도 구미시 인의동,경상사고,0,0,1,0,차량단독 - 공작물충돌,안전운전불이행,건조,맑음,교차로 - 교차로부근,승용,남,35세,경상,,,,
2013032100100084,2013년 3월 21일 06시,목요일,경상북도 안동시 와룡면,중상사고,0,1,0,0,차량단독 - 전도전복,안전운전불이행,결빙,맑음,단일로 - 기타,승용,여,40세,중상,,,,
2013032100100085,2013년 3월 21일 06시,목요일,경상북도 상주시 외답동,사망사고,1,0,0,0,차대차 - 기타,신호위반,건조,맑음,교차로 - 교차로안,화물,남,69세,상해없음,자전거,여,72세,사망
2013032100100113,2013년 3월 21일 07시,목요일,경상북도 영천시 망정동,부상신고사고,0,0,0,1,차대사람 - 보도통행중,안전운전불이행,건조,맑음,단일로 - 기타,승용,남,55세,상해없음,보행자,여,55세,부상신고
2013032100100152,2013년 3월 21일 08시,목요일,경상북도 의성군 의성읍,중상사고,0,1,0,0,차대차 - 측면직각충돌,신호위반,건조,맑음,교차로 - 교차로안,화물,남,49세,상해없음,승용,남,68세,중상
2013032100100153,2013년 3월 21일 08시,목요일,경상북도 경산시 진량읍,중상사고,0,2,1,0,차대차 - 기타,안전운전불이행,건조,맑음,단일로 - 기타,승용,여,43세,경상,승용,남,27세,중상
2013032100100154,2013년 3월 21일 08시,목요일,경상북도 구미시 옥계동,경상사고,0,0,1,0,차대차 - 측면직각충돌,신호위반,건조,맑음,교차로 - 교차로안,승용,남,36세,상해없음,승용,남,51세,경상
2013032100100155,2013년 3월 21일 08시,목요일,경상북도 포항시 남구 해도동,중상사고,0,1,0,0,차대차 - 측면직각충돌,안전운전불이행,건조,맑음,단일로 - 기타,자전거,남,55세,중상,승용,남,45세,상해없음
2013032100100156,2013년 3월 21일 08시,목요일,경상북도 포항시 남구 대도동,중상사고,0,1,0,0,차대차 - 측면직각충돌,안전운전불이행,건조,맑음,교차로 - 교차로부근,승용,여,32세,상해없음,승용,남,33세,중상
2013032100100189,2013년 3월 21일 09시,목요일,경상북도 경주시 내남면,중상사고,0,3,0,0,차대차 - 측면직각충돌,안전운전불이행,건조,맑음,단일로 - 기타,건설기계,남,57세,상해없음,승용,남,56세,중상
2013032100100190,2013년 3월 21일 09시,목요일,경상북도 영주시 휴천동,중상사고,0,1,1,0,차대차 - 측면직각충돌,안전거리미확보,건조,맑음,교차로 - 교차로부근,승용,남,61세,상해없음,승용,남,59세,중상
2013032100100224,2013년 3월 21일 10시,목요일,경상북도 경주시 안강읍,중상사고,0,1,0,0,차대차 - 기타,안전운전불이행,건조,맑음,단일로 - 기타,원동기,남,74세,상해없음,원동기,남,66세,중상
2013032100100244,2013년 3월 21일 11시,목요일,경상북도 경주시 동부동,중상사고,0,1,0,0,차대차 - 정면충돌,안전운전불이행,건조,맑음,교차로 - 교차로부근,원동기,남,37세,상해없음,자전거,여,60세,중상
2013032100100245,2013년 3월 21일 11시,목요일,경상북도 김천시 개령면,중상사고,0,1,0,0,차대차 - 측면직각충돌,교차로운행방법위반,건조,맑음,교차로 - 교차로부근,승용,남,33세,상해없음,화물,남,44세,중상
2013032100100246,2013년 3월 21일 11시,목요일,경상북도 상주시 서문동,중상사고,0,1,0,0,차대차 - 기타,안전운전불이행,건조,맑음,교차로 - 교차로안,승용,남,69세,상해없음,승용,남,73세,중상
2013032100100267,2013년 3월 21일 12시,목요일,경상북도 포항시 북구 학잠동,중상사고,0,1,0,0,차대사람 - 길가장자리구역통행중,안전운전불이행,건조,맑음,단일로 - 기타,승용,남,51세,상해없음,보행자,여,84세,중상
2013032100100268,2013년 3월 21일 12시,목요일,경상북도 안동시 안막동,경상사고,0,0,2,0,차대차 - 측면직각충돌,안전운전불이행,건조,맑음,단일로 - 기타,승용,남,52세,상해없음,승합,남,58세,상해없음
2013032100100269,2013년 3월 21일 12시,목요일,경상북도 칠곡군 가산면,부상신고사고,0,0,0,2,차대차 - 추돌 - 진행중,교차로운행방법위반,건조,맑음,교차로 - 교차로부근,승용,남,37세,부상신고,승용,남,65세,부상신고
2013032100100287,2013년 3월 21일 13시,목요일,경상북도 포항시 북구 장성동,경상사고,0,0,1,0,차대차 - 기타,안전거리미확보,건조,맑음,기타 - 기타,승용,남,65세,상해없음,화물,남,35세,경상
2013032100100310,2013년 3월 21일 14시,목요일,경상북도 경주시 용강동,경상사고,0,0,1,0,차대차 - 기타,안전운전불이행,건조,맑음,단일로 - 기타,기타불명,기타불명,기타불명,기타불명,이륜,여,58세,경상
2013032100100311,2013년 3월 21일 14시,목요일,경상북도 김천시 부곡동,사망사고,1,0,0,0,차대차 - 측면직각충돌,안전운전불이행,건조,맑음,단일로 - 기타,이륜,남,84세,사망,승용,여,28세,상해없음
2013032100100312,2013년 3월 21일 14시,목요일,경상북도 문경시 가은읍,중상사고,0,1,0,0,차대차 - 기타,안전운전불이행,건조,맑음,교차로 - 교차로안,원동기,남,74세,중상,승합,남,43세,상해없음
2013032100100334,2013년 3월 21일 15시,목요일,경상북도 안동시 용상동,중상사고,0,1,0,0,차량단독 - 기타,기타,건조,맑음,기타 - 기타,승합,남,54세,상해없음,,,,
2013032100100335,2013년 3월 21일 15시,목요일,경상북도 의성군 안계면,사망사고,1,1,0,0,차대사람 - 차도통행중,안전운전불이행,건조,맑음,단일로 - 기타,승용,남,72세,상해없음,보행자,남,82세,사망
2013032100100365,2013년 3월 21일 16시,목요일,경상북도 영덕군 영덕읍,경상사고,0,0,1,0,차대사람 - 기타,안전운전불이행,건조,맑음,단일로 - 기타,자전거,여,73세,상해없음,보행자,여,84세,경상
2013032100100390,2013년 3월 21일 17시,목요일,경상북도 경산시 사동,경상사고,0,0,5,0,차대차 - 기타,직진우회전진행방해,건조,맑음,교차로 - 교차로안,승합,남,59세,경상,승용,여,47세,경상
2013032100100433,2013년 3월 21일 18시,목요일,경상북도 포항시 북구 두호동,중상사고,0,1,0,0,차대차 - 추돌 - 주정차중,안전운전불이행,건조,맑음,단일로 - 기타,승용,여,36세,중상,승용,남,59세,기타불명
2013032100100434,2013년 3월 21일 18시,목요일,경상북도 구미시 고아읍,중상사고,0,1,0,0,차대차 - 측면직각충돌,신호위반,건조,맑음,교차로 - 교차로안,화물,남,53세,상해없음,화물,남,59세,중상
2013032100100471,2013년 3월 21일 19시,목요일,경상북도 포항시 북구 죽도동,경상사고,0,0,1,0,차대차 - 측면직각충돌,차로위반,건조,맑음,교차로 - 교차로부근,승용,남,55세,상해없음,원동기,남,32세,경상
2013032100100472,2013년 3월 21일 19시,목요일,경상북도 김천시 신음동,경상사고,0,0,2,0,차대사람 - 기타,보행자보호의무위반,건조,맑음,단일로 - 기타,이륜,남,71세,상해없음,보행자,여,32세,경상
2013032100100506,2013년 3월 21일 20시,목요일,경상북도 포항시 북구 청하면,중상사고,0,1,0,0,차량단독 - 기타,안전운전불이행,건조,맑음,단일로 - 기타,화물,남,61세,중상,,,,
2013032100100507,2013년 3월 21일 20시,목요일,경상북도 영주시 가흥동,중상사고,0,1,0,0,차대차 - 측면직각충돌,안전운전불이행,건조,맑음,교차로 - 교차로안,승용,남,29세,상해없음,원동기,여,52세,중상
2013032100100508,2013년 3월 21일 20시,목요일,경상북도 구미시 구평동,경상사고,0,0,3,0,차대차 - 측면직각충돌,신호위반,건조,맑음,교차로 - 교차로안,승용,남,63세,상해없음,승용,남,33세,경상
2013032100100536,2013년 3월 21일 21시,목요일,경상북도 울진군 평해읍,중상사고,0,1,0,0,차대차 - 추돌 - 주정차중,안전운전불이행,건조,맑음,교차로 - 교차로부근,승용,남,50세,상해없음,승용,여,35세,중상
2013032100100567,2013년 3월 21일 22시,목요일,경상북도 경산시 계양동,경상사고,0,0,2,0,차대차 - 기타,안전운전불이행,건조,맑음,단일로 - 기타,승용,남,24세,기타불명,승용,남,26세,경상
2013032100100568,2013년 3월 21일 22시,목요일,경상북도 울진군 울진읍,중상사고,0,1,0,0,차량단독 - 공작물충돌,안전운전불이행,건조,맑음,교차로 - 교차로부근,화물,남,43세,중상,,,,
2013032100100569,2013년 3월 21일 22시,목요일,경상북도 포항시 남구 대잠동,부상신고사고,0,0,0,1,차대차 - 측면직각충돌,교차로운행방법위반,건조,맑음,교차로 - 교차로안,승용,여,39세,부상신고,화물,남,45세,상해없음
2013032100100595,2013년 3월 21일 23시,목요일,경상북도 김천시 삼락동,경상사고,0,0,1,0,차대차 - 측면직각충돌,교차로운행방법위반,건조,맑음,교차로 - 교차로안,승용,여,49세,상해없음,이륜,남,22세,경상
2013032100100596,2013년 3월 21일 23시,목요일,경상북도 구미시 봉곡동,중상사고,0,1,0,0,차대차 - 측면직각충돌,안전운전불이행,건조,맑음,교차로 - 교차로부근,승용,남,34세,상해없음,승용,남,42세,중상
2013032200100016,2013년 3월 22일 00시,금요일,경상북도 안동시 태화동,중상사고,0,1,1,0,차대차 - 측면직각충돌,중앙선침범,건조,맑음,교차로 - 교차로부근,승용,남,35세,상해없음,승용,남,41세,경상
2013032200100068,2013년 3월 22일 03시,금요일,경상북도 구미시 임수동,중상사고,0,1,0,0,차대사람 - 기타,안전운전불이행,건조,맑음,교차로 - 교차로부근,승용,남,27세,상해없음,보행자,남,23세,중상
2013032200100090,2013년 3월 22일 06시,금요일,경상북도 구미시 공단동,중상사고,0,1,1,0,차대차 - 측면직각충돌,교차로운행방법위반,건조,맑음,교차로 - 교차로안,승용,남,59세,상해없음,승용,남,31세,중상
2013032200100114,2013년 3월 22일 07시,금요일,경상북도 경주시 안강읍,경상사고,0,0,1,0,차대차 - 측면직각충돌,안전운전불이행,건조,맑음,교차로 - 교차로안,승용,남,40세,상해없음,승합,남,43세,경상
2013032200100115,2013년 3월 22일 07시,금요일,경상북도 안동시 태화동,경상사고,0,0,3,0,차대차 - 추돌 - 진행중,안전거리미확보,건조,맑음,단일로 - 기타,건설기계,남,41세,상해없음,승용,여,51세,경상
2013032200100116,2013년 3월 22일 07시,금요일,경상북도 경산시 신천동,중상사고,0,1,0,0,차대차 - 기타,안전운전불이행,건조,맑음,단일로 - 기타,승용,남,46세,상해없음,승용,남,32세,중상
2013032200100117,2013년 3월 22일 07시,금요일,경상북도 구미시 고아읍,사망사고,1,0,0,0,차량단독 - 공작물충돌,안전운전불이행,건조,맑음,단일로 - 기타,승용,남,37세,사망,,,,
2013032200100118,2013년 3월 22일 07시,금요일,경상북도 구미시 시미동,경상사고,0,0,1,0,차대차 - 기타,안전거리미확보,건조,맑음,교차로 - 교차로부근,승용,여,35세,상해없음,승용,남,36세,경상
2013032200100151,2013년 3월 22일 08시,금요일,경상북도 포항시 북구 용흥동,중상사고,0,1,0,0,차대사람 - 기타,안전운전불이행,건조,맑음,단일로 - 기타,승용,여,43세,상해없음,보행자,여,9세,중상
2013032200100152,2013년 3월 22일 08시,금요일,경상북도 김천시 황금동,경상사고,0,0,2,0,차대차 - 측면직각충돌,안전운전불이행,건조,맑음,교차로 - 교차로안,화물,남,66세,경상,승용,여,35세,경상
2013032200100153,2013년 3월 22일 08시,금요일,경상북도 영주시 휴천동,중상사고,0,1,0,0,차대차 - 측면직각충돌,안전운전불이행,건조,맑음,교차로 - 교차로안,승용,남,42세,상해없음,승용,여,39세,중상
2013032200100154,2013년 3월 22일 08시,금요일,경상북도 청도군 매전면,중상사고,0,1,0,0,차대차 - 정면충돌,중앙선침범,건조,맑음,단일로 - 기타,원동기,남,35세,중상,승용,남,49세,상해없음
2013032200100155,2013년 3월 22일 08시,금요일,경상북도 성주군 성주읍,경상사고,0,0,1,0,차대사람 - 횡단중,안전운전불이행,건조,맑음,단일로 - 기타,승용,여,30세,상해없음,보행자,여,12세,경상
2013032200100184,2013년 3월 22일 09시,금요일,경상북도 칠곡군 석적읍,경상사고,0,0,2,0,차대차 - 추돌 - 진행중,안전운전불이행,건조,맑음,단일로 - 기타,승용,여,45세,상해없음,승합,남,52세,경상
2013032200100185,2013년 3월 22일 09시,금요일,경상북도 경산시 옥곡동,중상사고,0,1,0,0,차대차 - 기타,교차로운행방법위반,건조,맑음,교차로 - 교차로안,승용,여,36세,상해없음,이륜,남,63세,중상
2013032200100211,2013년 3월 22일 10시,금요일,경상북도 안동시 옥야동,부상신고사고,0,0,0,1,차대사람 - 차도통행중,안전운전불이행,건조,맑음,단일로 - 기타,화물,기타불명,기타불명,기타불명,보행자,남,38세,부상신고
2013032200100212,2013년 3월 22일 10시,금요일,경상북도 구미시 고아읍,중상사고,0,1,0,0,차대차 - 기타,안전운전불이행,건조,맑음,단일로 - 기타,승용,남,34세,상해없음,승용,여,42세,중상
2013032200100230,2013년 3월 22일 11시,금요일,경상북도 포항시 북구 대흥동,경상사고,0,0,1,0,차대차 - 기타,안전운전불이행,건조,흐림,단일로 - 횡단보도상,승용,여,38세,상해없음,이륜,남,64세,경상
2013032200100231,2013년 3월 22일 11시,금요일,경상북도 안동시 임하면,경상사고,0,0,3,0,차대차 - 추돌 - 진행중,안전거리미확보,건조,맑음,기타 - 기타,특수,남,46세,상해없음,승용,남,72세,경상
2013032200100232,2013년 3월 22일 11시,금요일,경상북도 영주시 가흥동,중상사고,0,1,0,0,차대차 - 기타,안전운전불이행,건조,맑음,교차로 - 교차로부근,화물,남,44세,상해없음,자전거,남,72세,중상
2013032200100233,2013년 3월 22일 11시,금요일,경상북도 영천시 완산동,경상사고,0,0,1,0,차대차 - 정면충돌,중앙선침범,건조,맑음,단일로 - 기타,이륜,남,70세,경상,승용,남,28세,상해없음
2013032200100234,2013년 3월 22일 11시,금요일,경상북도 포항시 남구 동촌동,중상사고,0,1,0,0,차대차 - 측면직각충돌,안전운전불이행,건조,맑음,단일로 - 기타,특수,남,60세,상해없음,승용,여,27세,상해없음
2013032200100252,2013년 3월 22일 12시,금요일,경상북도 김천시 부곡동,경상사고,0,0,1,0,차대차 - 측면직각충돌,안전거리미확보,건조,맑음,단일로 - 기타,화물,남,59세,상해없음,화물,남,64세,상해없음
2013032200100253,2013년 3월 22일 12시,금요일,경상북도 청송군 현서면,중상사고,0,1,0,1,차량단독 - 도로외이탈 - 기타,안전운전불이행,건조,맑음,단일로 - 기타,화물,남,67세,부상신고,,,,
2013032200100254,2013년 3월 22일 12시,금요일,경상북도 포항시 남구 해도동,경상사고,0,0,3,0,차대차 - 측면직각충돌,안전운전불이행,건조,맑음,단일로 - 기타,승용,남,28세,상해없음,승용,여,34세,경상
2013032200100271,2013년 3월 22일 13시,금요일,경상북도 포항시 남구 동해면,경상사고,0,0,1,0,차대차 - 기타,안전운전불이행,건조,맑음,단일로 - 기타,기타불명,기타불명,기타불명,기타불명,자전거,남,19세,경상
2013032200100295,2013년 3월 22일 14시,금요일,경상북도 안동시 남문동,경상사고,0,0,2,0,차대차 - 기타,기타,건조,맑음,교차로 - 교차로부근,승용,남,64세,상해없음,승용,남,48세,경상
2013032200100296,2013년 3월 22일 14시,금요일,경상북도 경산시 진량읍,경상사고,0,0,3,0,차대차 - 기타,중앙선침범,건조,맑음,단일로 - 기타,승용,남,54세,상해없음,승용,남,25세,경상
2013032200100297,2013년 3월 22일 14시,금요일,경상북도 성주군 선남면,중상사고,0,1,0,0,차대사람 - 횡단중,안전운전불이행,기타,맑음,단일로 - 횡단보도상,승용,남,67세,상해없음,보행자,여,82세,중상
2013032200100323,2013년 3월 22일 15시,금요일,경상북도 경주시 외동읍,중상사고,0,1,0,1,차대차 - 측면직각충돌,안전운전불이행,건조,맑음,교차로 - 교차로안,승용,남,32세,부상신고,승용,남,54세,중상
2013032200100346,2013년 3월 22일 16시,금요일,경상북도 김천시 신음동,경상사고,0,0,1,0,차대차 - 측면직각충돌,교차로운행방법위반,건조,맑음,교차로 - 교차로안,승용,여,58세,상해없음,이륜,남,78세,경상
2013032200100347,2013년 3월 22일 16시,금요일,경상북도 포항시 남구 효자동,경상사고,0,0,1,0,차대차 - 측면직각충돌,안전운전불이행,건조,맑음,교차로 - 교차로안,화물,남,57세,상해없음,승합,여,39세,경상
2013032200100391,2013년 3월 22일 17시,금요일,경상북도 경주시 인왕동,중상사고,0,1,0,0,차량단독 - 공작물충돌,안전운전불이행,건조,맑음,단일로 - 기타,승용,남,49세,중상,,,,
2013032200100392,2013년 3월 22일 17시,금요일,경상북도 포항시 남구 상도동,중상사고,0,1,0,0,차대차 - 측면직각충돌,안전운전불이행,건조,맑음,교차로 - 교차로부근,원동기,남,23세,중상,승용,남,27세,상해없음
2013032200100393,2013년 3월 22일 17시,금요일,경상북도 포항시 남구 대송면,경상사고,0,0,1,0,차대사람 - 기타,안전운전불이행,건조,맑음,단일로 - 기타,승합,여,43세,상해없음,보행자,여,60세,경상
2013032200100422,2013년 3월 22일 18시,금요일,경상북도 경주시 황용동,중상사고,0,2,0,0,차대차 - 측면직각충돌,중앙선침범,건조,맑음,단일로 - 기타,화물,여,52세,상해없음,승용,남,73세,중상
2013032200100423,2013년 3월 22일 18시,금요일,경상북도 안동시 송현동,경상사고,0,0,1,0,차대차 - 기타,교차로운행방법위반,건조,맑음,교차로 - 교차로안,승용,남,33세,상해없음,승용,여,28세,경상
2013032200100424,2013년 3월 22일 18시,금요일,경상북도 영주시 휴천동,중상사고,0,1,0,0,차량단독 - 공작물충돌,안전운전불이행,건조,맑음,단일로 - 기타,이륜,남,55세,중상,,,,
2013032200100425,2013년 3월 22일 18시,금요일,경상북도 성주군 성주읍,중상사고,0,1,1,0,차대차 - 추돌 - 주정차중,안전운전불이행,건조,맑음,단일로 - 기타,화물,남,52세,상해없음,화물,남,61세,경상
2013032200100426,2013년 3월 22일 18시,금요일,경상북도 포항시 남구 오천읍,중상사고,0,1,0,0,차대사람 - 기타,안전운전불이행,건조,맑음,단일로 - 기타,승용,남,56세,상해없음,보행자,남,11세,중상
2013032200100468,2013년 3월 22일 19시,금요일,경상북도 포항시 북구 동빈1가,경상사고,0,0,3,0,차대차 - 추돌 - 주정차중,안전운전불이행,건조,맑음,교차로 - 교차로부근,화물,남,57세,상해없음,승용,남,46세,경상
2013032200100469,2013년 3월 22일 19시,금요일,경상북도 경산시 정평동,중상사고,0,1,0,0,차대차 - 기타,신호위반,건조,맑음,교차로 - 교차로안,이륜,남,16세,상해없음,승용,남,52세,상해없음
2013032200100470,2013년 3월 22일 19시,금요일,경상북도 구미시 진평동,경상사고,0,0,2,0,차대차 - 측면직각충돌,안전운전불이행,건조,맑음,단일로 - 기타,승용,남,33세,상해없음,승용,여,42세,경상
2013032200100471,2013년 3월 22일 19시,금요일,경상북도 포항시 남구 상도동,중상사고,0,1,0,0,차대사람 - 기타,안전운전불이행,건조,맑음,단일로 - 횡단보도상,화물,남,61세,상해없음,보행자,여,56세,중상
2013032200100508,2013년 3월 22일 20시,금요일,경상북도 김천시 삼락동,중상사고,0,1,0,0,차대차 - 측면직각충돌,직진우회전진행방해,건조,맑음,교차로 - 교차로안,화물,남,35세,상해없음,이륜,남,21세,중상
2013032200100509,2013년 3월 22일 20시,금요일,경상북도 경산시 백천동,중상사고,0,1,0,0,차대사람 - 기타,안전운전불이행,건조,맑음,교차로 - 교차로부근,승용,남,33세,상해없음,보행자,여,12세,중상
2013032200100510,2013년 3월 22일 20시,금요일,경상북도 청도군 이서면,경상사고,0,0,1,0,차량단독 - 기타,안전운전불이행,건조,맑음,단일로 - 기타,승용,남,45세,상해없음,,,,
2013032200100546,2013년 3월 22일 21시,금요일,경상북도 성주군 성주읍,사망사고,1,1,0,0,차대차 - 정면충돌,중앙선침범,건조,맑음,단일로 - 기타,이륜,남,36세,사망,승용,여,57세,중상
2013032200100593,2013년 3월 22일 22시,금요일,경상북도 김천시 용두동,중상사고,0,1,0,0,차대차 - 측면직각충돌,안전운전불이행,건조,맑음,단일로 - 기타,승용,남,27세,상해없음,자전거,여,71세,중상
2013032200100622,2013년 3월 22일 23시,금요일,경상북도 안동시 태화동,부상신고사고,0,0,0,1,차대차 - 기타,안전운전불이행,건조,맑음,단일로 - 기타,승용,남,61세,상해없음,승용,남,34세,부상신고
2013032200100623,2013년 3월 22일 23시,금요일,경상북도 안동시 서후면,부상신고사고,0,0,0,1,차량단독 - 공작물충돌,안전운전불이행,건조,맑음,단일로 - 기타,승용,남,46세,부상신고,,,,
2013032200100624,2013년 3월 22일 23시,금요일,경상북도 경산시 하양읍,경상사고,0,0,1,0,차대차 - 기타,안전운전불이행,건조,맑음,단일로 - 기타,승용,남,35세,상해없음,승용,남,27세,경상
2013032200100625,2013년 3월 22일 23시,금요일,경상북도 경산시 사동,중상사고,0,1,0,0,차대차 - 기타,교차로운행방법위반,건조,맑음,교차로 - 교차로안,승용,남,54세,상해없음,이륜,남,30세,중상
2013032300100016,2013년 3월 23일 00시,토요일,경상북도 칠곡군 북삼읍,부상신고사고,0,0,0,1,차량단독 - 공작물충돌,안전운전불이행,건조,맑음,교차로 - 교차로부근,승용,남,38세,부상신고,,,,
2013032300100017,2013년 3월 23일 00시,토요일,경상북도 구미시 진평동,경상사고,0,0,1,0,차대차 - 추돌 - 주정차중,안전운전불이행,건조,맑음,교차로 - 교차로부근,화물,남,24세,상해없음,승용,남,39세,경상
2013032300100056,2013년 3월 23일 01시,토요일,경상북도 포항시 북구 대흥동,중상사고,0,1,0,0,차대차 - 측면직각충돌,안전운전불이행,건조,맑음,단일로 - 기타,승용,남,67세,상해없음,원동기,남,17세,중상
2013032300100077,2013년 3월 23일 02시,토요일,경상북도 안동시 옥동,경상사고,0,0,1,0,차대사람 - 기타,안전운전불이행,건조,맑음,교차로 - 교차로안,승용,남,36세,상해없음,보행자,남,26세,경상
2013032300100078,2013년 3월 23일 02시,토요일,경상북도 청도군 청도읍,경상사고,0,0,1,0,차대차 - 기타,안전운전불이행,건조,맑음,단일로 - 기타,승용,여,41세,경상,승용,여,31세,기타불명
2013032300100093,2013년 3월 23일 03시,토요일,경상북도 포항시 남구 상도동,경상사고,0,0,1,0,차대차 - 측면직각충돌,중앙선침범,건조,맑음,단일로 - 기타,승용,남,42세,상해없음,원동기,남,35세,경상
2013032300100123,2013년 3월 23일 05시,토요일,경상북도 안동시 풍산읍,중상사고,0,1,0,0,차량단독 - 공작물충돌,안전운전불이행,건조,맑음,단일로 - 기타,승용,남,21세,상해없음,,,,
2013032300100124,2013년 3월 23일 05시,토요일,경상북도 포항시 남구 오천읍,경상사고,0,0,1,0,차대차 - 측면직각충돌,안전운전불이행,건조,맑음,교차로 - 교차로안,원동기,남,44세,경상,승용,남,48세,상해없음
2013032300100141,2013년 3월 23일 06시,토요일,경상북도 안동시 수상동,부상신고사고,0,0,0,1,차대차 - 기타,신호위반,건조,맑음,교차로 - 교차로안,이륜,남,56세,부상신고,승용,남,30세,상해없음
2013032300100157,2013년 3월 23일 07시,토요일,경상북도 경주시 배동,경상사고,0,0,1,0,차대차 - 기타,안전운전불이행,건조,맑음,교차로 - 교차로안,화물,남,28세,상해없음,승용,남,61세,경상
2013032300100176,2013년 3월 23일 08시,토요일,경상북도 포항시 북구 우현동,중상사고,0,1,0,0,차대차 - 기타,신호위반,건조,맑음,교차로 - 교차로안,승용,여,45세,상해없음,승용,여,27세,중상
2013032300100177,2013년 3월 23일 08시,토요일,경상북도 상주시 화서면,중상사고,0,1,0,0,차대사람 - 기타,불법유턴,건조,맑음,교차로 - 교차로부근,화물,남,62세,상해없음,보행자,여,70세,중상
2013032300100178,2013년 3월 23일 08시,토요일,경상북도 영천시 교촌동,경상사고,0,0,3,0,차대차 - 측면직각충돌,안전운전불이행,건조,맑음,단일로 - 기타,승용,여,59세,상해없음,승용,남,68세,경상
2013032300100201,2013년 3월 23일 09시,토요일,경상북도 영주시 하망동,경상사고,0,0,1,0,차대차 - 추돌 - 진행중,안전운전불이행,건조,맑음,단일로 - 기타,승용,여,47세,상해없음,승용,여,52세,경상
2013032300100202,2013년 3월 23일 09시,토요일,경상북도 칠곡군 석적읍,경상사고,0,0,2,0,차대차 - 추돌 - 진행중,안전거리미확보,건조,흐림,단일로 - 기타,건설기계,남,57세,상해없음,화물,남,56세,경상
2013032300100226,2013년 3월 23일 10시,토요일,경상북도 경주시 구정동,경상사고,0,0,1,0,차대사람 - 기타,안전운전불이행,건조,맑음,단일로 - 기타,화물,남,67세,상해없음,보행자,남,64세,경상