사고번호,사고일시,요일,시군구,사고내용,사망자수,중상자수,경상자수,부상신고자수,사고유형,법규위반,노면상태,기상상태,도로형태,가해운전자 차종,가해운전자 성별,가해운전자 연령,가해운전자 상해정도,피해운전자 차종,피해운전자 성별,피해운전자 연령,피해운전자 상해정도
2013032900100179,2013년 3월 29일 09시,금요일,경상북도 구미시 선산읍,중상사고,0,1,1,0,차대차 - 추돌 - 진행중,안전운전불이행,건조,맑음,단일로 - 기타,특수,남,29세,상해없음,승용,남,62세,상해없음
2013032900100205,2013년 3월 29일 10시,금요일,경상북도 경주시 안강읍,경상사고,0,0,1,0,차대사람 - 기타,안전운전불이행,건조,맑음,단일로 - 기타,승합,남,61세,상해없음,보행자,남,51세,경상
2013032900100206,2013년 3월 29일 10시,금요일,경상북도 경산시 중방동,중상사고,0,1,0,0,차대사람 - 보도통행중,보행자보호의무위반,건조,맑음,단일로 - 횡단보도상,승합,남,32세,상해없음,보행자,남,69세,중상
2013032900100207,2013년 3월 29일 10시,금요일,경상북도 구미시 옥계동,중상사고,0,1,0,0,차대차 - 기타,교차로운행방법위반,건조,맑음,교차로 - 교차로안,승용,여,44세,상해없음,이륜,여,44세,중상
2013032900100208,2013년 3월 29일 10시,금요일,경상북도 포항시 남구 구룡포읍,경상사고,0,0,1,0,차대차 - 측면직각충돌,교차로운행방법위반,건조,맑음,교차로 - 교차로안,승용,여,54세,상해없음,자전거,남,64세,경상
2013032900100231,2013년 3월 29일 11시,금요일,경상북도 영천시 야사동,사망사고,1,0,0,0,차대차 - 측면직각충돌,안전운전불이행,건조,맑음,교차로 - 교차로안,승용,남,46세,상해없음,이륜,여,71세,사망
2013032900100232,2013년 3월 29일 11시,금요일,경상북도 영천시 금호읍,경상사고,0,0,3,0,차대차 - 기타,안전거리미확보,건조,맑음,기타 - 기타,화물,남,64세,경상,화물,남,41세,경상
2013032900100233,2013년 3월 29일 11시,금요일,경상북도 경산시 압량면,경상사고,0,0,1,0,차대사람 - 기타,기타,건조,맑음,단일로 - 기타,승합,남,51세,상해없음,보행자,남,79세,경상
2013032900100251,2013년 3월 29일 12시,금요일,경상북도 경주시 노서동,중상사고,0,2,0,0,차대사람 - 기타,안전운전불이행,건조,맑음,교차로 - 교차로부근,승합,남,56세,상해없음,보행자,여,20세,중상
2013032900100252,2013년 3월 29일 12시,금요일,경상북도 김천시 대덕면,경상사고,0,0,1,0,차대차 - 측면직각충돌,안전운전불이행,건조,맑음,단일로 - 기타,화물,남,50세,상해없음,승용,여,44세,경상
2013032900100276,2013년 3월 29일 13시,금요일,경상북도 영주시 영주동,중상사고,0,1,0,0,차대사람 - 횡단중,보행자보호의무위반,건조,맑음,교차로 - 교차로부근,승용,남,56세,상해없음,보행자,남,67세,중상
2013032900100304,2013년 3월 29일 14시,금요일,경상북도 포항시 북구 죽도동,경상사고,0,0,1,0,차대차 - 기타,안전운전불이행,건조,맑음,단일로 - 기타,승용,남,48세,상해없음,승용,남,72세,경상
2013032900100305,2013년 3월 29일 14시,금요일,경상북도 청도군 화양읍,중상사고,0,1,0,0,차대차 - 기타,안전운전불이행,건조,맑음,단일로 - 교량,화물,남,64세,상해없음,자전거,남,71세,중상
2013032900100343,2013년 3월 29일 15시,금요일,경상북도 경주시 보문동,중상사고,0,1,0,0,차대차 - 기타,안전운전불이행,건조,맑음,단일로 - 기타,화물,남,42세,상해없음,자전거,여,54세,중상
2013032900100344,2013년 3월 29일 15시,금요일,경상북도 포항시 북구 용흥동,경상사고,0,0,1,0,차대차 - 측면직각충돌,신호위반,건조,맑음,교차로 - 교차로안,승용,여,43세,상해없음,승용,남,63세,경상
2013032900100345,2013년 3월 29일 15시,금요일,경상북도 포항시 북구 흥해읍,경상사고,0,0,1,0,차대차 - 측면직각충돌,교차로운행방법위반,건조,맑음,교차로 - 교차로부근,승용,여,53세,상해없음,승용,여,52세,경상
2013032900100346,2013년 3월 29일 15시,금요일,경상북도 영천시 금호읍,중상사고,0,2,0,0,차대차 - 추돌 - 진행중,안전거리미확보,건조,맑음,단일로 - 기타,승용,기타불명,기타불명,기타불명,화물,남,70세,중상
2013032900100347,2013년 3월 29일 15시,금요일,경상북도 포항시 남구 대도동,경상사고,0,0,1,0,차대차 - 기타,중앙선침범,건조,맑음,단일로 - 기타,승용,남,62세,상해없음,승용,남,22세,경상
2013032900100386,2013년 3월 29일 16시,금요일,경상북도 안동시 임하면,경상사고,0,0,1,0,차대차 - 추돌 - 진행중,안전운전불이행,건조,맑음,기타 - 기타,화물,남,34세,상해없음,승용,남,70세,경상
2013032900100387,2013년 3월 29일 16시,금요일,경상북도 영천시 오수동,중상사고,0,1,1,0,차대차 - 추돌 - 진행중,과속,건조,맑음,단일로 - 기타,화물,남,26세,상해없음,승용,여,33세,중상
2013032900100415,2013년 3월 29일 17시,금요일,경상북도 안동시 남문동,경상사고,0,0,1,0,차대차 - 측면직각충돌,안전운전불이행,건조,맑음,단일로 - 기타,승용,여,40세,상해없음,승용,여,31세,경상
2013032900100416,2013년 3월 29일 17시,금요일,경상북도 상주시 남성동,중상사고,0,1,0,0,차대사람 - 기타,안전운전불이행,건조,맑음,단일로 - 기타,승용,여,47세,상해없음,보행자,여,39세,중상
2013032900100445,2013년 3월 29일 18시,금요일,경상북도 경주시 황성동,경상사고,0,0,1,0,차대차 - 기타,안전운전불이행,건조,맑음,교차로 - 교차로안,승용,남,43세,상해없음,승합,여,41세,상해없음
2013032900100484,2013년 3월 29일 19시,금요일,경상북도 상주시 은척면,경상사고,0,0,1,0,차량단독 - 기타,안전운전불이행,건조,맑음,단일로 - 기타,화물,남,71세,상해없음,,,,
2013032900100485,2013년 3월 29일 19시,금요일,경상북도 경산시 하양읍,경상사고,0,0,4,0,차대차 - 기타,안전운전불이행,건조,맑음,단일로 - 기타,승용,여,33세,상해없음,화물,남,47세,경상
2013032900100486,2013년 3월 29일 19시,금요일,경상북도 경산시 대동,중상사고,0,1,2,2,차대차 - 추돌 - 진행중,안전운전불이행,건조,맑음,교차로 - 교차로부근,승용,남,50세,상해없음,승용,남,35세,부상신고
2013032900100487,2013년 3월 29일 19시,금요일,경상북도 경산시 하양읍,경상사고,0,0,2,0,차대차 - 기타,안전거리미확보,건조,맑음,단일로 - 기타,승용,남,46세,상해없음,승용,여,31세,경상
2013032900100488,2013년 3월 29일 19시,금요일,경상북도 울진군 죽변면,중상사고,0,1,0,0,차대사람 - 기타,안전운전불이행,건조,맑음,교차로 - 교차로안,승용,남,27세,상해없음,보행자,여,68세,중상
2013032900100521,2013년 3월 29일 20시,금요일,경상북도 경주시 황성동,중상사고,0,1,0,0,차대차 - 기타,안전운전불이행,건조,맑음,교차로 - 교차로안,승합,남,62세,상해없음,자전거,남,59세,중상
2013032900100560,2013년 3월 29일 21시,금요일,경상북도 상주시 성동동,경상사고,0,0,3,0,차대차 - 측면직각충돌,교차로운행방법위반,건조,맑음,교차로 - 교차로부근,화물,남,64세,상해없음,승용,남,35세,경상
2013032900100561,2013년 3월 29일 21시,금요일,경상북도 청도군 청도읍,중상사고,0,1,1,0,차대차 - 기타,안전운전불이행,건조,맑음,교차로 - 교차로안,화물,남,53세,상해없음,승용,여,46세,중상
2013032900100562,2013년 3월 29일 21시,금요일,경상북도 울진군 평해읍,중상사고,0,1,2,0,차대차 - 추돌 - 진행중,안전운전불이행,건조,맑음,교차로 - 교차로부근,건설기계,남,52세,상해없음,화물,여,51세,중상
2013032900100563,2013년 3월 29일 21시,금요일,경상북도 포항시 남구 오천읍,경상사고,0,0,3,0,차대차 - 기타,안전운전불이행,건조,맑음,단일로 - 기타,승용,남,44세,경상,승용,남,47세,경상
2013032900100609,2013년 3월 29일 22시,금요일,경상북도 경주시 성건동,경상사고,0,0,1,0,차대차 - 기타,불법유턴,건조,맑음,단일로 - 기타,승용,남,23세,상해없음,원동기,남,16세,경상
2013032900100610,2013년 3월 29일 22시,금요일,경상북도 포항시 북구 흥해읍,경상사고,0,0,1,0,차량단독 - 공작물충돌,안전운전불이행,건조,맑음,단일로 - 기타,승용,남,41세,경상,,,,
2013032900100611,2013년 3월 29일 22시,금요일,경상북도 포항시 남구 상도동,경상사고,0,0,1,0,차대차 - 측면직각충돌,안전운전불이행,건조,맑음,단일로 - 기타,승용,남,60세,상해없음,원동기,남,21세,경상
2013033000100068,2013년 3월 30일 02시,토요일,경상북도 경주시 동천동,경상사고,0,0,1,0,차대차 - 측면직각충돌,안전운전불이행,건조,맑음,단일로 - 기타,승용,여,33세,상해없음,승용,남,50세,경상
2013033000100088,2013년 3월 30일 03시,토요일,경상북도 영천시 금호읍,중상사고,0,2,0,0,차대차 - 측면직각충돌,안전운전불이행,건조,맑음,교차로 - 교차로안,승용,남,22세,중상,승용,남,46세,중상
2013033000100103,2013년 3월 30일 04시,토요일,경상북도 포항시 북구 청하면,경상사고,0,0,1,0,차대차 - 기타,중앙선침범,건조,맑음,단일로 - 기타,승용,남,42세,상해없음,승용,여,67세,경상
2013033000100146,2013년 3월 30일 07시,토요일,경상북도 성주군 성주읍,경상사고,0,0,1,0,차대차 - 기타,교차로운행방법위반,건조,맑음,교차로 - 교차로안,화물,남,53세,상해없음,화물,남,48세,경상
2013033000100169,2013년 3월 30일 08시,토요일,경상북도 경주시 외동읍,중상사고,0,1,0,0,차대차 - 측면직각충돌,안전운전불이행,건조,맑음,단일로 - 기타,승용,남,23세,중상,승용,남,45세,상해없음
2013033000100170,2013년 3월 30일 08시,토요일,경상북도 김천시 평화동,경상사고,0,0,1,0,차대차 - 측면직각충돌,안전운전불이행,건조,맑음,단일로 - 기타,이륜,남,49세,상해없음,자전거,남,51세,경상
2013033000100201,2013년 3월 30일 09시,토요일,경상북도 예천군 예천읍,경상사고,0,0,4,0,차대차 - 기타,신호위반,건조,맑음,교차로 - 교차로안,승용,남,58세,상해없음,화물,남,41세,경상
2013033000100224,2013년 3월 30일 10시,토요일,경상북도 경주시 성동동,중상사고,0,1,0,0,차대사람 - 기타,보행자보호의무위반,건조,맑음,단일로 - 횡단보도상,승용,남,36세,상해없음,보행자,남,61세,중상
2013033000100225,2013년 3월 30일 10시,토요일,경상북도 안동시 광석동,경상사고,0,0,1,0,차대사람 - 기타,안전운전불이행,건조,맑음,기타 - 기타,승용,여,32세,상해없음,보행자,남,31세,경상
2013033000100226,2013년 3월 30일 10시,토요일,경상북도 청송군 진보면,중상사고,0,1,0,0,차대차 - 측면직각충돌,기타,건조,맑음,교차로 - 교차로부근,농기계,남,74세,중상,승합,남,54세,상해없음
2013033000100248,2013년 3월 30일 11시,토요일,경상북도 경주시 도지동,경상사고,0,0,1,0,차대사람 - 보도통행중,중앙선침범,건조,맑음,교차로 - 교차로부근,원동기,남,51세,상해없음,보행자,남,4세,경상
2013033000100249,2013년 3월 30일 11시,토요일,경상북도 안동시 풍천면,부상신고사고,0,0,0,1,차대차 - 측면직각충돌,안전거리미확보,건조,맑음,교차로 - 교차로부근,원동기,남,58세,부상신고,화물,남,63세,상해없음
2013033000100250,2013년 3월 30일 11시,토요일,경상북도 안동시 광석동,경상사고,0,0,1,0,차대차 - 측면직각충돌,안전운전불이행,건조,맑음,단일로 - 기타,자전거,남,54세,경상,승용,여,34세,상해없음
2013033000100251,2013년 3월 30일 11시,토요일,경상북도 상주시 사벌면,중상사고,0,1,0,0,차량단독 - 도로외이탈 - 추락,안전운전불이행,습기,맑음,단일로 - 교량,이륜,남,72세,중상,,,,
2013033000100252,2013년 3월 30일 11시,토요일,경상북도 영주시 상망동,중상사고,0,1,0,0,차대차 - 측면직각충돌,직진우회전진행방해,건조,맑음,교차로 - 교차로안,화물,남,66세,상해없음,이륜,남,80세,중상
2013033000100253,2013년 3월 30일 11시,토요일,경상북도 청도군 청도읍,중상사고,0,1,0,0,차대차 - 측면직각충돌,안전거리미확보,건조,맑음,단일로 - 기타,승용,남,22세,상해없음,승용,여,43세,중상
2013033000100277,2013년 3월 30일 12시,토요일,경상북도 경주시 조양동,중상사고,0,1,1,0,차대차 - 기타,중앙선침범,건조,맑음,단일로 - 기타,승용,남,51세,상해없음,원동기,남,41세,중상
2013033000100303,2013년 3월 30일 13시,토요일,경상북도 경주시 노서동,중상사고,0,1,0,0,차대차 - 기타,안전운전불이행,건조,맑음,단일로 - 기타,승용,남,39세,상해없음,이륜,남,40세,중상
2013033000100304,2013년 3월 30일 13시,토요일,경상북도 상주시 개운동,중상사고,0,1,0,0,차대차 - 기타,안전운전불이행,건조,맑음,교차로 - 교차로안,화물,남,39세,상해없음,자전거,여,76세,중상
2013033000100305,2013년 3월 30일 13시,토요일,경상북도 영주시 휴천동,경상사고,0,0,1,0,차대차 - 측면직각충돌,신호위반,건조,맑음,교차로 - 교차로안,화물,남,63세,상해없음,승용,남,58세,상해없음
2013033000100338,2013년 3월 30일 14시,토요일,경상북도 상주시 낙양동,중상사고,0,1,0,0,차대차 - 기타,안전운전불이행,건조,맑음,교차로 - 교차로안,화물,남,37세,상해없음,자전거,남,6세,중상
2013033000100339,2013년 3월 30일 14시,토요일,경상북도 포항시 남구 오천읍,경상사고,0,0,1,0,차대차 - 측면직각충돌,교차로운행방법위반,건조,맑음,교차로 - 교차로안,원동기,남,16세,경상,승용,남,73세,상해없음
2013033000100367,2013년 3월 30일 15시,토요일,경상북도 안동시 송천동,부상신고사고,0,0,0,4,차대차 - 기타,안전운전불이행,건조,맑음,단일로 - 기타,승용,남,65세,상해없음,승용,남,59세,부상신고
2013033000100368,2013년 3월 30일 15시,토요일,경상북도 구미시 구평동,경상사고,0,0,1,0,차대차 - 측면직각충돌,안전운전불이행,건조,흐림,교차로 - 교차로부근,승용,여,51세,상해없음,자전거,남,12세,경상
2013033000100397,2013년 3월 30일 16시,토요일,경상북도 영양군 영양읍,중상사고,0,1,0,0,차량단독 - 기타,안전운전불이행,건조,흐림,단일로 - 기타,이륜,남,57세,중상,,,,
2013033000100398,2013년 3월 30일 16시,토요일,경상북도 구미시 옥계동,경상사고,0,0,1,0,차대차 - 기타,안전운전불이행,건조,맑음,교차로 - 교차로부근,승용,여,38세,상해없음,원동기,남,19세,경상
2013033000100432,2013년 3월 30일 17시,토요일,경상북도 포항시 북구 우현동,경상사고,0,0,2,0,차대차 - 기타,안전운전불이행,건조,맑음,단일로 - 기타,승용,여,41세,상해없음,승용,여,27세,경상
2013033000100433,2013년 3월 30일 17시,토요일,경상북도 영천시 완산동,중상사고,0,1,0,0,차대차 - 측면직각충돌,신호위반,건조,맑음,교차로 - 교차로안,승용,남,36세,상해없음,화물,남,28세,중상
2013033000100434,2013년 3월 30일 17시,토요일,경상북도 경산시 하양읍,경상사고,0,0,1,0,차대차 - 기타,안전운전불이행,건조,맑음,단일로 - 기타,승용,여,18세,상해없음,승합,남,44세,경상
2013033000100481,2013년 3월 30일 18시,토요일,경상북도 영덕군 강구면,중상사고,0,2,0,0,차대사람 - 기타,안전운전불이행,습기,비,단일로 - 기타,이륜,남,33세,상해없음,보행자,여,71세,중상
2013033000100482,2013년 3월 30일 18시,토요일,경상북도 구미시 상모동,중상사고,0,1,1,0,차대차 - 측면직각충돌,중앙선침범,건조,흐림,단일로 - 기타,승용,남,50세,기타불명,승용,남,48세,중상
2013033000100534,2013년 3월 30일 19시,토요일,경상북도 칠곡군 가산면,중상사고,0,1,0,1,차대차 - 추돌 - 진행중,안전운전불이행,건조,맑음,단일로 - 기타,승용,남,28세,부상신고,승용,여,50세,중상
2013033000100535,2013년 3월 30일 19시,토요일,경상북도 경산시 하양읍,경상사고,0,0,1,0,차대차 - 기타,직진우회전진행방해,건조,맑음,교차로 - 교차로안,승용,남,25세,상해없음,승용,여,38세,경상
2013033000100536,2013년 3월 30일 19시,토요일,경상북도 경산시 중방동,중상사고,0,1,0,0,차대사람 - 기타,신호위반,건조,맑음,단일로 - 횡단보도상,승용,남,43세,상해없음,보행자,여,19세,중상
2013033000100537,2013년 3월 30일 19시,토요일,경상북도 포항시 남구 구룡포읍,중상사고,0,1,1,0,차대차 - 기타,안전운전불이행,건조,흐림,단일로 - 기타,농기계,남,66세,중상,승용,남,29세,경상
2013033000100580,2013년 3월 30일 20시,토요일,경상북도 청도군 청도읍,경상사고,0,0,3,0,차대차 - 기타,안전운전불이행,건조,맑음,단일로 - 기타,승합,남,26세,상해없음,이륜,남,17세,경상
2013033000100618,2013년 3월 30일 21시,토요일,경상북도 경주시 황성동,경상사고,0,0,5,0,차대차 - 측면직각충돌,신호위반,건조,맑음,교차로 - 교차로안,승합,여,54세,상해없음,승용,남,36세,경상
2013033000100619,2013년 3월 30일 21시,토요일,경상북도 포항시 북구 송라면,중상사고,0,1,0,0,차대사람 - 기타,안전운전불이행,건조,맑음,단일로 - 기타,승용,여,28세,상해없음,보행자,남,44세,중상
2013033000100620,2013년 3월 30일 21시,토요일,경상북도 영주시 하망동,중상사고,0,2,0,0,차대차 - 측면직각충돌,안전운전불이행,건조,맑음,단일로 - 기타,승용,남,53세,중상,특수,남,48세,중상
2013033000100621,2013년 3월 30일 21시,토요일,경상북도 영천시 야사동,경상사고,0,0,2,0,차대차 - 기타,안전운전불이행,건조,맑음,기타 - 기타,승용,남,55세,상해없음,원동기,남,17세,경상
2013033000100622,2013년 3월 30일 21시,토요일,경상북도 칠곡군 가산면,중상사고,0,5,0,0,차대차 - 추돌 - 진행중,안전운전불이행,건조,흐림,단일로 - 기타,승용,남,50세,중상,승용,남,44세,중상
2013033000100660,2013년 3월 30일 22시,토요일,경상북도 경주시 배반동,중상사고,0,1,1,0,차대차 - 기타,안전운전불이행,습기,비,단일로 - 기타,승용,남,39세,상해없음,원동기,남,17세,중상
2013033000100661,2013년 3월 30일 22시,토요일,경상북도 구미시 구평동,경상사고,0,0,1,0,차대차 - 추돌 - 주정차중,안전운전불이행,건조,맑음,단일로 - 기타,승용,남,37세,상해없음,승용,남,32세,경상
2013033000100699,2013년 3월 30일 23시,토요일,경상북도 영천시 금호읍,경상사고,0,0,2,0,차대차 - 측면직각충돌,안전운전불이행,건조,맑음,단일로 - 기타,승용,남,52세,상해없음,승용,여,50세,경상
2013033100100012,2013년 3월 31일 00시,일요일,경상북도 경주시 용강동,중상사고,0,1,0,0,차대차 - 기타,안전운전불이행,습기,비,교차로 - 교차로안,승용,남,39세,중상,승용,남,50세,상해없음
2013033100100067,2013년 3월 31일 02시,일요일,경상북도 포항시 북구 죽도동,중상사고,0,1,0,0,차대사람 - 횡단중,안전운전불이행,습기,비,단일로 - 기타,승용,남,26세,상해없음,보행자,남,39세,중상
2013033100100068,2013년 3월 31일 02시,일요일,경상북도 포항시 북구 죽도동,중상사고,0,1,1,0,차대차 - 측면직각충돌,중앙선침범,습기,비,교차로 - 교차로안,승용,남,31세,상해없음,승용,남,53세,중상
2013033100100069,2013년 3월 31일 02시,일요일,경상북도 안동시 수상동,부상신고사고,0,0,0,1,차대사람 - 기타,안전운전불이행,습기,흐림,기타 - 기타,승용,남,45세,상해없음,보행자,남,32세,부상신고
2013033100100106,2013년 3월 31일 05시,일요일,경상북도 칠곡군 지천면,중상사고,0,1,0,0,차대차 - 추돌 - 진행중,안전운전불이행,건조,맑음,단일로 - 기타,승용,남,40세,상해없음,승용,남,27세,중상
2013033100100151,2013년 3월 31일 09시,일요일,경상북도 구미시 고아읍,경상사고,0,0,1,0,차대차 - 기타,안전운전불이행,건조,맑음,기타 - 기타,기타불명,기타불명,기타불명,기타불명,자전거,여,75세,경상
2013033100100180,2013년 3월 31일 11시,일요일,경상북도 경주시 사정동,중상사고,0,3,1,0,차대차 - 기타,중앙선침범,건조,맑음,단일로 - 기타,승용,남,31세,상해없음,승합,남,39세,중상
2013033100100181,2013년 3월 31일 11시,일요일,경상북도 영천시 오수동,중상사고,0,1,0,0,차대차 - 기타,안전운전불이행,건조,맑음,기타 - 기타,승용,남,74세,상해없음,이륜,남,55세,중상
2013033100100198,2013년 3월 31일 12시,일요일,경상북도 경주시 동천동,중상사고,0,1,0,0,차대사람 - 기타,안전운전불이행,건조,맑음,교차로 - 교차로부근,승용,여,52세,상해없음,보행자,여,83세,중상
2013033100100199,2013년 3월 31일 12시,일요일,경상북도 안동시 용상동,경상사고,0,0,1,0,차대차 - 추돌 - 주정차중,안전운전불이행,건조,맑음,교차로 - 교차로안,승용,남,40세,상해없음,승용,여,37세,경상
2013033100100200,2013년 3월 31일 12시,일요일,경상북도 경산시 자인면,경상사고,0,0,1,0,차대차 - 기타,안전운전불이행,건조,맑음,교차로 - 교차로부근,승용,남,30세,상해없음,승용,여,49세,경상
2013033100100201,2013년 3월 31일 12시,일요일,경상북도 구미시 봉곡동,중상사고,0,1,0,0,차대차 - 기타,안전운전불이행,건조,맑음,단일로 - 기타,승용,남,44세,상해없음,원동기,남,18세,중상
2013033100100219,2013년 3월 31일 13시,일요일,경상북도 상주시 사벌면,중상사고,0,1,0,0,차대차 - 측면직각충돌,교차로운행방법위반,건조,맑음,교차로 - 교차로안,화물,남,49세,상해없음,자전거,남,51세,중상
2013033100100220,2013년 3월 31일 13시,일요일,경상북도 칠곡군 석적읍,중상사고,0,1,0,0,차대사람 - 횡단중,중앙선침범,건조,맑음,단일로 - 기타,원동기,남,18세,상해없음,보행자,남,40세,중상
2013033100100248,2013년 3월 31일 14시,일요일,경상북도 경주시 동천동,중상사고,0,1,2,0,차대차 - 기타,신호위반,건조,맑음,교차로 - 교차로안,승용,남,63세,상해없음,화물,남,50세,중상
2013033100100249,2013년 3월 31일 14시,일요일,경상북도 경주시 노서동,경상사고,0,0,2,0,차대차 - 측면직각충돌,신호위반,건조,맑음,교차로 - 교차로안,승용,남,56세,상해없음,승용,남,40세,경상
2013033100100250,2013년 3월 31일 14시,일요일,경상북도 경주시 조양동,중상사고,0,2,2,0,차대차 - 추돌 - 주정차중,안전운전불이행,건조,맑음,기타 - 기타,승용,남,71세,상해없음,승용,남,30세,중상
2013033100100251,2013년 3월 31일 14시,일요일,경상북도 경주시 인왕동,경상사고,0,0,1,0,차대차 - 추돌 - 주정차중,안전거리미확보,건조,맑음,단일로 - 기타,승용,남,60세,상해없음,승용,여,56세,경상
2013033100100252,2013년 3월 31일 14시,일요일,경상북도 안동시 옥동,경상사고,0,0,2,0,차대차 - 기타,안전운전불이행,건조,맑음,단일로 - 기타,승용,남,24세,경상,승용,남,42세,경상
2013033100100253,2013년 3월 31일 14시,일요일,경상북도 의성군 춘산면,경상사고,0,0,1,0,차량단독 - 도로외이탈 - 추락,안전운전불이행,건조,맑음,교차로 - 교차로부근,승용,남,48세,상해없음,,,,
2013033100100254,2013년 3월 31일 14시,일요일,경상북도 칠곡군 약목면,중상사고,0,1,2,1,차대차 - 추돌 - 진행중,안전운전불이행,건조,맑음,단일로 - 기타,승용,여,34세,부상신고,승용,남,64세,경상
2013033100100279,2013년 3월 31일 15시,일요일,경상북도 안동시 옥동,중상사고,0,1,0,0,차대차 - 측면직각충돌,직진우회전진행방해,건조,맑음,교차로 - 교차로안,승용,남,60세,상해없음,승용,여,30세,중상
2013033100100280,2013년 3월 31일 15시,일요일,경상북도 영천시 오미동,경상사고,0,0,2,0,차대차 - 측면직각충돌,안전운전불이행,건조,맑음,교차로 - 교차로안,승합,남,57세,상해없음,승용,남,31세,경상
2013033100100281,2013년 3월 31일 15시,일요일,경상북도 경산시 옥산동,중상사고,0,1,0,0,차대차 - 기타,안전운전불이행,건조,맑음,단일로 - 기타,승용,남,46세,상해없음,자전거,남,89세,중상
2013033100100317,2013년 3월 31일 16시,일요일,경상북도 경주시 천군동,부상신고사고,0,0,0,1,차량단독 - 기타,안전운전불이행,기타,맑음,기타 - 기타,이륜,여,21세,부상신고,,,,
2013033100100318,2013년 3월 31일 16시,일요일,경상북도 경주시 보문동,경상사고,0,0,1,0,차대차 - 기타,중앙선침범,건조,맑음,단일로 - 기타,승용,남,50세,상해없음,원동기,남,38세,경상
2013033100100340,2013년 3월 31일 17시,일요일,경상북도 경주시 서면,경상사고,0,0,5,0,차대차 - 측면직각충돌,신호위반,건조,맑음,교차로 - 교차로안,승용,남,37세,경상,승용,남,48세,경상
2013033100100341,2013년 3월 31일 17시,일요일,경상북도 경주시 황성동,중상사고,0,2,0,0,차대차 - 추돌 - 주정차중,안전운전불이행,건조,맑음,교차로 - 교차로안,승용,남,33세,상해없음,승용,남,48세,중상
2013033100100342,2013년 3월 31일 17시,일요일,경상북도 상주시 부원동,중상사고,0,2,1,0,차대차 - 추돌 - 진행중,안전운전불이행,건조,맑음,단일로 - 기타,승용,남,48세,상해없음,승용,남,43세,상해없음
2013033100100343,2013년 3월 31일 17시,일요일,경상북도 경산시 하양읍,중상사고,0,1,1,0,차대차 - 기타,신호위반,건조,기타,교차로 - 교차로안,승용,남,56세,경상,이륜,남,19세,중상
2013033100100344,2013년 3월 31일 17시,일요일,경상북도 포항시 남구 오천읍,중상사고,0,1,1,0,차대차 - 측면직각충돌,안전운전불이행,건조,맑음,교차로 - 교차로안,승용,남,62세,상해없음,승용,남,65세,경상
2013033100100370,2013년 3월 31일 18시,일요일,경상북도 문경시 모전동,경상사고,0,0,1,0,차대차 - 측면직각충돌,신호위반,건조,맑음,교차로 - 교차로안,승용,남,65세,상해없음,승용,여,49세,경상
2013033100100371,2013년 3월 31일 18시,일요일,경상북도 포항시 남구 오천읍,경상사고,0,0,1,0,차대사람 - 기타,안전운전불이행,건조,맑음,단일로 - 기타,승용,남,31세,상해없음,보행자,여,15세,경상
2013033100100396,2013년 3월 31일 19시,일요일,경상북도 경주시 인왕동,경상사고,0,0,6,2,차대차 - 기타,안전운전불이행,건조,맑음,단일로 - 기타,승용,여,50세,상해없음,승용,남,62세,경상
2013033100100397,2013년 3월 31일 19시,일요일,경상북도 경주시 인왕동,경상사고,0,0,2,0,차대차 - 추돌 - 주정차중,안전운전불이행,건조,맑음,단일로 - 기타,승합,남,55세,상해없음,승용,남,40세,경상
2013033100100398,2013년 3월 31일 19시,일요일,경상북도 경주시 천군동,경상사고,0,0,1,1,차대차 - 기타,중앙선침범,건조,맑음,단일로 - 기타,승용,남,32세,상해없음,승용,남,37세,경상
2013033100100399,2013년 3월 31일 19시,일요일,경상북도 영천시 완산동,경상사고,0,0,1,0,차대차 - 기타,안전운전불이행,건조,맑음,교차로 - 교차로안,이륜,남,16세,경상,승용,여,55세,상해없음
2013033100100400,2013년 3월 31일 19시,일요일,경상북도 영덕군 축산면,경상사고,0,0,2,0,차대차 - 정면충돌,중앙선침범,건조,맑음,단일로 - 기타,승용,남,48세,상해없음,승용,여,57세,경상
2013033100100401,2013년 3월 31일 19시,일요일,경상북도 울진군 울진읍,경상사고,0,0,1,0,차대차 - 정면충돌,신호위반,건조,맑음,교차로 - 교차로안,이륜,남,16세,경상,승용,남,42세,상해없음
2013033100100402,2013년 3월 31일 19시,일요일,경상북도 구미시 도량동,중상사고,0,1,2,0,차대차 - 추돌 - 진행중,안전운전불이행,건조,맑음,단일로 - 기타,승용,남,56세,상해없음,승용,남,38세,경상
2013033100100403,2013년 3월 31일 19시,일요일,경상북도 구미시 황상동,경상사고,0,0,3,0,차대차 - 기타,신호위반,건조,맑음,교차로 - 교차로안,승용,남,21세,상해없음,승용,남,34세,경상
2013033100100404,2013년 3월 31일 19시,일요일,경상북도 포항시 남구 오천읍,중상사고,0,1,0,0,차대사람 - 기타,안전운전불이행,건조,맑음,단일로 - 기타,승용,남,43세,상해없음,보행자,남,13세,중상
2013033100100405,2013년 3월 31일 19시,일요일,경상북도 칠곡군 동명면,경상사고,0,0,1,0,차대차 - 측면직각충돌,안전운전불이행,건조,맑음,단일로 - 기타,화물,남,47세,상해없음,승합,남,56세,경상
2013033100100436,2013년 3월 31일 20시,일요일,경상북도 안동시 송현동,중상사고,0,1,0,0,차대차 - 측면직각충돌,안전운전불이행,건조,맑음,교차로 - 교차로안,원동기,남,18세,중상,승용,여,52세,상해없음