사고번호,사고일시,요일,시군구,사고내용,사망자수,중상자수,경상자수,부상신고자수,사고유형,법규위반,노면상태,기상상태,도로형태,가해운전자 차종,가해운전자 성별,가해운전자 연령,가해운전자 상해정도,피해운전자 차종,피해운전자 성별,피해운전자 연령,피해운전자 상해정도
2013033100100437,2013년 3월 31일 20시,일요일,경상북도 구미시 원평동,중상사고,0,1,1,0,차대사람 - 횡단중,안전운전불이행,건조,맑음,단일로 - 기타,원동기,남,17세,경상,보행자,여,52세,중상
2013033100100468,2013년 3월 31일 21시,일요일,경상북도 구미시 형곡동,경상사고,0,0,1,0,차대차 - 기타,안전운전불이행,건조,맑음,기타 - 기타,승용,남,32세,상해없음,승용,여,48세,경상
2013033100100492,2013년 3월 31일 22시,일요일,경상북도 포항시 북구 상원동,경상사고,0,0,1,0,차대차 - 측면직각충돌,중앙선침범,건조,맑음,교차로 - 교차로부근,원동기,남,17세,상해없음,승용,남,54세,경상
2013033100100493,2013년 3월 31일 22시,일요일,경상북도 포항시 북구 우현동,경상사고,0,0,1,0,차대사람 - 기타,신호위반,건조,맑음,교차로 - 교차로안,승용,남,28세,상해없음,보행자,여,23세,경상
2013033100100494,2013년 3월 31일 22시,일요일,경상북도 영덕군 강구면,경상사고,0,0,1,0,차대차 - 측면직각충돌,안전운전불이행,건조,맑음,교차로 - 교차로부근,승용,남,49세,상해없음,승용,남,44세,경상
2013033100100495,2013년 3월 31일 22시,일요일,경상북도 구미시 봉곡동,경상사고,0,0,1,0,차대차 - 추돌 - 주정차중,안전운전불이행,건조,맑음,단일로 - 기타,승용,여,24세,상해없음,승용,여,49세,경상
2013033100100518,2013년 3월 31일 23시,일요일,경상북도 경주시 보문동,경상사고,0,0,3,0,차대차 - 추돌 - 주정차중,안전운전불이행,건조,맑음,교차로 - 교차로부근,승용,남,71세,상해없음,승용,남,50세,경상
2013040100100006,2013년 4월 1일 00시,월요일,경상북도 경주시 안강읍,경상사고,0,0,1,0,차대차 - 기타,신호위반,건조,맑음,교차로 - 교차로안,승용,남,31세,상해없음,승용,여,29세,경상
2013040100100007,2013년 4월 1일 00시,월요일,경상북도 안동시 정상동,중상사고,0,1,0,0,차량단독 - 공작물충돌,안전운전불이행,건조,맑음,단일로 - 기타,화물,남,42세,중상,,,,
2013040100100022,2013년 4월 1일 01시,월요일,경상북도 경산시 갑제동,경상사고,0,0,1,0,차대차 - 기타,중앙선침범,건조,맑음,단일로 - 기타,화물,남,22세,상해없음,화물,남,22세,경상
2013040100100038,2013년 4월 1일 04시,월요일,경상북도 구미시 인의동,부상신고사고,0,0,0,1,차량단독 - 공작물충돌,안전운전불이행,건조,맑음,단일로 - 기타,승용,남,20세,부상신고,,,,
2013040100100049,2013년 4월 1일 05시,월요일,경상북도 칠곡군 석적읍,중상사고,0,2,1,0,차대차 - 추돌 - 진행중,안전운전불이행,건조,맑음,교차로 - 교차로안,화물,남,49세,중상,승용,남,27세,경상
2013040100100078,2013년 4월 1일 07시,월요일,경상북도 김천시 부곡동,경상사고,0,0,1,0,차대차 - 측면직각충돌,안전운전불이행,건조,맑음,기타 - 기타,화물,남,52세,상해없음,이륜,남,57세,경상
2013040100100113,2013년 4월 1일 08시,월요일,경상북도 포항시 북구 용흥동,경상사고,0,0,1,0,차대차 - 기타,안전운전불이행,건조,맑음,단일로 - 기타,승용,남,28세,상해없음,자전거,여,51세,경상
2013040100100114,2013년 4월 1일 08시,월요일,경상북도 칠곡군 석적읍,부상신고사고,0,0,0,1,차대차 - 추돌 - 진행중,교차로운행방법위반,건조,맑음,교차로 - 교차로안,승용,여,35세,부상신고,승용,여,45세,상해없음
2013040100100160,2013년 4월 1일 10시,월요일,경상북도 김천시 성내동,중상사고,0,1,0,0,차대사람 - 기타,안전운전불이행,건조,맑음,단일로 - 기타,승합,남,53세,상해없음,보행자,여,71세,중상
2013040100100161,2013년 4월 1일 10시,월요일,경상북도 김천시 대항면,중상사고,0,1,0,0,차량단독 - 기타,안전운전불이행,건조,맑음,단일로 - 기타,이륜,남,64세,상해없음,,,,
2013040100100162,2013년 4월 1일 10시,월요일,경상북도 영천시 화산면,경상사고,0,0,1,0,차대차 - 기타,안전운전불이행,건조,흐림,교차로 - 교차로안,승용,남,56세,상해없음,승합,남,53세,경상
2013040100100163,2013년 4월 1일 10시,월요일,경상북도 경산시 옥산동,중상사고,0,1,0,0,차대차 - 기타,교차로운행방법위반,건조,맑음,교차로 - 교차로안,승용,여,42세,상해없음,승용,남,29세,중상
2013040100100164,2013년 4월 1일 10시,월요일,경상북도 포항시 남구 오천읍,경상사고,0,0,1,0,차대차 - 기타,안전운전불이행,건조,맑음,단일로 - 기타,농기계,남,70세,경상,건설기계,남,59세,상해없음
2013040100100191,2013년 4월 1일 11시,월요일,경상북도 경주시 탑동,사망사고,1,0,0,0,차대차 - 정면충돌,중앙선침범,건조,맑음,단일로 - 기타,화물,남,33세,사망,승용,여,30세,상해없음
2013040100100192,2013년 4월 1일 11시,월요일,경상북도 안동시 안기동,경상사고,0,0,1,0,차대차 - 추돌 - 주정차중,안전운전불이행,건조,맑음,교차로 - 교차로부근,화물,남,42세,상해없음,승용,남,62세,경상
2013040100100193,2013년 4월 1일 11시,월요일,경상북도 구미시 원평동,중상사고,0,1,0,0,차대차 - 측면직각충돌,안전운전불이행,건조,맑음,교차로 - 교차로안,승용,여,41세,상해없음,자전거,남,77세,중상
2013040100100194,2013년 4월 1일 11시,월요일,경상북도 포항시 남구 구룡포읍,중상사고,0,1,0,0,차대차 - 측면직각충돌,직진우회전진행방해,건조,맑음,교차로 - 교차로부근,승용,여,59세,상해없음,자전거,여,74세,중상
2013040100100214,2013년 4월 1일 12시,월요일,경상북도 안동시 용상동,중상사고,0,1,0,0,차대차 - 측면직각충돌,직진우회전진행방해,건조,맑음,교차로 - 교차로안,자전거,남,77세,중상,승용,남,27세,상해없음
2013040100100215,2013년 4월 1일 12시,월요일,경상북도 김천시 아포읍,경상사고,0,0,1,0,차대차 - 측면직각충돌,안전운전불이행,건조,맑음,단일로 - 기타,승용,여,44세,상해없음,이륜,남,60세,경상
2013040100100216,2013년 4월 1일 12시,월요일,경상북도 영주시 문수면,중상사고,0,1,1,0,차대차 - 추돌 - 진행중,안전운전불이행,건조,맑음,단일로 - 기타,원동기,여,65세,중상,화물,남,69세,경상
2013040100100239,2013년 4월 1일 13시,월요일,경상북도 영천시 야사동,중상사고,0,1,0,0,차대차 - 기타,안전운전불이행,건조,맑음,단일로 - 기타,이륜,남,32세,상해없음,자전거,남,52세,중상
2013040100100270,2013년 4월 1일 14시,월요일,경상북도 칠곡군 왜관읍,중상사고,0,1,1,0,차대차 - 추돌 - 진행중,안전운전불이행,건조,맑음,단일로 - 기타,화물,남,52세,상해없음,승용,여,36세,중상
2013040100100291,2013년 4월 1일 15시,월요일,경상북도 상주시 남성동,부상신고사고,0,0,0,1,차대차 - 기타,안전운전불이행,건조,맑음,단일로 - 기타,자전거,남,73세,부상신고,승용,남,53세,상해없음
2013040100100292,2013년 4월 1일 15시,월요일,경상북도 문경시 문경읍,경상사고,0,0,1,0,차대사람 - 기타,기타,건조,맑음,기타 - 기타,원동기,남,42세,상해없음,보행자,여,35세,경상
2013040100100293,2013년 4월 1일 15시,월요일,경상북도 군위군 군위읍,중상사고,0,1,0,0,차량단독 - 전도전복,안전운전불이행,건조,맑음,단일로 - 기타,이륜,남,66세,중상,,,,
2013040100100294,2013년 4월 1일 15시,월요일,경상북도 구미시 상모동,경상사고,0,0,1,0,차대차 - 측면직각충돌,신호위반,건조,맑음,교차로 - 교차로안,화물,여,52세,상해없음,이륜,남,49세,경상
2013040100100327,2013년 4월 1일 16시,월요일,경상북도 경주시 노동동,중상사고,0,1,0,0,차대사람 - 차도통행중,안전운전불이행,건조,맑음,교차로 - 교차로안,승용,기타불명,기타불명,기타불명,보행자,여,18세,중상
2013040100100328,2013년 4월 1일 16시,월요일,경상북도 김천시 교동,경상사고,0,0,2,0,차대차 - 측면직각충돌,신호위반,건조,맑음,교차로 - 교차로부근,승용,남,71세,상해없음,승용,여,21세,경상
2013040100100329,2013년 4월 1일 16시,월요일,경상북도 경주시 외동읍,경상사고,0,0,1,0,차대차 - 기타,안전운전불이행,건조,맑음,단일로 - 기타,원동기,남,16세,상해없음,승용,남,48세,상해없음
2013040100100356,2013년 4월 1일 17시,월요일,경상북도 경주시 황성동,경상사고,0,0,1,0,차대차 - 기타,안전운전불이행,건조,맑음,교차로 - 교차로부근,화물,남,55세,상해없음,승용,남,37세,경상
2013040100100357,2013년 4월 1일 17시,월요일,경상북도 경산시 정평동,경상사고,0,0,3,0,차대차 - 기타,안전운전불이행,건조,맑음,교차로 - 교차로안,승용,여,55세,상해없음,승용,남,24세,경상
2013040100100358,2013년 4월 1일 17시,월요일,경상북도 봉화군 소천면,중상사고,0,1,0,0,차대차 - 측면직각충돌,안전운전불이행,건조,맑음,단일로 - 기타,화물,남,54세,상해없음,원동기,남,59세,중상
2013040100100359,2013년 4월 1일 17시,월요일,경상북도 구미시 송정동,경상사고,0,0,1,0,차대차 - 측면직각충돌,안전운전불이행,건조,맑음,단일로 - 기타,승용,여,29세,상해없음,자전거,남,50세,경상
2013040100100388,2013년 4월 1일 18시,월요일,경상북도 영천시 임고면,경상사고,0,0,1,0,차대차 - 측면직각충돌,직진우회전진행방해,건조,맑음,교차로 - 교차로안,화물,남,52세,상해없음,화물,남,44세,경상
2013040100100389,2013년 4월 1일 18시,월요일,경상북도 영천시 북안면,중상사고,0,1,0,0,차대차 - 정면충돌,안전운전불이행,건조,맑음,단일로 - 기타,이륜,남,46세,중상,승용,여,63세,상해없음
2013040100100412,2013년 4월 1일 19시,월요일,경상북도 성주군 성주읍,경상사고,0,0,1,0,차량단독 - 도로외이탈 - 기타,기타,건조,맑음,단일로 - 기타,승합,남,46세,상해없음,,,,
2013040100100447,2013년 4월 1일 20시,월요일,경상북도 경주시 성동동,중상사고,0,1,1,0,차대차 - 기타,신호위반,건조,맑음,교차로 - 교차로안,승합,여,41세,상해없음,승용,남,50세,경상
2013040100100499,2013년 4월 1일 22시,월요일,경상북도 경주시 용강동,경상사고,0,0,1,0,차대차 - 기타,신호위반,건조,맑음,교차로 - 교차로안,승용,남,59세,상해없음,승용,남,32세,경상
2013040100100529,2013년 4월 1일 23시,월요일,경상북도 구미시 원평동,중상사고,0,1,0,0,차대차 - 측면직각충돌,안전운전불이행,건조,맑음,단일로 - 기타,승용,남,28세,상해없음,승용,남,43세,중상
2013040200100019,2013년 4월 2일 00시,화요일,경상북도 포항시 남구 대도동,경상사고,0,0,1,0,차대차 - 기타,안전운전불이행,건조,맑음,단일로 - 기타,기타불명,기타불명,기타불명,기타불명,원동기,남,33세,경상
2013040200100055,2013년 4월 2일 02시,화요일,경상북도 구미시 고아읍,경상사고,0,0,1,0,차량단독 - 공작물충돌,안전운전불이행,건조,맑음,단일로 - 기타,승용,남,50세,경상,,,,
2013040200100071,2013년 4월 2일 03시,화요일,경상북도 포항시 남구 이동,중상사고,0,2,0,0,차대차 - 측면직각충돌,안전운전불이행,건조,맑음,교차로 - 교차로안,승용,남,30세,상해없음,승용,남,51세,중상
2013040200100079,2013년 4월 2일 04시,화요일,경상북도 경산시 하양읍,중상사고,0,1,0,0,차대차 - 기타,안전운전불이행,건조,맑음,교차로 - 교차로안,승용,남,23세,상해없음,자전거,남,21세,중상
2013040200100129,2013년 4월 2일 07시,화요일,경상북도 포항시 북구 득량동,경상사고,0,0,1,0,차대사람 - 기타,안전운전불이행,건조,맑음,단일로 - 기타,승용,여,33세,상해없음,보행자,여,69세,경상
2013040200100130,2013년 4월 2일 07시,화요일,경상북도 경산시 자인면,경상사고,0,0,1,0,차대차 - 기타,신호위반,건조,맑음,교차로 - 교차로안,승용,남,39세,상해없음,승용,남,46세,경상
2013040200100163,2013년 4월 2일 08시,화요일,경상북도 경주시 내남면,경상사고,0,0,1,0,차대차 - 기타,안전운전불이행,건조,맑음,교차로 - 교차로안,승용,남,32세,상해없음,승용,여,56세,경상
2013040200100164,2013년 4월 2일 08시,화요일,경상북도 포항시 북구 득량동,경상사고,0,0,1,0,차대사람 - 횡단중,안전운전불이행,건조,맑음,단일로 - 기타,승용,남,53세,상해없음,보행자,남,11세,경상
2013040200100165,2013년 4월 2일 08시,화요일,경상북도 구미시 사곡동,중상사고,0,1,0,0,차대차 - 측면직각충돌,안전운전불이행,건조,맑음,교차로 - 교차로부근,승용,남,58세,상해없음,승용,남,39세,중상
2013040200100166,2013년 4월 2일 08시,화요일,경상북도 포항시 남구 대도동,중상사고,0,1,0,0,차대차 - 측면직각충돌,안전운전불이행,건조,맑음,교차로 - 교차로안,원동기,남,61세,중상,승용,남,48세,상해없음
2013040200100167,2013년 4월 2일 08시,화요일,경상북도 포항시 남구 송도동,경상사고,0,0,1,0,차대차 - 기타,안전거리미확보,건조,맑음,단일로 - 기타,화물,남,56세,상해없음,승용,남,33세,경상
2013040200100197,2013년 4월 2일 09시,화요일,경상북도 포항시 북구 항구동,경상사고,0,0,1,0,차대차 - 기타,안전운전불이행,건조,맑음,교차로 - 교차로안,화물,남,33세,상해없음,자전거,남,35세,경상
2013040200100198,2013년 4월 2일 09시,화요일,경상북도 김천시 감문면,경상사고,0,0,1,0,차대차 - 측면직각충돌,기타,건조,맑음,단일로 - 기타,화물,남,43세,상해없음,이륜,여,59세,경상
2013040200100199,2013년 4월 2일 09시,화요일,경상북도 봉화군 법전면,사망사고,1,0,0,0,차량단독 - 공작물충돌,안전운전불이행,건조,맑음,단일로 - 기타,농기계,남,70세,사망,,,,
2013040200100226,2013년 4월 2일 10시,화요일,경상북도 칠곡군 동명면,중상사고,0,2,0,0,차대차 - 추돌 - 진행중,안전거리미확보,건조,맑음,단일로 - 기타,건설기계,남,45세,상해없음,승용,남,69세,중상
2013040200100246,2013년 4월 2일 11시,화요일,경상북도 의성군 단밀면,중상사고,0,1,0,0,차대사람 - 기타,안전운전불이행,건조,맑음,기타 - 기타,승용,남,49세,상해없음,보행자,여,66세,중상
2013040200100283,2013년 4월 2일 13시,화요일,경상북도 군위군 부계면,경상사고,0,0,1,0,차대차 - 측면직각충돌,안전운전불이행,건조,맑음,교차로 - 교차로부근,기타불명,기타불명,기타불명,기타불명,자전거,남,80세,경상
2013040200100284,2013년 4월 2일 13시,화요일,경상북도 안동시 풍산읍,경상사고,0,0,1,0,차대차 - 추돌 - 진행중,안전거리미확보,건조,맑음,단일로 - 기타,승용,남,39세,상해없음,승용,남,28세,경상
2013040200100331,2013년 4월 2일 15시,화요일,경상북도 경산시 중방동,중상사고,0,1,0,0,차대차 - 기타,안전운전불이행,건조,맑음,단일로 - 기타,화물,남,41세,상해없음,이륜,남,16세,중상
2013040200100332,2013년 4월 2일 15시,화요일,경상북도 울릉군 울릉읍,중상사고,0,1,0,0,차대차 - 추돌 - 진행중,안전운전불이행,건조,흐림,기타 - 기타,화물,남,45세,상해없음,이륜,남,62세,중상
2013040200100333,2013년 4월 2일 15시,화요일,경상북도 포항시 남구 상도동,중상사고,0,1,0,0,차대차 - 기타,신호위반,건조,맑음,교차로 - 교차로안,승합,남,41세,상해없음,자전거,여,56세,중상
2013040200100361,2013년 4월 2일 16시,화요일,경상북도 경주시 양북면,경상사고,0,0,3,0,차대차 - 기타,안전운전불이행,습기,비,교차로 - 교차로부근,승용,남,59세,경상,승용,남,53세,경상
2013040200100362,2013년 4월 2일 16시,화요일,경상북도 안동시 운흥동,경상사고,0,0,1,0,차대차 - 기타,교차로운행방법위반,건조,맑음,교차로 - 교차로안,승용,남,58세,상해없음,승용,남,37세,경상
2013040200100391,2013년 4월 2일 17시,화요일,경상북도 상주시 무양동,부상신고사고,0,0,0,1,차대차 - 측면직각충돌,교차로운행방법위반,건조,맑음,교차로 - 교차로안,자전거,남,7세,부상신고,승합,남,56세,상해없음
2013040200100392,2013년 4월 2일 17시,화요일,경상북도 영천시 망정동,중상사고,0,1,0,0,차대사람 - 횡단중,보행자보호의무위반,건조,맑음,단일로 - 횡단보도상,승합,남,48세,상해없음,보행자,여,55세,중상
2013040200100419,2013년 4월 2일 18시,화요일,경상북도 경주시 동천동,중상사고,0,1,0,0,차대차 - 기타,안전운전불이행,건조,맑음,교차로 - 교차로안,승용,남,51세,상해없음,자전거,남,13세,중상
2013040200100420,2013년 4월 2일 18시,화요일,경상북도 구미시 구포동,중상사고,0,1,0,0,차대차 - 측면직각충돌,안전운전불이행,건조,흐림,단일로 - 기타,승용,남,50세,중상,특수,남,51세,상해없음
2013040200100456,2013년 4월 2일 19시,화요일,경상북도 포항시 북구 죽도동,경상사고,0,0,3,0,차대차 - 측면직각충돌,안전운전불이행,건조,맑음,교차로 - 교차로안,승용,남,30세,상해없음,승용,남,34세,경상
2013040200100487,2013년 4월 2일 20시,화요일,경상북도 구미시 구평동,경상사고,0,0,2,0,차대차 - 측면직각충돌,안전운전불이행,건조,맑음,교차로 - 교차로안,기타불명,기타불명,기타불명,기타불명,승용,남,36세,경상
2013040200100519,2013년 4월 2일 21시,화요일,경상북도 경주시 성건동,경상사고,0,0,2,0,차량단독 - 기타,안전운전불이행,건조,맑음,교차로 - 교차로부근,원동기,남,17세,경상,,,,
2013040200100520,2013년 4월 2일 21시,화요일,경상북도 경산시 진량읍,경상사고,0,0,1,0,차대차 - 기타,안전운전불이행,건조,맑음,단일로 - 기타,기타불명,기타불명,기타불명,기타불명,승용,여,64세,경상
2013040200100556,2013년 4월 2일 22시,화요일,경상북도 포항시 북구 용흥동,중상사고,0,1,0,0,차량단독 - 공작물충돌,안전운전불이행,건조,맑음,단일로 - 기타,승용,여,58세,중상,,,,
2013040200100557,2013년 4월 2일 22시,화요일,경상북도 경산시 상방동,중상사고,0,1,0,0,차대차 - 기타,안전운전불이행,건조,맑음,단일로 - 기타,승용,여,45세,상해없음,자전거,여,46세,중상
2013040200100558,2013년 4월 2일 22시,화요일,경상북도 구미시 봉곡동,중상사고,0,1,4,0,차대차 - 추돌 - 주정차중,안전운전불이행,건조,맑음,교차로 - 교차로부근,승용,남,44세,상해없음,승용,남,45세,경상
2013040200100559,2013년 4월 2일 22시,화요일,경상북도 포항시 남구 이동,경상사고,0,0,2,0,차대차 - 측면직각충돌,직진우회전진행방해,건조,맑음,교차로 - 교차로안,승용,남,59세,상해없음,승용,남,51세,경상
2013040200100585,2013년 4월 2일 23시,화요일,경상북도 포항시 북구 죽도동,경상사고,0,0,1,0,차대차 - 추돌 - 주정차중,안전운전불이행,건조,맑음,단일로 - 기타,승용,여,39세,상해없음,승용,여,30세,경상
2013040200100586,2013년 4월 2일 23시,화요일,경상북도 구미시 인의동,경상사고,0,0,1,0,차대차 - 기타,안전운전불이행,건조,맑음,기타 - 기타,화물,남,43세,상해없음,승용,여,34세,상해없음
2013040300100074,2013년 4월 3일 05시,수요일,경상북도 포항시 남구 동촌동,중상사고,0,1,0,0,차대차 - 기타,안전운전불이행,건조,맑음,교차로 - 교차로부근,승용,여,63세,상해없음,자전거,남,65세,중상
2013040300100141,2013년 4월 3일 08시,수요일,경상북도 문경시 영신동,경상사고,0,0,1,0,차대차 - 측면직각충돌,직진우회전진행방해,건조,맑음,교차로 - 교차로안,승용,여,34세,상해없음,승용,남,41세,경상
2013040300100142,2013년 4월 3일 08시,수요일,경상북도 경산시 백천동,경상사고,0,0,1,0,차대사람 - 기타,안전운전불이행,건조,맑음,단일로 - 기타,승용,여,34세,상해없음,보행자,여,11세,경상
2013040300100143,2013년 4월 3일 08시,수요일,경상북도 경산시 하양읍,경상사고,0,0,3,0,차대차 - 기타,중앙선침범,건조,맑음,단일로 - 기타,승용,여,37세,경상,승합,남,48세,경상
2013040300100144,2013년 4월 3일 08시,수요일,경상북도 경산시 임당동,경상사고,0,0,2,0,차대차 - 측면직각충돌,직진우회전진행방해,건조,맑음,교차로 - 교차로안,승용,여,27세,상해없음,승용,남,28세,경상
2013040300100168,2013년 4월 3일 09시,수요일,경상북도 문경시 문경읍,경상사고,0,0,1,0,차대차 - 측면직각충돌,교차로운행방법위반,건조,맑음,교차로 - 교차로안,화물,남,65세,상해없음,이륜,남,41세,경상
2013040300100212,2013년 4월 3일 11시,수요일,경상북도 김천시 모암동,중상사고,0,1,0,0,차대사람 - 기타,안전운전불이행,건조,맑음,교차로 - 교차로안,승용,여,56세,상해없음,보행자,여,84세,중상
2013040300100213,2013년 4월 3일 11시,수요일,경상북도 문경시 영순면,중상사고,0,1,0,0,차대차 - 측면직각충돌,교차로운행방법위반,건조,맑음,교차로 - 교차로안,원동기,남,70세,중상,승용,남,61세,상해없음
2013040300100214,2013년 4월 3일 11시,수요일,경상북도 포항시 남구 연일읍,경상사고,0,0,2,0,차대차 - 측면직각충돌,교차로운행방법위반,건조,맑음,교차로 - 교차로안,화물,여,52세,상해없음,승용,남,33세,경상
2013040300100234,2013년 4월 3일 12시,수요일,경상북도 경주시 노서동,부상신고사고,0,0,0,1,차대차 - 기타,안전운전불이행,건조,맑음,교차로 - 교차로부근,화물,남,21세,상해없음,자전거,남,56세,부상신고
2013040300100235,2013년 4월 3일 12시,수요일,경상북도 상주시 화서면,중상사고,0,1,3,0,차대차 - 기타,교차로운행방법위반,건조,맑음,교차로 - 교차로안,화물,남,28세,상해없음,화물,남,55세,경상
2013040300100236,2013년 4월 3일 12시,수요일,경상북도 성주군 선남면,경상사고,0,0,1,0,차대차 - 측면직각충돌,중앙선침범,기타,맑음,단일로 - 기타,승용,남,63세,상해없음,화물,남,25세,경상
2013040300100257,2013년 4월 3일 13시,수요일,경상북도 포항시 북구 덕산동,경상사고,0,0,1,0,차대차 - 기타,안전운전불이행,건조,맑음,단일로 - 기타,승용,남,60세,상해없음,승용,남,64세,경상
2013040300100258,2013년 4월 3일 13시,수요일,경상북도 포항시 북구 장성동,경상사고,0,0,3,0,차대차 - 기타,교차로운행방법위반,건조,맑음,교차로 - 교차로안,승용,여,51세,상해없음,승용,남,49세,경상
2013040300100259,2013년 4월 3일 13시,수요일,경상북도 예천군 예천읍,중상사고,0,1,0,0,차대차 - 기타,안전운전불이행,건조,맑음,단일로 - 기타,승용,남,40세,상해없음,농기계,남,44세,중상
2013040300100286,2013년 4월 3일 14시,수요일,경상북도 경산시 하양읍,중상사고,0,1,2,0,차대차 - 기타,안전운전불이행,건조,맑음,단일로 - 기타,화물,남,21세,상해없음,화물,남,60세,경상
2013040300100287,2013년 4월 3일 14시,수요일,경상북도 포항시 남구 대송면,중상사고,0,1,0,0,차대차 - 기타,안전운전불이행,건조,맑음,교차로 - 교차로안,승용,남,58세,상해없음,자전거,남,79세,중상
2013040300100320,2013년 4월 3일 15시,수요일,경상북도 구미시 고아읍,경상사고,0,0,1,1,차대차 - 측면직각충돌,교차로운행방법위반,건조,맑음,교차로 - 교차로안,승용,여,29세,부상신고,화물,남,50세,경상
2013040300100352,2013년 4월 3일 16시,수요일,경상북도 포항시 북구 덕산동,경상사고,0,0,1,0,차대차 - 기타,교차로운행방법위반,건조,맑음,교차로 - 교차로안,화물,남,62세,상해없음,승합,남,56세,경상
2013040300100353,2013년 4월 3일 16시,수요일,경상북도 포항시 북구 상원동,중상사고,0,1,1,0,차대차 - 기타,안전거리미확보,건조,맑음,교차로 - 교차로안,승용,남,50세,상해없음,승합,남,41세,상해없음
2013040300100354,2013년 4월 3일 16시,수요일,경상북도 칠곡군 석적읍,경상사고,0,0,1,0,차대차 - 추돌 - 진행중,교차로운행방법위반,건조,맑음,교차로 - 교차로안,승용,남,58세,상해없음,승용,남,33세,상해없음
2013040300100389,2013년 4월 3일 17시,수요일,경상북도 경주시 성동동,중상사고,0,1,0,0,차대사람 - 횡단중,보행자보호의무위반,건조,맑음,교차로 - 교차로안,승용,여,20세,상해없음,보행자,남,60세,중상
2013040300100390,2013년 4월 3일 17시,수요일,경상북도 포항시 북구 환호동,경상사고,0,0,2,0,차대차 - 측면직각충돌,교차로운행방법위반,건조,맑음,교차로 - 교차로안,승용,남,47세,상해없음,승용,여,39세,경상
2013040300100430,2013년 4월 3일 18시,수요일,경상북도 포항시 북구 환호동,경상사고,0,0,3,0,차대차 - 측면직각충돌,교차로운행방법위반,건조,맑음,교차로 - 교차로안,승용,여,48세,상해없음,승용,여,29세,경상
2013040300100431,2013년 4월 3일 18시,수요일,경상북도 김천시 평화동,경상사고,0,0,2,0,차대차 - 측면직각충돌,신호위반,건조,맑음,교차로 - 교차로안,이륜,남,58세,경상,승용,남,57세,경상
2013040300100432,2013년 4월 3일 18시,수요일,경상북도 상주시 청리면,중상사고,0,4,0,0,차대차 - 정면충돌,중앙선침범,건조,맑음,단일로 - 기타,승용,남,75세,중상,화물,남,44세,중상
2013040300100433,2013년 4월 3일 18시,수요일,경상북도 상주시 서성동,경상사고,0,0,1,0,차대차 - 측면직각충돌,안전운전불이행,건조,맑음,교차로 - 교차로안,승용,남,62세,상해없음,자전거,남,16세,상해없음
2013040300100434,2013년 4월 3일 18시,수요일,경상북도 경산시 옥곡동,중상사고,0,1,0,0,차대사람 - 기타,보행자보호의무위반,건조,맑음,단일로 - 기타,승합,남,52세,상해없음,보행자,여,5세,중상
2013040300100435,2013년 4월 3일 18시,수요일,경상북도 예천군 유천면,중상사고,0,3,1,0,차량단독 - 전도전복,안전운전불이행,건조,맑음,단일로 - 기타,승합,남,69세,경상,,,,
2013040300100436,2013년 4월 3일 18시,수요일,경상북도 구미시 상모동,중상사고,0,1,0,0,차대차 - 측면직각충돌,안전운전불이행,건조,맑음,교차로 - 교차로안,승용,여,40세,상해없음,이륜,남,44세,중상
2013040300100477,2013년 4월 3일 19시,수요일,경상북도 경주시 충효동,중상사고,0,1,0,0,차대사람 - 기타,안전운전불이행,건조,맑음,단일로 - 기타,화물,남,37세,상해없음,보행자,여,68세,중상
2013040300100478,2013년 4월 3일 19시,수요일,경상북도 김천시 양천동,경상사고,0,0,1,0,차대차 - 측면직각충돌,차로위반,건조,맑음,단일로 - 기타,승용,남,55세,상해없음,승용,여,40세,경상
2013040300100479,2013년 4월 3일 19시,수요일,경상북도 영주시 장수면,경상사고,0,0,2,0,차대차 - 측면직각충돌,중앙선침범,건조,맑음,단일로 - 기타,승용,여,46세,경상,농기계,남,45세,경상
2013040300100506,2013년 4월 3일 20시,수요일,경상북도 경주시 마동,중상사고,0,1,0,0,차대차 - 기타,안전운전불이행,건조,맑음,단일로 - 기타,승용,여,27세,상해없음,이륜,여,59세,중상
2013040300100507,2013년 4월 3일 20시,수요일,경상북도 포항시 북구 대흥동,중상사고,0,1,0,0,차대사람 - 횡단중,안전운전불이행,건조,맑음,단일로 - 기타,승용,여,28세,상해없음,보행자,남,65세,중상
2013040300100508,2013년 4월 3일 20시,수요일,경상북도 안동시 수상동,중상사고,0,1,0,0,차대차 - 추돌 - 진행중,안전거리미확보,건조,맑음,교차로 - 교차로부근,승용,여,46세,상해없음,승용,여,51세,중상
2013040300100509,2013년 4월 3일 20시,수요일,경상북도 상주시 신봉동,경상사고,0,0,1,0,차대차 - 측면직각충돌,신호위반,건조,맑음,교차로 - 교차로안,이륜,남,19세,경상,화물,남,45세,상해없음
2013040300100510,2013년 4월 3일 20시,수요일,경상북도 구미시 공단동,경상사고,0,0,1,0,차대차 - 기타,신호위반,건조,맑음,교차로 - 교차로부근,이륜,남,31세,경상,승용,남,26세,상해없음
2013040300100553,2013년 4월 3일 21시,수요일,경상북도 칠곡군 왜관읍,중상사고,0,1,0,0,차대사람 - 횡단중,안전운전불이행,건조,맑음,교차로 - 교차로부근,승용,남,23세,상해없음,보행자,남,42세,중상
2013040300100554,2013년 4월 3일 21시,수요일,경상북도 구미시 신평동,중상사고,0,1,2,0,차대차 - 기타,교차로운행방법위반,건조,맑음,교차로 - 교차로안,승용,남,27세,경상,승용,여,43세,중상