사고번호,사고일시,요일,시군구,사고내용,사망자수,중상자수,경상자수,부상신고자수,사고유형,법규위반,노면상태,기상상태,도로형태,가해운전자 차종,가해운전자 성별,가해운전자 연령,가해운전자 상해정도,피해운전자 차종,피해운전자 성별,피해운전자 연령,피해운전자 상해정도
2013041200100352,2013년 4월 12일 15시,금요일,경상북도 상주시 중동면,경상사고,0,0,1,0,차대사람 - 보도통행중,안전운전불이행,건조,맑음,단일로 - 기타,화물,남,64세,상해없음,보행자,여,59세,경상
2013041200100353,2013년 4월 12일 15시,금요일,경상북도 칠곡군 왜관읍,경상사고,0,0,2,0,차대차 - 추돌 - 진행중,안전운전불이행,건조,맑음,교차로 - 교차로부근,승합,여,48세,상해없음,승합,남,40세,경상
2013041200100354,2013년 4월 12일 15시,금요일,경상북도 구미시 산동면,중상사고,0,1,1,0,차대차 - 측면직각충돌,안전운전불이행,건조,맑음,단일로 - 기타,원동기,남,21세,경상,화물,남,51세,기타불명
2013041200100387,2013년 4월 12일 16시,금요일,경상북도 안동시 송현동,경상사고,0,0,1,0,차대차 - 기타,안전운전불이행,건조,맑음,단일로 - 기타,승용,남,19세,상해없음,승용,남,19세,경상
2013041200100422,2013년 4월 12일 17시,금요일,경상북도 경산시 옥산동,중상사고,0,1,0,0,차대사람 - 기타,안전운전불이행,건조,맑음,교차로 - 교차로부근,승용,남,71세,상해없음,보행자,여,75세,중상
2013041200100423,2013년 4월 12일 17시,금요일,경상북도 울진군 북면,중상사고,0,1,0,0,차대사람 - 차도통행중,보행자보호의무위반,건조,맑음,단일로 - 기타,이륜,남,67세,상해없음,보행자,남,44세,중상
2013041200100472,2013년 4월 12일 18시,금요일,경상북도 문경시 호계면,경상사고,0,0,2,0,차대차 - 측면직각충돌,직진우회전진행방해,건조,맑음,교차로 - 교차로안,승용,남,51세,경상,화물,남,52세,경상
2013041200100509,2013년 4월 12일 19시,금요일,경상북도 경주시 성동동,경상사고,0,0,1,0,차대차 - 기타,차로위반,건조,맑음,단일로 - 기타,승용,남,51세,상해없음,원동기,남,19세,경상
2013041200100510,2013년 4월 12일 19시,금요일,경상북도 경산시 조영동,경상사고,0,0,1,0,차대차 - 기타,교차로운행방법위반,건조,맑음,교차로 - 교차로안,화물,남,62세,상해없음,승합,남,22세,경상
2013041200100511,2013년 4월 12일 19시,금요일,경상북도 영양군 영양읍,중상사고,0,1,0,0,차대차 - 기타,안전운전불이행,건조,맑음,교차로 - 교차로안,화물,남,52세,상해없음,이륜,남,45세,중상
2013041200100512,2013년 4월 12일 19시,금요일,경상북도 포항시 남구 오천읍,중상사고,0,1,0,0,차대차 - 측면직각충돌,직진우회전진행방해,건조,맑음,교차로 - 교차로안,승용,남,52세,상해없음,화물,남,36세,중상
2013041200100551,2013년 4월 12일 20시,금요일,경상북도 문경시 모전동,경상사고,0,0,1,0,차대차 - 기타,안전운전불이행,건조,흐림,교차로 - 교차로안,승용,남,34세,상해없음,이륜,남,55세,경상
2013041200100595,2013년 4월 12일 21시,금요일,경상북도 영천시 문외동,경상사고,0,0,1,0,차대차 - 기타,안전운전불이행,건조,맑음,교차로 - 교차로안,승용,여,47세,상해없음,승용,여,46세,경상
2013041200100596,2013년 4월 12일 21시,금요일,경상북도 구미시 송정동,중상사고,0,2,0,0,차대차 - 측면직각충돌,신호위반,건조,맑음,교차로 - 교차로안,승용,남,46세,상해없음,승용,남,29세,중상
2013041200100631,2013년 4월 12일 22시,금요일,경상북도 경주시 인왕동,경상사고,0,0,3,0,차대차 - 측면직각충돌,신호위반,건조,맑음,교차로 - 교차로안,승용,여,24세,경상,승용,남,47세,상해없음
2013041200100632,2013년 4월 12일 22시,금요일,경상북도 구미시 고아읍,중상사고,0,1,0,0,차대차 - 측면직각충돌,안전운전불이행,건조,맑음,단일로 - 기타,승용,남,25세,상해없음,승용,여,41세,중상
2013041200100663,2013년 4월 12일 23시,금요일,경상북도 구미시 임수동,중상사고,0,1,0,0,차대차 - 측면직각충돌,신호위반,건조,맑음,교차로 - 교차로안,승용,남,26세,상해없음,승용,남,29세,중상
2013041300100016,2013년 4월 13일 00시,토요일,경상북도 안동시 운흥동,경상사고,0,0,1,0,차대차 - 측면직각충돌,교차로운행방법위반,건조,맑음,교차로 - 교차로안,화물,남,54세,상해없음,승용,남,31세,경상
2013041300100017,2013년 4월 13일 00시,토요일,경상북도 안동시 운흥동,중상사고,0,1,0,0,차대사람 - 횡단중,보행자보호의무위반,건조,맑음,단일로 - 횡단보도상,승용,여,57세,상해없음,보행자,여,23세,중상
2013041300100026,2013년 4월 13일 01시,토요일,경상북도 영주시 하망동,경상사고,0,0,3,1,차대차 - 측면직각충돌,교차로운행방법위반,건조,맑음,교차로 - 교차로안,승합,남,40세,상해없음,승용,여,41세,경상
2013041300100027,2013년 4월 13일 01시,토요일,경상북도 구미시 원평동,경상사고,0,0,1,0,차대차 - 측면직각충돌,안전운전불이행,건조,맑음,단일로 - 기타,승용,남,61세,상해없음,승용,남,38세,상해없음
2013041300100045,2013년 4월 13일 02시,토요일,경상북도 구미시 공단동,경상사고,0,0,2,0,차대차 - 측면직각충돌,안전운전불이행,건조,맑음,교차로 - 교차로부근,승용,남,36세,상해없음,승용,남,46세,상해없음
2013041300100060,2013년 4월 13일 03시,토요일,경상북도 경주시 외동읍,중상사고,0,1,0,0,차대사람 - 기타,안전운전불이행,건조,맑음,단일로 - 기타,승용,기타불명,기타불명,기타불명,보행자,남,34세,중상
2013041300100081,2013년 4월 13일 05시,토요일,경상북도 경산시 진량읍,중상사고,0,1,0,0,차대차 - 기타,신호위반,건조,맑음,교차로 - 교차로안,화물,남,47세,상해없음,승용,남,36세,중상
2013041300100109,2013년 4월 13일 07시,토요일,경상북도 경주시 외동읍,경상사고,0,0,1,0,차대차 - 측면직각충돌,안전운전불이행,건조,맑음,단일로 - 기타,승용,남,44세,상해없음,이륜,남,32세,경상
2013041300100110,2013년 4월 13일 07시,토요일,경상북도 영천시 완산동,경상사고,0,0,1,0,차대차 - 기타,교차로운행방법위반,건조,맑음,교차로 - 교차로안,승용,남,55세,상해없음,승용,남,25세,경상
2013041300100111,2013년 4월 13일 07시,토요일,경상북도 포항시 남구 구룡포읍,경상사고,0,0,1,0,차대차 - 정면충돌,중앙선침범,건조,맑음,단일로 - 기타,승용,남,32세,상해없음,화물,남,58세,경상
2013041300100187,2013년 4월 13일 10시,토요일,경상북도 영주시 가흥동,경상사고,0,0,1,0,차대사람 - 횡단중,안전운전불이행,건조,맑음,교차로 - 교차로부근,화물,남,52세,상해없음,보행자,남,13세,경상
2013041300100188,2013년 4월 13일 10시,토요일,경상북도 구미시 공단동,중상사고,0,2,3,0,차대차 - 기타,안전운전불이행,건조,맑음,단일로 - 기타,승용,남,36세,상해없음,승용,여,51세,경상
2013041300100223,2013년 4월 13일 11시,토요일,경상북도 포항시 남구 오천읍,경상사고,0,0,1,0,차대사람 - 기타,안전운전불이행,건조,맑음,단일로 - 기타,기타불명,기타불명,기타불명,기타불명,보행자,남,55세,경상
2013041300100252,2013년 4월 13일 12시,토요일,경상북도 상주시 남성동,경상사고,0,0,1,0,차대차 - 추돌 - 진행중,안전거리미확보,건조,맑음,단일로 - 기타,승용,여,50세,상해없음,승용,여,40세,경상
2013041300100253,2013년 4월 13일 12시,토요일,경상북도 구미시 도량동,중상사고,0,1,0,0,차대차 - 측면직각충돌,신호위반,건조,맑음,교차로 - 교차로안,승합,남,43세,상해없음,이륜,남,36세,중상
2013041300100289,2013년 4월 13일 13시,토요일,경상북도 영주시 하망동,경상사고,0,0,1,0,차대차 - 측면직각충돌,교차로운행방법위반,건조,맑음,교차로 - 교차로안,이륜,남,71세,경상,승용,남,54세,상해없음
2013041300100290,2013년 4월 13일 13시,토요일,경상북도 경산시 임당동,중상사고,0,1,0,0,차대사람 - 기타,안전운전불이행,건조,맑음,단일로 - 기타,이륜,남,30세,상해없음,보행자,여,45세,중상
2013041300100335,2013년 4월 13일 14시,토요일,경상북도 포항시 북구 용흥동,경상사고,0,0,1,0,차대차 - 측면직각충돌,교차로운행방법위반,건조,맑음,교차로 - 교차로안,화물,남,58세,상해없음,원동기,여,47세,경상
2013041300100336,2013년 4월 13일 14시,토요일,경상북도 상주시 서문동,중상사고,0,2,0,0,차대차 - 추돌 - 진행중,안전운전불이행,건조,맑음,교차로 - 교차로안,승용,남,55세,상해없음,승용,여,39세,중상
2013041300100337,2013년 4월 13일 14시,토요일,경상북도 영덕군 강구면,경상사고,0,0,2,0,차대차 - 기타,안전운전불이행,건조,맑음,단일로 - 기타,농기계,남,43세,상해없음,승용,남,44세,경상
2013041300100338,2013년 4월 13일 14시,토요일,경상북도 구미시 구평동,중상사고,0,1,0,0,차대차 - 측면직각충돌,안전운전불이행,건조,맑음,교차로 - 교차로안,승용,남,33세,상해없음,이륜,남,24세,중상
2013041300100339,2013년 4월 13일 14시,토요일,경상북도 구미시 황상동,사망사고,1,1,0,0,차대사람 - 기타,보행자보호의무위반,건조,맑음,교차로 - 교차로안,화물,남,38세,상해없음,보행자,여,56세,중상
2013041300100371,2013년 4월 13일 15시,토요일,경상북도 경주시 보문동,중상사고,0,3,4,0,차대차 - 추돌 - 주정차중,안전운전불이행,건조,맑음,단일로 - 기타,승용,남,50세,상해없음,승용,남,28세,경상
2013041300100372,2013년 4월 13일 15시,토요일,경상북도 청도군 화양읍,중상사고,0,1,0,0,차량단독 - 기타,안전운전불이행,건조,맑음,단일로 - 기타,화물,남,59세,상해없음,,,,
2013041300100421,2013년 4월 13일 16시,토요일,경상북도 구미시 광평동,중상사고,0,1,0,0,차대차 - 기타,안전운전불이행,건조,맑음,단일로 - 기타,자전거,남,72세,중상,승용,남,57세,상해없음
2013041300100422,2013년 4월 13일 16시,토요일,경상북도 구미시 사곡동,경상사고,0,0,1,0,차대차 - 기타,안전운전불이행,건조,맑음,단일로 - 기타,승용,남,22세,상해없음,화물,남,30세,경상
2013041300100423,2013년 4월 13일 16시,토요일,경상북도 영천시 청통면,경상사고,0,0,5,0,차대차 - 측면직각충돌,안전운전불이행,건조,맑음,단일로 - 기타,기타불명,기타불명,기타불명,기타불명,승용,남,52세,경상
2013041300100452,2013년 4월 13일 17시,토요일,경상북도 영주시 휴천동,경상사고,0,0,1,0,차대사람 - 횡단중,보행자보호의무위반,건조,맑음,교차로 - 교차로안,승용,남,56세,상해없음,보행자,여,79세,경상
2013041300100453,2013년 4월 13일 17시,토요일,경상북도 경산시 옥곡동,경상사고,0,0,1,0,차대차 - 기타,중앙선침범,건조,맑음,단일로 - 교량,승용,여,18세,상해없음,이륜,남,57세,경상
2013041300100454,2013년 4월 13일 17시,토요일,경상북도 구미시 남통동,경상사고,0,0,1,0,차대사람 - 기타,안전운전불이행,건조,맑음,기타 - 기타,승용,여,47세,상해없음,보행자,여,27세,경상
2013041300100486,2013년 4월 13일 18시,토요일,경상북도 상주시 만산동,중상사고,0,1,0,0,차대사람 - 기타,신호위반,건조,맑음,교차로 - 교차로안,화물,남,58세,상해없음,보행자,여,6세,중상
2013041300100524,2013년 4월 13일 19시,토요일,경상북도 김천시 부곡동,중상사고,0,1,0,0,차대차 - 측면직각충돌,교차로운행방법위반,건조,맑음,교차로 - 교차로안,승용,남,54세,상해없음,이륜,남,17세,중상
2013041300100563,2013년 4월 13일 20시,토요일,경상북도 고령군 고령읍,사망사고,1,2,2,0,차대차 - 측면직각충돌,직진우회전진행방해,건조,맑음,교차로 - 교차로안,승용,남,23세,경상,승합,남,54세,중상
2013041300100650,2013년 4월 13일 23시,토요일,경상북도 상주시 남성동,경상사고,0,0,1,0,차대차 - 기타,교차로운행방법위반,건조,맑음,교차로 - 교차로안,승용,여,64세,상해없음,승용,남,52세,상해없음
2013041400100008,2013년 4월 14일 00시,일요일,경상북도 경주시 강동면,경상사고,0,0,1,0,차대차 - 측면직각충돌,신호위반,건조,맑음,교차로 - 교차로안,승용,남,40세,상해없음,승용,여,25세,경상
2013041400100009,2013년 4월 14일 00시,일요일,경상북도 포항시 북구 창포동,경상사고,0,0,1,0,차대차 - 기타,안전운전불이행,건조,맑음,교차로 - 교차로안,승용,여,43세,상해없음,승용,남,60세,경상
2013041400100046,2013년 4월 14일 02시,일요일,경상북도 경주시 안강읍,사망사고,1,1,0,0,차량단독 - 전도전복,안전운전불이행,건조,맑음,단일로 - 기타,승용,남,34세,중상,,,,
2013041400100058,2013년 4월 14일 03시,일요일,경상북도 칠곡군 약목면,부상신고사고,0,0,0,1,차량단독 - 공작물충돌,안전운전불이행,건조,맑음,단일로 - 기타,승용,남,28세,부상신고,,,,
2013041400100068,2013년 4월 14일 04시,일요일,경상북도 김천시 평화동,경상사고,0,0,2,0,차대차 - 측면직각충돌,교차로운행방법위반,건조,맑음,교차로 - 교차로안,승용,남,26세,상해없음,승합,남,19세,경상
2013041400100069,2013년 4월 14일 04시,일요일,경상북도 구미시 송정동,경상사고,0,0,2,0,차대차 - 측면직각충돌,중앙선침범,건조,맑음,교차로 - 교차로부근,승용,남,25세,경상,승용,남,55세,기타불명
2013041400100099,2013년 4월 14일 06시,일요일,경상북도 구미시 도개면,중상사고,0,1,0,0,차대차 - 기타,안전운전불이행,건조,맑음,기타 - 기타,승합,남,43세,상해없음,승용,남,47세,중상
2013041400100126,2013년 4월 14일 08시,일요일,경상북도 칠곡군 왜관읍,중상사고,0,1,0,0,차대차 - 추돌 - 진행중,안전운전불이행,건조,맑음,단일로 - 기타,건설기계,남,38세,상해없음,승용,남,35세,중상
2013041400100127,2013년 4월 14일 08시,일요일,경상북도 포항시 남구 해도동,경상사고,0,0,1,0,차대차 - 측면직각충돌,신호위반,건조,맑음,교차로 - 교차로안,승용,남,49세,상해없음,승용,남,46세,경상
2013041400100142,2013년 4월 14일 09시,일요일,경상북도 포항시 남구 효자동,중상사고,0,1,0,0,차대사람 - 기타,안전운전불이행,건조,맑음,단일로 - 기타,승용,남,59세,상해없음,보행자,남,62세,중상
2013041400100157,2013년 4월 14일 10시,일요일,경상북도 문경시 산양면,경상사고,0,0,2,0,차대차 - 추돌 - 주정차중,안전거리미확보,습기,흐림,기타 - 기타,승용,남,63세,상해없음,승용,여,67세,경상
2013041400100171,2013년 4월 14일 11시,일요일,경상북도 경주시 성동동,경상사고,0,0,1,0,차대차 - 기타,안전운전불이행,건조,맑음,교차로 - 교차로부근,승용,남,57세,상해없음,자전거,여,65세,경상
2013041400100172,2013년 4월 14일 11시,일요일,경상북도 포항시 북구 대흥동,경상사고,0,0,4,0,차대차 - 추돌 - 주정차중,안전운전불이행,건조,맑음,교차로 - 교차로부근,승용,남,66세,상해없음,승용,남,46세,경상
2013041400100173,2013년 4월 14일 11시,일요일,경상북도 포항시 북구 죽도동,경상사고,0,0,1,0,차대사람 - 차도통행중,안전운전불이행,건조,맑음,단일로 - 기타,승용,남,24세,상해없음,보행자,남,80세,경상
2013041400100174,2013년 4월 14일 11시,일요일,경상북도 영천시 금노동,중상사고,0,1,5,0,차대차 - 측면직각충돌,신호위반,건조,맑음,교차로 - 교차로안,승합,여,55세,상해없음,승용,여,29세,경상
2013041400100175,2013년 4월 14일 11시,일요일,경상북도 경산시 와촌면,중상사고,0,1,0,0,차량단독 - 공작물충돌,안전운전불이행,습기,비,단일로 - 기타,승용,남,49세,상해없음,,,,
2013041400100176,2013년 4월 14일 11시,일요일,경상북도 울진군 근남면,경상사고,0,0,1,0,차대사람 - 길가장자리구역통행중,안전운전불이행,건조,맑음,단일로 - 기타,화물,남,46세,상해없음,보행자,여,52세,경상
2013041400100202,2013년 4월 14일 12시,일요일,경상북도 경주시 석장동,경상사고,0,0,1,0,차대차 - 기타,안전운전불이행,습기,비,교차로 - 교차로부근,승용,남,24세,상해없음,승용,남,35세,경상
2013041400100203,2013년 4월 14일 12시,일요일,경상북도 경주시 구황동,경상사고,0,0,1,0,차대차 - 기타,안전운전불이행,건조,흐림,교차로 - 교차로안,승합,남,33세,상해없음,승용,남,58세,상해없음
2013041400100204,2013년 4월 14일 12시,일요일,경상북도 경주시 노동동,경상사고,0,0,1,0,차대사람 - 기타,안전운전불이행,건조,맑음,단일로 - 기타,승용,여,39세,기타불명,보행자,남,16세,경상
2013041400100205,2013년 4월 14일 12시,일요일,경상북도 영주시 풍기읍,경상사고,0,0,1,0,차대차 - 측면직각충돌,안전운전불이행,건조,맑음,교차로 - 교차로안,승용,남,61세,상해없음,원동기,남,30세,경상
2013041400100206,2013년 4월 14일 12시,일요일,경상북도 청도군 이서면,중상사고,0,4,0,0,차대차 - 측면직각충돌,신호위반,습기,흐림,교차로 - 교차로안,화물,남,36세,중상,승용,여,32세,중상
2013041400100207,2013년 4월 14일 12시,일요일,경상북도 구미시 인의동,경상사고,0,0,1,0,차대차 - 기타,중앙선침범,건조,맑음,단일로 - 기타,승용,남,28세,상해없음,원동기,남,36세,경상
2013041400100237,2013년 4월 14일 13시,일요일,경상북도 포항시 북구 장성동,경상사고,0,0,1,0,차대차 - 기타,안전운전불이행,건조,맑음,단일로 - 기타,승용,여,32세,상해없음,승용,남,60세,상해없음
2013041400100238,2013년 4월 14일 13시,일요일,경상북도 포항시 남구 동촌동,중상사고,0,1,5,0,차대차 - 기타,안전운전불이행,건조,맑음,교차로 - 교차로부근,특수,남,58세,상해없음,승용,남,56세,중상
2013041400100261,2013년 4월 14일 14시,일요일,경상북도 봉화군 소천면,중상사고,0,1,0,0,차량단독 - 도로외이탈 - 기타,안전운전불이행,건조,흐림,기타 - 기타,승용,여,59세,중상,,,,
2013041400100262,2013년 4월 14일 14시,일요일,경상북도 고령군 쌍림면,경상사고,0,0,2,0,차대차 - 추돌 - 주정차중,안전운전불이행,건조,맑음,교차로 - 교차로부근,승용,남,55세,상해없음,승용,남,27세,경상
2013041400100289,2013년 4월 14일 15시,일요일,경상북도 경주시 노서동,경상사고,0,0,1,0,차대차 - 기타,안전운전불이행,건조,맑음,기타 - 기타,승용,남,58세,상해없음,원동기,남,69세,경상
2013041400100290,2013년 4월 14일 15시,일요일,경상북도 경주시 천북면,경상사고,0,0,4,0,차대차 - 기타,안전운전불이행,건조,맑음,단일로 - 기타,화물,남,48세,상해없음,승용,여,44세,경상
2013041400100291,2013년 4월 14일 15시,일요일,경상북도 경주시 율동,중상사고,0,1,4,0,차대차 - 기타,안전운전불이행,건조,맑음,단일로 - 기타,승용,남,55세,경상,승용,남,40세,경상
2013041400100323,2013년 4월 14일 16시,일요일,경상북도 안동시 옥동,경상사고,0,0,4,0,차대차 - 측면직각충돌,직진우회전진행방해,건조,맑음,교차로 - 교차로안,승용,여,24세,상해없음,승용,남,32세,경상
2013041400100324,2013년 4월 14일 16시,일요일,경상북도 구미시 지산동,중상사고,0,1,0,0,차대차 - 기타,안전운전불이행,건조,맑음,단일로 - 기타,승용,남,44세,상해없음,자전거,남,10세,중상
2013041400100358,2013년 4월 14일 17시,일요일,경상북도 안동시 임동면,중상사고,0,1,0,0,차량단독 - 기타,기타,건조,맑음,단일로 - 기타,화물,남,81세,상해없음,,,,
2013041400100390,2013년 4월 14일 18시,일요일,경상북도 구미시 신평동,경상사고,0,0,1,0,차대차 - 기타,교차로운행방법위반,건조,맑음,교차로 - 교차로안,원동기,남,36세,경상,승용,남,34세,상해없음
2013041400100422,2013년 4월 14일 19시,일요일,경상북도 경주시 외동읍,경상사고,0,0,1,0,차대차 - 기타,안전운전불이행,건조,맑음,교차로 - 교차로부근,승용,남,32세,상해없음,승용,남,39세,상해없음
2013041400100423,2013년 4월 14일 19시,일요일,경상북도 포항시 북구 죽도동,경상사고,0,0,1,0,차대차 - 측면직각충돌,안전운전불이행,건조,맑음,단일로 - 기타,승용,남,45세,상해없음,자전거,남,30세,경상
2013041400100424,2013년 4월 14일 19시,일요일,경상북도 울진군 후포면,경상사고,0,0,3,0,차대차 - 추돌 - 진행중,안전운전불이행,건조,맑음,단일로 - 기타,승용,남,42세,상해없음,승용,남,50세,경상
2013041400100425,2013년 4월 14일 19시,일요일,경상북도 구미시 고아읍,중상사고,0,1,0,0,차대차 - 기타,안전운전불이행,건조,맑음,단일로 - 기타,원동기,남,52세,중상,농기계,남,56세,상해없음
2013041400100426,2013년 4월 14일 19시,일요일,경상북도 구미시 남통동,사망사고,1,1,0,0,차대차 - 기타,중앙선침범,건조,맑음,단일로 - 기타,승용,남,32세,사망,승합,남,48세,중상
2013041400100427,2013년 4월 14일 19시,일요일,경상북도 구미시 상모동,중상사고,0,1,0,0,차대사람 - 기타,신호위반,건조,맑음,교차로 - 교차로안,승용,남,56세,상해없음,보행자,남,19세,중상
2013041400100428,2013년 4월 14일 19시,일요일,경상북도 포항시 남구 오천읍,중상사고,0,1,0,0,차대차 - 측면직각충돌,안전운전불이행,건조,맑음,단일로 - 기타,승용,남,42세,상해없음,원동기,남,39세,중상
2013041400100464,2013년 4월 14일 20시,일요일,경상북도 경산시 삼풍동,경상사고,0,0,1,0,차대차 - 기타,안전운전불이행,건조,맑음,단일로 - 기타,기타불명,기타불명,기타불명,기타불명,승합,남,35세,경상
2013041400100465,2013년 4월 14일 20시,일요일,경상북도 구미시 공단동,중상사고,0,1,0,0,차대차 - 기타,안전운전불이행,건조,맑음,교차로 - 교차로부근,승용,남,35세,상해없음,원동기,남,36세,중상
2013041400100466,2013년 4월 14일 20시,일요일,경상북도 구미시 사곡동,경상사고,0,0,1,0,차대차 - 측면직각충돌,안전운전불이행,건조,맑음,교차로 - 교차로부근,승용,여,53세,상해없음,원동기,남,31세,경상
2013041400100486,2013년 4월 14일 21시,일요일,경상북도 영천시 금노동,경상사고,0,0,4,0,차대차 - 측면직각충돌,기타,건조,맑음,교차로 - 교차로안,화물,남,49세,상해없음,승용,남,43세,경상
2013041400100515,2013년 4월 14일 23시,일요일,경상북도 경주시 동천동,경상사고,0,0,1,0,차대차 - 기타,중앙선침범,건조,맑음,단일로 - 기타,자전거,여,43세,경상,기타불명,기타불명,기타불명,기타불명
2013041400100516,2013년 4월 14일 23시,일요일,경상북도 경주시 서면,중상사고,0,1,0,0,차량단독 - 전도전복,안전운전불이행,건조,맑음,단일로 - 기타,승용,남,31세,중상,,,,
2013041400100517,2013년 4월 14일 23시,일요일,경상북도 김천시 신음동,경상사고,0,0,1,0,차대차 - 측면직각충돌,안전운전불이행,건조,맑음,교차로 - 교차로부근,승용,남,42세,상해없음,승용,여,39세,경상
2013041500100017,2013년 4월 15일 01시,월요일,경상북도 경산시 옥산동,경상사고,0,0,2,0,차대차 - 기타,안전운전불이행,건조,맑음,교차로 - 교차로안,승용,남,26세,상해없음,승용,남,20세,경상
2013041500100026,2013년 4월 15일 02시,월요일,경상북도 구미시 산동면,경상사고,0,0,1,0,차대차 - 기타,안전운전불이행,건조,맑음,교차로 - 교차로부근,승용,남,27세,경상,화물,남,45세,기타불명
2013041500100030,2013년 4월 15일 03시,월요일,경상북도 구미시 공단동,경상사고,0,0,2,0,차대차 - 기타,안전운전불이행,건조,맑음,교차로 - 교차로부근,승용,남,38세,상해없음,승용,남,37세,경상
2013041500100039,2013년 4월 15일 05시,월요일,경상북도 안동시 신세동,부상신고사고,0,0,0,1,차량단독 - 전도전복,안전운전불이행,건조,맑음,단일로 - 기타,승용,남,14세,상해없음,,,,
2013041500100069,2013년 4월 15일 07시,월요일,경상북도 칠곡군 북삼읍,경상사고,0,0,1,0,차대차 - 추돌 - 진행중,신호위반,건조,맑음,교차로 - 교차로안,승합,남,50세,상해없음,승합,남,46세,경상
2013041500100070,2013년 4월 15일 07시,월요일,경상북도 구미시 옥계동,중상사고,0,1,0,0,차대사람 - 기타,안전운전불이행,건조,맑음,단일로 - 기타,승합,남,48세,상해없음,보행자,여,16세,중상
2013041500100071,2013년 4월 15일 07시,월요일,경상북도 상주시 낙동면,사망사고,1,8,3,0,차대차 - 추돌 - 주정차중,안전운전불이행,건조,맑음,단일로 - 기타,화물,남,47세,경상,승합,여,41세,중상
2013041500100098,2013년 4월 15일 08시,월요일,경상북도 경주시 서면,중상사고,0,2,0,0,차대차 - 측면직각충돌,신호위반,건조,맑음,교차로 - 교차로안,승용,남,58세,중상,승용,남,27세,중상
2013041500100126,2013년 4월 15일 09시,월요일,경상북도 성주군 선남면,중상사고,0,1,2,0,차대차 - 추돌 - 주정차중,안전운전불이행,건조,맑음,단일로 - 기타,화물,남,75세,상해없음,승용,남,62세,중상
2013041500100127,2013년 4월 15일 09시,월요일,경상북도 구미시 원평동,경상사고,0,0,1,0,차대차 - 기타,안전거리미확보,건조,맑음,단일로 - 기타,승용,남,70세,상해없음,승용,남,39세,경상
2013041500100156,2013년 4월 15일 10시,월요일,경상북도 김천시 황금동,경상사고,0,0,1,0,차대차 - 측면직각충돌,안전운전불이행,건조,흐림,단일로 - 기타,자전거,남,66세,상해없음,이륜,남,78세,경상
2013041500100157,2013년 4월 15일 10시,월요일,경상북도 울진군 서면,중상사고,0,2,0,0,차대차 - 기타,교차로운행방법위반,건조,흐림,교차로 - 교차로안,승용,남,55세,상해없음,화물,남,52세,중상
2013041500100158,2013년 4월 15일 10시,월요일,경상북도 울진군 원남면,중상사고,0,1,0,0,차대차 - 추돌 - 진행중,안전거리미확보,건조,맑음,단일로 - 기타,건설기계,남,27세,상해없음,승용,여,57세,중상
2013041500100196,2013년 4월 15일 12시,월요일,경상북도 포항시 북구 송라면,경상사고,0,0,2,0,차대차 - 기타,안전거리미확보,건조,맑음,단일로 - 기타,승합,남,42세,상해없음,승용,남,55세,상해없음
2013041500100197,2013년 4월 15일 12시,월요일,경상북도 칠곡군 약목면,부상신고사고,0,0,0,1,차대차 - 추돌 - 진행중,안전운전불이행,건조,맑음,단일로 - 기타,화물,남,54세,부상신고,화물,남,51세,상해없음
2013041500100198,2013년 4월 15일 12시,월요일,경상북도 포항시 남구 송도동,부상신고사고,0,0,0,1,차대사람 - 기타,안전운전불이행,건조,맑음,단일로 - 기타,승용,여,56세,상해없음,보행자,남,10세,부상신고
2013041500100236,2013년 4월 15일 14시,월요일,경상북도 문경시 모전동,중상사고,0,1,0,0,차대차 - 측면직각충돌,직진우회전진행방해,건조,흐림,교차로 - 교차로안,승용,남,19세,상해없음,원동기,여,61세,중상
2013041500100237,2013년 4월 15일 14시,월요일,경상북도 포항시 남구 오천읍,경상사고,0,0,1,0,차대사람 - 기타,안전운전불이행,건조,맑음,단일로 - 기타,승용,여,43세,상해없음,보행자,남,14세,경상
2013041500100258,2013년 4월 15일 15시,월요일,경상북도 김천시 지례면,중상사고,0,1,0,0,차대차 - 측면직각충돌,기타,건조,맑음,교차로 - 교차로안,화물,남,64세,상해없음,농기계,남,81세,중상
2013041500100259,2013년 4월 15일 15시,월요일,경상북도 김천시 개령면,경상사고,0,0,2,0,차대차 - 측면직각충돌,교차로운행방법위반,건조,맑음,교차로 - 교차로안,화물,여,45세,상해없음,이륜,남,45세,경상
2013041500100288,2013년 4월 15일 16시,월요일,경상북도 경산시 하양읍,중상사고,0,1,0,0,차대차 - 기타,안전운전불이행,건조,맑음,교차로 - 교차로안,승용,남,49세,상해없음,승용,여,49세,중상
2013041500100325,2013년 4월 15일 17시,월요일,경상북도 영천시 망정동,경상사고,0,0,2,0,차대차 - 기타,안전운전불이행,건조,맑음,단일로 - 기타,화물,남,62세,상해없음,승용,남,55세,경상
2013041500100326,2013년 4월 15일 17시,월요일,경상북도 포항시 남구 효자동,경상사고,0,0,1,0,차대차 - 측면직각충돌,안전운전불이행,건조,맑음,교차로 - 교차로안,승용,남,43세,상해없음,승용,남,58세,경상
2013041500100349,2013년 4월 15일 18시,월요일,경상북도 포항시 북구 학잠동,중상사고,0,1,0,0,차대사람 - 기타,보행자보호의무위반,건조,흐림,교차로 - 교차로부근,승용,여,51세,상해없음,보행자,남,5세,중상