사고번호,사고일시,요일,시군구,사고내용,사망자수,중상자수,경상자수,부상신고자수,사고유형,법규위반,노면상태,기상상태,도로형태,가해운전자 차종,가해운전자 성별,가해운전자 연령,가해운전자 상해정도,피해운전자 차종,피해운전자 성별,피해운전자 연령,피해운전자 상해정도
2013041500100350,2013년 4월 15일 18시,월요일,경상북도 청도군 풍각면,중상사고,0,2,0,0,차대차 - 측면직각충돌,교차로운행방법위반,건조,맑음,교차로 - 교차로안,승용,남,42세,중상,승용,여,34세,중상
2013041500100384,2013년 4월 15일 19시,월요일,경상북도 경주시 건천읍,사망사고,1,0,0,0,차량단독 - 공작물충돌,안전운전불이행,건조,맑음,단일로 - 기타,승용,남,50세,사망,,,,
2013041500100385,2013년 4월 15일 19시,월요일,경상북도 성주군 수륜면,중상사고,0,1,0,0,차대사람 - 기타,중앙선침범,건조,맑음,단일로 - 기타,승용,남,24세,상해없음,보행자,남,55세,중상
2013041500100386,2013년 4월 15일 19시,월요일,경상북도 구미시 도량동,중상사고,0,1,0,0,차대차 - 추돌 - 주정차중,안전운전불이행,건조,맑음,교차로 - 교차로부근,승용,남,46세,상해없음,승용,여,41세,중상
2013041500100418,2013년 4월 15일 20시,월요일,경상북도 포항시 북구 장성동,경상사고,0,0,1,0,차대차 - 기타,교차로운행방법위반,건조,맑음,교차로 - 교차로안,승용,여,67세,상해없음,승용,여,57세,경상
2013041500100419,2013년 4월 15일 20시,월요일,경상북도 경산시 계양동,경상사고,0,0,2,0,차대차 - 기타,안전운전불이행,건조,맑음,교차로 - 교차로부근,승용,남,31세,상해없음,승용,남,28세,경상
2013041500100420,2013년 4월 15일 20시,월요일,경상북도 구미시 송정동,경상사고,0,0,1,0,차대차 - 추돌 - 주정차중,안전운전불이행,건조,맑음,단일로 - 기타,승용,남,49세,상해없음,승용,여,45세,경상
2013041500100452,2013년 4월 15일 21시,월요일,경상북도 구미시 인의동,경상사고,0,0,3,0,차대차 - 추돌 - 주정차중,안전운전불이행,건조,맑음,교차로 - 교차로부근,승용,남,31세,경상,승용,여,45세,경상
2013041500100483,2013년 4월 15일 22시,월요일,경상북도 구미시 봉곡동,중상사고,0,1,0,0,차대사람 - 기타,안전운전불이행,건조,맑음,교차로 - 교차로안,화물,남,39세,상해없음,보행자,남,44세,중상
2013041600100021,2013년 4월 16일 01시,화요일,경상북도 경산시 중방동,경상사고,0,0,1,0,차대차 - 기타,신호위반,건조,맑음,교차로 - 교차로안,승용,남,47세,상해없음,승용,남,30세,경상
2013041600100073,2013년 4월 16일 06시,화요일,경상북도 포항시 북구 여천동,경상사고,0,0,1,0,차대차 - 기타,교차로운행방법위반,건조,맑음,교차로 - 교차로안,승용,남,70세,상해없음,승용,남,57세,상해없음
2013041600100094,2013년 4월 16일 07시,화요일,경상북도 경주시 천북면,부상신고사고,0,0,0,1,차량단독 - 전도전복,안전운전불이행,건조,맑음,단일로 - 기타,승용,남,30세,부상신고,,,,
2013041600100095,2013년 4월 16일 07시,화요일,경상북도 경산시 압량면,경상사고,0,0,2,0,차대차 - 기타,직진우회전진행방해,건조,맑음,교차로 - 교차로안,승용,남,40세,경상,승용,남,50세,상해없음
2013041600100096,2013년 4월 16일 07시,화요일,경상북도 울진군 북면,중상사고,0,1,0,0,차대차 - 정면충돌,중앙선침범,건조,맑음,단일로 - 기타,승용,남,41세,중상,건설기계,남,63세,상해없음
2013041600100097,2013년 4월 16일 07시,화요일,경상북도 구미시 구포동,경상사고,0,0,1,0,차대차 - 측면직각충돌,교차로운행방법위반,건조,맑음,교차로 - 교차로안,승용,남,22세,상해없음,자전거,남,24세,경상
2013041600100122,2013년 4월 16일 08시,화요일,경상북도 경주시 건천읍,경상사고,0,0,1,0,차대차 - 추돌 - 주정차중,안전운전불이행,건조,맑음,단일로 - 기타,승용,남,54세,상해없음,승용,여,51세,경상
2013041600100123,2013년 4월 16일 08시,화요일,경상북도 경주시 외동읍,경상사고,0,0,1,0,차대사람 - 기타,안전운전불이행,건조,맑음,단일로 - 기타,승용,여,44세,상해없음,보행자,남,15세,경상
2013041600100146,2013년 4월 16일 09시,화요일,경상북도 경주시 안강읍,중상사고,0,1,0,0,차대사람 - 기타,안전운전불이행,건조,맑음,단일로 - 기타,승용,남,37세,상해없음,보행자,여,51세,중상
2013041600100147,2013년 4월 16일 09시,화요일,경상북도 포항시 북구 흥해읍,중상사고,0,1,0,0,차량단독 - 공작물충돌,안전운전불이행,기타,기타,단일로 - 기타,승용,남,51세,중상,,,,
2013041600100148,2013년 4월 16일 09시,화요일,경상북도 안동시 도산면,경상사고,0,0,1,0,차대차 - 추돌 - 주정차중,안전운전불이행,건조,맑음,단일로 - 기타,화물,남,65세,상해없음,승용,여,39세,경상
2013041600100149,2013년 4월 16일 09시,화요일,경상북도 안동시 금곡동,경상사고,0,0,1,0,차대차 - 추돌 - 진행중,안전운전불이행,건조,맑음,교차로 - 교차로부근,화물,남,28세,상해없음,승용,여,36세,경상
2013041600100150,2013년 4월 16일 09시,화요일,경상북도 안동시 송현동,중상사고,0,1,0,0,차량단독 - 기타,기타,건조,맑음,단일로 - 기타,승합,남,60세,상해없음,,,,
2013041600100151,2013년 4월 16일 09시,화요일,경상북도 의성군 봉양면,경상사고,0,0,2,0,차대차 - 추돌 - 주정차중,안전운전불이행,건조,맑음,교차로 - 교차로안,화물,남,48세,상해없음,승용,남,59세,경상
2013041600100170,2013년 4월 16일 10시,화요일,경상북도 안동시 풍산읍,경상사고,0,0,1,0,차대차 - 측면직각충돌,직진우회전진행방해,건조,맑음,교차로 - 교차로안,승용,남,37세,상해없음,건설기계,남,36세,상해없음
2013041600100192,2013년 4월 16일 11시,화요일,경상북도 구미시 남통동,중상사고,0,1,1,1,차대차 - 측면직각충돌,직진우회전진행방해,건조,맑음,교차로 - 교차로안,승용,남,53세,상해없음,승용,여,59세,부상신고
2013041600100193,2013년 4월 16일 11시,화요일,경상북도 포항시 남구 괴동동,경상사고,0,0,1,0,차대차 - 추돌 - 주정차중,안전운전불이행,건조,맑음,교차로 - 교차로부근,승용,남,48세,상해없음,승용,남,30세,경상
2013041600100209,2013년 4월 16일 12시,화요일,경상북도 포항시 남구 해도동,경상사고,0,0,1,0,차대차 - 기타,안전운전불이행,건조,맑음,단일로 - 기타,승용,남,50세,상해없음,자전거,남,62세,경상
2013041600100235,2013년 4월 16일 13시,화요일,경상북도 경주시 성동동,경상사고,0,0,1,0,차대사람 - 기타,안전운전불이행,건조,맑음,단일로 - 기타,승용,여,37세,상해없음,보행자,여,79세,경상
2013041600100236,2013년 4월 16일 13시,화요일,경상북도 칠곡군 왜관읍,부상신고사고,0,0,0,1,차대차 - 추돌 - 주정차중,안전운전불이행,건조,맑음,단일로 - 기타,승합,남,78세,부상신고,승용,남,39세,기타불명
2013041600100237,2013년 4월 16일 13시,화요일,경상북도 구미시 공단동,경상사고,0,0,1,0,차대차 - 추돌 - 주정차중,안전운전불이행,건조,맑음,단일로 - 기타,화물,남,39세,상해없음,승용,남,31세,경상
2013041600100271,2013년 4월 16일 14시,화요일,경상북도 칠곡군 가산면,경상사고,0,0,3,0,차대차 - 기타,안전거리미확보,건조,맑음,단일로 - 기타,화물,남,53세,경상,화물,남,44세,경상
2013041600100272,2013년 4월 16일 14시,화요일,경상북도 영천시 완산동,중상사고,0,1,0,0,차대차 - 측면직각충돌,안전운전불이행,건조,맑음,교차로 - 교차로안,승용,여,60세,상해없음,승용,여,35세,중상
2013041600100273,2013년 4월 16일 14시,화요일,경상북도 청도군 화양읍,경상사고,0,0,1,0,차대차 - 정면충돌,안전운전불이행,건조,맑음,단일로 - 기타,화물,남,53세,상해없음,화물,남,51세,경상
2013041600100299,2013년 4월 16일 15시,화요일,경상북도 포항시 북구 용흥동,중상사고,0,1,0,0,차대차 - 측면직각충돌,안전거리미확보,건조,맑음,단일로 - 기타,원동기,남,19세,중상,승용,여,32세,상해없음
2013041600100331,2013년 4월 16일 16시,화요일,경상북도 경주시 용강동,중상사고,0,1,0,0,차대차 - 측면직각충돌,중앙선침범,건조,맑음,단일로 - 기타,승합,남,54세,상해없음,원동기,남,78세,중상
2013041600100332,2013년 4월 16일 16시,화요일,경상북도 칠곡군 북삼읍,부상신고사고,0,0,0,1,차대차 - 추돌 - 주정차중,안전운전불이행,건조,맑음,단일로 - 기타,화물,남,37세,부상신고,승용,여,51세,기타불명
2013041600100333,2013년 4월 16일 16시,화요일,경상북도 칠곡군 석적읍,부상신고사고,0,0,0,1,차대사람 - 횡단중,안전운전불이행,건조,맑음,단일로 - 기타,승용,기타불명,기타불명,기타불명,보행자,여,10세,부상신고
2013041600100334,2013년 4월 16일 16시,화요일,경상북도 경산시 사동,경상사고,0,0,1,0,차대차 - 측면직각충돌,안전운전불이행,건조,맑음,단일로 - 기타,화물,남,52세,상해없음,이륜,남,23세,경상
2013041600100335,2013년 4월 16일 16시,화요일,경상북도 고령군 고령읍,경상사고,0,0,1,0,차대차 - 측면직각충돌,직진우회전진행방해,건조,맑음,교차로 - 교차로안,승합,남,37세,상해없음,화물,남,65세,경상
2013041600100399,2013년 4월 16일 18시,화요일,경상북도 경산시 옥산동,경상사고,0,0,1,0,차대차 - 기타,안전거리미확보,건조,맑음,단일로 - 기타,이륜,남,36세,경상,승용,여,48세,상해없음
2013041600100400,2013년 4월 16일 18시,화요일,경상북도 포항시 남구 이동,경상사고,0,0,1,0,차대차 - 측면직각충돌,신호위반,건조,맑음,교차로 - 교차로부근,원동기,남,29세,경상,승용,남,23세,상해없음
2013041600100432,2013년 4월 16일 19시,화요일,경상북도 구미시 고아읍,경상사고,0,0,1,0,차대차 - 측면직각충돌,교차로운행방법위반,건조,맑음,교차로 - 교차로안,이륜,남,19세,경상,화물,남,47세,상해없음
2013041600100448,2013년 4월 16일 20시,화요일,경상북도 경산시 하양읍,중상사고,0,1,0,0,차대사람 - 기타,안전운전불이행,건조,맑음,단일로 - 기타,이륜,남,17세,상해없음,보행자,여,62세,중상
2013041600100449,2013년 4월 16일 20시,화요일,경상북도 경산시 진량읍,중상사고,0,1,0,0,차대사람 - 기타,안전운전불이행,건조,맑음,교차로 - 교차로부근,승용,남,54세,상해없음,보행자,남,75세,중상
2013041600100450,2013년 4월 16일 20시,화요일,경상북도 구미시 인의동,중상사고,0,1,0,0,차대차 - 기타,안전운전불이행,건조,맑음,교차로 - 교차로부근,이륜,남,36세,상해없음,자전거,여,53세,중상
2013041600100477,2013년 4월 16일 21시,화요일,경상북도 포항시 북구 죽도동,경상사고,0,0,1,0,차대차 - 기타,차로위반,건조,맑음,교차로 - 교차로부근,승용,남,49세,상해없음,승용,남,21세,경상
2013041600100478,2013년 4월 16일 21시,화요일,경상북도 칠곡군 왜관읍,중상사고,0,2,0,0,차대사람 - 횡단중,신호위반,건조,맑음,단일로 - 횡단보도상,화물,남,54세,상해없음,보행자,여,32세,중상
2013041600100511,2013년 4월 16일 22시,화요일,경상북도 포항시 북구 득량동,경상사고,0,0,2,0,차대차 - 추돌 - 주정차중,안전운전불이행,건조,맑음,단일로 - 기타,승용,남,51세,상해없음,승용,남,40세,경상
2013041600100512,2013년 4월 16일 22시,화요일,경상북도 안동시 신안동,중상사고,0,1,0,0,차대차 - 측면직각충돌,안전운전불이행,건조,맑음,단일로 - 기타,승용,남,52세,상해없음,이륜,남,48세,중상
2013041600100513,2013년 4월 16일 22시,화요일,경상북도 구미시 해평면,경상사고,0,0,1,0,차량단독 - 공작물충돌,안전운전불이행,건조,맑음,단일로 - 기타,승용,남,22세,상해없음,,,,
2013041600100535,2013년 4월 16일 23시,화요일,경상북도 포항시 북구 송라면,경상사고,0,0,1,0,차대차 - 기타,안전운전불이행,건조,맑음,단일로 - 기타,승용,여,46세,상해없음,승용,여,60세,경상
2013041600100536,2013년 4월 16일 23시,화요일,경상북도 울진군 울진읍,부상신고사고,0,0,0,2,차대차 - 정면충돌,중앙선침범,건조,맑음,단일로 - 기타,승용,여,51세,상해없음,화물,남,59세,부상신고
2013041700100014,2013년 4월 17일 00시,수요일,경상북도 포항시 북구 우현동,경상사고,0,0,1,0,차대차 - 기타,안전운전불이행,건조,맑음,단일로 - 기타,승용,남,31세,상해없음,승용,여,50세,경상
2013041700100015,2013년 4월 17일 00시,수요일,경상북도 구미시 진평동,경상사고,0,0,1,0,차대차 - 측면직각충돌,안전운전불이행,건조,맑음,교차로 - 교차로부근,승용,남,27세,상해없음,이륜,남,49세,경상
2013041700100031,2013년 4월 17일 01시,수요일,경상북도 경산시 삼풍동,경상사고,0,0,1,0,차대차 - 기타,안전거리미확보,건조,맑음,단일로 - 기타,승용,남,33세,상해없음,승용,남,53세,경상
2013041700100043,2013년 4월 17일 02시,수요일,경상북도 경주시 탑동,중상사고,0,3,1,0,차대차 - 추돌 - 주정차중,안전운전불이행,건조,흐림,단일로 - 기타,화물,남,61세,상해없음,승용,남,47세,중상
2013041700100072,2013년 4월 17일 05시,수요일,경상북도 영천시 금호읍,중상사고,0,1,0,0,차대사람 - 차도통행중,안전운전불이행,건조,맑음,단일로 - 기타,화물,남,42세,상해없음,보행자,여,84세,중상
2013041700100104,2013년 4월 17일 07시,수요일,경상북도 경주시 양북면,중상사고,0,2,0,0,차대차 - 측면직각충돌,안전운전불이행,습기,비,교차로 - 교차로안,화물,남,73세,중상,화물,남,55세,중상
2013041700100105,2013년 4월 17일 07시,수요일,경상북도 구미시 진평동,경상사고,0,0,2,0,차대차 - 정면충돌,안전운전불이행,건조,맑음,교차로 - 교차로부근,승용,여,51세,경상,승용,남,38세,경상
2013041700100106,2013년 4월 17일 07시,수요일,경상북도 포항시 남구 해도동,경상사고,0,0,1,0,차대차 - 측면직각충돌,안전운전불이행,습기,비,단일로 - 기타,승용,남,48세,상해없음,승용,남,65세,경상
2013041700100229,2013년 4월 17일 11시,수요일,경상북도 경주시 황오동,경상사고,0,0,1,0,차대사람 - 기타,안전운전불이행,건조,맑음,단일로 - 기타,승용,여,22세,상해없음,보행자,여,33세,경상
2013041700100251,2013년 4월 17일 12시,수요일,경상북도 포항시 북구 대흥동,사망사고,1,0,0,0,차대차 - 기타,안전운전불이행,건조,맑음,단일로 - 기타,승용,남,64세,상해없음,자전거,남,74세,사망
2013041700100252,2013년 4월 17일 12시,수요일,경상북도 칠곡군 북삼읍,경상사고,0,0,1,0,차대차 - 추돌 - 진행중,교차로운행방법위반,건조,맑음,교차로 - 교차로안,승용,여,28세,경상,화물,남,52세,상해없음
2013041700100253,2013년 4월 17일 12시,수요일,경상북도 구미시 송정동,중상사고,0,1,0,0,차대차 - 기타,중앙선침범,건조,흐림,교차로 - 교차로부근,승용,여,32세,상해없음,승용,남,30세,중상
2013041700100297,2013년 4월 17일 14시,수요일,경상북도 김천시 대광동,경상사고,0,0,2,0,차대차 - 측면직각충돌,안전운전불이행,건조,맑음,교차로 - 교차로안,화물,남,40세,상해없음,승용,남,34세,경상
2013041700100324,2013년 4월 17일 15시,수요일,경상북도 구미시 구평동,경상사고,0,0,1,0,차대차 - 기타,안전운전불이행,건조,맑음,교차로 - 교차로부근,승용,남,39세,상해없음,승용,남,38세,경상
2013041700100325,2013년 4월 17일 15시,수요일,경상북도 포항시 남구 오천읍,경상사고,0,0,4,0,차대차 - 측면직각충돌,직진우회전진행방해,건조,맑음,교차로 - 교차로안,승합,남,33세,경상,승용,남,35세,경상
2013041700100349,2013년 4월 17일 16시,수요일,경상북도 상주시 만산동,부상신고사고,0,0,0,1,차량단독 - 공작물충돌,안전운전불이행,건조,맑음,교차로 - 교차로부근,승용,남,46세,부상신고,,,,
2013041700100426,2013년 4월 17일 18시,수요일,경상북도 영주시 휴천동,중상사고,0,1,0,0,차대차 - 측면직각충돌,안전운전불이행,건조,맑음,교차로 - 교차로안,화물,남,23세,상해없음,자전거,남,54세,중상
2013041700100462,2013년 4월 17일 19시,수요일,경상북도 포항시 북구 우현동,중상사고,0,2,0,0,차대차 - 기타,교차로운행방법위반,건조,맑음,교차로 - 교차로안,승용,여,53세,중상,승용,남,53세,중상
2013041700100463,2013년 4월 17일 19시,수요일,경상북도 경산시 계양동,경상사고,0,0,1,0,차대차 - 기타,안전운전불이행,건조,맑음,교차로 - 교차로안,자전거,남,13세,경상,승합,남,46세,상해없음
2013041700100464,2013년 4월 17일 19시,수요일,경상북도 포항시 남구 대도동,경상사고,0,0,1,0,차대차 - 측면직각충돌,안전운전불이행,건조,맑음,단일로 - 기타,승용,여,30세,상해없음,원동기,남,21세,경상
2013041700100488,2013년 4월 17일 20시,수요일,경상북도 포항시 북구 죽도동,중상사고,0,1,0,0,차대사람 - 기타,안전운전불이행,건조,맑음,교차로 - 교차로부근,승용,남,30세,상해없음,보행자,여,78세,중상
2013041700100489,2013년 4월 17일 20시,수요일,경상북도 포항시 남구 연일읍,중상사고,0,2,0,0,차대차 - 기타,안전운전불이행,건조,맑음,단일로 - 기타,화물,남,48세,중상,승용,여,57세,중상
2013041700100527,2013년 4월 17일 21시,수요일,경상북도 문경시 점촌동,경상사고,0,0,5,0,차대차 - 정면충돌,중앙선침범,건조,맑음,교차로 - 교차로부근,승용,남,44세,상해없음,승용,여,22세,경상
2013041700100565,2013년 4월 17일 22시,수요일,경상북도 의성군 금성면,중상사고,0,2,0,0,차대차 - 측면직각충돌,중앙선침범,건조,맑음,단일로 - 기타,화물,남,57세,상해없음,화물,남,63세,중상
2013041700100566,2013년 4월 17일 22시,수요일,경상북도 구미시 오태동,중상사고,0,1,1,0,차대차 - 기타,안전운전불이행,건조,맑음,단일로 - 기타,승용,남,44세,상해없음,승용,여,22세,중상
2013041700100595,2013년 4월 17일 23시,수요일,경상북도 경주시 현곡면,중상사고,0,1,0,0,차대차 - 측면직각충돌,안전운전불이행,건조,맑음,교차로 - 교차로안,승용,남,30세,상해없음,승용,남,41세,중상
2013041700100596,2013년 4월 17일 23시,수요일,경상북도 구미시 공단동,중상사고,0,1,2,0,차대사람 - 기타,보행자보호의무위반,건조,맑음,교차로 - 교차로부근,승용,남,38세,상해없음,보행자,여,52세,중상
2013041700100597,2013년 4월 17일 23시,수요일,경상북도 구미시 공단동,경상사고,0,0,1,0,차대차 - 기타,신호위반,건조,맑음,교차로 - 교차로안,승용,남,23세,상해없음,승용,여,29세,경상
2013041800100015,2013년 4월 18일 00시,목요일,경상북도 구미시 사곡동,경상사고,0,0,1,0,차대사람 - 기타,안전운전불이행,건조,맑음,기타 - 기타,승용,남,41세,상해없음,보행자,남,45세,경상
2013041800100044,2013년 4월 18일 02시,목요일,경상북도 김천시 교동,경상사고,0,0,1,0,차대차 - 측면직각충돌,안전운전불이행,건조,맑음,단일로 - 기타,이륜,남,19세,상해없음,승용,남,50세,경상
2013041800100067,2013년 4월 18일 05시,목요일,경상북도 포항시 남구 대도동,경상사고,0,0,1,0,차대차 - 측면직각충돌,안전운전불이행,건조,맑음,교차로 - 교차로안,승용,여,40세,상해없음,자전거,남,58세,경상
2013041800100093,2013년 4월 18일 07시,목요일,경상북도 포항시 남구 동해면,중상사고,0,1,0,0,차대차 - 기타,안전운전불이행,건조,맑음,단일로 - 기타,화물,남,62세,상해없음,승용,여,25세,중상
2013041800100120,2013년 4월 18일 08시,목요일,경상북도 경주시 서악동,중상사고,0,1,1,0,차대차 - 측면직각충돌,안전운전불이행,건조,맑음,단일로 - 기타,화물,남,41세,상해없음,승용,남,52세,중상
2013041800100121,2013년 4월 18일 08시,목요일,경상북도 영천시 금노동,경상사고,0,0,2,0,차대차 - 기타,중앙선침범,건조,맑음,교차로 - 교차로부근,승용,남,37세,상해없음,승용,여,46세,경상
2013041800100153,2013년 4월 18일 09시,목요일,경상북도 칠곡군 왜관읍,경상사고,0,0,1,0,차대차 - 추돌 - 진행중,교차로운행방법위반,건조,맑음,교차로 - 교차로안,승용,남,50세,상해없음,승용,여,55세,경상
2013041800100154,2013년 4월 18일 09시,목요일,경상북도 포항시 남구 오천읍,중상사고,0,1,0,0,차대사람 - 기타,안전운전불이행,건조,맑음,단일로 - 기타,승용,남,72세,상해없음,보행자,남,3세,중상
2013041800100186,2013년 4월 18일 10시,목요일,경상북도 칠곡군 왜관읍,부상신고사고,0,0,0,1,차대차 - 추돌 - 진행중,기타,건조,맑음,단일로 - 기타,원동기,남,42세,부상신고,승용,남,39세,상해없음
2013041800100187,2013년 4월 18일 10시,목요일,경상북도 영천시 북안면,중상사고,0,1,0,0,차대차 - 추돌 - 진행중,안전거리미확보,건조,맑음,단일로 - 기타,화물,남,41세,중상,화물,남,60세,상해없음
2013041800100188,2013년 4월 18일 10시,목요일,경상북도 경산시 갑제동,사망사고,1,0,0,0,차대사람 - 기타,안전운전불이행,건조,맑음,단일로 - 기타,승용,여,39세,상해없음,보행자,여,66세,사망
2013041800100206,2013년 4월 18일 11시,목요일,경상북도 포항시 남구 오천읍,경상사고,0,0,1,0,차대차 - 측면직각충돌,안전운전불이행,건조,맑음,교차로 - 교차로안,승용,남,55세,상해없음,승용,남,50세,상해없음
2013041800100233,2013년 4월 18일 12시,목요일,경상북도 김천시 신음동,중상사고,0,1,0,0,차대차 - 측면직각충돌,안전운전불이행,건조,맑음,단일로 - 기타,승용,여,47세,상해없음,화물,남,41세,기타불명
2013041800100234,2013년 4월 18일 12시,목요일,경상북도 칠곡군 석적읍,경상사고,0,0,1,0,차대차 - 추돌 - 진행중,안전거리미확보,건조,맑음,단일로 - 기타,건설기계,남,52세,상해없음,승용,남,37세,경상
2013041800100262,2013년 4월 18일 13시,목요일,경상북도 경주시 내남면,사망사고,1,0,0,0,차대사람 - 길가장자리구역통행중,안전운전불이행,건조,맑음,단일로 - 기타,특수,남,53세,상해없음,보행자,남,76세,사망
2013041800100263,2013년 4월 18일 13시,목요일,경상북도 포항시 북구 우현동,경상사고,0,0,1,0,차대차 - 기타,안전운전불이행,건조,맑음,단일로 - 기타,화물,남,70세,상해없음,승용,여,45세,경상
2013041800100264,2013년 4월 18일 13시,목요일,경상북도 구미시 비산동,경상사고,0,0,1,0,차대차 - 기타,안전운전불이행,건조,맑음,단일로 - 기타,승용,남,57세,상해없음,승용,여,30세,경상
2013041800100285,2013년 4월 18일 14시,목요일,경상북도 김천시 대광동,경상사고,0,0,1,0,차대차 - 측면직각충돌,안전운전불이행,건조,맑음,단일로 - 기타,화물,남,44세,상해없음,농기계,남,72세,경상
2013041800100286,2013년 4월 18일 14시,목요일,경상북도 김천시 지례면,중상사고,0,1,0,0,차대사람 - 기타,과속,건조,맑음,단일로 - 기타,화물,남,45세,상해없음,보행자,남,3세,중상
2013041800100287,2013년 4월 18일 14시,목요일,경상북도 구미시 남통동,중상사고,0,1,0,0,차대사람 - 기타,안전운전불이행,건조,맑음,단일로 - 기타,승용,남,32세,기타불명,보행자,남,59세,중상
2013041800100318,2013년 4월 18일 15시,목요일,경상북도 칠곡군 약목면,중상사고,0,1,0,0,차대차 - 추돌 - 진행중,안전운전불이행,건조,맑음,단일로 - 기타,승용,남,54세,상해없음,이륜,남,79세,중상
2013041800100350,2013년 4월 18일 16시,목요일,경상북도 경주시 신평동,중상사고,0,2,0,0,차대차 - 기타,안전운전불이행,건조,맑음,단일로 - 기타,승합,남,69세,상해없음,승용,남,23세,중상
2013041800100351,2013년 4월 18일 16시,목요일,경상북도 구미시 오태동,부상신고사고,0,0,0,1,차대사람 - 기타,안전운전불이행,건조,맑음,단일로 - 기타,기타불명,기타불명,기타불명,기타불명,보행자,남,77세,부상신고
2013041800100352,2013년 4월 18일 16시,목요일,경상북도 포항시 남구 연일읍,경상사고,0,0,2,0,차대차 - 측면직각충돌,안전거리미확보,건조,맑음,단일로 - 기타,승합,남,66세,상해없음,승용,남,51세,경상
2013041800100394,2013년 4월 18일 17시,목요일,경상북도 안동시 옥동,중상사고,0,2,0,0,차대차 - 측면직각충돌,교차로운행방법위반,건조,맑음,교차로 - 교차로안,승용,남,44세,상해없음,이륜,남,16세,중상
2013041800100395,2013년 4월 18일 17시,목요일,경상북도 구미시 봉곡동,경상사고,0,0,2,0,차대차 - 기타,안전운전불이행,건조,맑음,교차로 - 교차로안,기타불명,기타불명,1세,기타불명,자전거,남,13세,경상
2013041800100396,2013년 4월 18일 17시,목요일,경상북도 포항시 남구 송내동,경상사고,0,0,1,0,차대차 - 측면직각충돌,안전운전불이행,건조,맑음,교차로 - 교차로부근,자전거,남,71세,경상,승용,남,23세,상해없음
2013041800100431,2013년 4월 18일 18시,목요일,경상북도 구미시 진평동,경상사고,0,0,2,0,차대차 - 기타,안전운전불이행,건조,맑음,교차로 - 교차로안,승용,남,39세,상해없음,승용,남,60세,경상
2013041800100468,2013년 4월 18일 19시,목요일,경상북도 안동시 명륜동,경상사고,0,0,3,1,차대차 - 정면충돌,중앙선침범,건조,맑음,단일로 - 기타,승용,남,59세,상해없음,화물,남,48세,경상
2013041800100497,2013년 4월 18일 20시,목요일,경상북도 포항시 북구 용흥동,경상사고,0,0,1,0,차대차 - 기타,교차로운행방법위반,건조,맑음,교차로 - 교차로부근,기타불명,기타불명,기타불명,기타불명,승용,남,70세,상해없음
2013041800100498,2013년 4월 18일 20시,목요일,경상북도 포항시 남구 장기면,경상사고,0,0,1,0,차대차 - 측면직각충돌,안전운전불이행,건조,맑음,교차로 - 교차로안,승용,남,59세,상해없음,승용,여,54세,경상
2013041800100499,2013년 4월 18일 20시,목요일,경상북도 포항시 남구 이동,경상사고,0,0,1,0,차대사람 - 기타,중앙선침범,건조,맑음,단일로 - 기타,승용,남,58세,상해없음,보행자,여,30세,경상
2013041800100526,2013년 4월 18일 21시,목요일,경상북도 경주시 성동동,경상사고,0,0,1,0,차대차 - 기타,안전운전불이행,건조,맑음,기타 - 기타,원동기,남,39세,상해없음,자전거,여,39세,경상
2013041800100527,2013년 4월 18일 21시,목요일,경상북도 경산시 계양동,중상사고,0,2,2,0,차대차 - 기타,직진우회전진행방해,건조,맑음,교차로 - 교차로안,승용,남,38세,상해없음,승용,남,63세,경상
2013041800100528,2013년 4월 18일 21시,목요일,경상북도 구미시 진평동,중상사고,0,2,1,0,차대사람 - 기타,안전운전불이행,건조,맑음,교차로 - 교차로안,승용,남,34세,경상,보행자,여,34세,중상
2013041800100585,2013년 4월 18일 23시,목요일,경상북도 포항시 북구 양덕동,경상사고,0,0,2,0,차대차 - 측면직각충돌,중앙선침범,건조,맑음,단일로 - 기타,승용,남,32세,상해없음,승용,남,32세,경상
2013041900100016,2013년 4월 19일 00시,금요일,경상북도 포항시 북구 대신동,경상사고,0,0,2,0,차대차 - 추돌 - 진행중,신호위반,건조,맑음,교차로 - 교차로안,승용,남,31세,상해없음,승용,남,53세,경상
2013041900100033,2013년 4월 19일 01시,금요일,경상북도 경주시 강동면,중상사고,0,1,0,0,차량단독 - 공작물충돌,안전운전불이행,건조,맑음,단일로 - 기타,승용,남,62세,중상,,,,
2013041900100057,2013년 4월 19일 03시,금요일,경상북도 안동시 남부동,경상사고,0,0,1,0,차량단독 - 기타,안전운전불이행,건조,맑음,단일로 - 기타,승용,남,26세,경상,,,,
2013041900100058,2013년 4월 19일 03시,금요일,경상북도 김천시 모암동,중상사고,0,1,0,0,차대차 - 측면직각충돌,안전운전불이행,건조,맑음,단일로 - 기타,승용,여,39세,상해없음,승용,남,51세,상해없음
2013041900100067,2013년 4월 19일 04시,금요일,경상북도 경산시 옥산동,경상사고,0,0,2,0,차대차 - 정면충돌,안전운전불이행,건조,맑음,교차로 - 교차로안,승용,여,16세,상해없음,승용,남,39세,경상
2013041900100112,2013년 4월 19일 07시,금요일,경상북도 김천시 남산동,경상사고,0,0,2,0,차대차 - 측면직각충돌,안전운전불이행,건조,맑음,단일로 - 기타,승용,여,43세,상해없음,승용,여,53세,경상
2013041900100113,2013년 4월 19일 07시,금요일,경상북도 구미시 진평동,경상사고,0,0,1,2,차대차 - 측면직각충돌,안전운전불이행,건조,맑음,교차로 - 교차로안,승용,남,32세,상해없음,승용,남,30세,경상