사고번호,사고일시,요일,시군구,사고내용,사망자수,중상자수,경상자수,부상신고자수,사고유형,법규위반,노면상태,기상상태,도로형태,가해운전자 차종,가해운전자 성별,가해운전자 연령,가해운전자 상해정도,피해운전자 차종,피해운전자 성별,피해운전자 연령,피해운전자 상해정도
2013050900100227,2013년 5월 9일 12시,목요일,경상북도 청도군 화양읍,경상사고,0,0,1,0,차대차 - 측면직각충돌,신호위반,건조,맑음,교차로 - 교차로안,승용,남,33세,상해없음,원동기,남,80세,경상
2013050900100228,2013년 5월 9일 12시,목요일,경상북도 군위군 군위읍,중상사고,0,1,0,0,차대사람 - 보도통행중,보행자보호의무위반,건조,맑음,교차로 - 교차로안,승용,여,27세,상해없음,보행자,여,68세,중상
2013050900100255,2013년 5월 9일 13시,목요일,경상북도 경주시 황성동,경상사고,0,0,1,0,차대사람 - 기타,보행자보호의무위반,건조,맑음,단일로 - 기타,승용,여,52세,상해없음,보행자,남,7세,경상
2013050900100256,2013년 5월 9일 13시,목요일,경상북도 안동시 북문동,경상사고,0,0,1,0,차대사람 - 횡단중,보행자보호의무위반,건조,맑음,단일로 - 횡단보도상,승용,남,36세,상해없음,보행자,여,36세,경상
2013050900100288,2013년 5월 9일 14시,목요일,경상북도 안동시 태화동,중상사고,0,1,2,0,차대차 - 추돌 - 주정차중,안전운전불이행,건조,맑음,교차로 - 교차로부근,승용,남,49세,상해없음,승용,여,51세,경상
2013050900100289,2013년 5월 9일 14시,목요일,경상북도 상주시 모서면,중상사고,0,1,0,0,차대차 - 측면직각충돌,기타,건조,맑음,교차로 - 교차로안,화물,여,49세,중상,화물,남,42세,상해없음
2013050900100315,2013년 5월 9일 15시,목요일,경상북도 안동시 용상동,경상사고,0,0,1,1,차대차 - 측면직각충돌,직진우회전진행방해,건조,맑음,교차로 - 교차로안,승용,남,42세,상해없음,승용,여,42세,경상
2013050900100316,2013년 5월 9일 15시,목요일,경상북도 예천군 하리면,중상사고,0,1,0,0,차대차 - 추돌 - 진행중,안전운전불이행,건조,맑음,단일로 - 기타,화물,남,50세,상해없음,화물,남,49세,상해없음
2013050900100345,2013년 5월 9일 16시,목요일,경상북도 경주시 구황동,경상사고,0,0,1,0,차대차 - 기타,안전운전불이행,건조,맑음,교차로 - 교차로안,승용,여,55세,상해없음,승용,남,56세,상해없음
2013050900100346,2013년 5월 9일 16시,목요일,경상북도 안동시 풍산읍,경상사고,0,0,1,0,차대차 - 기타,안전운전불이행,건조,맑음,단일로 - 기타,건설기계,남,44세,상해없음,승용,남,41세,경상
2013050900100347,2013년 5월 9일 16시,목요일,경상북도 영주시 가흥동,경상사고,0,0,1,0,차량단독 - 기타,안전운전불이행,건조,흐림,단일로 - 기타,원동기,남,77세,경상,,,,
2013050900100381,2013년 5월 9일 17시,목요일,경상북도 김천시 농소면,경상사고,0,0,1,0,차량단독 - 공작물충돌,안전운전불이행,건조,맑음,단일로 - 기타,승용,남,23세,경상,,,,
2013050900100382,2013년 5월 9일 17시,목요일,경상북도 칠곡군 지천면,부상신고사고,0,0,0,1,차대차 - 추돌 - 진행중,안전운전불이행,건조,맑음,단일로 - 기타,승용,남,42세,상해없음,승용,남,27세,부상신고
2013050900100383,2013년 5월 9일 17시,목요일,경상북도 문경시 점촌동,경상사고,0,0,1,0,차대차 - 측면직각충돌,안전운전불이행,건조,맑음,기타 - 기타,승용,남,36세,상해없음,자전거,남,13세,경상
2013050900100384,2013년 5월 9일 17시,목요일,경상북도 구미시 원평동,중상사고,0,1,1,0,차대차 - 측면직각충돌,직진우회전진행방해,건조,맑음,교차로 - 교차로안,승용,남,44세,경상,승용,남,25세,중상
2013050900100424,2013년 5월 9일 18시,목요일,경상북도 경주시 노동동,경상사고,0,0,1,0,차대사람 - 기타,안전운전불이행,건조,맑음,단일로 - 기타,승용,여,53세,상해없음,보행자,여,48세,경상
2013050900100425,2013년 5월 9일 18시,목요일,경상북도 포항시 북구 용흥동,경상사고,0,0,4,0,차대차 - 기타,안전운전불이행,건조,맑음,기타 - 기타,승용,남,47세,상해없음,승용,남,18세,경상
2013050900100426,2013년 5월 9일 18시,목요일,경상북도 경산시 사동,경상사고,0,0,1,0,차대차 - 기타,중앙선침범,건조,맑음,단일로 - 기타,승용,남,49세,기타불명,승용,여,36세,상해없음
2013050900100427,2013년 5월 9일 18시,목요일,경상북도 경산시 중방동,경상사고,0,0,1,0,차대차 - 기타,안전운전불이행,기타,맑음,교차로 - 교차로부근,승용,남,23세,상해없음,자전거,남,16세,경상
2013050900100462,2013년 5월 9일 19시,목요일,경상북도 경주시 외동읍,경상사고,0,0,6,0,차대차 - 기타,신호위반,건조,맑음,교차로 - 교차로안,승용,남,45세,상해없음,승용,남,36세,경상
2013050900100463,2013년 5월 9일 19시,목요일,경상북도 포항시 북구 죽도동,경상사고,0,0,1,0,차대차 - 기타,안전운전불이행,건조,맑음,단일로 - 기타,승용,남,43세,상해없음,승용,남,57세,경상
2013050900100464,2013년 5월 9일 19시,목요일,경상북도 구미시 상모동,사망사고,1,0,0,0,차대사람 - 횡단중,안전운전불이행,건조,흐림,교차로 - 교차로부근,승용,여,52세,상해없음,보행자,여,82세,사망
2013050900100465,2013년 5월 9일 19시,목요일,경상북도 포항시 남구 장흥동,중상사고,0,1,0,0,차대차 - 측면직각충돌,신호위반,건조,맑음,교차로 - 교차로안,화물,남,48세,상해없음,승용,남,62세,중상
2013050900100489,2013년 5월 9일 20시,목요일,경상북도 김천시 평화동,경상사고,0,0,1,0,차대사람 - 기타,안전운전불이행,건조,맑음,교차로 - 교차로안,승용,남,60세,상해없음,보행자,여,15세,경상
2013050900100490,2013년 5월 9일 20시,목요일,경상북도 칠곡군 왜관읍,경상사고,0,0,1,0,차대사람 - 횡단중,안전운전불이행,건조,흐림,교차로 - 교차로부근,승합,남,58세,상해없음,보행자,남,61세,경상
2013050900100532,2013년 5월 9일 21시,목요일,경상북도 포항시 남구 효자동,경상사고,0,0,1,0,차대차 - 측면직각충돌,안전운전불이행,건조,맑음,교차로 - 교차로부근,화물,남,50세,경상,승용,남,34세,상해없음
2013050900100586,2013년 5월 9일 22시,목요일,경상북도 포항시 북구 용흥동,경상사고,0,0,2,0,차대차 - 추돌 - 진행중,안전거리미확보,건조,맑음,미분류 - 미분류,기타불명,기타불명,기타불명,기타불명,승용,여,45세,경상
2013050900100587,2013년 5월 9일 22시,목요일,경상북도 김천시 평화동,경상사고,0,0,1,0,차대사람 - 기타,안전운전불이행,습기,비,단일로 - 기타,승용,남,54세,상해없음,보행자,남,15세,경상
2013050900100588,2013년 5월 9일 22시,목요일,경상북도 상주시 신봉동,경상사고,0,0,1,0,차대차 - 측면직각충돌,안전운전불이행,건조,맑음,교차로 - 교차로안,자전거,남,17세,경상,승용,남,51세,상해없음
2013050900100589,2013년 5월 9일 22시,목요일,경상북도 경산시 계양동,경상사고,0,0,1,0,차대차 - 기타,안전운전불이행,건조,맑음,단일로 - 횡단보도상,기타불명,기타불명,기타불명,기타불명,자전거,남,15세,경상
2013050900100590,2013년 5월 9일 22시,목요일,경상북도 포항시 남구 상도동,중상사고,0,1,0,0,차대사람 - 기타,안전운전불이행,건조,맑음,단일로 - 기타,화물,남,55세,상해없음,보행자,남,29세,중상
2013050900100653,2013년 5월 9일 23시,목요일,경상북도 경주시 황성동,경상사고,0,0,1,0,차대차 - 추돌 - 주정차중,안전운전불이행,습기,비,교차로 - 교차로부근,화물,남,59세,상해없음,승용,남,57세,경상
2013050900100654,2013년 5월 9일 23시,목요일,경상북도 경주시 황오동,경상사고,0,0,1,0,차대차 - 기타,중앙선침범,습기,비,단일로 - 기타,승용,남,66세,상해없음,승용,남,56세,경상
2013050900100655,2013년 5월 9일 23시,목요일,경상북도 포항시 북구 장성동,중상사고,0,1,0,0,차대사람 - 횡단중,안전운전불이행,습기,비,교차로 - 교차로안,승용,남,60세,상해없음,보행자,여,51세,중상
2013050900100656,2013년 5월 9일 23시,목요일,경상북도 안동시 당북동,경상사고,0,0,1,0,차대차 - 기타,안전운전불이행,습기,비,기타 - 기타,승용,남,50세,상해없음,승용,남,60세,상해없음
2013050900100657,2013년 5월 9일 23시,목요일,경상북도 안동시 안흥동,부상신고사고,0,0,0,3,차대차 - 기타,안전운전불이행,습기,비,단일로 - 기타,승용,남,40세,상해없음,승용,남,28세,부상신고
2013050900100658,2013년 5월 9일 23시,목요일,경상북도 칠곡군 석적읍,부상신고사고,0,0,0,1,차대차 - 추돌 - 주정차중,안전운전불이행,습기,비,단일로 - 기타,승용,남,42세,부상신고,승용,남,35세,기타불명
2013050900100659,2013년 5월 9일 23시,목요일,경상북도 구미시 형곡동,중상사고,0,1,0,0,차대사람 - 횡단중,안전운전불이행,습기,비,교차로 - 교차로안,승용,남,25세,상해없음,보행자,남,40세,중상
2013050900100660,2013년 5월 9일 23시,목요일,경상북도 포항시 남구 해도동,경상사고,0,0,1,0,차대사람 - 기타,안전운전불이행,건조,맑음,교차로 - 교차로안,승용,남,33세,상해없음,보행자,여,52세,경상
2013050900100661,2013년 5월 9일 23시,목요일,경상북도 포항시 남구 대도동,중상사고,0,1,0,0,차대사람 - 기타,중앙선침범,습기,비,단일로 - 기타,승용,남,62세,상해없음,보행자,여,52세,중상
2013051000100030,2013년 5월 10일 00시,금요일,경상북도 포항시 북구 죽도동,경상사고,0,0,3,0,차대차 - 기타,차로위반,습기,비,교차로 - 교차로부근,화물,남,44세,상해없음,승용,남,55세,경상
2013051000100031,2013년 5월 10일 00시,금요일,경상북도 청송군 진보면,중상사고,0,1,0,0,차량단독 - 도로외이탈 - 기타,안전운전불이행,습기,비,단일로 - 기타,승용,남,52세,상해없음,,,,
2013051000100071,2013년 5월 10일 01시,금요일,경상북도 경주시 성건동,경상사고,0,0,1,0,차대차 - 기타,중앙선침범,습기,비,단일로 - 기타,승용,남,29세,상해없음,승용,남,60세,경상
2013051000100118,2013년 5월 10일 03시,금요일,경상북도 칠곡군 동명면,경상사고,0,0,1,0,차량단독 - 공작물충돌,안전운전불이행,습기,비,단일로 - 기타,승용,여,53세,경상,,,,
2013051000100142,2013년 5월 10일 04시,금요일,경상북도 경주시 천북면,중상사고,0,1,0,0,차량단독 - 공작물충돌,안전운전불이행,습기,비,교차로 - 교차로부근,승용,남,37세,중상,,,,
2013051000100143,2013년 5월 10일 04시,금요일,경상북도 구미시 송정동,중상사고,0,1,0,0,차대사람 - 기타,안전운전불이행,습기,비,단일로 - 기타,승용,남,39세,상해없음,보행자,남,44세,중상
2013051000100160,2013년 5월 10일 05시,금요일,경상북도 경주시 외동읍,중상사고,0,1,0,0,차대차 - 기타,신호위반,습기,비,교차로 - 교차로안,화물,남,50세,상해없음,승용,여,40세,중상
2013051000100161,2013년 5월 10일 05시,금요일,경상북도 경주시 동천동,경상사고,0,0,1,0,차대사람 - 기타,신호위반,습기,비,단일로 - 횡단보도상,원동기,남,73세,상해없음,보행자,남,46세,경상
2013051000100162,2013년 5월 10일 05시,금요일,경상북도 구미시 공단동,중상사고,0,2,0,0,차대차 - 기타,안전운전불이행,습기,비,단일로 - 기타,승용,남,28세,중상,건설기계,남,33세,중상
2013051000100173,2013년 5월 10일 06시,금요일,경상북도 경주시 동천동,중상사고,0,1,1,0,차대차 - 측면직각충돌,신호위반,습기,비,교차로 - 교차로안,화물,남,46세,상해없음,승용,남,33세,경상
2013051000100189,2013년 5월 10일 07시,금요일,경상북도 안동시 옥동,중상사고,0,1,0,0,차대차 - 정면충돌,안전운전불이행,습기,비,교차로 - 교차로안,승용,남,40세,상해없음,화물,남,50세,중상
2013051000100190,2013년 5월 10일 07시,금요일,경상북도 구미시 옥계동,중상사고,0,1,2,0,차대차 - 추돌 - 주정차중,안전운전불이행,습기,비,교차로 - 교차로부근,화물,남,53세,경상,승용,남,36세,경상
2013051000100232,2013년 5월 10일 08시,금요일,경상북도 경산시 점촌동,경상사고,0,0,1,0,차대차 - 기타,안전운전불이행,건조,맑음,단일로 - 기타,기타불명,기타불명,기타불명,기타불명,승용,남,30세,경상
2013051000100233,2013년 5월 10일 08시,금요일,경상북도 예천군 지보면,중상사고,0,2,0,0,차대차 - 추돌 - 진행중,안전운전불이행,습기,비,단일로 - 기타,화물,남,71세,중상,승합,남,61세,상해없음
2013051000100234,2013년 5월 10일 08시,금요일,경상북도 구미시 임수동,경상사고,0,0,1,0,차대차 - 기타,신호위반,습기,비,교차로 - 교차로안,승용,여,33세,상해없음,승용,여,31세,경상
2013051000100280,2013년 5월 10일 09시,금요일,경상북도 경주시 성건동,중상사고,0,1,0,0,차대사람 - 횡단중,신호위반,습기,비,교차로 - 교차로안,원동기,남,73세,상해없음,보행자,여,51세,중상
2013051000100281,2013년 5월 10일 09시,금요일,경상북도 경주시 안강읍,경상사고,0,0,2,0,차대차 - 측면직각충돌,중앙선침범,습기,비,단일로 - 기타,승합,남,61세,상해없음,화물,남,59세,경상
2013051000100282,2013년 5월 10일 09시,금요일,경상북도 안동시 풍산읍,경상사고,0,0,1,0,차대차 - 추돌 - 주정차중,안전운전불이행,습기,비,교차로 - 교차로안,승용,남,65세,상해없음,승용,여,32세,경상
2013051000100321,2013년 5월 10일 10시,금요일,경상북도 경주시 서악동,경상사고,0,0,3,0,차대차 - 측면직각충돌,안전운전불이행,습기,흐림,교차로 - 교차로안,승용,남,59세,상해없음,승용,여,61세,경상
2013051000100337,2013년 5월 10일 11시,금요일,경상북도 김천시 양천동,경상사고,0,0,1,0,차대차 - 측면직각충돌,안전운전불이행,기타,기타,교차로 - 교차로부근,승용,여,74세,상해없음,승용,남,60세,경상
2013051000100338,2013년 5월 10일 11시,금요일,경상북도 칠곡군 석적읍,경상사고,0,0,2,0,차대차 - 추돌 - 진행중,안전운전불이행,건조,흐림,교차로 - 교차로안,승용,남,31세,상해없음,승용,여,29세,경상
2013051000100339,2013년 5월 10일 11시,금요일,경상북도 영천시 자양면,경상사고,0,0,1,0,차대차 - 정면충돌,중앙선침범,건조,맑음,단일로 - 기타,화물,남,45세,상해없음,승용,남,32세,경상
2013051000100340,2013년 5월 10일 11시,금요일,경상북도 문경시 산양면,경상사고,0,0,1,0,차대차 - 추돌 - 주정차중,안전거리미확보,습기,비,교차로 - 교차로부근,승용,남,57세,상해없음,승용,남,41세,경상
2013051000100354,2013년 5월 10일 12시,금요일,경상북도 경주시 내남면,경상사고,0,0,4,0,차대차 - 기타,안전운전불이행,건조,맑음,교차로 - 교차로부근,승용,남,34세,상해없음,승용,여,38세,경상
2013051000100355,2013년 5월 10일 12시,금요일,경상북도 문경시 산양면,경상사고,0,0,1,0,차대차 - 추돌 - 주정차중,안전거리미확보,습기,비,교차로 - 교차로안,승용,남,54세,상해없음,승합,남,66세,상해없음
2013051000100356,2013년 5월 10일 12시,금요일,경상북도 포항시 남구 오천읍,경상사고,0,0,1,0,차대차 - 측면직각충돌,안전운전불이행,건조,맑음,교차로 - 교차로안,승합,남,57세,상해없음,승용,여,53세,경상
2013051000100383,2013년 5월 10일 13시,금요일,경상북도 문경시 모전동,경상사고,0,0,1,0,차대차 - 측면직각충돌,신호위반,습기,흐림,교차로 - 교차로안,승용,남,26세,상해없음,승용,남,50세,경상
2013051000100402,2013년 5월 10일 14시,금요일,경상북도 성주군 성주읍,중상사고,0,1,1,0,차대차 - 측면직각충돌,안전운전불이행,건조,맑음,교차로 - 교차로안,화물,남,42세,경상,승합,남,66세,중상
2013051000100403,2013년 5월 10일 14시,금요일,경상북도 구미시 황상동,경상사고,0,0,2,0,차대차 - 추돌 - 진행중,안전운전불이행,건조,맑음,교차로 - 교차로안,승용,남,28세,상해없음,승용,여,27세,경상
2013051000100427,2013년 5월 10일 15시,금요일,경상북도 포항시 남구 장기면,중상사고,0,1,1,0,차대차 - 측면직각충돌,중앙선침범,건조,맑음,단일로 - 기타,승용,여,52세,기타불명,화물,남,51세,경상
2013051000100465,2013년 5월 10일 16시,금요일,경상북도 김천시 평화동,경상사고,0,0,1,0,차대사람 - 기타,안전운전불이행,건조,맑음,단일로 - 기타,승용,남,31세,상해없음,보행자,남,30세,경상
2013051000100466,2013년 5월 10일 16시,금요일,경상북도 칠곡군 북삼읍,경상사고,0,0,1,0,차대차 - 기타,신호위반,건조,맑음,교차로 - 교차로안,화물,남,46세,상해없음,승용,여,41세,경상
2013051000100467,2013년 5월 10일 16시,금요일,경상북도 구미시 인의동,경상사고,0,0,1,0,차대차 - 측면직각충돌,중앙선침범,건조,맑음,교차로 - 교차로부근,이륜,남,48세,상해없음,이륜,남,23세,경상
2013051000100468,2013년 5월 10일 16시,금요일,경상북도 포항시 남구 오천읍,경상사고,0,0,1,0,차대차 - 측면직각충돌,교차로운행방법위반,건조,맑음,교차로 - 교차로안,승용,남,45세,상해없음,화물,남,70세,경상
2013051000100502,2013년 5월 10일 17시,금요일,경상북도 포항시 북구 용흥동,경상사고,0,0,3,0,차대차 - 추돌 - 주정차중,안전운전불이행,건조,맑음,교차로 - 교차로부근,승용,여,47세,상해없음,승용,남,30세,경상
2013051000100503,2013년 5월 10일 17시,금요일,경상북도 김천시 신음동,경상사고,0,0,1,0,차대사람 - 기타,안전운전불이행,건조,맑음,단일로 - 기타,승용,남,45세,상해없음,보행자,남,34세,경상
2013051000100533,2013년 5월 10일 18시,금요일,경상북도 경주시 동천동,중상사고,0,1,0,0,차대차 - 기타,안전운전불이행,건조,맑음,교차로 - 교차로안,승용,남,60세,상해없음,자전거,남,14세,중상
2013051000100534,2013년 5월 10일 18시,금요일,경상북도 포항시 북구 득량동,중상사고,0,1,0,0,차대차 - 기타,차로위반,건조,맑음,단일로 - 기타,승용,남,48세,상해없음,원동기,남,28세,중상
2013051000100535,2013년 5월 10일 18시,금요일,경상북도 구미시 신평동,경상사고,0,0,1,0,차대차 - 측면직각충돌,안전운전불이행,건조,맑음,단일로 - 기타,이륜,남,16세,상해없음,승용,남,27세,상해없음
2013051000100536,2013년 5월 10일 18시,금요일,경상북도 포항시 남구 동촌동,경상사고,0,0,2,0,차량단독 - 공작물충돌,기타,건조,맑음,교차로 - 교차로부근,화물,남,31세,경상,,,,
2013051000100537,2013년 5월 10일 18시,금요일,경상북도 포항시 남구 해도동,경상사고,0,0,1,0,차대차 - 측면직각충돌,안전운전불이행,건조,맑음,단일로 - 기타,승용,여,53세,상해없음,승용,남,57세,경상
2013051000100572,2013년 5월 10일 19시,금요일,경상북도 구미시 형곡동,경상사고,0,0,1,0,차대차 - 기타,기타,건조,맑음,교차로 - 교차로부근,승용,남,57세,상해없음,이륜,남,16세,경상
2013051000100616,2013년 5월 10일 20시,금요일,경상북도 경산시 압량면,중상사고,0,1,0,0,차대차 - 기타,교차로운행방법위반,건조,맑음,교차로 - 교차로안,승용,남,25세,상해없음,승용,여,54세,중상
2013051000100617,2013년 5월 10일 20시,금요일,경상북도 예천군 예천읍,중상사고,0,3,0,0,차대차 - 기타,신호위반,건조,맑음,교차로 - 교차로안,승용,여,42세,상해없음,승용,남,53세,중상
2013051000100618,2013년 5월 10일 20시,금요일,경상북도 포항시 남구 해도동,중상사고,0,1,0,0,차대사람 - 기타,보행자보호의무위반,건조,맑음,단일로 - 횡단보도상,승용,남,51세,상해없음,보행자,여,34세,중상
2013051000100645,2013년 5월 10일 21시,금요일,경상북도 경주시 양북면,중상사고,0,1,0,0,차대차 - 기타,중앙선침범,건조,맑음,단일로 - 기타,승용,남,57세,상해없음,승용,여,53세,중상
2013051000100646,2013년 5월 10일 21시,금요일,경상북도 포항시 북구 죽도동,경상사고,0,0,1,0,차대사람 - 횡단중,안전운전불이행,건조,맑음,단일로 - 기타,승용,남,46세,상해없음,보행자,남,30세,경상
2013051000100647,2013년 5월 10일 21시,금요일,경상북도 구미시 임수동,경상사고,0,0,1,0,차대차 - 측면직각충돌,안전거리미확보,건조,맑음,단일로 - 기타,이륜,남,19세,경상,승용,남,27세,상해없음
2013051000100648,2013년 5월 10일 21시,금요일,경상북도 구미시 도량동,중상사고,0,1,0,0,차대차 - 추돌 - 진행중,안전운전불이행,건조,맑음,단일로 - 기타,승용,남,54세,상해없음,승용,여,33세,중상
2013051000100649,2013년 5월 10일 21시,금요일,경상북도 포항시 남구 호동,경상사고,0,0,1,0,차대차 - 추돌 - 주정차중,안전운전불이행,건조,맑음,단일로 - 기타,승용,남,45세,상해없음,승용,남,45세,경상
2013051100100051,2013년 5월 11일 01시,토요일,경상북도 칠곡군 약목면,사망사고,1,1,0,0,차대차 - 추돌 - 진행중,안전운전불이행,건조,맑음,단일로 - 기타,화물,남,56세,중상,자전거,남,26세,사망
2013051100100075,2013년 5월 11일 02시,토요일,경상북도 칠곡군 약목면,중상사고,0,2,1,0,차대사람 - 보도통행중,기타,건조,맑음,단일로 - 교량,화물,남,55세,중상,보행자,남,18세,중상
2013051100100076,2013년 5월 11일 02시,토요일,경상북도 포항시 남구 오천읍,경상사고,0,0,2,0,차대차 - 측면직각충돌,안전운전불이행,건조,맑음,교차로 - 교차로안,승용,남,52세,기타불명,승용,여,53세,상해없음
2013051100100093,2013년 5월 11일 03시,토요일,경상북도 상주시 복룡동,중상사고,0,2,1,0,차대차 - 추돌 - 진행중,중앙선침범,건조,맑음,단일로 - 기타,승용,남,19세,상해없음,승용,남,68세,중상
2013051100100121,2013년 5월 11일 04시,토요일,경상북도 구미시 원평동,중상사고,0,2,1,0,차대차 - 추돌 - 진행중,안전운전불이행,건조,맑음,단일로 - 기타,승용,여,29세,상해없음,승용,남,55세,경상
2013051100100142,2013년 5월 11일 05시,토요일,경상북도 경주시 외동읍,경상사고,0,0,1,0,차대차 - 기타,중앙선침범,건조,맑음,교차로 - 교차로안,승용,남,44세,상해없음,승용,여,43세,경상
2013051100100143,2013년 5월 11일 05시,토요일,경상북도 포항시 북구 항구동,경상사고,0,0,1,0,차대차 - 추돌 - 주정차중,안전운전불이행,건조,맑음,교차로 - 교차로부근,승용,남,61세,상해없음,승용,남,60세,경상
2013051100100176,2013년 5월 11일 07시,토요일,경상북도 구미시 신평동,중상사고,0,1,0,0,차대차 - 기타,신호위반,건조,맑음,교차로 - 교차로안,화물,남,37세,상해없음,승용,남,55세,중상
2013051100100177,2013년 5월 11일 07시,토요일,경상북도 구미시 시미동,경상사고,0,0,3,0,차대차 - 기타,안전거리미확보,건조,맑음,교차로 - 교차로부근,화물,남,27세,상해없음,승용,여,62세,경상
2013051100100199,2013년 5월 11일 08시,토요일,경상북도 칠곡군 약목면,경상사고,0,0,2,0,차대차 - 추돌 - 진행중,안전운전불이행,건조,맑음,단일로 - 기타,승용,남,58세,상해없음,승용,여,55세,경상
2013051100100200,2013년 5월 11일 08시,토요일,경상북도 청도군 운문면,경상사고,0,0,1,0,차대차 - 정면충돌,중앙선침범,건조,맑음,단일로 - 기타,화물,남,55세,상해없음,승용,남,50세,경상
2013051100100201,2013년 5월 11일 08시,토요일,경상북도 청송군 현서면,부상신고사고,0,0,0,1,차대차 - 측면직각충돌,기타,건조,맑음,교차로 - 교차로안,농기계,남,81세,부상신고,화물,남,48세,상해없음
2013051100100227,2013년 5월 11일 09시,토요일,경상북도 칠곡군 왜관읍,부상신고사고,0,0,0,1,차대차 - 추돌 - 주정차중,안전운전불이행,건조,맑음,단일로 - 기타,승용,남,33세,부상신고,승용,남,49세,기타불명
2013051100100250,2013년 5월 11일 10시,토요일,경상북도 경주시 양남면,중상사고,0,1,1,0,차량단독 - 공작물충돌,안전운전불이행,건조,맑음,단일로 - 기타,승용,남,19세,상해없음,,,,
2013051100100251,2013년 5월 11일 10시,토요일,경상북도 경주시 율동,중상사고,0,1,2,0,차대차 - 기타,안전운전불이행,건조,맑음,교차로 - 교차로안,승용,남,47세,상해없음,승용,남,70세,경상
2013051100100286,2013년 5월 11일 11시,토요일,경상북도 포항시 북구 용흥동,중상사고,0,1,0,0,차대차 - 측면직각충돌,안전거리미확보,건조,맑음,단일로 - 기타,승용,남,23세,상해없음,원동기,남,21세,중상
2013051100100287,2013년 5월 11일 11시,토요일,경상북도 김천시 대항면,경상사고,0,0,2,0,차대차 - 측면직각충돌,교차로운행방법위반,건조,맑음,교차로 - 교차로안,승용,남,47세,상해없음,승용,남,52세,상해없음
2013051100100288,2013년 5월 11일 11시,토요일,경상북도 포항시 남구 연일읍,경상사고,0,0,1,0,차대사람 - 기타,안전운전불이행,건조,맑음,단일로 - 기타,승용,여,28세,상해없음,보행자,여,45세,경상
2013051100100328,2013년 5월 11일 12시,토요일,경상북도 청송군 파천면,중상사고,0,1,0,0,차대차 - 추돌 - 주정차중,안전거리미확보,건조,맑음,단일로 - 기타,승용,남,28세,상해없음,승용,여,26세,중상
2013051100100361,2013년 5월 11일 13시,토요일,경상북도 영양군 일월면,경상사고,0,0,1,0,차대차 - 기타,중앙선침범,건조,맑음,단일로 - 기타,승용,여,48세,상해없음,승합,남,56세,상해없음
2013051100100362,2013년 5월 11일 13시,토요일,경상북도 구미시 도량동,중상사고,0,1,2,0,차대차 - 기타,신호위반,건조,맑음,교차로 - 교차로안,이륜,남,16세,경상,이륜,남,76세,경상
2013051100100363,2013년 5월 11일 13시,토요일,경상북도 포항시 남구 해도동,경상사고,0,0,2,0,차대차 - 추돌 - 주정차중,안전운전불이행,건조,맑음,교차로 - 교차로부근,승용,여,40세,상해없음,승용,남,63세,경상
2013051100100404,2013년 5월 11일 14시,토요일,경상북도 문경시 우지동,경상사고,0,0,1,0,차대차 - 측면직각충돌,안전운전불이행,건조,맑음,교차로 - 교차로안,이륜,남,69세,경상,승합,남,69세,상해없음
2013051100100459,2013년 5월 11일 16시,토요일,경상북도 경주시 성동동,경상사고,0,0,1,0,차대차 - 측면직각충돌,중앙선침범,건조,맑음,단일로 - 기타,승용,남,55세,상해없음,승용,남,54세,경상
2013051100100460,2013년 5월 11일 16시,토요일,경상북도 포항시 남구 구룡포읍,경상사고,0,0,1,0,차대차 - 기타,안전운전불이행,건조,맑음,교차로 - 교차로부근,승용,여,62세,상해없음,자전거,남,70세,경상
2013051100100503,2013년 5월 11일 17시,토요일,경상북도 포항시 북구 양덕동,중상사고,0,1,1,0,차대차 - 기타,신호위반,건조,맑음,교차로 - 교차로안,자전거,남,42세,중상,원동기,남,16세,경상
2013051100100504,2013년 5월 11일 17시,토요일,경상북도 김천시 신음동,경상사고,0,0,3,0,차대차 - 측면직각충돌,안전운전불이행,건조,맑음,단일로 - 기타,승용,여,34세,상해없음,화물,남,58세,경상
2013051100100505,2013년 5월 11일 17시,토요일,경상북도 의성군 안계면,중상사고,0,1,3,0,차대차 - 측면직각충돌,직진우회전진행방해,건조,맑음,교차로 - 교차로안,화물,남,70세,상해없음,화물,남,49세,경상
2013051100100506,2013년 5월 11일 17시,토요일,경상북도 문경시 문경읍,중상사고,0,1,0,0,차대차 - 추돌 - 진행중,안전운전불이행,건조,맑음,교차로 - 교차로안,승용,여,53세,상해없음,자전거,남,82세,중상
2013051100100507,2013년 5월 11일 17시,토요일,경상북도 울진군 북면,중상사고,0,1,0,0,차대차 - 추돌 - 주정차중,안전운전불이행,건조,맑음,단일로 - 기타,승용,여,34세,중상,건설기계,남,44세,상해없음
2013051100100508,2013년 5월 11일 17시,토요일,경상북도 고령군 쌍림면,중상사고,0,2,3,1,차대차 - 정면충돌,중앙선침범,건조,맑음,단일로 - 기타,승용,남,35세,경상,승용,남,53세,중상
2013051100100509,2013년 5월 11일 17시,토요일,경상북도 포항시 남구 대도동,경상사고,0,0,1,0,차대사람 - 기타,안전운전불이행,건조,맑음,단일로 - 기타,승용,남,45세,상해없음,보행자,남,31세,경상
2013051100100548,2013년 5월 11일 18시,토요일,경상북도 문경시 문경읍,경상사고,0,0,1,0,차량단독 - 기타,안전운전불이행,건조,맑음,단일로 - 기타,이륜,남,67세,경상,,,,