사고번호,사고일시,요일,시군구,사고내용,사망자수,중상자수,경상자수,부상신고자수,사고유형,법규위반,노면상태,기상상태,도로형태,가해운전자 차종,가해운전자 성별,가해운전자 연령,가해운전자 상해정도,피해운전자 차종,피해운전자 성별,피해운전자 연령,피해운전자 상해정도
2013051400100519,2013년 5월 14일 19시,화요일,경상북도 경산시 진량읍,중상사고,0,1,0,0,차대사람 - 기타,안전운전불이행,건조,맑음,교차로 - 교차로부근,승용,남,61세,상해없음,보행자,여,59세,중상
2013051400100520,2013년 5월 14일 19시,화요일,경상북도 구미시 인의동,경상사고,0,0,1,0,차대차 - 측면직각충돌,교차로운행방법위반,건조,맑음,교차로 - 교차로안,승용,남,46세,상해없음,자전거,남,11세,경상
2013051400100521,2013년 5월 14일 19시,화요일,경상북도 포항시 남구 장흥동,경상사고,0,0,1,0,차대차 - 추돌 - 주정차중,안전운전불이행,건조,맑음,단일로 - 기타,승용,남,34세,경상,승용,남,29세,기타불명
2013051400100522,2013년 5월 14일 19시,화요일,경상북도 칠곡군 지천면,중상사고,0,3,0,0,차대차 - 측면직각충돌,안전운전불이행,건조,맑음,단일로 - 기타,화물,기타불명,기타불명,기타불명,승용,남,24세,상해없음
2013051400100555,2013년 5월 14일 20시,화요일,경상북도 경주시 용강동,중상사고,0,2,0,0,차대차 - 기타,안전운전불이행,건조,맑음,기타 - 기타,원동기,남,60세,중상,승용,여,48세,중상
2013051400100556,2013년 5월 14일 20시,화요일,경상북도 안동시 정상동,중상사고,0,1,0,0,차대차 - 측면직각충돌,신호위반,건조,맑음,교차로 - 교차로안,승용,여,53세,상해없음,승용,남,35세,중상
2013051400100557,2013년 5월 14일 20시,화요일,경상북도 경산시 옥산동,경상사고,0,0,1,0,차대차 - 기타,교차로운행방법위반,건조,맑음,교차로 - 교차로안,승합,남,35세,상해없음,승용,남,58세,경상
2013051400100558,2013년 5월 14일 20시,화요일,경상북도 청도군 청도읍,중상사고,0,1,0,0,차대사람 - 길가장자리구역통행중,안전운전불이행,건조,맑음,단일로 - 기타,원동기,남,70세,상해없음,보행자,여,83세,중상
2013051400100590,2013년 5월 14일 21시,화요일,경상북도 영주시 영주동,중상사고,0,1,0,0,차대사람 - 횡단중,보행자보호의무위반,건조,맑음,교차로 - 교차로부근,승용,남,30세,상해없음,보행자,여,68세,중상
2013051400100621,2013년 5월 14일 22시,화요일,경상북도 칠곡군 석적읍,중상사고,0,1,0,0,차대차 - 정면충돌,안전운전불이행,건조,맑음,단일로 - 기타,승용,남,45세,상해없음,자전거,남,21세,중상
2013051400100657,2013년 5월 14일 23시,화요일,경상북도 경주시 성건동,부상신고사고,0,0,0,1,차대사람 - 기타,안전운전불이행,건조,맑음,단일로 - 기타,기타불명,기타불명,기타불명,기타불명,보행자,남,30세,부상신고
2013051500100011,2013년 5월 15일 00시,수요일,경상북도 문경시 모전동,중상사고,0,1,0,0,차대차 - 측면직각충돌,안전운전불이행,건조,맑음,단일로 - 기타,승용,남,36세,중상,화물,남,43세,기타불명
2013051500100060,2013년 5월 15일 04시,수요일,경상북도 영주시 가흥동,중상사고,0,1,0,0,차량단독 - 공작물충돌,안전운전불이행,건조,맑음,단일로 - 기타,화물,여,48세,중상,,,,
2013051500100070,2013년 5월 15일 05시,수요일,경상북도 고령군 다산면,경상사고,0,0,1,0,차대차 - 추돌 - 주정차중,안전운전불이행,건조,맑음,단일로 - 기타,승용,남,42세,경상,화물,남,96세,기타불명
2013051500100081,2013년 5월 15일 06시,수요일,경상북도 김천시 개령면,중상사고,0,1,0,0,차대차 - 측면직각충돌,교차로운행방법위반,건조,맑음,교차로 - 교차로안,이륜,여,64세,중상,승용,남,51세,상해없음
2013051500100082,2013년 5월 15일 06시,수요일,경상북도 경산시 백천동,중상사고,0,1,1,0,차대차 - 기타,안전운전불이행,건조,맑음,단일로 - 기타,승용,남,38세,상해없음,화물,남,38세,경상
2013051500100102,2013년 5월 15일 07시,수요일,경상북도 구미시 남통동,중상사고,0,1,1,0,차대차 - 측면직각충돌,안전운전불이행,건조,맑음,교차로 - 교차로부근,화물,남,61세,기타불명,승용,여,45세,경상
2013051500100132,2013년 5월 15일 08시,수요일,경상북도 영주시 가흥동,중상사고,0,2,0,0,차대차 - 추돌 - 진행중,안전운전불이행,건조,맑음,단일로 - 기타,승용,여,27세,중상,화물,남,46세,중상
2013051500100133,2013년 5월 15일 08시,수요일,경상북도 성주군 초전면,경상사고,0,0,2,0,차대차 - 측면직각충돌,교차로운행방법위반,건조,맑음,교차로 - 교차로안,승용,남,26세,상해없음,원동기,여,34세,경상
2013051500100134,2013년 5월 15일 08시,수요일,경상북도 구미시 오태동,경상사고,0,0,3,0,차대차 - 측면직각충돌,교차로운행방법위반,건조,맑음,교차로 - 교차로안,승용,여,38세,경상,승용,여,37세,경상
2013051500100166,2013년 5월 15일 09시,수요일,경상북도 문경시 영신동,중상사고,0,1,0,0,차대차 - 측면직각충돌,안전운전불이행,건조,맑음,교차로 - 교차로안,승용,남,60세,상해없음,자전거,여,70세,중상
2013051500100167,2013년 5월 15일 09시,수요일,경상북도 경산시 서상동,경상사고,0,0,1,0,차대차 - 기타,안전운전불이행,건조,맑음,단일로 - 기타,승용,남,56세,상해없음,자전거,남,49세,경상
2013051500100168,2013년 5월 15일 09시,수요일,경상북도 경산시 진량읍,중상사고,0,1,6,0,차대차 - 기타,안전운전불이행,건조,맑음,단일로 - 기타,승용,남,24세,상해없음,승용,여,51세,경상
2013051500100220,2013년 5월 15일 11시,수요일,경상북도 김천시 지좌동,중상사고,0,1,0,0,차대차 - 측면직각충돌,안전운전불이행,건조,맑음,교차로 - 교차로안,승합,남,46세,상해없음,이륜,남,85세,중상
2013051500100221,2013년 5월 15일 11시,수요일,경상북도 영천시 청통면,경상사고,0,0,1,0,차대차 - 추돌 - 진행중,안전운전불이행,건조,맑음,단일로 - 기타,승용,남,57세,상해없음,화물,남,58세,경상
2013051500100222,2013년 5월 15일 11시,수요일,경상북도 청도군 청도읍,경상사고,0,0,1,0,차대차 - 측면직각충돌,안전운전불이행,건조,맑음,단일로 - 기타,농기계,남,75세,상해없음,승용,여,24세,경상
2013051500100223,2013년 5월 15일 11시,수요일,경상북도 구미시 인의동,경상사고,0,0,2,0,차대차 - 측면직각충돌,안전운전불이행,건조,맑음,단일로 - 기타,승용,남,30세,상해없음,승용,여,37세,상해없음
2013051500100246,2013년 5월 15일 12시,수요일,경상북도 경주시 성건동,경상사고,0,0,1,0,차대차 - 기타,안전운전불이행,건조,맑음,교차로 - 교차로안,승용,남,63세,상해없음,화물,남,28세,경상
2013051500100247,2013년 5월 15일 12시,수요일,경상북도 안동시 명륜동,중상사고,0,1,1,0,차대사람 - 길가장자리구역통행중,안전운전불이행,건조,맑음,기타 - 기타,화물,남,66세,상해없음,보행자,여,66세,중상
2013051500100275,2013년 5월 15일 13시,수요일,경상북도 경주시 신평동,중상사고,0,1,0,0,차량단독 - 기타,안전운전불이행,건조,맑음,단일로 - 기타,이륜,여,31세,중상,,,,
2013051500100276,2013년 5월 15일 13시,수요일,경상북도 포항시 북구 용흥동,경상사고,0,0,1,0,차대사람 - 기타,보행자보호의무위반,건조,맑음,교차로 - 교차로안,승용,남,50세,상해없음,보행자,남,69세,경상
2013051500100277,2013년 5월 15일 13시,수요일,경상북도 경산시 진량읍,경상사고,0,0,1,0,차대차 - 기타,교차로운행방법위반,건조,맑음,교차로 - 교차로안,화물,남,50세,상해없음,이륜,남,48세,경상
2013051500100304,2013년 5월 15일 14시,수요일,경상북도 상주시 모서면,경상사고,0,0,1,0,차대차 - 기타,중앙선침범,건조,맑음,단일로 - 기타,승용,여,47세,상해없음,승용,남,32세,경상
2013051500100399,2013년 5월 15일 16시,수요일,경상북도 경주시 양북면,중상사고,0,2,0,0,차대차 - 기타,중앙선침범,건조,맑음,단일로 - 기타,승합,남,46세,상해없음,승용,남,38세,중상
2013051500100400,2013년 5월 15일 16시,수요일,경상북도 김천시 대항면,경상사고,0,0,1,0,차대차 - 측면직각충돌,안전운전불이행,건조,맑음,교차로 - 교차로안,승용,남,21세,상해없음,승용,여,52세,경상
2013051500100401,2013년 5월 15일 16시,수요일,경상북도 영천시 문외동,중상사고,0,1,1,0,차대사람 - 기타,안전운전불이행,건조,맑음,기타 - 기타,승용,여,44세,상해없음,보행자,여,14세,경상
2013051500100439,2013년 5월 15일 17시,수요일,경상북도 경주시 동천동,중상사고,0,1,0,0,차대차 - 측면직각충돌,안전운전불이행,건조,맑음,교차로 - 교차로안,승용,여,51세,상해없음,승용,여,63세,중상
2013051500100484,2013년 5월 15일 18시,수요일,경상북도 경산시 사동,중상사고,0,1,0,0,차대차 - 기타,안전운전불이행,건조,맑음,교차로 - 교차로안,승용,남,25세,상해없음,승용,여,55세,중상
2013051500100485,2013년 5월 15일 18시,수요일,경상북도 포항시 남구 이동,중상사고,0,1,1,0,차대차 - 측면직각충돌,직진우회전진행방해,건조,맑음,교차로 - 교차로안,승용,여,27세,경상,승용,남,33세,중상
2013051500100486,2013년 5월 15일 18시,수요일,경상북도 포항시 남구 해도동,경상사고,0,0,1,0,차대차 - 측면직각충돌,안전운전불이행,건조,흐림,단일로 - 기타,승용,남,21세,상해없음,자전거,남,39세,경상
2013051500100527,2013년 5월 15일 19시,수요일,경상북도 김천시 평화동,경상사고,0,0,1,0,차대사람 - 기타,안전운전불이행,건조,맑음,단일로 - 기타,승용,여,53세,상해없음,보행자,여,58세,경상
2013051500100560,2013년 5월 15일 20시,수요일,경상북도 경주시 충효동,경상사고,0,0,2,0,차대차 - 추돌 - 주정차중,안전운전불이행,건조,맑음,단일로 - 기타,승용,남,33세,상해없음,승용,남,40세,경상
2013051500100561,2013년 5월 15일 20시,수요일,경상북도 안동시 송천동,사망사고,1,0,0,0,차대사람 - 기타,안전운전불이행,건조,맑음,단일로 - 기타,승용,남,46세,상해없음,보행자,남,46세,사망
2013051500100562,2013년 5월 15일 20시,수요일,경상북도 영천시 금노동,경상사고,0,0,1,0,차대차 - 측면직각충돌,신호위반,건조,맑음,교차로 - 교차로안,승용,여,63세,상해없음,승용,남,35세,경상
2013051500100563,2013년 5월 15일 20시,수요일,경상북도 경산시 하양읍,경상사고,0,0,3,0,차대차 - 기타,안전운전불이행,건조,맑음,교차로 - 교차로안,승용,남,52세,경상,승용,여,44세,경상
2013051500100564,2013년 5월 15일 20시,수요일,경상북도 봉화군 봉화읍,경상사고,0,0,2,0,차대차 - 측면직각충돌,신호위반,건조,맑음,교차로 - 교차로안,승용,남,56세,상해없음,화물,남,64세,경상
2013051500100565,2013년 5월 15일 20시,수요일,경상북도 구미시 옥계동,중상사고,0,2,0,0,차대차 - 정면충돌,중앙선침범,건조,맑음,단일로 - 기타,승용,남,55세,상해없음,승용,남,23세,상해없음
2013051500100566,2013년 5월 15일 20시,수요일,경상북도 포항시 남구 대잠동,중상사고,0,1,0,0,차대차 - 측면직각충돌,교차로운행방법위반,건조,맑음,교차로 - 교차로안,원동기,남,22세,중상,승용,남,53세,상해없음
2013051500100601,2013년 5월 15일 21시,수요일,경상북도 고령군 개진면,중상사고,0,1,0,0,차량단독 - 공작물충돌,안전운전불이행,건조,맑음,단일로 - 교량,승용,여,56세,상해없음,,,,
2013051500100602,2013년 5월 15일 21시,수요일,경상북도 포항시 남구 송내동,중상사고,0,1,0,0,차대차 - 측면직각충돌,안전운전불이행,건조,맑음,단일로 - 기타,승용,남,42세,상해없음,원동기,남,35세,중상
2013051500100630,2013년 5월 15일 22시,수요일,경상북도 경주시 신평동,경상사고,0,0,2,0,차대차 - 기타,안전운전불이행,건조,맑음,교차로 - 교차로안,승용,여,43세,경상,승용,남,31세,경상
2013051500100631,2013년 5월 15일 22시,수요일,경상북도 영천시 창구동,중상사고,0,1,0,0,차대사람 - 차도통행중,안전운전불이행,건조,맑음,단일로 - 기타,승용,남,33세,상해없음,보행자,남,71세,중상
2013051500100667,2013년 5월 15일 23시,수요일,경상북도 구미시 옥계동,경상사고,0,0,1,0,차대차 - 측면직각충돌,중앙선침범,건조,맑음,단일로 - 기타,승용,여,31세,상해없음,화물,남,35세,경상
2013051600100021,2013년 5월 16일 00시,목요일,경상북도 안동시 옥동,경상사고,0,0,3,0,차대차 - 기타,안전운전불이행,습기,흐림,단일로 - 기타,승용,남,61세,상해없음,승용,남,32세,경상
2013051600100031,2013년 5월 16일 01시,목요일,경상북도 경주시 황성동,부상신고사고,0,0,0,1,차대차 - 기타,안전운전불이행,습기,비,단일로 - 기타,이륜,남,53세,부상신고,화물,남,43세,상해없음
2013051600100032,2013년 5월 16일 01시,목요일,경상북도 칠곡군 왜관읍,부상신고사고,0,0,0,1,차대차 - 측면직각충돌,안전거리미확보,건조,맑음,단일로 - 기타,승용,남,34세,부상신고,승용,남,51세,상해없음
2013051600100052,2013년 5월 16일 02시,목요일,경상북도 경주시 용강동,경상사고,0,0,2,0,차대차 - 기타,안전운전불이행,건조,맑음,단일로 - 기타,승용,남,46세,상해없음,승용,여,35세,경상
2013051600100053,2013년 5월 16일 02시,목요일,경상북도 칠곡군 석적읍,경상사고,0,0,1,0,차대차 - 측면직각충돌,교차로운행방법위반,건조,맑음,교차로 - 교차로안,승용,남,33세,상해없음,화물,남,46세,경상
2013051600100091,2013년 5월 16일 05시,목요일,경상북도 영주시 봉현면,중상사고,0,1,0,0,차대차 - 측면직각충돌,직진우회전진행방해,건조,맑음,교차로 - 교차로안,화물,남,61세,상해없음,승용,남,86세,상해없음
2013051600100166,2013년 5월 16일 08시,목요일,경상북도 김천시 구성면,중상사고,0,1,0,0,차대사람 - 기타,안전운전불이행,건조,맑음,단일로 - 기타,기타불명,기타불명,기타불명,기타불명,보행자,남,49세,중상
2013051600100167,2013년 5월 16일 08시,목요일,경상북도 구미시 인의동,경상사고,0,0,4,0,차대차 - 측면직각충돌,안전운전불이행,건조,맑음,단일로 - 기타,승용,남,29세,상해없음,승용,여,50세,경상
2013051600100168,2013년 5월 16일 08시,목요일,경상북도 구미시 비산동,중상사고,0,2,0,0,차대차 - 추돌 - 주정차중,안전운전불이행,건조,맑음,단일로 - 교량,승용,남,56세,상해없음,승용,여,52세,중상
2013051600100204,2013년 5월 16일 09시,목요일,경상북도 경주시 황오동,중상사고,0,1,1,0,차대차 - 기타,안전운전불이행,건조,맑음,기타 - 기타,승합,남,47세,상해없음,승용,남,44세,경상
2013051600100205,2013년 5월 16일 09시,목요일,경상북도 경주시 산내면,중상사고,0,1,0,0,차대차 - 기타,안전운전불이행,건조,맑음,단일로 - 기타,승합,남,57세,상해없음,원동기,남,68세,중상
2013051600100244,2013년 5월 16일 10시,목요일,경상북도 칠곡군 약목면,경상사고,0,0,1,0,차대차 - 추돌 - 진행중,안전거리미확보,건조,맑음,단일로 - 기타,화물,남,36세,상해없음,이륜,남,79세,경상
2013051600100245,2013년 5월 16일 10시,목요일,경상북도 포항시 남구 연일읍,경상사고,0,0,1,0,차대차 - 측면직각충돌,안전운전불이행,건조,맑음,교차로 - 교차로안,승용,여,37세,경상,승용,남,51세,상해없음
2013051600100272,2013년 5월 16일 11시,목요일,경상북도 포항시 북구 청하면,경상사고,0,0,1,0,차대사람 - 기타,안전운전불이행,건조,맑음,단일로 - 기타,승용,여,55세,상해없음,보행자,남,61세,경상
2013051600100273,2013년 5월 16일 11시,목요일,경상북도 청도군 운문면,중상사고,0,1,1,0,차대차 - 정면충돌,중앙선침범,건조,맑음,단일로 - 기타,승용,남,73세,중상,승용,여,41세,경상
2013051600100300,2013년 5월 16일 12시,목요일,경상북도 경주시 용강동,중상사고,0,1,0,0,차대차 - 기타,안전운전불이행,건조,맑음,단일로 - 기타,승용,여,61세,상해없음,화물,남,40세,중상
2013051600100301,2013년 5월 16일 12시,목요일,경상북도 경주시 외동읍,중상사고,0,1,0,0,차대차 - 기타,중앙선침범,건조,맑음,단일로 - 기타,승용,남,29세,상해없음,화물,남,60세,중상
2013051600100302,2013년 5월 16일 12시,목요일,경상북도 예천군 예천읍,중상사고,0,1,0,0,차대사람 - 횡단중,신호위반,건조,맑음,교차로 - 교차로부근,화물,남,34세,상해없음,보행자,여,87세,중상
2013051600100318,2013년 5월 16일 13시,목요일,경상북도 예천군 예천읍,경상사고,0,0,1,0,차대차 - 기타,안전운전불이행,건조,맑음,교차로 - 교차로부근,원동기,남,74세,상해없음,승용,여,35세,경상
2013051600100319,2013년 5월 16일 13시,목요일,경상북도 영주시 장수면,사망사고,1,2,0,0,차대차 - 추돌 - 진행중,안전운전불이행,건조,맑음,단일로 - 기타,화물,남,60세,상해없음,승용,여,54세,중상
2013051600100357,2013년 5월 16일 14시,목요일,경상북도 영천시 화북면,경상사고,0,0,1,0,차대차 - 측면직각충돌,안전운전불이행,건조,맑음,단일로 - 기타,승합,남,45세,상해없음,자전거,여,66세,경상
2013051600100390,2013년 5월 16일 15시,목요일,경상북도 경주시 천북면,중상사고,0,1,0,0,차대차 - 추돌 - 진행중,안전운전불이행,건조,맑음,단일로 - 기타,화물,남,44세,상해없음,화물,남,40세,중상
2013051600100391,2013년 5월 16일 15시,목요일,경상북도 포항시 북구 환호동,중상사고,0,1,2,0,차대차 - 기타,안전거리미확보,건조,맑음,단일로 - 기타,승용,남,62세,상해없음,승용,여,54세,중상
2013051600100392,2013년 5월 16일 15시,목요일,경상북도 문경시 문경읍,중상사고,0,1,0,0,차대차 - 추돌 - 주정차중,안전운전불이행,건조,맑음,단일로 - 기타,이륜,남,77세,중상,화물,남,55세,기타불명
2013051600100437,2013년 5월 16일 16시,목요일,경상북도 안동시 태화동,경상사고,0,0,1,0,차대차 - 측면직각충돌,안전운전불이행,건조,맑음,교차로 - 교차로안,승용,남,53세,상해없음,승용,여,42세,경상
2013051600100476,2013년 5월 16일 17시,목요일,경상북도 영천시 창구동,중상사고,0,1,0,0,차대사람 - 기타,안전운전불이행,건조,맑음,교차로 - 교차로부근,승용,남,33세,상해없음,보행자,남,43세,중상
2013051600100477,2013년 5월 16일 17시,목요일,경상북도 문경시 산양면,중상사고,0,1,1,1,차대차 - 추돌 - 진행중,안전거리미확보,건조,맑음,단일로 - 기타,화물,남,37세,상해없음,승용,남,52세,중상
2013051600100478,2013년 5월 16일 17시,목요일,경상북도 문경시 점촌동,경상사고,0,0,2,0,차대차 - 정면충돌,신호위반,건조,맑음,교차로 - 교차로안,승용,남,48세,상해없음,승용,남,31세,경상
2013051600100479,2013년 5월 16일 17시,목요일,경상북도 구미시 남통동,경상사고,0,0,1,0,차대사람 - 기타,보행자보호의무위반,건조,맑음,교차로 - 교차로부근,승용,여,40세,상해없음,보행자,남,7세,경상
2013051600100481,2013년 5월 16일 17시,목요일,경상북도 칠곡군 지천면,경상사고,0,0,2,0,차대차 - 추돌 - 진행중,안전운전불이행,건조,맑음,단일로 - 기타,승용,여,46세,상해없음,승용,남,31세,경상
2013051600100533,2013년 5월 16일 18시,목요일,경상북도 영주시 상망동,중상사고,0,1,2,0,차대차 - 측면직각충돌,직진우회전진행방해,건조,맑음,교차로 - 교차로안,승용,여,43세,경상,승용,남,28세,중상
2013051600100534,2013년 5월 16일 18시,목요일,경상북도 칠곡군 왜관읍,중상사고,0,1,1,0,차대차 - 기타,신호위반,건조,맑음,교차로 - 교차로부근,승용,남,60세,중상,화물,남,57세,상해없음
2013051600100536,2013년 5월 16일 18시,목요일,경상북도 구미시 원평동,중상사고,0,1,0,0,차대차 - 측면직각충돌,신호위반,건조,맑음,단일로 - 기타,승용,여,53세,상해없음,자전거,남,73세,중상
2013051600100558,2013년 5월 16일 19시,목요일,경상북도 경주시 배반동,부상신고사고,0,0,0,1,차대차 - 추돌 - 진행중,안전운전불이행,건조,맑음,단일로 - 기타,승용,남,42세,상해없음,승용,남,57세,부상신고
2013051600100559,2013년 5월 16일 19시,목요일,경상북도 구미시 형곡동,부상신고사고,0,0,0,1,차대차 - 측면직각충돌,안전운전불이행,건조,맑음,교차로 - 교차로부근,기타불명,기타불명,기타불명,기타불명,이륜,남,17세,부상신고
2013051600100560,2013년 5월 16일 19시,목요일,경상북도 구미시 구평동,경상사고,0,0,1,0,차대사람 - 기타,안전운전불이행,건조,맑음,단일로 - 기타,기타불명,기타불명,기타불명,기타불명,보행자,남,13세,경상
2013051600100561,2013년 5월 16일 19시,목요일,경상북도 구미시 구평동,경상사고,0,0,1,0,차대차 - 측면직각충돌,안전운전불이행,건조,맑음,교차로 - 교차로안,원동기,남,19세,경상,승용,남,42세,상해없음
2013051600100589,2013년 5월 16일 20시,목요일,경상북도 안동시 용상동,경상사고,0,0,1,0,차대차 - 기타,직진우회전진행방해,건조,맑음,교차로 - 교차로안,화물,남,50세,상해없음,승용,여,31세,경상
2013051600100590,2013년 5월 16일 20시,목요일,경상북도 김천시 지좌동,중상사고,0,2,0,0,차대차 - 기타,안전운전불이행,건조,맑음,단일로 - 교량,승합,남,73세,상해없음,농기계,남,54세,상해없음
2013051600100591,2013년 5월 16일 20시,목요일,경상북도 경산시 진량읍,경상사고,0,0,1,0,차대차 - 기타,안전운전불이행,건조,맑음,교차로 - 교차로부근,승용,남,59세,상해없음,원동기,남,45세,경상
2013051600100592,2013년 5월 16일 20시,목요일,경상북도 청도군 각북면,중상사고,0,1,0,0,차대차 - 추돌 - 주정차중,안전운전불이행,건조,맑음,단일로 - 기타,승용,남,57세,상해없음,화물,남,13세,기타불명
2013051600100627,2013년 5월 16일 21시,목요일,경상북도 김천시 부곡동,경상사고,0,0,1,0,차대차 - 측면직각충돌,교차로운행방법위반,건조,맑음,교차로 - 교차로부근,승용,남,29세,상해없음,이륜,남,18세,경상
2013051600100656,2013년 5월 16일 22시,목요일,경상북도 포항시 북구 득량동,중상사고,0,1,0,0,차대사람 - 기타,안전운전불이행,건조,맑음,교차로 - 교차로부근,승용,남,48세,상해없음,보행자,남,43세,중상
2013051600100695,2013년 5월 16일 23시,목요일,경상북도 구미시 공단동,경상사고,0,0,2,0,차대차 - 추돌 - 진행중,안전운전불이행,건조,맑음,단일로 - 기타,승용,여,22세,상해없음,승용,남,37세,경상
2013051700100038,2013년 5월 17일 01시,금요일,경상북도 포항시 북구 죽도동,경상사고,0,0,2,0,차대차 - 추돌 - 주정차중,안전운전불이행,건조,맑음,교차로 - 교차로부근,승용,남,27세,상해없음,승용,남,56세,경상
2013051700100039,2013년 5월 17일 01시,금요일,경상북도 포항시 남구 연일읍,경상사고,0,0,3,0,차대차 - 측면직각충돌,안전운전불이행,건조,맑음,교차로 - 교차로안,화물,남,57세,상해없음,승용,남,50세,경상
2013051700100083,2013년 5월 17일 03시,금요일,경상북도 포항시 북구 송라면,중상사고,0,1,2,0,차대차 - 기타,안전운전불이행,건조,맑음,단일로 - 기타,승용,남,37세,기타불명,승용,남,27세,경상
2013051700100084,2013년 5월 17일 03시,금요일,경상북도 칠곡군 동명면,부상신고사고,0,0,0,1,차량단독 - 공작물충돌,안전운전불이행,건조,맑음,단일로 - 기타,승용,남,32세,부상신고,,,,
2013051700100085,2013년 5월 17일 03시,금요일,경상북도 칠곡군 왜관읍,부상신고사고,0,0,0,1,차대차 - 기타,안전운전불이행,건조,맑음,단일로 - 기타,승용,남,36세,부상신고,승용,남,54세,기타불명
2013051700100125,2013년 5월 17일 05시,금요일,경상북도 김천시 황금동,경상사고,0,0,1,0,차대차 - 측면직각충돌,신호위반,건조,맑음,교차로 - 교차로안,승용,여,53세,상해없음,승용,여,58세,경상
2013051700100143,2013년 5월 17일 06시,금요일,경상북도 경주시 노서동,경상사고,0,0,4,0,차대차 - 추돌 - 진행중,안전운전불이행,건조,맑음,단일로 - 기타,승용,남,51세,상해없음,화물,남,52세,경상
2013051700100144,2013년 5월 17일 06시,금요일,경상북도 구미시 사곡동,경상사고,0,0,1,0,차대차 - 측면직각충돌,안전거리미확보,건조,맑음,단일로 - 기타,승용,남,66세,상해없음,승용,남,27세,경상
2013051700100145,2013년 5월 17일 06시,금요일,경상북도 포항시 남구 상도동,경상사고,0,0,1,0,차대차 - 기타,안전운전불이행,건조,맑음,교차로 - 교차로안,승용,남,28세,상해없음,승용,남,54세,상해없음
2013051700100197,2013년 5월 17일 09시,금요일,경상북도 포항시 북구 덕산동,경상사고,0,0,1,0,차대차 - 기타,안전거리미확보,건조,맑음,교차로 - 교차로부근,승용,남,63세,상해없음,승용,여,44세,경상
2013051700100198,2013년 5월 17일 09시,금요일,경상북도 김천시 남면,중상사고,0,2,2,0,차대차 - 측면직각충돌,교차로운행방법위반,건조,맑음,교차로 - 교차로안,승용,여,44세,상해없음,승용,남,57세,경상
2013051700100199,2013년 5월 17일 09시,금요일,경상북도 경산시 자인면,중상사고,0,1,0,0,차대사람 - 기타,안전운전불이행,건조,맑음,단일로 - 기타,승용,여,61세,상해없음,보행자,여,72세,중상
2013051700100220,2013년 5월 17일 10시,금요일,경상북도 칠곡군 북삼읍,중상사고,0,2,1,0,차대차 - 기타,신호위반,건조,맑음,교차로 - 교차로안,특수,남,51세,상해없음,승용,여,39세,중상
2013051700100260,2013년 5월 17일 11시,금요일,경상북도 포항시 북구 흥해읍,중상사고,0,1,0,0,차대사람 - 기타,안전운전불이행,건조,맑음,단일로 - 기타,승용,여,30세,상해없음,보행자,여,40세,중상
2013051700100288,2013년 5월 17일 12시,금요일,경상북도 영천시 서산동,중상사고,0,2,0,0,차대차 - 정면충돌,중앙선침범,건조,맑음,단일로 - 기타,승용,여,49세,상해없음,승용,남,49세,중상
2013051700100289,2013년 5월 17일 12시,금요일,경상북도 상주시 낙동면,경상사고,0,0,1,0,차대차 - 추돌 - 주정차중,안전운전불이행,건조,맑음,단일로 - 터널,승용,남,50세,상해없음,승용,남,34세,경상
2013051700100322,2013년 5월 17일 13시,금요일,경상북도 김천시 대항면,중상사고,0,1,0,0,차대차 - 측면직각충돌,안전운전불이행,건조,맑음,교차로 - 교차로안,화물,남,42세,상해없음,이륜,남,78세,중상
2013051700100323,2013년 5월 17일 13시,금요일,경상북도 경산시 옥산동,경상사고,0,0,1,0,차대차 - 기타,교차로운행방법위반,건조,흐림,교차로 - 교차로안,승용,남,54세,상해없음,이륜,남,26세,경상
2013051700100364,2013년 5월 17일 14시,금요일,경상북도 안동시 목성동,경상사고,0,0,2,0,차대차 - 추돌 - 진행중,안전운전불이행,건조,맑음,단일로 - 기타,원동기,남,17세,경상,원동기,남,36세,경상
2013051700100365,2013년 5월 17일 14시,금요일,경상북도 김천시 농소면,중상사고,0,2,1,0,차대차 - 측면직각충돌,신호위반,건조,맑음,교차로 - 교차로안,승용,남,52세,상해없음,승용,남,51세,상해없음
2013051700100366,2013년 5월 17일 14시,금요일,경상북도 봉화군 봉화읍,중상사고,0,2,1,0,차대차 - 측면직각충돌,안전운전불이행,건조,맑음,단일로 - 기타,승용,여,59세,경상,승용,남,61세,중상
2013051700100367,2013년 5월 17일 14시,금요일,경상북도 포항시 남구 구룡포읍,경상사고,0,0,1,0,차대차 - 측면직각충돌,안전운전불이행,건조,맑음,단일로 - 기타,승용,여,28세,상해없음,원동기,남,67세,경상
2013051700100397,2013년 5월 17일 15시,금요일,경상북도 포항시 북구 두호동,경상사고,0,0,1,0,차대차 - 기타,안전운전불이행,건조,맑음,단일로 - 기타,승용,남,32세,상해없음,자전거,남,31세,경상
2013051700100398,2013년 5월 17일 15시,금요일,경상북도 포항시 북구 득량동,중상사고,0,1,0,0,차대사람 - 기타,안전운전불이행,건조,맑음,단일로 - 기타,승합,남,49세,상해없음,보행자,여,74세,중상
2013051700100399,2013년 5월 17일 15시,금요일,경상북도 의성군 금성면,경상사고,0,0,1,0,차대차 - 측면직각충돌,교차로운행방법위반,건조,맑음,교차로 - 교차로안,화물,남,56세,상해없음,화물,남,41세,경상