사고번호,사고일시,요일,시군구,사고내용,사망자수,중상자수,경상자수,부상신고자수,사고유형,법규위반,노면상태,기상상태,도로형태,가해운전자 차종,가해운전자 성별,가해운전자 연령,가해운전자 상해정도,피해운전자 차종,피해운전자 성별,피해운전자 연령,피해운전자 상해정도
2013051700100400,2013년 5월 17일 15시,금요일,경상북도 영주시 순흥면,중상사고,0,1,4,0,차대차 - 정면충돌,중앙선침범,건조,맑음,단일로 - 기타,승용,여,32세,경상,화물,남,63세,경상
2013051700100438,2013년 5월 17일 16시,금요일,경상북도 영천시 화남면,경상사고,0,0,1,0,차대차 - 기타,안전운전불이행,건조,맑음,기타 - 기타,승용,남,61세,상해없음,화물,남,55세,경상
2013051700100470,2013년 5월 17일 17시,금요일,경상북도 경주시 신평동,경상사고,0,0,1,0,차대사람 - 기타,안전운전불이행,건조,맑음,기타 - 기타,이륜,남,18세,상해없음,보행자,여,27세,경상
2013051700100471,2013년 5월 17일 17시,금요일,경상북도 안동시 옥동,중상사고,0,1,0,0,차대차 - 측면직각충돌,직진우회전진행방해,건조,맑음,교차로 - 교차로안,승합,남,61세,상해없음,승용,남,43세,중상
2013051700100472,2013년 5월 17일 17시,금요일,경상북도 문경시 점촌동,사망사고,1,0,0,0,차대사람 - 횡단중,안전운전불이행,건조,맑음,단일로 - 기타,승합,남,58세,상해없음,보행자,남,5세,사망
2013051700100503,2013년 5월 17일 18시,금요일,경상북도 문경시 문경읍,경상사고,0,0,1,0,차대차 - 기타,안전운전불이행,건조,맑음,교차로 - 교차로안,이륜,남,55세,경상,화물,남,61세,상해없음
2013051700100538,2013년 5월 17일 19시,금요일,경상북도 경주시 천북면,중상사고,0,1,0,0,차대차 - 기타,중앙선침범,건조,맑음,교차로 - 교차로부근,화물,남,39세,상해없음,원동기,남,48세,중상
2013051700100539,2013년 5월 17일 19시,금요일,경상북도 칠곡군 동명면,중상사고,0,1,2,0,차대차 - 기타,중앙선침범,건조,맑음,교차로 - 교차로안,승용,남,22세,상해없음,승용,여,44세,경상
2013051700100574,2013년 5월 17일 20시,금요일,경상북도 경주시 하동,경상사고,0,0,1,0,차대차 - 기타,안전운전불이행,건조,맑음,교차로 - 교차로부근,승용,여,54세,상해없음,승용,여,28세,경상
2013051700100575,2013년 5월 17일 20시,금요일,경상북도 포항시 북구 환호동,중상사고,0,1,0,0,차대차 - 기타,교차로운행방법위반,건조,맑음,교차로 - 교차로안,승용,남,39세,상해없음,원동기,남,16세,중상
2013051700100576,2013년 5월 17일 20시,금요일,경상북도 안동시 운흥동,경상사고,0,0,1,0,차대차 - 측면직각충돌,중앙선침범,건조,맑음,교차로 - 교차로안,승용,남,50세,상해없음,승용,남,40세,경상
2013051700100577,2013년 5월 17일 20시,금요일,경상북도 상주시 서성동,중상사고,0,1,0,0,차대사람 - 차도통행중,불법유턴,건조,맑음,교차로 - 교차로안,승용,남,22세,상해없음,보행자,여,92세,중상
2013051700100613,2013년 5월 17일 21시,금요일,경상북도 포항시 북구 죽도동,경상사고,0,0,2,0,차대차 - 기타,안전운전불이행,건조,맑음,단일로 - 기타,승용,남,60세,상해없음,승용,남,27세,경상
2013051700100614,2013년 5월 17일 21시,금요일,경상북도 영덕군 강구면,경상사고,0,0,1,0,차대사람 - 기타,안전운전불이행,건조,맑음,단일로 - 기타,승용,남,37세,상해없음,보행자,여,39세,경상
2013051700100615,2013년 5월 17일 21시,금요일,경상북도 포항시 남구 해도동,중상사고,0,1,1,0,차대사람 - 기타,안전운전불이행,건조,맑음,기타 - 기타,승합,남,24세,상해없음,보행자,남,4세,중상
2013051700100640,2013년 5월 17일 22시,금요일,경상북도 경주시 인왕동,중상사고,0,1,0,0,차대사람 - 기타,안전운전불이행,건조,맑음,단일로 - 기타,승용,남,47세,상해없음,보행자,여,70세,중상
2013051700100641,2013년 5월 17일 22시,금요일,경상북도 김천시 신음동,경상사고,0,0,2,0,차대차 - 측면직각충돌,안전운전불이행,건조,맑음,단일로 - 기타,승용,여,21세,상해없음,이륜,남,20세,경상
2013051700100642,2013년 5월 17일 22시,금요일,경상북도 구미시 진평동,중상사고,0,1,1,0,차대차 - 측면직각충돌,직진우회전진행방해,건조,맑음,교차로 - 교차로안,승용,남,36세,경상,승용,남,30세,중상
2013051700100659,2013년 5월 17일 23시,금요일,경상북도 구미시 거의동,경상사고,0,0,1,0,차대차 - 추돌 - 진행중,안전운전불이행,건조,맑음,교차로 - 교차로안,기타불명,기타불명,기타불명,기타불명,화물,남,42세,경상
2013051800100030,2013년 5월 18일 01시,토요일,경상북도 구미시 임수동,경상사고,0,0,3,0,차대차 - 측면직각충돌,안전운전불이행,건조,맑음,교차로 - 교차로부근,승용,남,27세,상해없음,승용,남,51세,경상
2013051800100031,2013년 5월 18일 01시,토요일,경상북도 구미시 원평동,경상사고,0,0,1,0,차대사람 - 횡단중,안전운전불이행,건조,맑음,단일로 - 기타,승용,남,18세,상해없음,보행자,여,19세,경상
2013051800100077,2013년 5월 18일 04시,토요일,경상북도 경산시 자인면,경상사고,0,0,1,0,차대차 - 기타,안전운전불이행,건조,맑음,교차로 - 교차로부근,승용,남,27세,경상,승용,여,33세,기타불명
2013051800100119,2013년 5월 18일 07시,토요일,경상북도 문경시 가은읍,경상사고,0,0,3,0,차대차 - 측면직각충돌,직진우회전진행방해,건조,맑음,교차로 - 교차로안,승합,남,53세,경상,승용,남,26세,경상
2013051800100120,2013년 5월 18일 07시,토요일,경상북도 구미시 오태동,경상사고,0,0,1,0,차대차 - 측면직각충돌,안전운전불이행,건조,맑음,교차로 - 교차로부근,승합,남,59세,상해없음,승용,여,43세,경상
2013051800100135,2013년 5월 18일 08시,토요일,경상북도 김천시 구성면,경상사고,0,0,2,0,차대차 - 측면직각충돌,안전운전불이행,건조,맑음,단일로 - 기타,승용,여,43세,경상,승용,여,48세,경상
2013051800100136,2013년 5월 18일 08시,토요일,경상북도 경산시 옥산동,중상사고,0,2,0,0,차대차 - 기타,안전운전불이행,건조,맑음,단일로 - 기타,승용,남,41세,상해없음,승용,남,57세,중상
2013051800100137,2013년 5월 18일 08시,토요일,경상북도 포항시 남구 오천읍,중상사고,0,1,0,0,차대차 - 측면직각충돌,안전운전불이행,건조,맑음,단일로 - 기타,승용,남,36세,상해없음,원동기,남,34세,중상
2013051800100156,2013년 5월 18일 09시,토요일,경상북도 경주시 황오동,경상사고,0,0,2,0,차대차 - 기타,안전운전불이행,건조,맑음,단일로 - 기타,승용,남,62세,상해없음,승용,남,32세,경상
2013051800100157,2013년 5월 18일 09시,토요일,경상북도 경주시 용강동,중상사고,0,1,0,0,차대사람 - 보도통행중,안전운전불이행,건조,맑음,교차로 - 교차로안,화물,남,42세,상해없음,보행자,남,73세,중상
2013051800100158,2013년 5월 18일 09시,토요일,경상북도 의성군 의성읍,중상사고,0,1,0,0,차대차 - 측면직각충돌,직진우회전진행방해,건조,맑음,교차로 - 교차로안,화물,남,18세,상해없음,화물,남,73세,중상
2013051800100178,2013년 5월 18일 10시,토요일,경상북도 의성군 안계면,부상신고사고,0,0,0,1,차대차 - 측면직각충돌,안전운전불이행,건조,맑음,교차로 - 교차로안,원동기,남,78세,부상신고,건설기계,남,41세,상해없음
2013051800100179,2013년 5월 18일 10시,토요일,경상북도 구미시 해평면,중상사고,0,1,2,0,차대차 - 측면직각충돌,안전운전불이행,습기,비,단일로 - 기타,승용,남,32세,경상,승용,남,32세,중상
2013051800100180,2013년 5월 18일 10시,토요일,경상북도 포항시 남구 대잠동,경상사고,0,0,2,0,차대차 - 측면직각충돌,교차로운행방법위반,건조,맑음,교차로 - 교차로안,화물,남,33세,상해없음,승용,여,52세,경상
2013051800100227,2013년 5월 18일 12시,토요일,경상북도 칠곡군 동명면,경상사고,0,0,1,1,차대차 - 기타,안전운전불이행,건조,맑음,교차로 - 교차로부근,승용,여,59세,부상신고,승용,남,53세,경상
2013051800100252,2013년 5월 18일 13시,토요일,경상북도 경주시 천군동,중상사고,0,1,0,0,차량단독 - 전도전복,안전운전불이행,건조,맑음,단일로 - 기타,이륜,남,27세,상해없음,,,,
2013051800100253,2013년 5월 18일 13시,토요일,경상북도 청도군 화양읍,경상사고,0,0,1,0,차대차 - 추돌 - 주정차중,안전운전불이행,건조,맑음,단일로 - 기타,화물,남,55세,상해없음,승용,남,28세,경상
2013051800100254,2013년 5월 18일 13시,토요일,경상북도 포항시 남구 연일읍,경상사고,0,0,1,0,차대차 - 측면직각충돌,안전운전불이행,건조,맑음,교차로 - 교차로안,승용,여,42세,상해없음,승용,남,62세,경상
2013051800100281,2013년 5월 18일 14시,토요일,경상북도 성주군 성주읍,경상사고,0,0,1,0,차대차 - 측면직각충돌,안전운전불이행,건조,맑음,교차로 - 교차로안,승용,여,26세,상해없음,원동기,여,67세,경상
2013051800100282,2013년 5월 18일 14시,토요일,경상북도 울진군 후포면,경상사고,0,0,1,0,차량단독 - 기타,안전운전불이행,건조,맑음,단일로 - 기타,자전거,남,69세,경상,,,,
2013051800100283,2013년 5월 18일 14시,토요일,경상북도 울진군 울진읍,경상사고,0,0,1,0,차대차 - 기타,안전운전불이행,건조,맑음,교차로 - 교차로부근,이륜,남,31세,경상,승용,남,45세,상해없음
2013051800100313,2013년 5월 18일 15시,토요일,경상북도 경주시 건천읍,중상사고,0,1,0,0,차대차 - 기타,안전운전불이행,건조,맑음,교차로 - 교차로안,승용,남,50세,상해없음,승용,남,26세,중상
2013051800100314,2013년 5월 18일 15시,토요일,경상북도 구미시 인의동,경상사고,0,0,1,0,차대사람 - 횡단중,안전운전불이행,기타,맑음,단일로 - 기타,승용,여,48세,상해없음,보행자,남,49세,경상
2013051800100346,2013년 5월 18일 16시,토요일,경상북도 경주시 신평동,경상사고,0,0,1,0,차량단독 - 기타,안전운전불이행,건조,맑음,기타 - 기타,이륜,남,22세,상해없음,,,,
2013051800100347,2013년 5월 18일 16시,토요일,경상북도 경주시 동방동,중상사고,0,1,0,0,차대사람 - 기타,신호위반,건조,맑음,단일로 - 횡단보도상,승용,남,34세,상해없음,보행자,남,13세,중상
2013051800100348,2013년 5월 18일 16시,토요일,경상북도 포항시 북구 흥해읍,경상사고,0,0,1,0,차대차 - 추돌 - 진행중,안전운전불이행,건조,맑음,단일로 - 기타,화물,남,44세,상해없음,원동기,남,21세,경상
2013051800100349,2013년 5월 18일 16시,토요일,경상북도 칠곡군 동명면,부상신고사고,0,0,0,1,차대차 - 기타,안전운전불이행,건조,맑음,단일로 - 기타,승용,남,25세,부상신고,화물,남,54세,상해없음
2013051800100350,2013년 5월 18일 16시,토요일,경상북도 영천시 북안면,경상사고,0,0,12,0,차대차 - 추돌 - 주정차중,안전운전불이행,건조,맑음,교차로 - 교차로부근,건설기계,남,53세,경상,건설기계,남,40세,경상
2013051800100351,2013년 5월 18일 16시,토요일,경상북도 성주군 월항면,중상사고,0,1,0,0,차대차 - 기타,중앙선침범,건조,맑음,단일로 - 기타,승용,남,64세,상해없음,화물,남,32세,중상
2013051800100385,2013년 5월 18일 17시,토요일,경상북도 포항시 북구 흥해읍,중상사고,0,1,0,0,차대차 - 기타,안전운전불이행,건조,맑음,교차로 - 교차로부근,원동기,여,59세,상해없음,농기계,남,45세,상해없음
2013051800100386,2013년 5월 18일 17시,토요일,경상북도 구미시 봉곡동,경상사고,0,0,3,0,차대차 - 측면직각충돌,직진우회전진행방해,건조,맑음,교차로 - 교차로안,승용,남,59세,경상,승용,여,42세,경상
2013051800100411,2013년 5월 18일 18시,토요일,경상북도 구미시 고아읍,경상사고,0,0,1,0,차대차 - 추돌 - 진행중,안전운전불이행,건조,맑음,교차로 - 교차로부근,승합,남,51세,상해없음,승용,여,48세,경상
2013051800100412,2013년 5월 18일 18시,토요일,경상북도 포항시 남구 오천읍,경상사고,0,0,1,0,차대차 - 측면직각충돌,안전운전불이행,건조,맑음,교차로 - 교차로안,승용,남,28세,상해없음,승합,남,51세,상해없음
2013051800100440,2013년 5월 18일 19시,토요일,경상북도 경주시 도지동,부상신고사고,0,0,0,1,차량단독 - 공작물충돌,안전운전불이행,건조,맑음,단일로 - 기타,승용,남,58세,부상신고,,,,
2013051800100441,2013년 5월 18일 19시,토요일,경상북도 안동시 수상동,중상사고,0,2,3,0,차대차 - 추돌 - 주정차중,안전운전불이행,건조,맑음,단일로 - 교량,승용,여,45세,상해없음,승합,남,39세,중상
2013051800100442,2013년 5월 18일 19시,토요일,경상북도 성주군 선남면,경상사고,0,0,1,0,차대차 - 정면충돌,중앙선침범,건조,흐림,단일로 - 기타,이륜,남,71세,경상,화물,남,38세,상해없음
2013051800100480,2013년 5월 18일 20시,토요일,경상북도 경주시 안강읍,중상사고,0,1,0,0,차대차 - 기타,안전운전불이행,건조,흐림,단일로 - 기타,승용,남,42세,상해없음,자전거,남,50세,중상
2013051800100481,2013년 5월 18일 20시,토요일,경상북도 경주시 서면,경상사고,0,0,1,0,차대차 - 기타,안전운전불이행,건조,흐림,단일로 - 기타,승용,남,24세,상해없음,승용,남,31세,상해없음
2013051800100482,2013년 5월 18일 20시,토요일,경상북도 김천시 양천동,중상사고,0,2,0,0,차대차 - 측면직각충돌,안전운전불이행,건조,맑음,교차로 - 교차로부근,화물,남,70세,상해없음,이륜,남,75세,중상
2013051800100483,2013년 5월 18일 20시,토요일,경상북도 경산시 계양동,중상사고,0,6,0,0,차대차 - 기타,신호위반,건조,맑음,교차로 - 교차로안,승용,여,64세,중상,승합,여,48세,중상
2013051800100484,2013년 5월 18일 20시,토요일,경상북도 영덕군 병곡면,사망사고,1,3,2,0,차대차 - 측면직각충돌,직진우회전진행방해,건조,흐림,교차로 - 교차로안,승용,남,61세,중상,승용,남,35세,경상
2013051800100485,2013년 5월 18일 20시,토요일,경상북도 울진군 후포면,중상사고,0,1,0,0,차대차 - 추돌 - 주정차중,안전운전불이행,건조,맑음,교차로 - 교차로부근,승용,여,64세,중상,건설기계,남,55세,상해없음
2013051800100539,2013년 5월 18일 21시,토요일,경상북도 경주시 내남면,사망사고,1,0,0,0,차대차 - 기타,안전운전불이행,건조,맑음,단일로 - 기타,승용,남,50세,상해없음,이륜,여,60세,사망
2013051800100540,2013년 5월 18일 21시,토요일,경상북도 안동시 용상동,경상사고,0,0,2,0,차대차 - 측면직각충돌,직진우회전진행방해,건조,맑음,교차로 - 교차로안,승용,여,51세,경상,승용,남,44세,경상
2013051800100541,2013년 5월 18일 21시,토요일,경상북도 영주시 휴천동,중상사고,0,1,0,0,차대차 - 측면직각충돌,신호위반,건조,맑음,교차로 - 교차로안,원동기,남,19세,중상,승용,남,24세,상해없음
2013051800100542,2013년 5월 18일 21시,토요일,경상북도 경산시 갑제동,중상사고,0,2,1,0,차대차 - 기타,안전운전불이행,건조,맑음,교차로 - 교차로안,승용,남,46세,상해없음,승용,남,21세,중상
2013051800100543,2013년 5월 18일 21시,토요일,경상북도 포항시 남구 상도동,중상사고,0,1,0,0,차대사람 - 기타,안전운전불이행,건조,맑음,단일로 - 기타,승용,남,62세,상해없음,보행자,남,33세,중상
2013051800100605,2013년 5월 18일 22시,토요일,경상북도 안동시 삼산동,중상사고,0,1,1,0,차대차 - 측면직각충돌,직진우회전진행방해,건조,맑음,교차로 - 교차로안,승용,남,32세,상해없음,승용,남,50세,중상
2013051800100606,2013년 5월 18일 22시,토요일,경상북도 경산시 중산동,부상신고사고,0,0,0,1,차대차 - 기타,중앙선침범,건조,맑음,단일로 - 기타,승용,여,20세,상해없음,자전거,남,26세,부상신고
2013051800100607,2013년 5월 18일 22시,토요일,경상북도 구미시 원평동,중상사고,0,3,0,0,차대차 - 추돌 - 진행중,안전운전불이행,습기,비,교차로 - 교차로안,승용,여,47세,상해없음,승용,남,52세,중상
2013051800100608,2013년 5월 18일 22시,토요일,경상북도 포항시 남구 효자동,경상사고,0,0,1,0,차대차 - 추돌 - 진행중,안전운전불이행,건조,맑음,단일로 - 기타,승용,여,33세,상해없음,승용,여,42세,경상
2013051800100662,2013년 5월 18일 23시,토요일,경상북도 김천시 부곡동,중상사고,0,1,0,0,차대사람 - 기타,보행자보호의무위반,습기,비,교차로 - 교차로부근,승용,남,37세,상해없음,보행자,여,53세,중상
2013051800100663,2013년 5월 18일 23시,토요일,경상북도 포항시 남구 오천읍,경상사고,0,0,1,0,차대사람 - 기타,안전운전불이행,습기,비,교차로 - 교차로안,승용,남,28세,상해없음,보행자,남,43세,경상
2013051900100033,2013년 5월 19일 00시,일요일,경상북도 영천시 야사동,경상사고,0,0,1,0,차대사람 - 횡단중,안전운전불이행,습기,비,단일로 - 기타,승용,남,44세,상해없음,보행자,남,49세,경상
2013051900100072,2013년 5월 19일 01시,일요일,경상북도 구미시 광평동,중상사고,0,1,0,0,차대차 - 추돌 - 진행중,안전운전불이행,습기,비,단일로 - 기타,이륜,남,35세,중상,승용,남,21세,상해없음
2013051900100130,2013년 5월 19일 03시,일요일,경상북도 구미시 상모동,중상사고,0,2,3,0,차대차 - 측면직각충돌,직진우회전진행방해,습기,비,교차로 - 교차로안,승용,남,57세,경상,승용,여,25세,중상
2013051900100147,2013년 5월 19일 04시,일요일,경상북도 구미시 원평동,경상사고,0,0,3,0,차대차 - 기타,안전운전불이행,습기,비,단일로 - 기타,이륜,남,18세,경상,승용,남,30세,상해없음
2013051900100170,2013년 5월 19일 05시,일요일,경상북도 울진군 기성면,사망사고,1,0,0,0,차량단독 - 공작물충돌,안전운전불이행,건조,맑음,단일로 - 기타,화물,남,55세,사망,,,,
2013051900100188,2013년 5월 19일 06시,일요일,경상북도 포항시 북구 죽도동,중상사고,0,1,0,0,차대사람 - 기타,안전운전불이행,습기,비,단일로 - 기타,승용,남,56세,상해없음,보행자,여,76세,중상
2013051900100189,2013년 5월 19일 06시,일요일,경상북도 칠곡군 석적읍,경상사고,0,0,1,0,차대차 - 측면직각충돌,안전운전불이행,습기,비,교차로 - 교차로안,화물,남,49세,상해없음,승용,여,54세,경상
2013051900100236,2013년 5월 19일 09시,일요일,경상북도 의성군 비안면,중상사고,0,1,1,0,차대차 - 정면충돌,중앙선침범,습기,비,단일로 - 기타,승용,남,63세,상해없음,화물,남,49세,중상
2013051900100237,2013년 5월 19일 09시,일요일,경상북도 칠곡군 약목면,중상사고,0,1,0,0,차대사람 - 횡단중,안전운전불이행,습기,비,단일로 - 기타,승용,남,79세,상해없음,보행자,남,21세,중상
2013051900100238,2013년 5월 19일 09시,일요일,경상북도 경산시 사동,중상사고,0,1,2,0,차대차 - 측면직각충돌,교차로운행방법위반,습기,비,교차로 - 교차로안,승용,남,66세,경상,승합,남,46세,경상
2013051900100264,2013년 5월 19일 11시,일요일,경상북도 영주시 풍기읍,경상사고,0,0,2,0,차대차 - 측면직각충돌,교차로운행방법위반,건조,흐림,교차로 - 교차로안,승용,남,45세,상해없음,승용,남,64세,경상
2013051900100265,2013년 5월 19일 11시,일요일,경상북도 경산시 하양읍,중상사고,0,1,0,0,차대사람 - 기타,안전운전불이행,건조,맑음,교차로 - 교차로안,승용,남,82세,상해없음,보행자,남,68세,중상
2013051900100291,2013년 5월 19일 12시,일요일,경상북도 경주시 탑동,경상사고,0,0,1,0,차대차 - 기타,신호위반,건조,맑음,교차로 - 교차로안,승용,남,48세,상해없음,승용,남,58세,상해없음
2013051900100309,2013년 5월 19일 13시,일요일,경상북도 포항시 북구 장성동,경상사고,0,0,1,0,차대차 - 측면직각충돌,안전운전불이행,습기,흐림,단일로 - 기타,승용,남,55세,상해없음,승용,여,44세,경상
2013051900100310,2013년 5월 19일 13시,일요일,경상북도 상주시 남장동,경상사고,0,0,2,0,차량단독 - 공작물충돌,안전운전불이행,습기,흐림,단일로 - 기타,승용,여,34세,경상,,,,
2013051900100311,2013년 5월 19일 13시,일요일,경상북도 영주시 휴천동,중상사고,0,3,0,0,차대차 - 측면직각충돌,신호위반,건조,맑음,교차로 - 교차로안,승용,남,52세,중상,승합,남,53세,중상
2013051900100335,2013년 5월 19일 14시,일요일,경상북도 김천시 어모면,중상사고,0,1,0,0,차대차 - 측면직각충돌,안전운전불이행,건조,맑음,단일로 - 기타,승용,남,63세,상해없음,이륜,남,70세,중상
2013051900100336,2013년 5월 19일 14시,일요일,경상북도 봉화군 봉화읍,중상사고,0,2,2,0,차대차 - 측면직각충돌,직진우회전진행방해,건조,맑음,교차로 - 교차로안,승용,여,34세,경상,승용,여,55세,중상
2013051900100403,2013년 5월 19일 16시,일요일,경상북도 김천시 부곡동,경상사고,0,0,1,0,차대사람 - 기타,안전운전불이행,건조,맑음,단일로 - 기타,승용,남,41세,상해없음,보행자,남,7세,경상
2013051900100464,2013년 5월 19일 18시,일요일,경상북도 의성군 단북면,중상사고,0,1,0,0,차대차 - 측면직각충돌,교차로운행방법위반,건조,맑음,교차로 - 교차로안,원동기,남,71세,중상,화물,남,56세,상해없음
2013051900100465,2013년 5월 19일 18시,일요일,경상북도 경산시 진량읍,중상사고,0,1,1,0,차대차 - 기타,안전거리미확보,건조,흐림,단일로 - 기타,원동기,남,71세,경상,승용,남,27세,상해없음
2013051900100466,2013년 5월 19일 18시,일요일,경상북도 예천군 개포면,중상사고,0,1,0,0,차량단독 - 공작물충돌,안전운전불이행,건조,맑음,단일로 - 기타,승용,남,49세,상해없음,,,,
2013051900100467,2013년 5월 19일 18시,일요일,경상북도 구미시 옥계동,중상사고,0,2,0,0,차대차 - 정면충돌,중앙선침범,건조,맑음,단일로 - 기타,승용,여,40세,상해없음,승용,남,37세,중상
2013051900100493,2013년 5월 19일 19시,일요일,경상북도 포항시 북구 동빈1가,경상사고,0,0,3,0,차대차 - 기타,교차로운행방법위반,건조,맑음,교차로 - 교차로안,승용,남,58세,상해없음,승용,남,36세,경상
2013051900100519,2013년 5월 19일 20시,일요일,경상북도 경주시 황성동,경상사고,0,0,1,0,차대차 - 기타,신호위반,건조,맑음,교차로 - 교차로안,승용,남,32세,상해없음,원동기,남,18세,경상
2013051900100520,2013년 5월 19일 20시,일요일,경상북도 구미시 인의동,경상사고,0,0,1,0,차대사람 - 기타,보행자보호의무위반,건조,맑음,교차로 - 교차로부근,승용,여,31세,상해없음,보행자,여,59세,경상
2013051900100558,2013년 5월 19일 21시,일요일,경상북도 포항시 북구 남빈동,중상사고,0,1,0,0,차대사람 - 횡단중,안전운전불이행,건조,맑음,교차로 - 교차로안,승용,남,56세,상해없음,보행자,여,64세,중상
2013051900100559,2013년 5월 19일 21시,일요일,경상북도 구미시 신평동,경상사고,0,0,1,0,차대차 - 기타,안전운전불이행,건조,맑음,단일로 - 기타,승용,남,42세,상해없음,승용,남,37세,경상
2013051900100599,2013년 5월 19일 23시,일요일,경상북도 안동시 송천동,중상사고,0,1,0,0,차대차 - 측면직각충돌,안전운전불이행,건조,맑음,교차로 - 교차로안,승용,남,23세,상해없음,이륜,남,29세,중상
2013052000100018,2013년 5월 20일 01시,월요일,경상북도 포항시 북구 죽도동,경상사고,0,0,1,0,차대사람 - 기타,안전운전불이행,건조,맑음,단일로 - 기타,승용,남,59세,상해없음,보행자,여,53세,경상
2013052000100019,2013년 5월 20일 01시,월요일,경상북도 구미시 구평동,중상사고,0,1,1,0,차대차 - 정면충돌,중앙선침범,건조,맑음,교차로 - 교차로부근,승용,남,44세,기타불명,승용,남,56세,경상
2013052000100033,2013년 5월 20일 03시,월요일,경상북도 경주시 황오동,경상사고,0,0,1,0,차대사람 - 기타,안전운전불이행,건조,맑음,단일로 - 기타,기타불명,기타불명,기타불명,기타불명,보행자,여,61세,경상
2013052000100101,2013년 5월 20일 08시,월요일,경상북도 칠곡군 북삼읍,중상사고,0,1,1,1,차대차 - 추돌 - 진행중,교차로운행방법위반,건조,맑음,교차로 - 교차로안,승용,여,44세,부상신고,승용,여,57세,경상
2013052000100102,2013년 5월 20일 08시,월요일,경상북도 영덕군 축산면,경상사고,0,0,1,0,차량단독 - 주차차량충돌,안전운전불이행,건조,맑음,교차로 - 교차로부근,건설기계,남,44세,경상,,,,
2013052000100103,2013년 5월 20일 08시,월요일,경상북도 구미시 금전동,중상사고,0,2,0,1,차대차 - 측면직각충돌,안전운전불이행,건조,맑음,단일로 - 기타,승용,남,26세,부상신고,승용,여,46세,중상
2013052000100128,2013년 5월 20일 09시,월요일,경상북도 경주시 배반동,중상사고,0,1,0,0,차대차 - 기타,안전운전불이행,건조,맑음,단일로 - 기타,화물,남,50세,상해없음,승합,여,53세,중상
2013052000100129,2013년 5월 20일 09시,월요일,경상북도 의성군 안계면,중상사고,0,2,0,0,차대사람 - 차도통행중,안전운전불이행,건조,맑음,단일로 - 기타,승용,여,51세,상해없음,보행자,여,75세,중상
2013052000100130,2013년 5월 20일 09시,월요일,경상북도 구미시 원평동,경상사고,0,0,3,0,차대차 - 측면직각충돌,안전운전불이행,건조,맑음,단일로 - 기타,승용,남,58세,상해없음,승용,남,33세,경상
2013052000100150,2013년 5월 20일 10시,월요일,경상북도 경주시 건천읍,중상사고,0,1,0,0,차대차 - 기타,안전운전불이행,건조,맑음,교차로 - 교차로안,승용,남,49세,상해없음,자전거,남,72세,중상
2013052000100151,2013년 5월 20일 10시,월요일,경상북도 안동시 풍산읍,중상사고,0,1,0,0,차대사람 - 기타,안전운전불이행,건조,맑음,기타 - 기타,화물,남,58세,상해없음,보행자,여,71세,중상
2013052000100152,2013년 5월 20일 10시,월요일,경상북도 상주시 모서면,중상사고,0,1,1,0,차대차 - 측면직각충돌,안전운전불이행,건조,맑음,교차로 - 교차로안,승용,여,57세,경상,화물,남,29세,중상
2013052000100153,2013년 5월 20일 10시,월요일,경상북도 상주시 이안면,경상사고,0,0,1,0,차대차 - 기타,안전운전불이행,건조,맑음,단일로 - 기타,이륜,남,89세,상해없음,승합,남,42세,상해없음
2013052000100175,2013년 5월 20일 11시,월요일,경상북도 김천시 성내동,중상사고,0,2,4,0,차대차 - 측면직각충돌,안전운전불이행,건조,맑음,교차로 - 교차로부근,특수,남,49세,상해없음,승용,남,53세,상해없음
2013052000100212,2013년 5월 20일 12시,월요일,경상북도 경주시 황오동,중상사고,0,1,0,0,차대차 - 기타,안전운전불이행,건조,맑음,단일로 - 기타,승용,여,41세,상해없음,원동기,남,23세,상해없음
2013052000100213,2013년 5월 20일 12시,월요일,경상북도 상주시 공검면,중상사고,0,2,0,1,차대사람 - 기타,안전운전불이행,건조,맑음,단일로 - 기타,이륜,남,84세,부상신고,보행자,여,53세,중상
2013052000100214,2013년 5월 20일 12시,월요일,경상북도 영천시 고경면,부상신고사고,0,0,0,1,차대차 - 기타,안전운전불이행,건조,맑음,교차로 - 교차로부근,화물,남,50세,상해없음,자전거,남,76세,부상신고
2013052000100215,2013년 5월 20일 12시,월요일,경상북도 포항시 남구 효자동,중상사고,0,1,1,1,차대차 - 추돌 - 주정차중,안전운전불이행,건조,맑음,교차로 - 교차로부근,승용,남,26세,경상,화물,남,51세,부상신고
2013052000100263,2013년 5월 20일 14시,월요일,경상북도 경주시 내남면,경상사고,0,0,1,0,차대차 - 기타,안전운전불이행,건조,맑음,교차로 - 교차로부근,승용,여,60세,상해없음,승용,남,52세,상해없음
2013052000100264,2013년 5월 20일 14시,월요일,경상북도 영천시 성내동,부상신고사고,0,0,0,1,차대차 - 추돌 - 주정차중,안전운전불이행,건조,맑음,단일로 - 기타,승용,남,73세,상해없음,승용,남,76세,부상신고
2013052000100300,2013년 5월 20일 15시,월요일,경상북도 경주시 동천동,중상사고,0,2,1,0,차대차 - 측면직각충돌,안전운전불이행,건조,맑음,교차로 - 교차로안,승용,여,37세,경상,승용,여,43세,중상
2013052000100301,2013년 5월 20일 15시,월요일,경상북도 고령군 우곡면,사망사고,1,0,0,0,차량단독 - 전도전복,안전운전불이행,건조,맑음,단일로 - 기타,농기계,남,79세,사망,,,,