사고번호,사고일시,요일,시군구,사고내용,사망자수,중상자수,경상자수,부상신고자수,사고유형,법규위반,노면상태,기상상태,도로형태,가해운전자 차종,가해운전자 성별,가해운전자 연령,가해운전자 상해정도,피해운전자 차종,피해운전자 성별,피해운전자 연령,피해운전자 상해정도
2013052300100334,2013년 5월 23일 15시,목요일,경상북도 의성군 의성읍,경상사고,0,0,1,0,차대사람 - 기타,안전운전불이행,건조,맑음,단일로 - 기타,승용,남,61세,상해없음,보행자,남,53세,경상
2013052300100335,2013년 5월 23일 15시,목요일,경상북도 예천군 예천읍,부상신고사고,0,0,0,1,차대차 - 측면직각충돌,중앙선침범,건조,맑음,단일로 - 기타,이륜,남,73세,부상신고,화물,남,72세,상해없음
2013052300100336,2013년 5월 23일 15시,목요일,경상북도 청도군 풍각면,중상사고,0,1,0,0,차대차 - 기타,안전운전불이행,건조,맑음,단일로 - 기타,화물,남,68세,상해없음,원동기,남,50세,중상
2013052300100337,2013년 5월 23일 15시,목요일,경상북도 청도군 풍각면,중상사고,0,2,0,0,차대차 - 추돌 - 진행중,안전운전불이행,건조,맑음,교차로 - 교차로안,원동기,여,56세,상해없음,원동기,남,82세,중상
2013052300100338,2013년 5월 23일 15시,목요일,경상북도 포항시 남구 이동,경상사고,0,0,1,0,차대차 - 측면직각충돌,신호위반,건조,맑음,교차로 - 교차로안,승합,여,45세,상해없음,승용,여,43세,경상
2013052300100368,2013년 5월 23일 16시,목요일,경상북도 의성군 의성읍,부상신고사고,0,0,0,1,차대차 - 측면직각충돌,불법유턴,건조,맑음,단일로 - 기타,자전거,남,90세 이상,부상신고,화물,남,90세 이상,상해없음
2013052300100415,2013년 5월 23일 17시,목요일,경상북도 경주시 충효동,중상사고,0,2,2,0,차대차 - 측면직각충돌,안전운전불이행,건조,맑음,교차로 - 교차로안,승용,여,30세,중상,승용,여,48세,중상
2013052300100416,2013년 5월 23일 17시,목요일,경상북도 상주시 공성면,중상사고,0,1,0,0,차대차 - 추돌 - 주정차중,안전운전불이행,건조,맑음,단일로 - 기타,이륜,여,72세,중상,화물,남,40세,상해없음
2013052300100417,2013년 5월 23일 17시,목요일,경상북도 영주시 상망동,중상사고,0,1,0,0,차대차 - 측면직각충돌,안전운전불이행,건조,맑음,단일로 - 기타,건설기계,남,42세,상해없음,자전거,남,69세,중상
2013052300100455,2013년 5월 23일 18시,목요일,경상북도 안동시 법흥동,경상사고,0,0,1,0,차대차 - 측면직각충돌,안전운전불이행,건조,맑음,교차로 - 교차로안,승용,남,21세,상해없음,자전거,남,22세,경상
2013052300100456,2013년 5월 23일 18시,목요일,경상북도 김천시 봉산면,경상사고,0,0,1,0,차대사람 - 길가장자리구역통행중,안전운전불이행,건조,맑음,교차로 - 교차로안,승합,남,62세,상해없음,보행자,여,71세,경상
2013052300100508,2013년 5월 23일 20시,목요일,경상북도 칠곡군 왜관읍,중상사고,0,1,0,0,차대차 - 추돌 - 진행중,교차로운행방법위반,건조,맑음,교차로 - 교차로안,화물,남,52세,상해없음,자전거,남,65세,중상
2013052300100509,2013년 5월 23일 20시,목요일,경상북도 성주군 선남면,경상사고,0,0,1,0,차대차 - 측면직각충돌,기타,기타,맑음,단일로 - 기타,화물,남,38세,상해없음,승용,여,35세,경상
2013052300100542,2013년 5월 23일 21시,목요일,경상북도 경주시 충효동,경상사고,0,0,1,0,차대차 - 기타,안전운전불이행,건조,맑음,단일로 - 기타,승합,남,46세,상해없음,원동기,남,16세,경상
2013052300100543,2013년 5월 23일 21시,목요일,경상북도 김천시 아포읍,경상사고,0,0,1,0,차대차 - 측면직각충돌,중앙선침범,건조,맑음,단일로 - 기타,승용,남,60세,상해없음,승용,남,52세,경상
2013052300100570,2013년 5월 23일 22시,목요일,경상북도 영천시 야사동,경상사고,0,0,1,0,차대차 - 측면직각충돌,안전운전불이행,건조,맑음,교차로 - 교차로안,승용,여,27세,상해없음,이륜,남,18세,경상
2013052300100571,2013년 5월 23일 22시,목요일,경상북도 경산시 계양동,중상사고,0,1,0,0,차대차 - 기타,안전운전불이행,건조,맑음,단일로 - 기타,승용,남,54세,상해없음,이륜,남,29세,중상
2013052300100606,2013년 5월 23일 23시,목요일,경상북도 김천시 부곡동,경상사고,0,0,1,0,차대차 - 측면직각충돌,신호위반,건조,맑음,교차로 - 교차로안,승용,여,35세,상해없음,승용,남,37세,경상
2013052300100607,2013년 5월 23일 23시,목요일,경상북도 경산시 옥산동,중상사고,0,2,0,0,차대차 - 기타,안전운전불이행,건조,맑음,단일로 - 기타,승용,남,50세,상해없음,승용,남,44세,중상
2013052300100608,2013년 5월 23일 23시,목요일,경상북도 포항시 남구 오천읍,중상사고,0,1,0,0,차대사람 - 기타,안전운전불이행,건조,맑음,단일로 - 기타,승용,남,23세,상해없음,보행자,남,41세,중상
2013052400100028,2013년 5월 24일 01시,금요일,경상북도 경주시 광명동,중상사고,0,2,0,0,차량단독 - 공작물충돌,안전운전불이행,건조,맑음,교차로 - 교차로안,승용,남,23세,중상,,,,
2013052400100029,2013년 5월 24일 01시,금요일,경상북도 포항시 북구 학산동,경상사고,0,0,2,0,차대차 - 기타,안전운전불이행,건조,맑음,교차로 - 교차로부근,승용,남,33세,상해없음,승용,남,65세,경상
2013052400100030,2013년 5월 24일 01시,금요일,경상북도 경산시 대동,중상사고,0,1,0,0,차대사람 - 기타,안전운전불이행,건조,맑음,단일로 - 기타,승용,남,26세,상해없음,보행자,남,33세,중상
2013052400100031,2013년 5월 24일 01시,금요일,경상북도 구미시 진평동,경상사고,0,0,1,0,차대사람 - 기타,안전운전불이행,건조,맑음,단일로 - 기타,승용,남,35세,상해없음,보행자,남,28세,경상
2013052400100042,2013년 5월 24일 02시,금요일,경상북도 의성군 봉양면,중상사고,0,1,0,0,차대차 - 추돌 - 진행중,안전운전불이행,건조,맑음,단일로 - 기타,특수,남,52세,상해없음,화물,남,59세,중상
2013052400100046,2013년 5월 24일 03시,금요일,경상북도 경주시 석장동,경상사고,0,0,2,0,차대차 - 기타,안전운전불이행,건조,맑음,교차로 - 교차로안,승용,남,27세,상해없음,승용,남,55세,상해없음
2013052400100087,2013년 5월 24일 06시,금요일,경상북도 경주시 배반동,중상사고,0,1,0,1,차대차 - 기타,신호위반,건조,맑음,교차로 - 교차로안,승용,남,30세,부상신고,승용,남,58세,중상
2013052400100088,2013년 5월 24일 06시,금요일,경상북도 경주시 성건동,경상사고,0,0,1,0,차량단독 - 기타,안전운전불이행,건조,맑음,교차로 - 교차로부근,승용,남,35세,상해없음,,,,
2013052400100116,2013년 5월 24일 07시,금요일,경상북도 안동시 풍산읍,경상사고,0,0,1,0,차대차 - 측면직각충돌,차로위반,건조,맑음,기타 - 기타,승용,남,54세,상해없음,승용,남,46세,경상
2013052400100117,2013년 5월 24일 07시,금요일,경상북도 울릉군 울릉읍,경상사고,0,0,1,0,차대사람 - 기타,안전운전불이행,건조,맑음,기타 - 기타,원동기,남,34세,상해없음,보행자,여,77세,경상
2013052400100118,2013년 5월 24일 07시,금요일,경상북도 칠곡군 지천면,중상사고,0,1,0,0,차량단독 - 기타,안전운전불이행,건조,맑음,단일로 - 기타,승용,여,51세,중상,,,,
2013052400100155,2013년 5월 24일 08시,금요일,경상북도 경주시 강동면,중상사고,0,1,0,0,차대차 - 기타,안전운전불이행,건조,맑음,단일로 - 기타,승용,여,56세,상해없음,자전거,남,77세,중상
2013052400100156,2013년 5월 24일 08시,금요일,경상북도 경주시 황성동,중상사고,0,1,0,0,차대사람 - 기타,안전운전불이행,건조,맑음,단일로 - 기타,승용,남,38세,상해없음,보행자,남,54세,중상
2013052400100157,2013년 5월 24일 08시,금요일,경상북도 상주시 화동면,경상사고,0,0,2,0,차대차 - 측면직각충돌,교차로운행방법위반,건조,맑음,교차로 - 교차로안,화물,남,44세,경상,화물,남,63세,경상
2013052400100158,2013년 5월 24일 08시,금요일,경상북도 칠곡군 동명면,중상사고,0,2,0,0,차대차 - 기타,안전운전불이행,건조,맑음,단일로 - 기타,승용,여,50세,기타불명,이륜,남,73세,중상
2013052400100187,2013년 5월 24일 09시,금요일,경상북도 김천시 평화동,중상사고,0,1,0,0,차대차 - 측면직각충돌,안전운전불이행,건조,맑음,교차로 - 교차로부근,승용,남,65세,상해없음,자전거,남,69세,중상
2013052400100188,2013년 5월 24일 09시,금요일,경상북도 영덕군 영해면,중상사고,0,1,0,0,차량단독 - 공작물충돌,안전운전불이행,건조,맑음,단일로 - 기타,화물,남,68세,중상,,,,
2013052400100189,2013년 5월 24일 09시,금요일,경상북도 군위군 효령면,경상사고,0,0,2,0,차대차 - 추돌 - 진행중,안전운전불이행,건조,맑음,단일로 - 기타,화물,남,58세,경상,농기계,남,60세,경상
2013052400100213,2013년 5월 24일 10시,금요일,경상북도 경주시 구정동,경상사고,0,0,2,0,차대차 - 기타,안전운전불이행,건조,맑음,교차로 - 교차로부근,화물,남,33세,상해없음,승용,여,55세,경상
2013052400100214,2013년 5월 24일 10시,금요일,경상북도 안동시 용상동,부상신고사고,0,0,0,3,차대차 - 측면직각충돌,안전운전불이행,건조,맑음,단일로 - 기타,승용,남,18세,상해없음,승합,남,31세,상해없음
2013052400100215,2013년 5월 24일 10시,금요일,경상북도 경산시 하양읍,중상사고,0,2,0,0,차대차 - 기타,교차로운행방법위반,건조,맑음,교차로 - 교차로안,승합,여,45세,상해없음,승용,여,29세,중상
2013052400100216,2013년 5월 24일 10시,금요일,경상북도 고령군 쌍림면,중상사고,0,1,14,0,차대차 - 추돌 - 주정차중,안전운전불이행,건조,맑음,교차로 - 교차로부근,화물,남,62세,상해없음,승합,남,30세,경상
2013052400100217,2013년 5월 24일 10시,금요일,경상북도 포항시 남구 해도동,중상사고,0,1,0,0,차대차 - 기타,신호위반,건조,맑음,교차로 - 교차로부근,화물,남,49세,상해없음,자전거,남,68세,중상
2013052400100258,2013년 5월 24일 12시,금요일,경상북도 경주시 성동동,경상사고,0,0,1,0,차량단독 - 기타,안전운전불이행,건조,맑음,교차로 - 교차로안,승용,남,72세,상해없음,,,,
2013052400100259,2013년 5월 24일 12시,금요일,경상북도 문경시 가은읍,경상사고,0,0,1,0,차대사람 - 횡단중,안전운전불이행,건조,맑음,기타 - 기타,승용,남,81세,상해없음,보행자,여,57세,경상
2013052400100278,2013년 5월 24일 13시,금요일,경상북도 의성군 비안면,중상사고,0,1,0,0,차량단독 - 전도전복,안전운전불이행,건조,맑음,단일로 - 기타,이륜,남,57세,상해없음,,,,
2013052400100279,2013년 5월 24일 13시,금요일,경상북도 포항시 남구 효자동,중상사고,0,1,0,0,차대사람 - 기타,안전운전불이행,건조,맑음,단일로 - 기타,승합,여,33세,상해없음,보행자,남,76세,중상
2013052400100307,2013년 5월 24일 14시,금요일,경상북도 상주시 무양동,경상사고,0,0,1,0,차대차 - 기타,교차로운행방법위반,건조,맑음,교차로 - 교차로안,승용,여,43세,상해없음,화물,남,43세,경상
2013052400100308,2013년 5월 24일 14시,금요일,경상북도 영천시 북안면,경상사고,0,0,1,0,차대차 - 기타,안전거리미확보,건조,맑음,기타 - 기타,원동기,남,78세,경상,화물,남,27세,상해없음
2013052400100327,2013년 5월 24일 15시,금요일,경상북도 포항시 북구 죽도동,부상신고사고,0,0,0,1,차대차 - 기타,중앙선침범,건조,맑음,단일로 - 기타,원동기,남,16세,부상신고,승용,남,40세,상해없음
2013052400100328,2013년 5월 24일 15시,금요일,경상북도 김천시 부곡동,경상사고,0,0,1,0,차대차 - 정면충돌,중앙선침범,건조,맑음,기타 - 기타,이륜,남,55세,상해없음,자전거,남,7세,경상
2013052400100369,2013년 5월 24일 16시,금요일,경상북도 안동시 법흥동,중상사고,0,1,0,0,차대사람 - 보도통행중,안전운전불이행,건조,맑음,교차로 - 교차로안,승용,여,51세,상해없음,보행자,여,64세,중상
2013052400100370,2013년 5월 24일 16시,금요일,경상북도 안동시 태화동,경상사고,0,0,1,0,차대차 - 측면직각충돌,교차로운행방법위반,건조,맑음,교차로 - 교차로안,승용,여,45세,상해없음,승용,여,51세,경상
2013052400100371,2013년 5월 24일 16시,금요일,경상북도 김천시 지좌동,경상사고,0,0,1,0,차대차 - 측면직각충돌,안전운전불이행,건조,맑음,교차로 - 교차로부근,승합,남,37세,상해없음,승용,남,29세,경상
2013052400100372,2013년 5월 24일 16시,금요일,경상북도 경산시 하양읍,경상사고,0,0,1,0,차대사람 - 기타,안전운전불이행,건조,맑음,단일로 - 횡단보도부근,승용,남,47세,상해없음,보행자,남,7세,경상
2013052400100373,2013년 5월 24일 16시,금요일,경상북도 예천군 용궁면,경상사고,0,0,1,0,차대차 - 기타,안전운전불이행,건조,맑음,교차로 - 교차로안,승용,남,43세,상해없음,이륜,여,76세,경상
2013052400100374,2013년 5월 24일 16시,금요일,경상북도 영양군 수비면,중상사고,0,1,0,0,차대차 - 기타,안전운전불이행,건조,맑음,단일로 - 기타,화물,남,55세,상해없음,이륜,남,74세,중상
2013052400100419,2013년 5월 24일 17시,금요일,경상북도 안동시 안흥동,중상사고,0,1,0,0,차대차 - 기타,안전거리미확보,건조,맑음,단일로 - 기타,화물,남,61세,상해없음,원동기,남,22세,중상
2013052400100420,2013년 5월 24일 17시,금요일,경상북도 청송군 부남면,경상사고,0,0,1,0,차대차 - 추돌 - 진행중,안전거리미확보,건조,맑음,단일로 - 기타,승용,남,59세,상해없음,승용,여,46세,상해없음
2013052400100421,2013년 5월 24일 17시,금요일,경상북도 구미시 산동면,경상사고,0,0,2,0,차대차 - 측면직각충돌,직진우회전진행방해,건조,맑음,교차로 - 교차로안,화물,남,36세,경상,승용,여,26세,경상
2013052400100422,2013년 5월 24일 17시,금요일,경상북도 포항시 남구 오천읍,중상사고,0,1,0,0,차대사람 - 기타,안전운전불이행,건조,맑음,단일로 - 기타,승용,여,27세,상해없음,보행자,여,13세,중상
2013052400100423,2013년 5월 24일 17시,금요일,경상북도 칠곡군 석적읍,경상사고,0,0,2,0,차대차 - 추돌 - 진행중,안전운전불이행,건조,맑음,단일로 - 기타,기타불명,기타불명,기타불명,기타불명,승용,남,55세,경상
2013052400100471,2013년 5월 24일 18시,금요일,경상북도 포항시 북구 흥해읍,경상사고,0,0,1,0,차대차 - 측면직각충돌,교차로운행방법위반,건조,맑음,단일로 - 기타,승용,여,36세,상해없음,승용,남,32세,경상
2013052400100472,2013년 5월 24일 18시,금요일,경상북도 안동시 옥동,경상사고,0,0,1,0,차대차 - 기타,안전운전불이행,건조,맑음,기타 - 기타,승용,남,76세,상해없음,승합,남,66세,상해없음
2013052400100473,2013년 5월 24일 18시,금요일,경상북도 김천시 평화동,경상사고,0,0,1,0,차대사람 - 기타,안전운전불이행,건조,맑음,단일로 - 기타,자전거,남,14세,상해없음,보행자,여,57세,경상
2013052400100474,2013년 5월 24일 18시,금요일,경상북도 칠곡군 북삼읍,중상사고,0,1,0,0,차대차 - 기타,안전운전불이행,건조,맑음,교차로 - 교차로안,승합,남,38세,상해없음,자전거,남,10세,중상
2013052400100475,2013년 5월 24일 18시,금요일,경상북도 청도군 청도읍,중상사고,0,1,0,0,차량단독 - 공작물충돌,안전운전불이행,건조,맑음,단일로 - 기타,화물,남,36세,중상,,,,
2013052400100476,2013년 5월 24일 18시,금요일,경상북도 구미시 임은동,중상사고,0,1,0,0,차대사람 - 기타,안전운전불이행,건조,맑음,단일로 - 기타,승용,남,24세,상해없음,보행자,여,34세,중상
2013052400100509,2013년 5월 24일 19시,금요일,경상북도 김천시 지좌동,경상사고,0,0,1,0,차대차 - 측면직각충돌,안전운전불이행,건조,맑음,교차로 - 교차로부근,승용,남,52세,상해없음,승합,여,29세,경상
2013052400100510,2013년 5월 24일 19시,금요일,경상북도 구미시 임은동,경상사고,0,0,1,0,차대차 - 측면직각충돌,안전운전불이행,건조,맑음,교차로 - 교차로안,이륜,남,18세,경상,화물,남,58세,상해없음
2013052400100511,2013년 5월 24일 19시,금요일,경상북도 구미시 고아읍,경상사고,0,0,2,0,차대차 - 기타,안전운전불이행,건조,맑음,교차로 - 교차로부근,승용,남,40세,상해없음,화물,남,71세,경상
2013052400100512,2013년 5월 24일 19시,금요일,경상북도 포항시 남구 연일읍,경상사고,0,0,1,0,차대차 - 추돌 - 진행중,안전운전불이행,건조,맑음,단일로 - 기타,승용,남,51세,상해없음,승용,남,32세,경상
2013052400100542,2013년 5월 24일 20시,금요일,경상북도 경주시 성동동,경상사고,0,0,1,0,차대차 - 기타,안전운전불이행,건조,맑음,단일로 - 기타,승용,여,26세,상해없음,승용,여,60세,경상
2013052400100543,2013년 5월 24일 20시,금요일,경상북도 경주시 황오동,부상신고사고,0,0,0,1,차대차 - 기타,안전운전불이행,건조,맑음,교차로 - 교차로안,승용,남,32세,부상신고,승용,여,57세,상해없음
2013052400100544,2013년 5월 24일 20시,금요일,경상북도 경산시 옥산동,경상사고,0,0,1,0,차대사람 - 기타,안전운전불이행,건조,맑음,단일로 - 기타,승용,여,51세,상해없음,보행자,남,60세,경상
2013052400100545,2013년 5월 24일 20시,금요일,경상북도 경산시 사동,중상사고,0,1,3,0,차대차 - 기타,교차로운행방법위반,건조,맑음,교차로 - 교차로안,승용,여,44세,상해없음,승용,여,35세,경상
2013052400100546,2013년 5월 24일 20시,금요일,경상북도 고령군 고령읍,중상사고,0,2,2,0,차대차 - 정면충돌,중앙선침범,건조,맑음,교차로 - 교차로부근,화물,남,50세,상해없음,승용,여,60세,중상
2013052400100581,2013년 5월 24일 21시,금요일,경상북도 안동시 옥동,경상사고,0,0,1,0,차대차 - 추돌 - 주정차중,안전운전불이행,건조,맑음,교차로 - 교차로부근,화물,남,54세,상해없음,승용,남,52세,경상
2013052400100582,2013년 5월 24일 21시,금요일,경상북도 칠곡군 석적읍,부상신고사고,0,0,0,1,차대차 - 추돌 - 주정차중,안전운전불이행,건조,맑음,단일로 - 기타,화물,남,57세,부상신고,승용,남,35세,기타불명
2013052400100610,2013년 5월 24일 22시,금요일,경상북도 경산시 진량읍,경상사고,0,0,1,0,차대차 - 기타,안전운전불이행,건조,맑음,교차로 - 교차로부근,승용,남,53세,상해없음,이륜,남,27세,경상
2013052400100611,2013년 5월 24일 22시,금요일,경상북도 구미시 공단동,중상사고,0,1,0,0,차량단독 - 공작물충돌,안전운전불이행,건조,맑음,교차로 - 교차로안,승용,남,53세,중상,,,,
2013052400100612,2013년 5월 24일 22시,금요일,경상북도 구미시 임수동,중상사고,0,1,3,0,차대차 - 추돌 - 주정차중,안전운전불이행,건조,맑음,교차로 - 교차로부근,승용,남,49세,상해없음,승용,남,28세,경상
2013052400100613,2013년 5월 24일 22시,금요일,경상북도 포항시 남구 송도동,중상사고,0,1,0,0,차대차 - 기타,안전운전불이행,건조,맑음,단일로 - 기타,승용,남,52세,상해없음,승용,남,60세,상해없음
2013052500100019,2013년 5월 25일 00시,토요일,경상북도 경주시 동방동,중상사고,0,2,0,0,차대차 - 기타,안전운전불이행,건조,맑음,기타 - 기타,승용,남,36세,상해없음,화물,남,39세,중상
2013052500100020,2013년 5월 25일 00시,토요일,경상북도 구미시 임은동,중상사고,0,2,1,0,차대차 - 측면직각충돌,신호위반,건조,맑음,교차로 - 교차로안,승용,남,26세,경상,승용,남,44세,중상
2013052500100070,2013년 5월 25일 02시,토요일,경상북도 안동시 옥동,경상사고,0,0,1,0,차대차 - 추돌 - 주정차중,안전운전불이행,건조,맑음,기타 - 기타,승용,남,55세,상해없음,승용,남,52세,상해없음
2013052500100089,2013년 5월 25일 03시,토요일,경상북도 포항시 북구 장성동,경상사고,0,0,2,0,차대차 - 기타,안전운전불이행,건조,맑음,단일로 - 기타,승용,남,33세,상해없음,승용,여,23세,경상
2013052500100090,2013년 5월 25일 03시,토요일,경상북도 칠곡군 동명면,부상신고사고,0,0,0,1,차량단독 - 기타,안전운전불이행,건조,맑음,단일로 - 기타,승용,남,33세,부상신고,,,,
2013052500100091,2013년 5월 25일 03시,토요일,경상북도 칠곡군 기산면,부상신고사고,0,0,0,1,차량단독 - 공작물충돌,안전운전불이행,건조,맑음,단일로 - 기타,화물,남,50세,부상신고,,,,
2013052500100104,2013년 5월 25일 04시,토요일,경상북도 안동시 옥동,경상사고,0,0,2,0,차대차 - 기타,안전운전불이행,건조,맑음,기타 - 기타,승합,남,47세,상해없음,승용,남,22세,경상
2013052500100141,2013년 5월 25일 06시,토요일,경상북도 상주시 흥각동,중상사고,0,3,0,0,차대차 - 추돌 - 진행중,기타,건조,맑음,교차로 - 교차로안,이륜,남,76세,상해없음,농기계,남,70세,중상
2013052500100142,2013년 5월 25일 06시,토요일,경상북도 의성군 비안면,중상사고,0,1,0,0,차대차 - 측면직각충돌,직진우회전진행방해,건조,맑음,교차로 - 교차로안,승합,여,58세,상해없음,원동기,남,51세,중상
2013052500100162,2013년 5월 25일 07시,토요일,경상북도 칠곡군 북삼읍,중상사고,0,1,0,0,차대차 - 기타,교차로운행방법위반,건조,맑음,교차로 - 교차로안,승용,여,29세,상해없음,승용,남,46세,중상
2013052500100193,2013년 5월 25일 08시,토요일,경상북도 상주시 성하동,중상사고,0,1,0,0,차대차 - 기타,중앙선침범,건조,맑음,교차로 - 교차로부근,자전거,남,12세,중상,승용,남,68세,상해없음
2013052500100194,2013년 5월 25일 08시,토요일,경상북도 문경시 영순면,경상사고,0,0,1,0,차대사람 - 기타,안전운전불이행,건조,맑음,단일로 - 기타,화물,남,61세,상해없음,보행자,남,19세,경상
2013052500100221,2013년 5월 25일 09시,토요일,경상북도 경주시 탑동,경상사고,0,0,2,0,차대차 - 추돌 - 주정차중,안전운전불이행,건조,맑음,단일로 - 기타,승용,남,35세,상해없음,승용,여,46세,경상
2013052500100286,2013년 5월 25일 11시,토요일,경상북도 김천시 부곡동,부상신고사고,0,0,0,1,차대차 - 측면직각충돌,안전운전불이행,건조,맑음,교차로 - 교차로안,자전거,남,88세,부상신고,화물,남,54세,상해없음
2013052500100321,2013년 5월 25일 12시,토요일,경상북도 경주시 성동동,경상사고,0,0,1,0,차대차 - 기타,안전운전불이행,건조,맑음,단일로 - 기타,화물,남,47세,상해없음,자전거,남,15세,경상
2013052500100322,2013년 5월 25일 12시,토요일,경상북도 안동시 금곡동,중상사고,0,1,0,0,차대차 - 기타,안전운전불이행,건조,맑음,단일로 - 기타,승용,남,63세,상해없음,자전거,여,15세,중상
2013052500100323,2013년 5월 25일 12시,토요일,경상북도 봉화군 명호면,중상사고,0,1,0,0,차량단독 - 기타,기타,건조,맑음,단일로 - 기타,승합,남,53세,상해없음,,,,
2013052500100324,2013년 5월 25일 12시,토요일,경상북도 구미시 송정동,중상사고,0,1,0,0,차대차 - 기타,직진우회전진행방해,건조,맑음,교차로 - 교차로안,승합,남,45세,상해없음,이륜,남,47세,중상
2013052500100325,2013년 5월 25일 12시,토요일,경상북도 구미시 공단동,중상사고,0,1,1,0,차대차 - 기타,신호위반,건조,맑음,교차로 - 교차로안,화물,남,46세,경상,승용,여,24세,중상
2013052500100326,2013년 5월 25일 12시,토요일,경상북도 포항시 남구 동촌동,경상사고,0,0,1,0,차대차 - 추돌 - 주정차중,안전거리미확보,건조,맑음,단일로 - 기타,승용,남,74세,상해없음,승용,남,61세,경상
2013052500100355,2013년 5월 25일 13시,토요일,경상북도 구미시 남통동,경상사고,0,0,2,0,차대차 - 기타,안전운전불이행,건조,맑음,단일로 - 기타,승용,남,31세,상해없음,승용,남,31세,경상
2013052500100356,2013년 5월 25일 13시,토요일,경상북도 구미시 비산동,경상사고,0,0,1,0,차대차 - 기타,안전운전불이행,건조,맑음,단일로 - 기타,자전거,남,15세,경상,승용,남,44세,상해없음
2013052500100397,2013년 5월 25일 14시,토요일,경상북도 경주시 천북면,경상사고,0,0,1,0,차대차 - 추돌 - 주정차중,안전운전불이행,건조,맑음,교차로 - 교차로안,화물,남,53세,상해없음,승용,여,54세,경상
2013052500100398,2013년 5월 25일 14시,토요일,경상북도 경주시 성동동,경상사고,0,0,1,0,차대사람 - 기타,안전운전불이행,건조,맑음,단일로 - 기타,승용,남,51세,상해없음,보행자,남,14세,경상
2013052500100399,2013년 5월 25일 14시,토요일,경상북도 포항시 북구 죽도동,경상사고,0,0,1,0,차대차 - 기타,안전운전불이행,건조,맑음,단일로 - 기타,기타불명,기타불명,기타불명,기타불명,자전거,남,85세,경상
2013052500100400,2013년 5월 25일 14시,토요일,경상북도 안동시 태화동,중상사고,0,1,0,0,차대차 - 측면직각충돌,안전운전불이행,건조,맑음,단일로 - 기타,승용,남,53세,상해없음,승용,남,76세,중상
2013052500100401,2013년 5월 25일 14시,토요일,경상북도 포항시 남구 해도동,경상사고,0,0,3,0,차대차 - 추돌 - 주정차중,안전거리미확보,건조,맑음,교차로 - 교차로안,승용,남,42세,상해없음,승용,여,54세,경상
2013052500100432,2013년 5월 25일 15시,토요일,경상북도 포항시 북구 신광면,중상사고,0,1,0,0,차대차 - 기타,안전운전불이행,건조,맑음,단일로 - 기타,승용,여,57세,상해없음,원동기,여,47세,기타불명
2013052500100433,2013년 5월 25일 15시,토요일,경상북도 포항시 북구 흥해읍,중상사고,0,1,0,0,차량단독 - 기타,안전운전불이행,건조,맑음,단일로 - 기타,원동기,남,57세,상해없음,,,,
2013052500100434,2013년 5월 25일 15시,토요일,경상북도 청송군 현동면,중상사고,0,1,0,0,차대사람 - 기타,불법유턴,건조,맑음,단일로 - 기타,승용,여,48세,상해없음,보행자,남,63세,중상
2013052500100469,2013년 5월 25일 16시,토요일,경상북도 안동시 안기동,경상사고,0,0,1,0,차대차 - 기타,안전운전불이행,건조,맑음,기타 - 기타,건설기계,남,45세,상해없음,화물,남,44세,경상
2013052500100470,2013년 5월 25일 16시,토요일,경상북도 경산시 계양동,경상사고,0,0,6,0,차대차 - 기타,안전운전불이행,건조,맑음,단일로 - 기타,승용,남,77세,상해없음,승용,남,33세,경상
2013052500100509,2013년 5월 25일 17시,토요일,경상북도 성주군 월항면,경상사고,0,0,1,0,차대차 - 추돌 - 주정차중,교차로운행방법위반,건조,맑음,교차로 - 교차로안,승용,남,76세,상해없음,이륜,남,43세,경상
2013052500100549,2013년 5월 25일 18시,토요일,경상북도 경산시 진량읍,중상사고,0,1,1,0,차대차 - 기타,안전운전불이행,건조,맑음,단일로 - 기타,승용,남,31세,상해없음,승용,여,57세,경상
2013052500100550,2013년 5월 25일 18시,토요일,경상북도 경산시 삼북동,중상사고,0,1,0,0,차대사람 - 기타,안전운전불이행,건조,맑음,교차로 - 교차로안,승용,여,45세,상해없음,보행자,여,9세,중상
2013052500100551,2013년 5월 25일 18시,토요일,경상북도 경산시 압량면,경상사고,0,0,1,0,차대차 - 기타,안전운전불이행,건조,맑음,단일로 - 기타,승용,남,29세,상해없음,승용,남,34세,경상
2013052500100552,2013년 5월 25일 18시,토요일,경상북도 구미시 도량동,중상사고,0,1,0,0,차대차 - 기타,기타,건조,맑음,단일로 - 기타,이륜,남,59세,중상,승용,여,49세,상해없음
2013052500100589,2013년 5월 25일 19시,토요일,경상북도 경주시 성건동,경상사고,0,0,1,0,차대차 - 기타,안전운전불이행,건조,맑음,교차로 - 교차로안,승용,남,33세,상해없음,원동기,남,19세,경상
2013052500100617,2013년 5월 25일 20시,토요일,경상북도 포항시 남구 일월동,경상사고,0,0,3,0,차대차 - 추돌 - 주정차중,안전운전불이행,습기,맑음,단일로 - 기타,승용,남,58세,상해없음,승용,남,31세,경상
2013052500100651,2013년 5월 25일 21시,토요일,경상북도 김천시 성내동,중상사고,0,1,0,0,차대사람 - 기타,보행자보호의무위반,건조,맑음,단일로 - 기타,승합,남,24세,상해없음,보행자,남,18세,중상
2013052500100652,2013년 5월 25일 21시,토요일,경상북도 구미시 거의동,경상사고,0,0,1,0,차대차 - 기타,교차로운행방법위반,건조,맑음,교차로 - 교차로안,원동기,남,21세,상해없음,원동기,남,32세,경상