사고번호,사고일시,요일,시군구,사고내용,사망자수,중상자수,경상자수,부상신고자수,사고유형,법규위반,노면상태,기상상태,도로형태,가해운전자 차종,가해운전자 성별,가해운전자 연령,가해운전자 상해정도,피해운전자 차종,피해운전자 성별,피해운전자 연령,피해운전자 상해정도
2013052500100681,2013년 5월 25일 22시,토요일,경상북도 포항시 북구 양덕동,경상사고,0,0,1,0,차대차 - 측면직각충돌,안전운전불이행,건조,맑음,교차로 - 교차로부근,승용,남,49세,상해없음,승용,남,27세,경상
2013052500100682,2013년 5월 25일 22시,토요일,경상북도 포항시 남구 상도동,경상사고,0,0,1,0,차대차 - 추돌 - 진행중,안전운전불이행,건조,맑음,단일로 - 기타,승용,남,44세,상해없음,승용,남,65세,경상
2013052500100709,2013년 5월 25일 23시,토요일,경상북도 포항시 북구 득량동,경상사고,0,0,1,0,차대차 - 기타,차로위반,건조,맑음,교차로 - 교차로부근,승용,남,51세,상해없음,원동기,남,34세,경상
2013052500100710,2013년 5월 25일 23시,토요일,경상북도 김천시 평화동,경상사고,0,0,1,0,차대사람 - 기타,교차로운행방법위반,건조,맑음,교차로 - 교차로부근,승용,남,31세,상해없음,보행자,남,19세,경상
2013052500100711,2013년 5월 25일 23시,토요일,경상북도 경산시 하양읍,중상사고,0,1,0,0,차대사람 - 기타,안전운전불이행,건조,맑음,단일로 - 기타,이륜,남,22세,상해없음,보행자,여,52세,중상
2013052600100013,2013년 5월 26일 00시,일요일,경상북도 포항시 북구 환호동,중상사고,0,1,0,0,차대사람 - 기타,안전운전불이행,건조,맑음,기타 - 기타,승용,남,27세,상해없음,보행자,남,50세,중상
2013052600100014,2013년 5월 26일 00시,일요일,경상북도 경산시 계양동,경상사고,0,0,1,0,차대사람 - 기타,안전운전불이행,건조,맑음,단일로 - 기타,승용,여,19세,상해없음,보행자,남,24세,경상
2013052600100099,2013년 5월 26일 05시,일요일,경상북도 경주시 동천동,경상사고,0,0,1,0,차대사람 - 기타,안전운전불이행,건조,맑음,단일로 - 기타,승용,여,26세,상해없음,보행자,남,43세,경상
2013052600100129,2013년 5월 26일 07시,일요일,경상북도 안동시 임하면,경상사고,0,0,1,0,차대차 - 정면충돌,중앙선침범,건조,맑음,단일로 - 기타,승용,남,38세,상해없음,승합,남,52세,경상
2013052600100141,2013년 5월 26일 08시,일요일,경상북도 경산시 자인면,중상사고,0,2,1,0,차대차 - 기타,신호위반,건조,맑음,교차로 - 교차로안,승용,남,29세,상해없음,승용,남,45세,중상
2013052600100182,2013년 5월 26일 10시,일요일,경상북도 김천시 황금동,경상사고,0,0,1,0,차대차 - 측면직각충돌,안전운전불이행,건조,맑음,교차로 - 교차로안,화물,남,44세,상해없음,이륜,남,77세,경상
2013052600100183,2013년 5월 26일 10시,일요일,경상북도 칠곡군 동명면,경상사고,0,0,2,0,차량단독 - 공작물충돌,안전운전불이행,건조,맑음,단일로 - 기타,승용,남,15세,상해없음,,,,
2013052600100208,2013년 5월 26일 11시,일요일,경상북도 안동시 남선면,중상사고,0,1,0,0,차량단독 - 기타,안전운전불이행,건조,맑음,단일로 - 기타,농기계,남,76세,중상,,,,
2013052600100209,2013년 5월 26일 11시,일요일,경상북도 문경시 마성면,중상사고,0,2,10,0,차대차 - 추돌 - 주정차중,안전운전불이행,건조,맑음,단일로 - 기타,승합,남,53세,상해없음,화물,남,30세,기타불명
2013052600100229,2013년 5월 26일 12시,일요일,경상북도 의성군 의성읍,경상사고,0,0,2,0,차대차 - 측면직각충돌,직진우회전진행방해,건조,맑음,교차로 - 교차로안,승용,여,35세,상해없음,승용,남,49세,상해없음
2013052600100230,2013년 5월 26일 12시,일요일,경상북도 칠곡군 가산면,경상사고,0,0,2,1,차대차 - 기타,안전거리미확보,건조,맑음,단일로 - 기타,승용,남,34세,부상신고,승용,남,30세,경상
2013052600100231,2013년 5월 26일 12시,일요일,경상북도 문경시 모전동,경상사고,0,0,1,0,차대사람 - 횡단중,안전운전불이행,건조,맑음,단일로 - 횡단보도부근,승용,남,41세,상해없음,보행자,남,8세,경상
2013052600100232,2013년 5월 26일 12시,일요일,경상북도 봉화군 춘양면,경상사고,0,0,2,0,차대차 - 추돌 - 진행중,안전운전불이행,건조,맑음,단일로 - 기타,승용,여,53세,경상,화물,남,48세,경상
2013052600100233,2013년 5월 26일 12시,일요일,경상북도 포항시 남구 효자동,경상사고,0,0,2,0,차대차 - 측면직각충돌,안전운전불이행,건조,맑음,단일로 - 기타,승용,여,57세,상해없음,승용,남,32세,경상
2013052600100271,2013년 5월 26일 13시,일요일,경상북도 영양군 영양읍,중상사고,0,1,1,0,차량단독 - 도로외이탈 - 추락,안전운전불이행,건조,맑음,단일로 - 기타,승용,여,57세,경상,,,,
2013052600100272,2013년 5월 26일 13시,일요일,경상북도 포항시 남구 이동,경상사고,0,0,2,0,차대차 - 기타,안전운전불이행,건조,맑음,교차로 - 교차로부근,승용,남,23세,경상,승용,남,20세,경상
2013052600100297,2013년 5월 26일 14시,일요일,경상북도 경주시 노동동,경상사고,0,0,1,0,차대사람 - 기타,안전운전불이행,건조,맑음,단일로 - 기타,승용,남,44세,상해없음,보행자,남,29세,경상
2013052600100298,2013년 5월 26일 14시,일요일,경상북도 영천시 화남면,중상사고,0,1,5,0,차대차 - 기타,중앙선침범,건조,맑음,기타 - 기타,화물,남,60세,경상,승용,남,38세,경상
2013052600100299,2013년 5월 26일 14시,일요일,경상북도 영천시 금호읍,경상사고,0,0,1,0,차대차 - 측면직각충돌,안전운전불이행,건조,맑음,단일로 - 기타,이륜,남,65세,경상,승용,남,29세,상해없음
2013052600100328,2013년 5월 26일 15시,일요일,경상북도 경주시 강동면,경상사고,0,0,1,0,차대차 - 기타,안전운전불이행,건조,맑음,단일로 - 기타,승용,남,52세,상해없음,자전거,남,60세,경상
2013052600100329,2013년 5월 26일 15시,일요일,경상북도 의성군 금성면,부상신고사고,0,0,0,1,차대차 - 측면직각충돌,안전운전불이행,건조,맑음,단일로 - 기타,원동기,남,79세,부상신고,승용,여,34세,상해없음
2013052600100357,2013년 5월 26일 16시,일요일,경상북도 경주시 인왕동,경상사고,0,0,5,0,차대차 - 추돌 - 주정차중,안전운전불이행,건조,맑음,단일로 - 기타,승용,남,58세,상해없음,승용,남,42세,상해없음
2013052600100358,2013년 5월 26일 16시,일요일,경상북도 영천시 대창면,경상사고,0,0,3,0,차대차 - 기타,안전운전불이행,건조,맑음,단일로 - 기타,승용,여,46세,경상,농기계,남,73세,상해없음
2013052600100385,2013년 5월 26일 17시,일요일,경상북도 봉화군 물야면,경상사고,0,0,2,0,차대차 - 추돌 - 진행중,안전운전불이행,건조,맑음,단일로 - 기타,화물,남,51세,상해없음,승합,남,47세,상해없음
2013052600100386,2013년 5월 26일 17시,일요일,경상북도 포항시 남구 장기면,경상사고,0,0,2,0,차대차 - 측면직각충돌,직진우회전진행방해,건조,맑음,교차로 - 교차로안,화물,남,57세,경상,화물,남,47세,경상
2013052600100446,2013년 5월 26일 19시,일요일,경상북도 안동시 안막동,경상사고,0,0,2,0,차대차 - 기타,안전운전불이행,건조,맑음,단일로 - 기타,화물,여,60세,상해없음,승합,남,44세,경상
2013052600100447,2013년 5월 26일 19시,일요일,경상북도 성주군 성주읍,중상사고,0,1,0,0,차량단독 - 전도전복,안전운전불이행,건조,맑음,교차로 - 교차로부근,이륜,남,34세,중상,,,,
2013052600100488,2013년 5월 26일 20시,일요일,경상북도 울진군 후포면,중상사고,0,1,6,0,차대차 - 정면충돌,중앙선침범,건조,맑음,단일로 - 기타,승용,남,33세,상해없음,승용,남,54세,경상
2013052600100539,2013년 5월 26일 22시,일요일,경상북도 영주시 풍기읍,중상사고,0,1,0,0,차대사람 - 길가장자리구역통행중,안전운전불이행,건조,맑음,단일로 - 기타,승용,남,22세,상해없음,보행자,여,19세,중상
2013052600100540,2013년 5월 26일 22시,일요일,경상북도 구미시 고아읍,경상사고,0,0,2,0,차대차 - 기타,안전운전불이행,건조,맑음,교차로 - 교차로부근,화물,남,47세,상해없음,승용,남,38세,경상
2013052700100057,2013년 5월 27일 05시,월요일,경상북도 울진군 죽변면,중상사고,0,1,0,0,차대차 - 추돌 - 주정차중,안전운전불이행,건조,맑음,단일로 - 기타,화물,남,65세,중상,승합,남,51세,상해없음
2013052700100103,2013년 5월 27일 07시,월요일,경상북도 영주시 고현동,중상사고,0,1,0,0,차대사람 - 길가장자리구역통행중,안전운전불이행,건조,맑음,단일로 - 기타,건설기계,남,50세,상해없음,보행자,여,72세,중상
2013052700100134,2013년 5월 27일 08시,월요일,경상북도 경산시 진량읍,중상사고,0,1,0,0,차대사람 - 기타,안전운전불이행,건조,맑음,단일로 - 기타,승용,남,34세,상해없음,보행자,남,18세,중상
2013052700100177,2013년 5월 27일 09시,월요일,경상북도 경산시 중방동,경상사고,0,0,1,0,차대차 - 기타,안전운전불이행,건조,맑음,단일로 - 기타,승용,남,25세,상해없음,이륜,남,30세,경상
2013052700100199,2013년 5월 27일 10시,월요일,경상북도 경주시 인왕동,중상사고,0,2,0,2,차대차 - 기타,안전운전불이행,건조,맑음,단일로 - 기타,화물,남,54세,상해없음,승용,여,52세,부상신고
2013052700100200,2013년 5월 27일 10시,월요일,경상북도 경주시 산내면,경상사고,0,0,1,0,차대차 - 기타,안전운전불이행,건조,맑음,교차로 - 교차로안,승용,남,41세,상해없음,승용,남,55세,경상
2013052700100201,2013년 5월 27일 10시,월요일,경상북도 김천시 신음동,경상사고,0,0,1,0,차대차 - 측면직각충돌,안전운전불이행,건조,맑음,단일로 - 기타,승용,여,45세,상해없음,이륜,남,79세,경상
2013052700100229,2013년 5월 27일 11시,월요일,경상북도 영주시 영주동,중상사고,0,1,0,0,차대사람 - 차도통행중,보행자보호의무위반,건조,흐림,교차로 - 교차로부근,승용,여,31세,상해없음,보행자,여,57세,중상
2013052700100256,2013년 5월 27일 12시,월요일,경상북도 경주시 강동면,중상사고,0,2,3,0,차대차 - 기타,안전운전불이행,건조,맑음,단일로 - 기타,화물,남,57세,상해없음,화물,남,62세,경상
2013052700100257,2013년 5월 27일 12시,월요일,경상북도 칠곡군 왜관읍,중상사고,0,1,0,0,차대차 - 추돌 - 진행중,교차로운행방법위반,건조,맑음,교차로 - 교차로안,승용,여,51세,상해없음,이륜,남,61세,중상
2013052700100258,2013년 5월 27일 12시,월요일,경상북도 포항시 남구 해도동,중상사고,0,1,0,0,차대차 - 측면직각충돌,안전운전불이행,건조,맑음,단일로 - 기타,화물,남,59세,상해없음,자전거,남,64세,중상
2013052700100287,2013년 5월 27일 13시,월요일,경상북도 영덕군 창수면,중상사고,0,1,1,0,차대차 - 정면충돌,중앙선침범,건조,흐림,단일로 - 기타,화물,남,62세,상해없음,화물,남,38세,경상
2013052700100288,2013년 5월 27일 13시,월요일,경상북도 영덕군 남정면,중상사고,0,1,0,0,차대차 - 기타,신호위반,건조,맑음,교차로 - 교차로부근,승용,남,53세,상해없음,특수,남,51세,중상
2013052700100325,2013년 5월 27일 14시,월요일,경상북도 경주시 양북면,중상사고,0,1,0,0,차량단독 - 공작물충돌,안전운전불이행,건조,맑음,단일로 - 기타,화물,남,65세,중상,,,,
2013052700100326,2013년 5월 27일 14시,월요일,경상북도 구미시 사곡동,부상신고사고,0,0,0,1,차대차 - 측면직각충돌,안전운전불이행,습기,비,교차로 - 교차로안,원동기,남,29세,부상신고,승용,남,47세,상해없음
2013052700100327,2013년 5월 27일 14시,월요일,경상북도 구미시 원평동,중상사고,0,1,0,0,차대차 - 측면직각충돌,교차로운행방법위반,습기,비,교차로 - 교차로안,원동기,남,55세,중상,승용,남,72세,상해없음
2013052700100328,2013년 5월 27일 14시,월요일,경상북도 구미시 인의동,경상사고,0,0,1,0,차대차 - 기타,안전운전불이행,건조,맑음,단일로 - 기타,승용,기타불명,기타불명,기타불명,승용,기타불명,기타불명,기타불명
2013052700100361,2013년 5월 27일 15시,월요일,경상북도 고령군 성산면,중상사고,0,1,0,0,차대차 - 측면직각충돌,교차로운행방법위반,습기,비,교차로 - 교차로안,화물,남,31세,상해없음,원동기,남,35세,중상
2013052700100362,2013년 5월 27일 15시,월요일,경상북도 구미시 구포동,경상사고,0,0,3,0,차대차 - 측면직각충돌,안전운전불이행,습기,비,단일로 - 기타,화물,남,52세,상해없음,화물,남,35세,경상
2013052700100394,2013년 5월 27일 16시,월요일,경상북도 경주시 외동읍,경상사고,0,0,1,0,차대차 - 기타,안전운전불이행,습기,비,단일로 - 기타,승용,남,42세,상해없음,승용,여,37세,경상
2013052700100395,2013년 5월 27일 16시,월요일,경상북도 포항시 북구 득량동,중상사고,0,1,0,0,차대차 - 기타,차로위반,습기,비,단일로 - 기타,승용,남,64세,상해없음,승용,남,61세,중상
2013052700100396,2013년 5월 27일 16시,월요일,경상북도 구미시 봉곡동,경상사고,0,0,2,0,차대사람 - 기타,보행자보호의무위반,습기,비,교차로 - 교차로안,승합,남,37세,상해없음,보행자,여,13세,경상
2013052700100433,2013년 5월 27일 17시,월요일,경상북도 경주시 황성동,경상사고,0,0,1,0,차대차 - 기타,안전운전불이행,습기,비,단일로 - 기타,승용,여,36세,상해없음,승용,여,41세,경상
2013052700100434,2013년 5월 27일 17시,월요일,경상북도 포항시 북구 용흥동,경상사고,0,0,1,0,차대차 - 기타,교차로운행방법위반,건조,맑음,교차로 - 교차로안,승합,남,51세,상해없음,승용,여,56세,경상
2013052700100435,2013년 5월 27일 17시,월요일,경상북도 안동시 노하동,중상사고,0,1,0,0,차대차 - 기타,안전운전불이행,건조,맑음,단일로 - 기타,승용,여,46세,상해없음,화물,남,41세,중상
2013052700100436,2013년 5월 27일 17시,월요일,경상북도 김천시 아포읍,경상사고,0,0,1,0,차대차 - 측면직각충돌,교차로운행방법위반,습기,비,교차로 - 교차로부근,승용,여,46세,상해없음,승용,여,48세,경상
2013052700100437,2013년 5월 27일 17시,월요일,경상북도 영주시 휴천동,경상사고,0,0,2,0,차대차 - 측면직각충돌,교차로운행방법위반,습기,비,교차로 - 교차로안,승용,남,49세,경상,승용,남,53세,경상
2013052700100438,2013년 5월 27일 17시,월요일,경상북도 포항시 남구 호동,중상사고,0,1,1,0,차대차 - 측면직각충돌,안전운전불이행,습기,비,교차로 - 교차로부근,화물,남,23세,상해없음,승용,남,53세,중상
2013052700100482,2013년 5월 27일 18시,월요일,경상북도 안동시 임동면,중상사고,0,2,1,0,차대차 - 기타,중앙선침범,습기,비,단일로 - 기타,화물,남,57세,상해없음,승용,남,41세,경상
2013052700100483,2013년 5월 27일 18시,월요일,경상북도 봉화군 석포면,중상사고,0,1,1,0,차대차 - 정면충돌,중앙선침범,습기,비,단일로 - 기타,승합,남,57세,상해없음,승용,남,61세,경상
2013052700100539,2013년 5월 27일 19시,월요일,경상북도 포항시 북구 장성동,경상사고,0,0,1,0,차대사람 - 기타,안전운전불이행,습기,비,교차로 - 교차로부근,화물,남,22세,상해없음,보행자,여,20세,경상
2013052700100540,2013년 5월 27일 19시,월요일,경상북도 안동시 북후면,중상사고,0,2,0,0,차대차 - 기타,직진우회전진행방해,습기,비,교차로 - 교차로안,승합,남,73세,상해없음,화물,남,39세,중상
2013052700100541,2013년 5월 27일 19시,월요일,경상북도 경산시 백천동,중상사고,0,4,1,0,차대차 - 기타,안전거리미확보,습기,비,교차로 - 교차로안,승용,남,42세,경상,승용,남,42세,중상
2013052700100542,2013년 5월 27일 19시,월요일,경상북도 경산시 중방동,중상사고,0,1,0,0,차대사람 - 보도통행중,안전운전불이행,습기,비,단일로 - 기타,승용,남,51세,상해없음,보행자,여,75세,중상
2013052700100603,2013년 5월 27일 20시,월요일,경상북도 포항시 북구 죽도동,경상사고,0,0,2,0,차대차 - 기타,안전운전불이행,습기,비,단일로 - 기타,승용,남,36세,상해없음,승용,여,31세,경상
2013052700100604,2013년 5월 27일 20시,월요일,경상북도 김천시 지좌동,중상사고,0,1,0,0,차대사람 - 기타,안전운전불이행,습기,비,단일로 - 기타,화물,남,44세,상해없음,보행자,남,52세,중상
2013052700100605,2013년 5월 27일 20시,월요일,경상북도 예천군 예천읍,중상사고,0,1,0,0,차량단독 - 도로외이탈 - 기타,안전운전불이행,습기,비,단일로 - 기타,원동기,남,15세,중상,,,,
2013052700100606,2013년 5월 27일 20시,월요일,경상북도 구미시 산동면,중상사고,0,1,1,0,차대차 - 측면직각충돌,직진우회전진행방해,습기,비,교차로 - 교차로안,화물,남,57세,경상,승용,여,47세,중상
2013052700100607,2013년 5월 27일 20시,월요일,경상북도 포항시 남구 송내동,경상사고,0,0,1,0,차대차 - 추돌 - 주정차중,안전운전불이행,습기,비,교차로 - 교차로부근,승용,남,56세,상해없음,승용,남,42세,경상
2013052700100670,2013년 5월 27일 21시,월요일,경상북도 영주시 봉현면,중상사고,0,5,0,0,차대차 - 측면직각충돌,신호위반,습기,비,교차로 - 교차로안,승용,남,24세,중상,승용,남,41세,중상
2013052700100671,2013년 5월 27일 21시,월요일,경상북도 영천시 문외동,경상사고,0,0,2,0,차대사람 - 횡단중,보행자보호의무위반,습기,비,교차로 - 교차로안,화물,남,42세,상해없음,보행자,남,62세,경상
2013052700100672,2013년 5월 27일 21시,월요일,경상북도 경산시 진량읍,경상사고,0,0,1,0,차대차 - 기타,안전운전불이행,습기,비,단일로 - 기타,화물,남,34세,상해없음,화물,남,37세,경상
2013052700100673,2013년 5월 27일 21시,월요일,경상북도 포항시 남구 상도동,경상사고,0,0,1,0,차대차 - 추돌 - 주정차중,안전운전불이행,습기,비,단일로 - 기타,승용,남,40세,상해없음,원동기,남,33세,경상
2013052700100735,2013년 5월 27일 22시,월요일,경상북도 경주시 석장동,경상사고,0,0,1,0,차대차 - 측면직각충돌,안전운전불이행,습기,비,단일로 - 기타,화물,남,49세,상해없음,이륜,남,19세,경상
2013052700100736,2013년 5월 27일 22시,월요일,경상북도 경주시 외동읍,경상사고,0,0,1,1,차대차 - 기타,안전운전불이행,습기,비,교차로 - 교차로안,승용,남,28세,부상신고,승용,남,36세,경상
2013052700100737,2013년 5월 27일 22시,월요일,경상북도 경주시 배반동,경상사고,0,0,1,0,차대차 - 기타,안전운전불이행,습기,비,교차로 - 교차로안,승용,남,51세,기타불명,화물,남,49세,경상
2013052700100738,2013년 5월 27일 22시,월요일,경상북도 구미시 시미동,경상사고,0,0,1,0,차대차 - 측면직각충돌,안전운전불이행,습기,비,기타 - 기타,기타불명,기타불명,1세,기타불명,승용,남,24세,경상
2013052700100805,2013년 5월 27일 23시,월요일,경상북도 포항시 북구 죽도동,중상사고,0,1,0,0,차대사람 - 횡단중,안전운전불이행,습기,비,단일로 - 횡단보도상,승용,남,51세,상해없음,보행자,남,57세,중상
2013052700100806,2013년 5월 27일 23시,월요일,경상북도 안동시 용상동,중상사고,0,1,0,0,차대차 - 기타,안전운전불이행,습기,비,단일로 - 기타,승용,남,32세,중상,화물,남,48세,상해없음
2013052700100807,2013년 5월 27일 23시,월요일,경상북도 구미시 진평동,중상사고,0,2,0,0,차대차 - 측면직각충돌,신호위반,습기,비,교차로 - 교차로안,승용,남,33세,상해없음,승용,여,24세,중상
2013052800100031,2013년 5월 28일 00시,화요일,경상북도 경주시 외동읍,사망사고,1,0,1,0,차대차 - 정면충돌,중앙선침범,습기,비,단일로 - 기타,승용,남,50세,사망,화물,남,39세,경상
2013052800100032,2013년 5월 28일 00시,화요일,경상북도 경주시 천북면,부상신고사고,0,0,0,1,차량단독 - 공작물충돌,안전운전불이행,건조,맑음,기타 - 기타,승용,남,27세,부상신고,,,,
2013052800100033,2013년 5월 28일 00시,화요일,경상북도 포항시 북구 죽도동,중상사고,0,1,0,0,차대사람 - 기타,기타,습기,비,단일로 - 기타,승용,남,48세,상해없음,보행자,남,43세,중상
2013052800100057,2013년 5월 28일 01시,화요일,경상북도 포항시 북구 죽도동,경상사고,0,0,2,0,차대차 - 추돌 - 주정차중,안전거리미확보,습기,비,교차로 - 교차로부근,승용,남,40세,상해없음,승용,남,44세,경상
2013052800100058,2013년 5월 28일 01시,화요일,경상북도 김천시 평화동,경상사고,0,0,2,0,차대사람 - 기타,안전운전불이행,습기,비,단일로 - 기타,기타불명,기타불명,기타불명,기타불명,보행자,여,55세,경상
2013052800100098,2013년 5월 28일 03시,화요일,경상북도 영주시 휴천동,중상사고,0,1,0,0,차대사람 - 횡단중,안전운전불이행,습기,비,단일로 - 기타,승용,남,30세,상해없음,보행자,남,53세,중상
2013052800100126,2013년 5월 28일 06시,화요일,경상북도 경주시 외동읍,경상사고,0,0,1,0,차대차 - 기타,안전운전불이행,습기,비,교차로 - 교차로안,승용,여,54세,상해없음,승용,남,52세,상해없음
2013052800100150,2013년 5월 28일 07시,화요일,경상북도 경주시 천북면,중상사고,0,1,0,1,차대차 - 기타,중앙선침범,습기,비,단일로 - 기타,승용,남,46세,부상신고,승용,남,57세,중상
2013052800100151,2013년 5월 28일 07시,화요일,경상북도 경주시 외동읍,경상사고,0,0,2,0,차대차 - 기타,안전운전불이행,습기,비,단일로 - 기타,화물,남,43세,상해없음,승용,남,24세,상해없음
2013052800100152,2013년 5월 28일 07시,화요일,경상북도 안동시 옥야동,중상사고,0,1,0,0,차량단독 - 전도전복,안전운전불이행,습기,비,교차로 - 교차로안,이륜,남,15세,상해없음,,,,
2013052800100153,2013년 5월 28일 07시,화요일,경상북도 경산시 진량읍,중상사고,0,1,0,0,차대차 - 기타,안전운전불이행,습기,맑음,단일로 - 기타,승용,남,24세,상해없음,자전거,여,70세,중상
2013052800100154,2013년 5월 28일 07시,화요일,경상북도 구미시 공단동,중상사고,0,1,0,0,차대차 - 측면직각충돌,교차로운행방법위반,습기,비,교차로 - 교차로안,승용,남,30세,상해없음,이륜,남,58세,중상
2013052800100211,2013년 5월 28일 09시,화요일,경상북도 문경시 산양면,중상사고,0,1,0,0,차대차 - 추돌 - 주정차중,안전운전불이행,습기,비,교차로 - 교차로부근,화물,남,68세,상해없음,이륜,남,67세,중상
2013052800100238,2013년 5월 28일 10시,화요일,경상북도 구미시 송정동,경상사고,0,0,1,0,차대차 - 추돌 - 진행중,안전운전불이행,습기,비,단일로 - 기타,승용,남,37세,상해없음,화물,남,46세,경상
2013052800100263,2013년 5월 28일 11시,화요일,경상북도 경주시 외동읍,중상사고,0,1,0,0,차대차 - 기타,안전운전불이행,습기,맑음,단일로 - 기타,화물,남,44세,중상,화물,남,30세,상해없음
2013052800100264,2013년 5월 28일 11시,화요일,경상북도 안동시 남선면,부상신고사고,0,0,0,1,차대차 - 기타,안전운전불이행,건조,맑음,단일로 - 기타,자전거,여,74세,부상신고,이륜,남,65세,상해없음
2013052800100265,2013년 5월 28일 11시,화요일,경상북도 칠곡군 기산면,중상사고,0,2,0,0,차대차 - 추돌 - 진행중,중앙선침범,습기,비,교차로 - 교차로부근,승용,남,52세,상해없음,승용,남,51세,중상
2013052800100266,2013년 5월 28일 11시,화요일,경상북도 구미시 형곡동,중상사고,0,1,0,0,차량단독 - 기타,안전운전불이행,건조,맑음,교차로 - 교차로부근,승용,남,48세,상해없음,,,,
2013052800100285,2013년 5월 28일 12시,화요일,경상북도 경주시 강동면,경상사고,0,0,1,0,차대차 - 측면직각충돌,중앙선침범,습기,비,단일로 - 기타,승용,남,50세,상해없음,승용,남,35세,경상
2013052800100310,2013년 5월 28일 13시,화요일,경상북도 예천군 예천읍,중상사고,0,1,0,0,차대차 - 기타,안전운전불이행,건조,맑음,단일로 - 기타,원동기,남,73세,상해없음,승용,남,21세,상해없음
2013052800100335,2013년 5월 28일 14시,화요일,경상북도 안동시 풍산읍,중상사고,0,1,0,0,차대차 - 측면직각충돌,교차로운행방법위반,습기,비,교차로 - 교차로안,승용,남,43세,상해없음,승용,남,69세,중상
2013052800100336,2013년 5월 28일 14시,화요일,경상북도 김천시 농소면,중상사고,0,1,0,0,차대차 - 측면직각충돌,안전운전불이행,건조,맑음,단일로 - 기타,화물,남,70세,상해없음,승용,여,53세,중상
2013052800100337,2013년 5월 28일 14시,화요일,경상북도 상주시 낙동면,경상사고,0,0,2,0,차대차 - 추돌 - 진행중,안전운전불이행,습기,흐림,단일로 - 기타,이륜,남,18세,경상,승용,남,74세,상해없음
2013052800100338,2013년 5월 28일 14시,화요일,경상북도 영덕군 지품면,중상사고,0,2,1,0,차대차 - 측면직각충돌,중앙선침범,습기,흐림,단일로 - 기타,승용,남,54세,중상,화물,남,50세,경상
2013052800100339,2013년 5월 28일 14시,화요일,경상북도 구미시 공단동,경상사고,0,0,1,0,차대차 - 기타,기타,습기,비,단일로 - 기타,화물,남,51세,상해없음,승용,남,38세,경상
2013052800100377,2013년 5월 28일 15시,화요일,경상북도 포항시 북구 죽도동,경상사고,0,0,1,0,차대차 - 기타,안전운전불이행,습기,비,단일로 - 기타,승용,남,28세,상해없음,원동기,여,25세,경상
2013052800100378,2013년 5월 28일 15시,화요일,경상북도 포항시 남구 연일읍,경상사고,0,0,1,0,차대차 - 추돌 - 주정차중,안전운전불이행,건조,맑음,단일로 - 기타,승용,여,36세,상해없음,승용,여,39세,경상
2013052800100407,2013년 5월 28일 16시,화요일,경상북도 안동시 송현동,경상사고,0,0,2,0,차대차 - 측면직각충돌,안전운전불이행,건조,맑음,단일로 - 기타,승합,여,41세,경상,승용,남,35세,상해없음
2013052800100408,2013년 5월 28일 16시,화요일,경상북도 구미시 원평동,경상사고,0,0,1,0,차대차 - 추돌 - 주정차중,안전운전불이행,습기,흐림,단일로 - 기타,승용,남,24세,상해없음,승합,남,38세,상해없음
2013052800100447,2013년 5월 28일 17시,화요일,경상북도 상주시 공성면,중상사고,0,1,0,0,차대차 - 정면충돌,안전운전불이행,습기,비,단일로 - 기타,화물,남,48세,상해없음,원동기,남,64세,중상
2013052800100448,2013년 5월 28일 17시,화요일,경상북도 칠곡군 지천면,경상사고,0,0,1,0,차대차 - 측면직각충돌,안전거리미확보,건조,맑음,단일로 - 기타,승용,남,71세,상해없음,승용,여,24세,경상
2013052800100449,2013년 5월 28일 17시,화요일,경상북도 구미시 형곡동,경상사고,0,0,1,0,차대차 - 측면직각충돌,안전운전불이행,건조,맑음,단일로 - 기타,승용,여,52세,상해없음,승용,남,18세,경상
2013052800100491,2013년 5월 28일 18시,화요일,경상북도 경주시 양남면,중상사고,0,2,2,0,차대차 - 측면직각충돌,안전운전불이행,습기,흐림,단일로 - 기타,화물,남,41세,상해없음,승용,남,41세,중상
2013052800100492,2013년 5월 28일 18시,화요일,경상북도 상주시 냉림동,중상사고,0,1,0,0,차대차 - 기타,안전운전불이행,건조,맑음,교차로 - 교차로안,승용,남,45세,상해없음,원동기,여,53세,중상
2013052800100493,2013년 5월 28일 18시,화요일,경상북도 영천시 청통면,중상사고,0,4,0,0,차대차 - 기타,중앙선침범,건조,맑음,기타 - 기타,승합,여,58세,중상,화물,남,58세,중상
2013052800100530,2013년 5월 28일 19시,화요일,경상북도 칠곡군 석적읍,부상신고사고,0,0,0,1,차대차 - 측면직각충돌,안전운전불이행,건조,흐림,교차로 - 교차로부근,승용,여,48세,부상신고,승용,남,25세,상해없음
2013052800100531,2013년 5월 28일 19시,화요일,경상북도 영천시 대창면,중상사고,0,1,0,0,차대사람 - 길가장자리구역통행중,안전운전불이행,건조,맑음,단일로 - 기타,화물,남,64세,상해없음,보행자,남,48세,중상
2013052800100532,2013년 5월 28일 19시,화요일,경상북도 경산시 사동,중상사고,0,1,1,0,차대차 - 측면직각충돌,안전운전불이행,건조,맑음,교차로 - 교차로안,승용,여,34세,경상,승용,여,31세,중상