사고번호,사고일시,요일,시군구,사고내용,사망자수,중상자수,경상자수,부상신고자수,사고유형,법규위반,노면상태,기상상태,도로형태,가해운전자 차종,가해운전자 성별,가해운전자 연령,가해운전자 상해정도,피해운전자 차종,피해운전자 성별,피해운전자 연령,피해운전자 상해정도
2013052800100533,2013년 5월 28일 19시,화요일,경상북도 청송군 진보면,중상사고,0,1,0,0,차대사람 - 기타,안전운전불이행,건조,맑음,기타 - 기타,승용,남,54세,상해없음,보행자,여,27세,중상
2013052800100534,2013년 5월 28일 19시,화요일,경상북도 구미시 지산동,경상사고,0,0,2,0,차대차 - 추돌 - 주정차중,안전운전불이행,건조,맑음,단일로 - 기타,승합,남,43세,상해없음,승용,남,56세,경상
2013052800100567,2013년 5월 28일 20시,화요일,경상북도 김천시 아포읍,사망사고,1,0,0,0,차대사람 - 기타,안전운전불이행,습기,비,단일로 - 기타,승합,남,54세,상해없음,보행자,남,58세,사망
2013052800100568,2013년 5월 28일 20시,화요일,경상북도 구미시 형곡동,경상사고,0,0,1,0,차대차 - 기타,안전운전불이행,건조,기타,단일로 - 기타,승합,남,48세,상해없음,승용,남,53세,경상
2013052800100640,2013년 5월 28일 22시,화요일,경상북도 경주시 노서동,경상사고,0,0,1,0,차대사람 - 기타,안전운전불이행,건조,맑음,교차로 - 교차로부근,승용,기타불명,기타불명,기타불명,보행자,남,34세,경상
2013052800100641,2013년 5월 28일 22시,화요일,경상북도 포항시 북구 동빈1가,중상사고,0,1,0,0,차대사람 - 기타,안전운전불이행,건조,흐림,단일로 - 기타,승용,남,43세,상해없음,보행자,남,45세,중상
2013052800100642,2013년 5월 28일 22시,화요일,경상북도 안동시 태화동,경상사고,0,0,2,0,차대차 - 추돌 - 진행중,안전운전불이행,습기,비,단일로 - 기타,승용,남,50세,상해없음,승용,남,24세,경상
2013052800100643,2013년 5월 28일 22시,화요일,경상북도 칠곡군 왜관읍,경상사고,0,0,1,0,차대사람 - 길가장자리구역통행중,안전운전불이행,건조,맑음,기타 - 기타,승용,남,30세,상해없음,보행자,여,17세,경상
2013052800100644,2013년 5월 28일 22시,화요일,경상북도 칠곡군 석적읍,중상사고,0,1,0,0,차대차 - 추돌 - 진행중,교차로운행방법위반,습기,비,교차로 - 교차로안,승용,남,32세,상해없음,승합,남,58세,중상
2013052800100669,2013년 5월 28일 23시,화요일,경상북도 경주시 동방동,사망사고,1,0,0,0,차대사람 - 횡단중,안전운전불이행,건조,맑음,교차로 - 교차로부근,승용,남,56세,상해없음,보행자,남,46세,사망
2013052800100670,2013년 5월 28일 23시,화요일,경상북도 구미시 송정동,중상사고,0,2,0,0,차대차 - 측면직각충돌,안전운전불이행,건조,흐림,단일로 - 기타,승용,남,34세,상해없음,화물,남,39세,중상
2013052900100042,2013년 5월 29일 01시,수요일,경상북도 김천시 부곡동,중상사고,0,1,0,0,차대사람 - 기타,안전운전불이행,건조,맑음,단일로 - 기타,승용,여,32세,상해없음,보행자,여,41세,중상
2013052900100043,2013년 5월 29일 01시,수요일,경상북도 구미시 진평동,중상사고,0,1,1,0,차대차 - 측면직각충돌,안전운전불이행,건조,맑음,교차로 - 교차로안,승용,남,48세,상해없음,승용,남,27세,상해없음
2013052900100056,2013년 5월 29일 02시,수요일,경상북도 구미시 도량동,경상사고,0,0,3,0,차대차 - 측면직각충돌,중앙선침범,습기,비,단일로 - 기타,승용,남,30세,경상,승용,남,37세,경상
2013052900100066,2013년 5월 29일 03시,수요일,경상북도 경주시 천북면,사망사고,1,4,0,0,차대차 - 기타,중앙선침범,습기,맑음,교차로 - 교차로부근,승용,여,40세,사망,화물,남,50세,중상
2013052900100084,2013년 5월 29일 05시,수요일,경상북도 의성군 의성읍,중상사고,0,1,0,0,차대차 - 측면직각충돌,신호위반,습기,흐림,교차로 - 교차로안,화물,여,51세,상해없음,화물,남,59세,중상
2013052900100101,2013년 5월 29일 06시,수요일,경상북도 칠곡군 석적읍,경상사고,0,0,1,0,차대차 - 기타,교차로운행방법위반,건조,맑음,교차로 - 교차로안,승용,남,41세,상해없음,자전거,남,33세,경상
2013052900100102,2013년 5월 29일 06시,수요일,경상북도 고령군 성산면,경상사고,0,0,1,0,차대차 - 측면직각충돌,안전운전불이행,건조,맑음,교차로 - 교차로안,승용,남,36세,상해없음,화물,남,57세,경상
2013052900100157,2013년 5월 29일 08시,수요일,경상북도 경주시 충효동,중상사고,0,1,0,0,차대차 - 기타,기타,건조,맑음,단일로 - 기타,승용,남,65세,상해없음,원동기,남,75세,상해없음
2013052900100158,2013년 5월 29일 08시,수요일,경상북도 경주시 현곡면,중상사고,0,1,0,0,차대차 - 측면직각충돌,신호위반,건조,맑음,교차로 - 교차로안,승용,남,65세,상해없음,승용,남,41세,중상
2013052900100160,2013년 5월 29일 08시,수요일,경상북도 영주시 휴천동,경상사고,0,0,2,0,차대차 - 측면직각충돌,교차로운행방법위반,건조,맑음,교차로 - 교차로안,승용,남,45세,상해없음,승용,남,71세,경상
2013052900100161,2013년 5월 29일 08시,수요일,경상북도 경산시 대동,중상사고,0,1,0,0,차대사람 - 기타,안전운전불이행,건조,맑음,단일로 - 기타,승용,남,36세,상해없음,보행자,여,21세,중상
2013052900100182,2013년 5월 29일 09시,수요일,경상북도 경산시 계양동,중상사고,0,1,0,0,차대차 - 기타,안전운전불이행,건조,맑음,단일로 - 기타,화물,남,32세,상해없음,자전거,남,83세,중상
2013052900100204,2013년 5월 29일 10시,수요일,경상북도 경산시 계양동,경상사고,0,0,1,0,차대차 - 기타,안전운전불이행,건조,맑음,단일로 - 기타,이륜,남,74세,상해없음,승용,남,24세,상해없음
2013052900100228,2013년 5월 29일 11시,수요일,경상북도 안동시 길안면,중상사고,0,1,0,0,차대차 - 측면직각충돌,안전운전불이행,건조,맑음,단일로 - 기타,건설기계,남,47세,상해없음,농기계,남,75세,중상
2013052900100229,2013년 5월 29일 11시,수요일,경상북도 안동시 당북동,경상사고,0,0,1,0,차대차 - 추돌 - 주정차중,안전운전불이행,건조,맑음,교차로 - 교차로부근,승용,남,65세,상해없음,화물,남,34세,경상
2013052900100230,2013년 5월 29일 11시,수요일,경상북도 의성군 구천면,중상사고,0,2,1,0,차대차 - 측면직각충돌,안전운전불이행,건조,맑음,단일로 - 기타,승용,남,79세,상해없음,농기계,남,74세,중상
2013052900100231,2013년 5월 29일 11시,수요일,경상북도 영주시 순흥면,경상사고,0,0,1,0,차대차 - 기타,중앙선침범,건조,맑음,단일로 - 기타,승합,남,38세,상해없음,승용,여,59세,경상
2013052900100232,2013년 5월 29일 11시,수요일,경상북도 경산시 압량면,중상사고,0,1,0,0,차대차 - 기타,안전운전불이행,건조,맑음,교차로 - 교차로안,승용,여,53세,상해없음,자전거,남,81세,중상
2013052900100256,2013년 5월 29일 12시,수요일,경상북도 포항시 북구 죽도동,경상사고,0,0,1,0,차대차 - 기타,안전운전불이행,건조,맑음,단일로 - 기타,승합,남,34세,상해없음,자전거,여,53세,경상
2013052900100257,2013년 5월 29일 12시,수요일,경상북도 성주군 성주읍,경상사고,0,0,2,0,차대차 - 측면직각충돌,직진우회전진행방해,기타,맑음,교차로 - 교차로안,이륜,남,70세,경상,이륜,남,42세,경상
2013052900100258,2013년 5월 29일 12시,수요일,경상북도 구미시 상모동,경상사고,0,0,1,0,차대차 - 측면직각충돌,안전운전불이행,건조,맑음,교차로 - 교차로안,이륜,남,16세,경상,승용,여,54세,상해없음
2013052900100259,2013년 5월 29일 12시,수요일,경상북도 포항시 남구 오천읍,중상사고,0,1,0,0,차대차 - 기타,안전운전불이행,건조,맑음,단일로 - 기타,화물,남,37세,상해없음,농기계,남,53세,중상
2013052900100276,2013년 5월 29일 13시,수요일,경상북도 경주시 외동읍,경상사고,0,0,1,0,차대차 - 측면직각충돌,중앙선침범,건조,맑음,단일로 - 기타,승용,남,61세,상해없음,원동기,남,49세,경상
2013052900100277,2013년 5월 29일 13시,수요일,경상북도 문경시 점촌동,경상사고,0,0,1,0,차대차 - 측면직각충돌,직진우회전진행방해,건조,흐림,교차로 - 교차로안,승합,남,61세,상해없음,자전거,남,88세,경상
2013052900100299,2013년 5월 29일 14시,수요일,경상북도 영덕군 남정면,경상사고,0,0,3,0,차대차 - 추돌 - 주정차중,안전거리미확보,건조,맑음,교차로 - 교차로안,특수,남,42세,상해없음,승용,남,62세,경상
2013052900100321,2013년 5월 29일 15시,수요일,경상북도 김천시 증산면,중상사고,0,1,0,0,차대사람 - 기타,안전운전불이행,건조,맑음,단일로 - 기타,승용,여,51세,상해없음,보행자,남,66세,중상
2013052900100322,2013년 5월 29일 15시,수요일,경상북도 상주시 신봉동,중상사고,0,1,0,0,차대차 - 기타,안전운전불이행,건조,맑음,교차로 - 교차로안,승용,여,54세,상해없음,이륜,여,54세,중상
2013052900100323,2013년 5월 29일 15시,수요일,경상북도 영천시 금호읍,중상사고,0,1,0,0,차대차 - 기타,안전운전불이행,건조,맑음,교차로 - 교차로안,화물,남,39세,상해없음,자전거,남,74세,중상
2013052900100324,2013년 5월 29일 15시,수요일,경상북도 울진군 울진읍,중상사고,0,1,0,0,차대차 - 기타,안전운전불이행,건조,맑음,단일로 - 기타,승용,여,38세,상해없음,자전거,남,86세,중상
2013052900100325,2013년 5월 29일 15시,수요일,경상북도 포항시 남구 인덕동,경상사고,0,0,1,0,차대차 - 기타,직진우회전진행방해,건조,맑음,교차로 - 교차로부근,건설기계,남,47세,상해없음,승용,남,50세,경상
2013052900100389,2013년 5월 29일 17시,수요일,경상북도 경주시 노서동,부상신고사고,0,0,0,1,차대차 - 기타,안전운전불이행,건조,맑음,교차로 - 교차로부근,화물,남,48세,상해없음,원동기,남,76세,부상신고
2013052900100390,2013년 5월 29일 17시,수요일,경상북도 경주시 안강읍,중상사고,0,1,0,0,차대사람 - 기타,보행자보호의무위반,건조,맑음,단일로 - 기타,승용,여,50세,상해없음,보행자,남,7세,중상
2013052900100391,2013년 5월 29일 17시,수요일,경상북도 포항시 북구 환호동,경상사고,0,0,2,0,차대사람 - 기타,신호위반,건조,맑음,단일로 - 횡단보도상,원동기,남,50세,상해없음,보행자,남,43세,경상
2013052900100392,2013년 5월 29일 17시,수요일,경상북도 의성군 안계면,경상사고,0,0,1,0,차대차 - 기타,안전운전불이행,건조,맑음,단일로 - 기타,승용,남,37세,상해없음,승용,남,55세,경상
2013052900100393,2013년 5월 29일 17시,수요일,경상북도 영주시 상망동,경상사고,0,0,1,0,차대차 - 측면직각충돌,안전운전불이행,건조,맑음,단일로 - 기타,승용,남,81세,상해없음,화물,남,47세,경상
2013052900100394,2013년 5월 29일 17시,수요일,경상북도 칠곡군 왜관읍,경상사고,0,0,2,0,차대차 - 추돌 - 진행중,중앙선침범,건조,맑음,단일로 - 기타,승용,여,52세,상해없음,승용,여,32세,경상
2013052900100422,2013년 5월 29일 18시,수요일,경상북도 안동시 태화동,경상사고,0,0,2,0,차대차 - 측면직각충돌,교차로운행방법위반,건조,맑음,교차로 - 교차로안,승용,여,51세,상해없음,승용,여,52세,경상
2013052900100459,2013년 5월 29일 19시,수요일,경상북도 영덕군 강구면,경상사고,0,0,1,0,차대차 - 추돌 - 진행중,안전운전불이행,건조,맑음,단일로 - 기타,승용,남,76세,상해없음,이륜,남,23세,경상
2013052900100460,2013년 5월 29일 19시,수요일,경상북도 영덕군 축산면,사망사고,1,0,0,0,차대차 - 추돌 - 진행중,안전운전불이행,건조,맑음,단일로 - 기타,승용,여,38세,사망,건설기계,남,46세,상해없음
2013052900100461,2013년 5월 29일 19시,수요일,경상북도 구미시 봉곡동,중상사고,0,2,2,0,차대차 - 측면직각충돌,교차로운행방법위반,건조,맑음,교차로 - 교차로안,승용,남,70세,경상,승용,남,29세,경상
2013052900100462,2013년 5월 29일 19시,수요일,경상북도 구미시 선산읍,중상사고,0,1,0,0,차대차 - 측면직각충돌,직진우회전진행방해,건조,맑음,교차로 - 교차로안,승용,여,34세,상해없음,이륜,남,67세,중상
2013052900100477,2013년 5월 29일 20시,수요일,경상북도 포항시 남구 대송면,중상사고,0,2,2,0,차대차 - 측면직각충돌,직진우회전진행방해,건조,맑음,교차로 - 교차로안,승용,남,35세,경상,화물,남,50세,중상
2013052900100508,2013년 5월 29일 21시,수요일,경상북도 안동시 금곡동,경상사고,0,0,4,0,차대차 - 추돌 - 진행중,안전운전불이행,건조,맑음,단일로 - 기타,승용,남,29세,상해없음,승용,남,58세,경상
2013052900100544,2013년 5월 29일 22시,수요일,경상북도 경산시 신교동,부상신고사고,0,0,0,2,차대차 - 기타,직진우회전진행방해,건조,맑음,교차로 - 교차로안,승용,남,25세,부상신고,승용,여,53세,부상신고
2013052900100545,2013년 5월 29일 22시,수요일,경상북도 청송군 진보면,중상사고,0,1,0,0,차대차 - 측면직각충돌,직진우회전진행방해,건조,맑음,교차로 - 교차로안,승용,여,57세,상해없음,원동기,남,40세,중상
2013053000100013,2013년 5월 30일 00시,목요일,경상북도 영천시 금호읍,경상사고,0,0,1,0,차대차 - 추돌 - 진행중,안전운전불이행,건조,맑음,단일로 - 기타,승용,기타불명,기타불명,기타불명,화물,남,40세,경상
2013053000100030,2013년 5월 30일 01시,목요일,경상북도 경산시 진량읍,경상사고,0,0,1,0,차대차 - 기타,안전운전불이행,건조,맑음,단일로 - 기타,승용,남,39세,상해없음,자전거,남,23세,경상
2013053000100031,2013년 5월 30일 01시,목요일,경상북도 경산시 하양읍,경상사고,0,0,1,0,차대사람 - 기타,안전운전불이행,건조,맑음,기타 - 기타,승용,남,20세,상해없음,보행자,여,21세,경상
2013053000100047,2013년 5월 30일 02시,목요일,경상북도 경주시 동천동,중상사고,0,1,0,0,차대사람 - 횡단중,안전운전불이행,건조,맑음,단일로 - 기타,승용,남,48세,상해없음,보행자,여,83세,중상
2013053000100051,2013년 5월 30일 03시,목요일,경상북도 구미시 신평동,경상사고,0,0,2,0,차대차 - 측면직각충돌,안전거리미확보,건조,맑음,교차로 - 교차로안,승용,남,18세,상해없음,승용,남,50세,경상
2013053000100067,2013년 5월 30일 05시,목요일,경상북도 영주시 가흥동,경상사고,0,0,2,0,차대차 - 측면직각충돌,중앙선침범,건조,맑음,단일로 - 기타,승용,남,41세,상해없음,화물,남,60세,경상
2013053000100079,2013년 5월 30일 06시,목요일,경상북도 포항시 북구 장성동,중상사고,0,1,0,0,차대차 - 측면직각충돌,차로위반,건조,맑음,교차로 - 교차로부근,화물,남,43세,상해없음,승용,여,52세,중상
2013053000100080,2013년 5월 30일 06시,목요일,경상북도 영천시 완산동,중상사고,0,1,2,0,차대차 - 측면직각충돌,신호위반,건조,맑음,교차로 - 교차로안,화물,남,65세,상해없음,승용,남,46세,상해없음
2013053000100100,2013년 5월 30일 07시,목요일,경상북도 포항시 북구 죽도동,경상사고,0,0,1,0,차대차 - 기타,신호위반,건조,맑음,교차로 - 교차로안,승용,남,25세,상해없음,승용,남,40세,경상
2013053000100101,2013년 5월 30일 07시,목요일,경상북도 포항시 북구 상원동,경상사고,0,0,2,0,차대차 - 기타,안전운전불이행,건조,맑음,단일로 - 기타,승용,여,46세,상해없음,승용,남,65세,경상
2013053000100102,2013년 5월 30일 07시,목요일,경상북도 영주시 단산면,중상사고,0,1,0,0,차대차 - 정면충돌,중앙선침범,건조,맑음,단일로 - 기타,원동기,남,72세,중상,화물,남,60세,상해없음
2013053000100103,2013년 5월 30일 07시,목요일,경상북도 영천시 고경면,중상사고,0,1,0,0,차대차 - 추돌 - 진행중,안전운전불이행,건조,맑음,교차로 - 교차로부근,승합,남,56세,상해없음,승용,여,35세,중상
2013053000100104,2013년 5월 30일 07시,목요일,경상북도 성주군 초전면,경상사고,0,0,3,0,차대차 - 추돌 - 진행중,안전운전불이행,건조,맑음,단일로 - 기타,승합,남,41세,상해없음,화물,남,46세,경상
2013053000100105,2013년 5월 30일 07시,목요일,경상북도 포항시 남구 상도동,경상사고,0,0,1,0,차대차 - 기타,안전운전불이행,건조,맑음,교차로 - 교차로안,승용,남,38세,경상,승용,남,54세,상해없음
2013053000100144,2013년 5월 30일 08시,목요일,경상북도 경주시 안강읍,경상사고,0,0,1,0,차대차 - 기타,안전운전불이행,건조,맑음,교차로 - 교차로안,원동기,남,73세,경상,승용,여,39세,상해없음
2013053000100145,2013년 5월 30일 08시,목요일,경상북도 경주시 배동,중상사고,0,1,0,0,차대차 - 기타,안전운전불이행,건조,맑음,교차로 - 교차로안,승합,남,55세,상해없음,화물,남,59세,중상
2013053000100175,2013년 5월 30일 09시,목요일,경상북도 영천시 화북면,경상사고,0,0,2,0,차대차 - 기타,기타,건조,맑음,교차로 - 교차로안,화물,남,38세,상해없음,화물,남,23세,경상
2013053000100176,2013년 5월 30일 09시,목요일,경상북도 경산시 갑제동,중상사고,0,3,1,0,차대차 - 기타,신호위반,건조,맑음,교차로 - 교차로안,승용,남,38세,상해없음,승용,여,49세,중상
2013053000100201,2013년 5월 30일 10시,목요일,경상북도 칠곡군 북삼읍,경상사고,0,0,3,0,차대차 - 추돌 - 진행중,교차로운행방법위반,건조,맑음,교차로 - 교차로안,승용,남,58세,상해없음,승용,여,46세,경상
2013053000100202,2013년 5월 30일 10시,목요일,경상북도 포항시 남구 대잠동,중상사고,0,1,1,0,차대차 - 추돌 - 진행중,안전운전불이행,건조,맑음,교차로 - 교차로안,승합,남,62세,중상,화물,남,50세,상해없음
2013053000100260,2013년 5월 30일 12시,목요일,경상북도 문경시 호계면,경상사고,0,0,1,0,차대차 - 정면충돌,안전운전불이행,건조,맑음,단일로 - 기타,이륜,남,68세,경상,승용,남,56세,상해없음
2013053000100261,2013년 5월 30일 12시,목요일,경상북도 봉화군 봉성면,경상사고,0,0,1,0,차대차 - 측면직각충돌,안전운전불이행,건조,맑음,교차로 - 교차로안,승용,남,55세,상해없음,이륜,남,79세,경상
2013053000100290,2013년 5월 30일 13시,목요일,경상북도 포항시 남구 해도동,경상사고,0,0,1,0,차대차 - 측면직각충돌,신호위반,건조,맑음,교차로 - 교차로부근,자전거,여,61세,경상,승용,남,38세,상해없음
2013053000100317,2013년 5월 30일 14시,목요일,경상북도 안동시 남후면,경상사고,0,0,1,0,차대차 - 추돌 - 진행중,안전운전불이행,건조,맑음,단일로 - 기타,승용,여,52세,상해없음,자전거,여,78세,경상
2013053000100318,2013년 5월 30일 14시,목요일,경상북도 예천군 호명면,중상사고,0,1,1,0,차대차 - 기타,기타,건조,맑음,교차로 - 교차로안,화물,남,27세,상해없음,농기계,남,78세,경상
2013053000100319,2013년 5월 30일 14시,목요일,경상북도 성주군 성주읍,중상사고,0,2,4,0,차대차 - 추돌 - 진행중,안전거리미확보,건조,맑음,단일로 - 기타,화물,남,73세,경상,승용,남,43세,경상
2013053000100340,2013년 5월 30일 15시,목요일,경상북도 구미시 옥계동,경상사고,0,0,1,0,차대차 - 기타,중앙선침범,건조,맑음,교차로 - 교차로부근,자전거,남,54세,경상,승용,남,44세,상해없음
2013053000100374,2013년 5월 30일 16시,목요일,경상북도 문경시 흥덕동,경상사고,0,0,2,0,차대차 - 측면직각충돌,안전운전불이행,건조,맑음,교차로 - 교차로부근,원동기,남,73세,경상,승용,남,27세,경상
2013053000100375,2013년 5월 30일 16시,목요일,경상북도 구미시 옥계동,경상사고,0,0,1,0,차대사람 - 기타,안전운전불이행,건조,맑음,단일로 - 기타,승용,여,34세,상해없음,보행자,남,12세,경상
2013053000100399,2013년 5월 30일 17시,목요일,경상북도 영주시 영주동,경상사고,0,0,1,0,차대사람 - 횡단중,안전운전불이행,건조,맑음,교차로 - 교차로부근,승용,여,58세,상해없음,보행자,남,6세,경상
2013053000100400,2013년 5월 30일 17시,목요일,경상북도 영주시 하망동,중상사고,0,1,1,0,차대차 - 추돌 - 주정차중,안전운전불이행,건조,맑음,단일로 - 기타,승용,남,27세,상해없음,승용,남,63세,상해없음
2013053000100401,2013년 5월 30일 17시,목요일,경상북도 청도군 청도읍,중상사고,0,1,0,0,차대사람 - 차도통행중,안전운전불이행,건조,맑음,단일로 - 횡단보도상,화물,남,26세,상해없음,보행자,남,18세,중상
2013053000100402,2013년 5월 30일 17시,목요일,경상북도 군위군 군위읍,중상사고,0,1,0,0,차량단독 - 도로외이탈 - 추락,안전운전불이행,건조,맑음,단일로 - 기타,이륜,남,76세,중상,,,,
2013053000100437,2013년 5월 30일 18시,목요일,경상북도 경산시 와촌면,중상사고,0,1,0,0,차대차 - 기타,안전운전불이행,건조,맑음,단일로 - 기타,화물,남,67세,상해없음,승용,남,52세,상해없음
2013053000100438,2013년 5월 30일 18시,목요일,경상북도 청송군 현동면,사망사고,1,0,0,0,차대사람 - 길가장자리구역통행중,안전운전불이행,건조,맑음,단일로 - 기타,화물,남,27세,상해없음,보행자,남,73세,사망
2013053000100439,2013년 5월 30일 18시,목요일,경상북도 포항시 남구 효자동,경상사고,0,0,1,0,차량단독 - 전도전복,안전운전불이행,건조,맑음,단일로 - 기타,이륜,남,67세,경상,,,,
2013053000100440,2013년 5월 30일 18시,목요일,경상북도 포항시 남구 해도동,경상사고,0,0,1,0,차대차 - 기타,안전운전불이행,건조,맑음,교차로 - 교차로부근,자전거,남,14세,경상,승용,남,61세,상해없음
2013053000100463,2013년 5월 30일 19시,목요일,경상북도 경주시 동천동,경상사고,0,0,1,0,차대사람 - 횡단중,보행자보호의무위반,건조,맑음,단일로 - 횡단보도상,승용,남,55세,상해없음,보행자,여,10세,경상
2013053000100464,2013년 5월 30일 19시,목요일,경상북도 경주시 외동읍,사망사고,1,0,0,0,차대차 - 추돌 - 진행중,안전운전불이행,건조,맑음,단일로 - 기타,원동기,남,27세,사망,화물,남,57세,상해없음
2013053000100465,2013년 5월 30일 19시,목요일,경상북도 성주군 용암면,중상사고,0,1,0,0,차대차 - 추돌 - 진행중,안전운전불이행,건조,맑음,단일로 - 기타,승용,여,63세,상해없음,이륜,남,78세,중상
2013053000100466,2013년 5월 30일 19시,목요일,경상북도 구미시 공단동,중상사고,0,1,0,0,차대차 - 기타,안전운전불이행,건조,맑음,교차로 - 교차로부근,승용,여,37세,상해없음,자전거,남,56세,중상
2013053000100467,2013년 5월 30일 19시,목요일,경상북도 포항시 남구 해도동,경상사고,0,0,1,0,차대차 - 기타,안전운전불이행,건조,맑음,교차로 - 교차로부근,기타불명,기타불명,기타불명,기타불명,자전거,남,33세,경상
2013053000100468,2013년 5월 30일 19시,목요일,경상북도 포항시 남구 해도동,중상사고,0,1,0,0,차대차 - 기타,교차로운행방법위반,건조,맑음,교차로 - 교차로부근,승용,남,49세,상해없음,이륜,남,54세,중상
2013053000100546,2013년 5월 30일 21시,목요일,경상북도 영덕군 강구면,중상사고,0,1,0,0,차대차 - 추돌 - 진행중,안전운전불이행,건조,맑음,단일로 - 기타,승용,남,30세,상해없음,자전거,남,67세,중상
2013053000100625,2013년 5월 30일 23시,목요일,경상북도 포항시 북구 두호동,경상사고,0,0,1,0,차대차 - 기타,기타,건조,맑음,기타 - 기타,승용,남,47세,상해없음,원동기,남,16세,경상
2013053000100626,2013년 5월 30일 23시,목요일,경상북도 영천시 금호읍,중상사고,0,1,0,0,차대사람 - 횡단중,안전운전불이행,건조,맑음,단일로 - 기타,승용,남,48세,상해없음,보행자,남,48세,중상
2013053100100045,2013년 5월 31일 01시,금요일,경상북도 김천시 대광동,중상사고,0,1,0,0,차대차 - 측면직각충돌,중앙선침범,건조,맑음,단일로 - 기타,승용,남,45세,상해없음,이륜,남,51세,중상
2013053100100104,2013년 5월 31일 07시,금요일,경상북도 칠곡군 석적읍,중상사고,0,1,0,1,차대차 - 추돌 - 진행중,교차로운행방법위반,건조,맑음,교차로 - 교차로안,승용,남,45세,부상신고,승용,남,47세,상해없음
2013053100100105,2013년 5월 31일 07시,금요일,경상북도 영천시 망정동,경상사고,0,0,1,0,차대사람 - 횡단중,안전운전불이행,건조,맑음,단일로 - 기타,승용,여,49세,상해없음,보행자,여,14세,경상
2013053100100106,2013년 5월 31일 07시,금요일,경상북도 구미시 송정동,중상사고,0,1,0,0,차대차 - 측면직각충돌,안전운전불이행,건조,맑음,교차로 - 교차로부근,승용,남,30세,상해없음,승용,여,29세,중상
2013053100100107,2013년 5월 31일 07시,금요일,경상북도 구미시 산동면,중상사고,0,1,0,0,차대사람 - 기타,안전운전불이행,기타,맑음,기타 - 기타,건설기계,남,43세,상해없음,보행자,남,40세,중상
2013053100100138,2013년 5월 31일 08시,금요일,경상북도 예천군 호명면,중상사고,0,1,0,0,차대사람 - 기타,과속,건조,맑음,교차로 - 교차로안,화물,남,50세,상해없음,보행자,여,5세,중상
2013053100100167,2013년 5월 31일 09시,금요일,경상북도 경주시 외동읍,중상사고,0,2,0,0,차대차 - 기타,중앙선침범,건조,맑음,단일로 - 기타,승용,여,65세,상해없음,화물,남,74세,중상
2013053100100168,2013년 5월 31일 09시,금요일,경상북도 포항시 북구 죽도동,중상사고,0,1,0,0,차대사람 - 길가장자리구역통행중,안전운전불이행,건조,맑음,단일로 - 기타,기타불명,기타불명,기타불명,기타불명,보행자,여,39세,중상
2013053100100169,2013년 5월 31일 09시,금요일,경상북도 안동시 법흥동,중상사고,0,1,0,0,차대사람 - 횡단중,보행자보호의무위반,건조,맑음,단일로 - 횡단보도상,화물,남,41세,상해없음,보행자,여,69세,중상
2013053100100201,2013년 5월 31일 10시,금요일,경상북도 영천시 금호읍,중상사고,0,2,0,0,차대차 - 기타,안전운전불이행,건조,맑음,단일로 - 기타,이륜,남,69세,중상,화물,남,25세,상해없음
2013053100100202,2013년 5월 31일 10시,금요일,경상북도 구미시 구평동,경상사고,0,0,1,0,차대차 - 기타,교차로운행방법위반,건조,맑음,교차로 - 교차로안,승용,남,20세,상해없음,승용,여,37세,경상
2013053100100232,2013년 5월 31일 11시,금요일,경상북도 포항시 남구 오천읍,경상사고,0,0,1,0,차대차 - 측면직각충돌,안전운전불이행,건조,맑음,교차로 - 교차로부근,승용,여,27세,상해없음,승합,남,57세,상해없음
2013053100100261,2013년 5월 31일 12시,금요일,경상북도 경산시 중방동,경상사고,0,0,1,0,차대차 - 기타,안전운전불이행,건조,맑음,단일로 - 기타,승용,남,55세,상해없음,이륜,남,80세,경상
2013053100100262,2013년 5월 31일 12시,금요일,경상북도 경산시 계양동,중상사고,0,1,0,0,차대차 - 기타,안전운전불이행,건조,맑음,교차로 - 교차로안,화물,남,25세,상해없음,원동기,남,71세,중상
2013053100100263,2013년 5월 31일 12시,금요일,경상북도 울진군 북면,경상사고,0,0,1,0,차대차 - 기타,안전운전불이행,건조,맑음,교차로 - 교차로안,승합,남,63세,상해없음,승용,남,28세,경상
2013053100100287,2013년 5월 31일 13시,금요일,경상북도 문경시 동로면,중상사고,0,3,2,0,차량단독 - 전도전복,안전운전불이행,건조,맑음,단일로 - 기타,승용,남,70세,경상,,,,
2013053100100288,2013년 5월 31일 13시,금요일,경상북도 경산시 옥산동,중상사고,0,1,0,0,차대사람 - 기타,안전운전불이행,건조,맑음,교차로 - 교차로안,승용,여,49세,상해없음,보행자,여,72세,중상
2013053100100289,2013년 5월 31일 13시,금요일,경상북도 고령군 다산면,경상사고,0,0,1,0,차대차 - 측면직각충돌,신호위반,건조,맑음,교차로 - 교차로안,화물,남,52세,상해없음,승용,남,50세,경상
2013053100100363,2013년 5월 31일 15시,금요일,경상북도 구미시 진평동,경상사고,0,0,1,0,차대사람 - 차도통행중,안전운전불이행,건조,맑음,교차로 - 교차로안,승용,남,46세,상해없음,보행자,남,21세,경상
2013053100100389,2013년 5월 31일 16시,금요일,경상북도 경주시 동방동,중상사고,0,2,0,0,차대차 - 기타,안전거리미확보,건조,맑음,교차로 - 교차로부근,화물,남,52세,상해없음,승용,남,51세,중상
2013053100100390,2013년 5월 31일 16시,금요일,경상북도 포항시 북구 대흥동,경상사고,0,0,1,0,차대사람 - 기타,안전운전불이행,건조,맑음,단일로 - 기타,승용,남,40세,상해없음,보행자,여,31세,경상