사고번호,사고일시,요일,시군구,사고내용,사망자수,중상자수,경상자수,부상신고자수,사고유형,법규위반,노면상태,기상상태,도로형태,가해운전자 차종,가해운전자 성별,가해운전자 연령,가해운전자 상해정도,피해운전자 차종,피해운전자 성별,피해운전자 연령,피해운전자 상해정도
2013060300100421,2013년 6월 3일 18시,월요일,경상북도 칠곡군 왜관읍,중상사고,0,1,0,0,차대차 - 측면직각충돌,안전운전불이행,건조,맑음,교차로 - 교차로부근,승용,남,56세,상해없음,승용,여,47세,중상
2013060300100422,2013년 6월 3일 18시,월요일,경상북도 울진군 울진읍,중상사고,0,4,3,0,차대차 - 추돌 - 주정차중,신호위반,건조,맑음,교차로 - 교차로부근,승용,남,59세,상해없음,승용,남,37세,중상
2013060300100423,2013년 6월 3일 18시,월요일,경상북도 구미시 공단동,중상사고,0,1,2,0,차대차 - 측면직각충돌,신호위반,건조,맑음,교차로 - 교차로안,이륜,남,51세,중상,승용,남,34세,경상
2013060300100456,2013년 6월 3일 19시,월요일,경상북도 포항시 북구 죽장면,경상사고,0,0,1,0,차대차 - 정면충돌,중앙선침범,건조,맑음,단일로 - 기타,승용,남,51세,상해없음,승용,여,52세,경상
2013060300100457,2013년 6월 3일 19시,월요일,경상북도 포항시 남구 송도동,중상사고,0,1,0,0,차대차 - 측면직각충돌,신호위반,건조,맑음,교차로 - 교차로안,승용,남,38세,상해없음,원동기,남,45세,중상
2013060300100496,2013년 6월 3일 20시,월요일,경상북도 경주시 외동읍,경상사고,0,0,1,0,차대차 - 기타,안전운전불이행,건조,맑음,단일로 - 기타,승용,남,32세,상해없음,원동기,남,17세,경상
2013060300100540,2013년 6월 3일 21시,월요일,경상북도 영천시 오미동,중상사고,0,1,0,0,차대차 - 기타,안전운전불이행,건조,맑음,기타 - 기타,승용,여,27세,중상,화물,남,53세,상해없음
2013060300100568,2013년 6월 3일 22시,월요일,경상북도 경주시 시래동,경상사고,0,0,1,0,차대차 - 측면직각충돌,안전운전불이행,건조,맑음,교차로 - 교차로안,승용,여,45세,상해없음,승합,남,69세,경상
2013060400100012,2013년 6월 4일 00시,화요일,경상북도 안동시 송천동,경상사고,0,0,1,0,차대차 - 추돌 - 진행중,안전운전불이행,건조,맑음,단일로 - 기타,승용,남,48세,경상,특수,남,46세,상해없음
2013060400100013,2013년 6월 4일 00시,화요일,경상북도 김천시 평화동,중상사고,0,1,0,0,차대차 - 측면직각충돌,중앙선침범,건조,맑음,단일로 - 터널,이륜,남,56세,중상,승용,남,54세,상해없음
2013060400100049,2013년 6월 4일 03시,화요일,경상북도 포항시 남구 해도동,경상사고,0,0,3,0,차대차 - 측면직각충돌,신호위반,건조,맑음,교차로 - 교차로안,승용,남,53세,상해없음,화물,여,61세,경상
2013060400100066,2013년 6월 4일 05시,화요일,경상북도 고령군 다산면,경상사고,0,0,2,0,차대차 - 기타,안전운전불이행,건조,기타,교차로 - 교차로안,기타불명,기타불명,기타불명,기타불명,원동기,남,75세,경상
2013060400100067,2013년 6월 4일 05시,화요일,경상북도 구미시 진평동,경상사고,0,0,2,0,차대차 - 측면직각충돌,안전운전불이행,건조,맑음,단일로 - 기타,승용,남,27세,상해없음,승용,남,26세,경상
2013060400100078,2013년 6월 4일 06시,화요일,경상북도 상주시 남성동,중상사고,0,1,0,0,차대차 - 기타,교차로운행방법위반,건조,맑음,교차로 - 교차로안,승용,남,38세,상해없음,자전거,여,81세,중상
2013060400100079,2013년 6월 4일 06시,화요일,경상북도 경산시 하양읍,경상사고,0,0,3,0,차대차 - 기타,안전운전불이행,건조,맑음,교차로 - 교차로안,승용,여,51세,경상,승용,남,45세,경상
2013060400100080,2013년 6월 4일 06시,화요일,경상북도 고령군 쌍림면,경상사고,0,0,1,0,차대차 - 측면직각충돌,안전운전불이행,건조,맑음,단일로 - 기타,승용,남,65세,상해없음,화물,남,48세,경상
2013060400100104,2013년 6월 4일 07시,화요일,경상북도 경주시 강동면,중상사고,0,3,1,0,차대차 - 기타,안전운전불이행,건조,맑음,교차로 - 교차로안,승용,여,33세,경상,승용,여,47세,중상
2013060400100105,2013년 6월 4일 07시,화요일,경상북도 김천시 아포읍,경상사고,0,0,1,0,차대사람 - 기타,안전운전불이행,건조,맑음,교차로 - 교차로부근,승용,남,66세,상해없음,보행자,여,16세,경상
2013060400100106,2013년 6월 4일 07시,화요일,경상북도 경산시 갑제동,경상사고,0,0,1,0,차대차 - 기타,안전운전불이행,건조,맑음,교차로 - 교차로안,승용,남,26세,상해없음,승용,남,31세,경상
2013060400100142,2013년 6월 4일 08시,화요일,경상북도 김천시 아포읍,사망사고,1,0,0,0,차대사람 - 기타,신호위반,건조,맑음,교차로 - 교차로부근,승용,남,27세,상해없음,보행자,남,64세,사망
2013060400100143,2013년 6월 4일 08시,화요일,경상북도 칠곡군 동명면,중상사고,0,1,0,0,차대차 - 추돌 - 진행중,중앙선침범,건조,맑음,단일로 - 기타,승용,여,45세,상해없음,승용,여,58세,중상
2013060400100144,2013년 6월 4일 08시,화요일,경상북도 포항시 남구 효자동,경상사고,0,0,1,0,차대차 - 기타,안전거리미확보,건조,맑음,단일로 - 기타,건설기계,남,43세,상해없음,승용,여,60세,경상
2013060400100145,2013년 6월 4일 08시,화요일,경상북도 포항시 남구 동촌동,경상사고,0,0,2,0,차대차 - 기타,안전거리미확보,건조,맑음,단일로 - 기타,승합,남,49세,상해없음,화물,남,59세,상해없음
2013060400100146,2013년 6월 4일 08시,화요일,경상북도 포항시 남구 장기면,중상사고,0,1,0,0,차량단독 - 전도전복,안전운전불이행,건조,맑음,단일로 - 기타,승용,여,23세,중상,,,,
2013060400100147,2013년 6월 4일 08시,화요일,경상북도 포항시 남구 이동,경상사고,0,0,1,0,차대차 - 추돌 - 주정차중,안전운전불이행,건조,맑음,교차로 - 교차로부근,승용,여,56세,상해없음,승용,여,48세,경상
2013060400100171,2013년 6월 4일 09시,화요일,경상북도 울릉군 울릉읍,중상사고,0,1,0,0,차대차 - 측면직각충돌,안전운전불이행,건조,맑음,기타 - 기타,원동기,남,50세,중상,승용,여,30세,상해없음
2013060400100187,2013년 6월 4일 10시,화요일,경상북도 포항시 북구 용흥동,경상사고,0,0,1,0,차대차 - 측면직각충돌,신호위반,건조,맑음,교차로 - 교차로안,승용,남,66세,상해없음,승용,여,43세,경상
2013060400100188,2013년 6월 4일 10시,화요일,경상북도 김천시 대항면,중상사고,0,1,0,0,차대차 - 측면직각충돌,안전운전불이행,건조,맑음,단일로 - 기타,화물,남,58세,상해없음,이륜,여,60세,중상
2013060400100189,2013년 6월 4일 10시,화요일,경상북도 구미시 형곡동,사망사고,1,0,0,0,차대차 - 측면직각충돌,안전운전불이행,건조,맑음,단일로 - 기타,승합,남,59세,상해없음,원동기,남,58세,사망
2013060400100190,2013년 6월 4일 10시,화요일,경상북도 포항시 남구 이동,중상사고,0,1,2,0,차대차 - 측면직각충돌,신호위반,건조,맑음,교차로 - 교차로안,승용,여,48세,경상,승합,여,41세,중상
2013060400100214,2013년 6월 4일 11시,화요일,경상북도 성주군 초전면,경상사고,0,0,1,0,차대차 - 정면충돌,안전운전불이행,기타,맑음,단일로 - 기타,화물,남,43세,상해없음,원동기,여,31세,경상
2013060400100243,2013년 6월 4일 12시,화요일,경상북도 김천시 지좌동,중상사고,0,1,0,0,차대차 - 측면직각충돌,신호위반,건조,맑음,단일로 - 기타,이륜,남,63세,중상,화물,남,28세,상해없음
2013060400100244,2013년 6월 4일 12시,화요일,경상북도 영주시 하망동,경상사고,0,0,1,0,차대사람 - 횡단중,보행자보호의무위반,건조,맑음,단일로 - 횡단보도상,승용,남,31세,상해없음,보행자,여,31세,경상
2013060400100245,2013년 6월 4일 12시,화요일,경상북도 경산시 하양읍,중상사고,0,1,0,0,차대차 - 기타,중앙선침범,건조,맑음,단일로 - 기타,승용,남,35세,상해없음,이륜,남,77세,중상
2013060400100246,2013년 6월 4일 12시,화요일,경상북도 군위군 효령면,중상사고,0,1,0,0,차대차 - 정면충돌,중앙선침범,건조,맑음,단일로 - 기타,이륜,남,66세,중상,화물,남,53세,상해없음
2013060400100247,2013년 6월 4일 12시,화요일,경상북도 상주시 함창읍,사망사고,1,0,0,0,차대사람 - 횡단중,과속,건조,맑음,단일로 - 기타,승합,남,55세,상해없음,보행자,남,72세,사망
2013060400100248,2013년 6월 4일 12시,화요일,경상북도 상주시 내서면,경상사고,0,0,1,0,차대차 - 추돌 - 진행중,안전운전불이행,건조,맑음,단일로 - 기타,화물,남,54세,상해없음,화물,남,38세,경상
2013060400100270,2013년 6월 4일 13시,화요일,경상북도 경주시 황남동,중상사고,0,2,0,0,차대차 - 측면직각충돌,안전운전불이행,건조,맑음,교차로 - 교차로안,원동기,남,80세,중상,승용,남,56세,중상
2013060400100271,2013년 6월 4일 13시,화요일,경상북도 문경시 흥덕동,경상사고,0,0,1,0,차대차 - 기타,안전운전불이행,건조,맑음,교차로 - 교차로부근,승용,남,52세,상해없음,이륜,여,61세,경상
2013060400100272,2013년 6월 4일 13시,화요일,경상북도 군위군 군위읍,사망사고,1,1,0,0,차대차 - 추돌 - 주정차중,안전운전불이행,건조,맑음,교차로 - 교차로부근,승용,남,71세,사망,화물,남,39세,중상
2013060400100293,2013년 6월 4일 14시,화요일,경상북도 안동시 풍산읍,부상신고사고,0,0,0,1,차대차 - 측면직각충돌,안전운전불이행,건조,맑음,교차로 - 교차로안,승용,남,48세,상해없음,승용,남,31세,부상신고
2013060400100294,2013년 6월 4일 14시,화요일,경상북도 김천시 어모면,중상사고,0,1,0,0,차대차 - 측면직각충돌,교차로운행방법위반,건조,맑음,교차로 - 교차로안,농기계,남,59세,중상,화물,남,57세,상해없음
2013060400100319,2013년 6월 4일 15시,화요일,경상북도 영주시 하망동,경상사고,0,0,1,0,차대차 - 측면직각충돌,차로위반,건조,맑음,단일로 - 기타,승용,남,50세,상해없음,원동기,남,17세,경상
2013060400100348,2013년 6월 4일 16시,화요일,경상북도 경주시 동천동,경상사고,0,0,1,0,차대사람 - 횡단중,보행자보호의무위반,건조,맑음,교차로 - 교차로안,승용,남,22세,상해없음,보행자,남,7세,경상
2013060400100349,2013년 6월 4일 16시,화요일,경상북도 안동시 풍천면,중상사고,0,1,2,0,차대차 - 측면직각충돌,안전운전불이행,건조,맑음,단일로 - 기타,이륜,여,83세,중상,화물,남,71세,경상
2013060400100350,2013년 6월 4일 16시,화요일,경상북도 구미시 형곡동,경상사고,0,0,1,0,차대차 - 측면직각충돌,안전운전불이행,건조,맑음,기타 - 기타,기타불명,기타불명,기타불명,기타불명,자전거,남,11세,경상
2013060400100392,2013년 6월 4일 17시,화요일,경상북도 구미시 상모동,경상사고,0,0,1,0,차대차 - 측면직각충돌,안전거리미확보,건조,맑음,단일로 - 기타,승용,남,46세,상해없음,이륜,남,41세,경상
2013060400100500,2013년 6월 4일 20시,화요일,경상북도 경주시 용강동,경상사고,0,0,2,0,차대차 - 기타,안전운전불이행,건조,맑음,단일로 - 기타,승용,남,37세,상해없음,승용,남,31세,경상
2013060400100501,2013년 6월 4일 20시,화요일,경상북도 경주시 마동,부상신고사고,0,0,0,1,차량단독 - 기타,안전운전불이행,건조,맑음,단일로 - 기타,원동기,여,59세,부상신고,,,,
2013060400100502,2013년 6월 4일 20시,화요일,경상북도 칠곡군 석적읍,경상사고,0,0,2,0,차대차 - 추돌 - 진행중,안전운전불이행,건조,맑음,교차로 - 교차로부근,승용,남,32세,상해없음,승용,여,34세,경상
2013060400100527,2013년 6월 4일 21시,화요일,경상북도 경주시 황오동,경상사고,0,0,2,0,차대차 - 기타,안전운전불이행,건조,맑음,단일로 - 기타,승용,남,27세,상해없음,승용,남,39세,상해없음
2013060400100573,2013년 6월 4일 23시,화요일,경상북도 포항시 북구 상원동,중상사고,0,1,0,0,차대차 - 기타,안전운전불이행,건조,맑음,단일로 - 기타,승용,남,24세,상해없음,승용,남,28세,상해없음
2013060400100574,2013년 6월 4일 23시,화요일,경상북도 경산시 하양읍,경상사고,0,0,1,2,차대차 - 추돌 - 진행중,안전운전불이행,건조,맑음,교차로 - 교차로부근,승용,남,24세,상해없음,승용,남,26세,경상
2013060400100575,2013년 6월 4일 23시,화요일,경상북도 구미시 봉곡동,경상사고,0,0,1,0,차대사람 - 횡단중,안전운전불이행,건조,맑음,단일로 - 터널,승용,남,46세,상해없음,보행자,남,39세,경상
2013060400100576,2013년 6월 4일 23시,화요일,경상북도 구미시 옥계동,경상사고,0,0,1,0,차대사람 - 횡단중,안전운전불이행,건조,맑음,단일로 - 횡단보도상,승용,남,52세,상해없음,보행자,남,24세,경상
2013060500100017,2013년 6월 5일 00시,수요일,경상북도 영주시 가흥동,중상사고,0,1,0,0,차대차 - 정면충돌,중앙선침범,건조,맑음,단일로 - 기타,화물,남,34세,상해없음,승용,남,44세,중상
2013060500100066,2013년 6월 5일 04시,수요일,경상북도 포항시 북구 장성동,경상사고,0,0,2,0,차대차 - 기타,교차로운행방법위반,건조,맑음,교차로 - 교차로안,승용,남,50세,상해없음,승용,남,67세,경상
2013060500100079,2013년 6월 5일 05시,수요일,경상북도 경주시 황성동,중상사고,0,3,0,1,차대차 - 기타,신호위반,건조,맑음,교차로 - 교차로안,승용,남,43세,부상신고,승용,남,23세,중상
2013060500100080,2013년 6월 5일 05시,수요일,경상북도 포항시 북구 상원동,중상사고,0,1,0,0,차대차 - 기타,중앙선침범,건조,맑음,단일로 - 기타,승용,남,56세,상해없음,원동기,남,70세,중상
2013060500100081,2013년 6월 5일 05시,수요일,경상북도 경산시 백천동,경상사고,0,0,1,0,차대차 - 기타,안전운전불이행,건조,맑음,교차로 - 교차로부근,승용,남,23세,상해없음,승용,남,49세,경상
2013060500100097,2013년 6월 5일 06시,수요일,경상북도 영천시 문외동,중상사고,0,1,0,0,차량단독 - 공작물충돌,안전운전불이행,건조,맑음,단일로 - 기타,승용,남,41세,상해없음,,,,
2013060500100119,2013년 6월 5일 07시,수요일,경상북도 경주시 현곡면,부상신고사고,0,0,0,1,차대차 - 기타,신호위반,건조,맑음,교차로 - 교차로안,원동기,남,30세,기타불명,승용,여,31세,부상신고
2013060500100120,2013년 6월 5일 07시,수요일,경상북도 안동시 수상동,경상사고,0,0,3,0,차대차 - 측면직각충돌,안전운전불이행,건조,맑음,단일로 - 기타,승용,남,71세,경상,승용,남,49세,경상
2013060500100121,2013년 6월 5일 07시,수요일,경상북도 김천시 감문면,중상사고,0,1,0,0,차대차 - 측면직각충돌,안전운전불이행,건조,맑음,교차로 - 교차로안,이륜,여,74세,중상,화물,남,46세,상해없음
2013060500100122,2013년 6월 5일 07시,수요일,경상북도 구미시 황상동,경상사고,0,0,1,0,차대차 - 추돌 - 진행중,안전운전불이행,건조,맑음,단일로 - 기타,이륜,남,61세,경상,승용,남,50세,상해없음
2013060500100158,2013년 6월 5일 08시,수요일,경상북도 경주시 외동읍,경상사고,0,0,1,0,차대차 - 기타,신호위반,건조,맑음,교차로 - 교차로안,화물,남,51세,상해없음,승용,남,60세,경상
2013060500100159,2013년 6월 5일 08시,수요일,경상북도 김천시 신음동,중상사고,0,1,0,0,차대사람 - 기타,보행자보호의무위반,건조,맑음,단일로 - 횡단보도상,승용,남,24세,상해없음,보행자,남,11세,중상
2013060500100160,2013년 6월 5일 08시,수요일,경상북도 구미시 오태동,중상사고,0,2,0,0,차대차 - 측면직각충돌,교차로운행방법위반,건조,맑음,교차로 - 교차로안,화물,남,28세,상해없음,승용,여,25세,중상
2013060500100182,2013년 6월 5일 09시,수요일,경상북도 상주시 냉림동,중상사고,0,1,0,0,차대차 - 기타,안전운전불이행,건조,맑음,단일로 - 기타,승용,여,42세,상해없음,자전거,여,75세,중상
2013060500100210,2013년 6월 5일 10시,수요일,경상북도 포항시 남구 해도동,경상사고,0,0,1,0,차대차 - 측면직각충돌,안전운전불이행,건조,맑음,단일로 - 기타,원동기,여,37세,경상,승용,남,64세,상해없음
2013060500100228,2013년 6월 5일 11시,수요일,경상북도 포항시 북구 대흥동,경상사고,0,0,1,0,차대차 - 측면직각충돌,교차로운행방법위반,건조,맑음,교차로 - 교차로안,화물,남,41세,상해없음,승용,여,53세,경상
2013060500100252,2013년 6월 5일 12시,수요일,경상북도 상주시 중덕동,중상사고,0,1,0,0,차대차 - 측면직각충돌,기타,건조,맑음,교차로 - 교차로안,이륜,남,18세,중상,농기계,남,47세,상해없음
2013060500100282,2013년 6월 5일 13시,수요일,경상북도 상주시 낙양동,중상사고,0,1,0,0,차대차 - 기타,안전운전불이행,건조,맑음,단일로 - 기타,자전거,여,41세,상해없음,원동기,남,44세,중상
2013060500100283,2013년 6월 5일 13시,수요일,경상북도 청송군 청송읍,중상사고,0,1,0,0,차대차 - 측면직각충돌,교차로운행방법위반,건조,맑음,교차로 - 교차로안,승용,여,55세,상해없음,승용,남,36세,중상
2013060500100284,2013년 6월 5일 13시,수요일,경상북도 청송군 파천면,중상사고,0,1,0,0,차대차 - 기타,안전운전불이행,건조,맑음,단일로 - 기타,승용,남,59세,상해없음,원동기,남,63세,중상
2013060500100285,2013년 6월 5일 13시,수요일,경상북도 영양군 석보면,중상사고,0,1,0,0,차량단독 - 전도전복,안전운전불이행,건조,맑음,단일로 - 기타,화물,남,43세,중상,,,,
2013060500100286,2013년 6월 5일 13시,수요일,경상북도 포항시 남구 구룡포읍,경상사고,0,0,1,0,차대차 - 측면직각충돌,안전운전불이행,건조,맑음,단일로 - 기타,원동기,남,54세,경상,승용,여,39세,상해없음
2013060500100305,2013년 6월 5일 14시,수요일,경상북도 영천시 완산동,경상사고,0,0,1,0,차대차 - 기타,기타,건조,맑음,교차로 - 교차로안,화물,여,52세,상해없음,승용,여,35세,경상
2013060500100306,2013년 6월 5일 14시,수요일,경상북도 경산시 사정동,중상사고,0,2,0,1,차대차 - 기타,안전운전불이행,건조,맑음,교차로 - 교차로안,화물,남,65세,부상신고,승용,여,46세,중상
2013060500100327,2013년 6월 5일 15시,수요일,경상북도 안동시 북후면,경상사고,0,0,1,0,차대차 - 측면직각충돌,직진우회전진행방해,건조,맑음,교차로 - 교차로안,이륜,남,43세,경상,화물,남,60세,상해없음
2013060500100328,2013년 6월 5일 15시,수요일,경상북도 포항시 남구 대도동,중상사고,0,1,0,0,차대사람 - 기타,안전운전불이행,건조,맑음,교차로 - 교차로부근,승용,남,59세,상해없음,보행자,여,7세,중상
2013060500100362,2013년 6월 5일 16시,수요일,경상북도 경주시 성동동,중상사고,0,1,0,0,차대차 - 기타,안전운전불이행,건조,맑음,단일로 - 기타,원동기,여,54세,상해없음,자전거,여,62세,중상
2013060500100390,2013년 6월 5일 17시,수요일,경상북도 안동시 용상동,사망사고,1,0,0,0,차대사람 - 기타,과속,건조,맑음,단일로 - 기타,승용,남,28세,상해없음,보행자,남,15세,사망
2013060500100391,2013년 6월 5일 17시,수요일,경상북도 영주시 안정면,중상사고,0,1,0,0,차대차 - 측면직각충돌,안전운전불이행,건조,맑음,단일로 - 기타,건설기계,남,44세,상해없음,승용,여,32세,중상
2013060500100392,2013년 6월 5일 17시,수요일,경상북도 포항시 남구 인덕동,중상사고,0,1,0,0,차대차 - 측면직각충돌,안전운전불이행,건조,맑음,교차로 - 교차로안,승합,남,58세,상해없음,자전거,여,24세,중상
2013060500100393,2013년 6월 5일 17시,수요일,경상북도 포항시 남구 연일읍,경상사고,0,0,1,0,차대차 - 측면직각충돌,안전운전불이행,건조,맑음,교차로 - 교차로부근,자전거,남,37세,경상,승용,남,48세,상해없음
2013060500100434,2013년 6월 5일 18시,수요일,경상북도 안동시 풍산읍,경상사고,0,0,1,0,차대차 - 기타,안전운전불이행,건조,맑음,교차로 - 교차로안,화물,남,57세,경상,승용,남,40세,상해없음
2013060500100460,2013년 6월 5일 19시,수요일,경상북도 의성군 의성읍,중상사고,0,1,0,0,차대차 - 측면직각충돌,교차로운행방법위반,건조,맑음,교차로 - 교차로안,승합,남,59세,상해없음,원동기,남,66세,중상
2013060500100501,2013년 6월 5일 20시,수요일,경상북도 칠곡군 왜관읍,중상사고,0,1,1,0,차대차 - 기타,신호위반,건조,맑음,교차로 - 교차로안,승용,여,32세,상해없음,승용,남,41세,상해없음
2013060500100502,2013년 6월 5일 20시,수요일,경상북도 경산시 자인면,경상사고,0,0,3,0,차대차 - 기타,안전운전불이행,건조,맑음,단일로 - 기타,승용,남,24세,상해없음,승용,남,42세,경상
2013060500100503,2013년 6월 5일 20시,수요일,경상북도 구미시 인의동,경상사고,0,0,1,1,차대사람 - 기타,안전운전불이행,건조,맑음,단일로 - 기타,이륜,남,28세,부상신고,보행자,남,7세,경상
2013060500100537,2013년 6월 5일 21시,수요일,경상북도 안동시 정하동,경상사고,0,0,1,0,차대사람 - 기타,보행자보호의무위반,건조,맑음,단일로 - 횡단보도상,승용,남,42세,상해없음,보행자,남,6세,경상
2013060500100538,2013년 6월 5일 21시,수요일,경상북도 울진군 후포면,경상사고,0,0,1,0,차대차 - 기타,안전운전불이행,건조,맑음,단일로 - 기타,원동기,남,17세,상해없음,자전거,남,64세,경상
2013060500100539,2013년 6월 5일 21시,수요일,경상북도 구미시 도량동,중상사고,0,1,0,0,차대차 - 기타,안전운전불이행,건조,맑음,단일로 - 기타,승용,남,35세,상해없음,이륜,남,22세,중상
2013060500100596,2013년 6월 5일 23시,수요일,경상북도 성주군 성주읍,경상사고,0,0,2,0,차대차 - 측면직각충돌,안전거리미확보,건조,맑음,교차로 - 교차로안,승용,남,20세,상해없음,승용,남,30세,경상
2013060500100597,2013년 6월 5일 23시,수요일,경상북도 구미시 구평동,경상사고,0,0,1,0,차대차 - 측면직각충돌,안전운전불이행,건조,맑음,단일로 - 기타,승용,여,35세,경상,화물,남,46세,기타불명
2013060600100015,2013년 6월 6일 00시,목요일,경상북도 포항시 북구 득량동,부상신고사고,0,0,0,1,차량단독 - 공작물충돌,안전운전불이행,건조,맑음,미분류 - 미분류,승용,남,45세,부상신고,,,,
2013060600100054,2013년 6월 6일 02시,목요일,경상북도 포항시 북구 양덕동,경상사고,0,0,1,0,차대차 - 기타,안전운전불이행,건조,맑음,교차로 - 교차로부근,승용,여,36세,상해없음,건설기계,남,65세,상해없음
2013060600100069,2013년 6월 6일 03시,목요일,경상북도 포항시 북구 죽도동,중상사고,0,1,0,0,차대차 - 추돌 - 주정차중,안전운전불이행,건조,맑음,교차로 - 교차로부근,승용,남,29세,상해없음,승용,여,40세,중상
2013060600100070,2013년 6월 6일 03시,목요일,경상북도 포항시 북구 죽도동,중상사고,0,1,0,0,차대사람 - 기타,안전운전불이행,건조,맑음,교차로 - 교차로안,승용,남,51세,상해없음,보행자,남,31세,중상
2013060600100098,2013년 6월 6일 05시,목요일,경상북도 영주시 풍기읍,경상사고,0,0,2,0,차대차 - 측면직각충돌,교차로운행방법위반,건조,맑음,교차로 - 교차로안,승용,여,63세,경상,승용,남,77세,상해없음
2013060600100131,2013년 6월 6일 07시,목요일,경상북도 경주시 외동읍,중상사고,0,2,0,0,차대차 - 측면직각충돌,신호위반,건조,맑음,교차로 - 교차로안,승용,남,28세,중상,승합,남,51세,중상
2013060600100132,2013년 6월 6일 07시,목요일,경상북도 경주시 양남면,경상사고,0,0,1,0,차량단독 - 전도전복,안전운전불이행,건조,맑음,단일로 - 기타,승용,남,40세,상해없음,,,,
2013060600100133,2013년 6월 6일 07시,목요일,경상북도 포항시 남구 송내동,경상사고,0,0,1,0,차대차 - 기타,안전운전불이행,건조,맑음,단일로 - 기타,기타불명,기타불명,기타불명,기타불명,화물,남,59세,경상
2013060600100152,2013년 6월 6일 08시,목요일,경상북도 경주시 황성동,경상사고,0,0,1,0,차대차 - 측면직각충돌,안전운전불이행,건조,맑음,단일로 - 기타,승용,남,31세,상해없음,승용,남,46세,경상
2013060600100174,2013년 6월 6일 09시,목요일,경상북도 경주시 양남면,경상사고,0,0,2,0,차대차 - 측면직각충돌,안전운전불이행,건조,맑음,단일로 - 교량,화물,남,47세,상해없음,승용,남,51세,경상
2013060600100202,2013년 6월 6일 10시,목요일,경상북도 상주시 외남면,중상사고,0,1,0,0,차대차 - 추돌 - 진행중,기타,건조,맑음,교차로 - 교차로안,화물,남,51세,상해없음,농기계,남,58세,중상
2013060600100203,2013년 6월 6일 10시,목요일,경상북도 영주시 봉현면,경상사고,0,0,3,0,차대차 - 측면직각충돌,직진우회전진행방해,건조,흐림,교차로 - 교차로안,승합,여,42세,상해없음,승용,남,64세,경상
2013060600100257,2013년 6월 6일 12시,목요일,경상북도 문경시 모전동,경상사고,0,0,1,0,차대차 - 측면직각충돌,신호위반,건조,흐림,교차로 - 교차로안,이륜,남,65세,경상,승용,남,45세,상해없음
2013060600100280,2013년 6월 6일 13시,목요일,경상북도 경주시 배반동,경상사고,0,0,4,2,차대차 - 기타,안전운전불이행,건조,맑음,단일로 - 기타,화물,남,57세,상해없음,승용,남,27세,경상
2013060600100281,2013년 6월 6일 13시,목요일,경상북도 김천시 성내동,경상사고,0,0,2,0,차대차 - 측면직각충돌,안전운전불이행,건조,맑음,교차로 - 교차로부근,승용,남,67세,기타불명,이륜,남,17세,경상
2013060600100282,2013년 6월 6일 13시,목요일,경상북도 영천시 청통면,중상사고,0,2,4,0,차대차 - 측면직각충돌,직진우회전진행방해,건조,맑음,교차로 - 교차로안,승용,남,72세,중상,승용,남,26세,경상
2013060600100309,2013년 6월 6일 14시,목요일,경상북도 경주시 감포읍,중상사고,0,5,1,0,차대차 - 측면직각충돌,중앙선침범,건조,맑음,단일로 - 기타,승용,남,70세,중상,화물,남,34세,경상
2013060600100310,2013년 6월 6일 14시,목요일,경상북도 구미시 인의동,경상사고,0,0,1,0,차대차 - 측면직각충돌,직진우회전진행방해,건조,맑음,교차로 - 교차로안,승용,남,27세,상해없음,자전거,남,12세,경상
2013060600100344,2013년 6월 6일 15시,목요일,경상북도 포항시 북구 환호동,중상사고,0,1,0,0,차대차 - 측면직각충돌,교차로운행방법위반,습기,비,교차로 - 교차로안,승용,남,55세,상해없음,자전거,남,72세,중상
2013060600100345,2013년 6월 6일 15시,목요일,경상북도 경산시 와촌면,경상사고,0,0,4,0,차대차 - 기타,안전운전불이행,건조,맑음,교차로 - 교차로안,승용,남,59세,상해없음,승용,남,34세,경상
2013060600100394,2013년 6월 6일 17시,목요일,경상북도 경주시 동천동,경상사고,0,0,1,0,차대차 - 기타,안전운전불이행,건조,맑음,교차로 - 교차로안,승용,남,36세,상해없음,승용,남,56세,경상
2013060600100395,2013년 6월 6일 17시,목요일,경상북도 영천시 화룡동,중상사고,0,6,0,0,차량단독 - 공작물충돌,안전운전불이행,습기,비,교차로 - 교차로부근,승용,남,69세,중상,,,,
2013060600100424,2013년 6월 6일 18시,목요일,경상북도 경주시 보문동,중상사고,0,2,1,0,차량단독 - 전도전복,안전운전불이행,습기,비,단일로 - 기타,승용,남,18세,경상,,,,
2013060600100425,2013년 6월 6일 18시,목요일,경상북도 포항시 북구 두호동,경상사고,0,0,3,0,차대차 - 기타,교차로운행방법위반,습기,흐림,교차로 - 교차로안,승용,여,53세,경상,승용,남,48세,상해없음
2013060600100426,2013년 6월 6일 18시,목요일,경상북도 포항시 남구 오천읍,경상사고,0,0,1,0,차대차 - 측면직각충돌,교차로운행방법위반,습기,흐림,교차로 - 교차로안,원동기,남,21세,경상,화물,남,51세,상해없음
2013060600100449,2013년 6월 6일 19시,목요일,경상북도 포항시 북구 흥해읍,중상사고,0,1,1,0,차대차 - 기타,신호위반,건조,맑음,교차로 - 교차로안,승용,남,63세,상해없음,승용,남,48세,중상
2013060600100450,2013년 6월 6일 19시,목요일,경상북도 영천시 문외동,경상사고,0,0,2,0,차대차 - 추돌 - 주정차중,중앙선침범,건조,맑음,단일로 - 기타,승용,남,56세,상해없음,승용,남,40세,기타불명
2013060600100475,2013년 6월 6일 20시,목요일,경상북도 포항시 북구 흥해읍,경상사고,0,0,1,0,차대차 - 측면직각충돌,중앙선침범,건조,맑음,단일로 - 기타,승용,남,37세,상해없음,원동기,남,37세,경상