사고번호,사고일시,요일,시군구,사고내용,사망자수,중상자수,경상자수,부상신고자수,사고유형,법규위반,노면상태,기상상태,도로형태,가해운전자 차종,가해운전자 성별,가해운전자 연령,가해운전자 상해정도,피해운전자 차종,피해운전자 성별,피해운전자 연령,피해운전자 상해정도
2013061500100529,2013년 6월 15일 18시,토요일,경상북도 포항시 북구 흥해읍,경상사고,0,0,1,0,차대차 - 기타,안전운전불이행,건조,맑음,단일로 - 기타,승용,남,55세,상해없음,자전거,남,76세,경상
2013061500100530,2013년 6월 15일 18시,토요일,경상북도 상주시 화북면,중상사고,0,1,0,0,차량단독 - 기타,안전운전불이행,건조,맑음,기타 - 기타,화물,남,70세,상해없음,,,,
2013061500100531,2013년 6월 15일 18시,토요일,경상북도 경산시 자인면,경상사고,0,0,3,0,차대차 - 기타,안전운전불이행,건조,맑음,교차로 - 교차로안,승용,여,62세,상해없음,승용,여,33세,경상
2013061500100532,2013년 6월 15일 18시,토요일,경상북도 구미시 형곡동,부상신고사고,0,0,0,1,차대차 - 기타,직진우회전진행방해,건조,맑음,교차로 - 교차로안,승용,여,60세,상해없음,승합,남,50세,상해없음
2013061500100560,2013년 6월 15일 19시,토요일,경상북도 구미시 남통동,경상사고,0,0,1,0,차대차 - 측면직각충돌,안전운전불이행,건조,맑음,단일로 - 기타,승용,여,32세,상해없음,원동기,남,18세,경상
2013061500100594,2013년 6월 15일 20시,토요일,경상북도 경주시 외동읍,부상신고사고,0,0,0,1,차량단독 - 공작물충돌,안전운전불이행,건조,맑음,단일로 - 기타,승용,여,33세,부상신고,,,,
2013061500100595,2013년 6월 15일 20시,토요일,경상북도 포항시 북구 죽도동,경상사고,0,0,2,0,차대차 - 기타,안전운전불이행,건조,맑음,단일로 - 기타,원동기,남,17세,경상,승용,남,58세,경상
2013061500100596,2013년 6월 15일 20시,토요일,경상북도 안동시 송현동,경상사고,0,0,1,1,차대차 - 측면직각충돌,신호위반,건조,맑음,교차로 - 교차로안,승용,남,32세,부상신고,화물,남,32세,경상
2013061500100597,2013년 6월 15일 20시,토요일,경상북도 울진군 후포면,부상신고사고,0,0,0,1,차대사람 - 기타,안전운전불이행,건조,맑음,단일로 - 기타,이륜,남,16세,상해없음,보행자,남,13세,부상신고
2013061500100598,2013년 6월 15일 20시,토요일,경상북도 구미시 신평동,경상사고,0,0,1,0,차대차 - 기타,신호위반,건조,맑음,교차로 - 교차로안,승용,남,63세,상해없음,승용,남,45세,경상
2013061500100627,2013년 6월 15일 21시,토요일,경상북도 경주시 안강읍,중상사고,0,1,0,0,차량단독 - 기타,안전운전불이행,건조,맑음,교차로 - 교차로부근,이륜,남,60세,중상,,,,
2013061500100628,2013년 6월 15일 21시,토요일,경상북도 칠곡군 가산면,경상사고,0,0,1,0,차대차 - 추돌 - 진행중,중앙선침범,건조,맑음,단일로 - 기타,화물,남,73세,상해없음,승용,남,49세,경상
2013061500100629,2013년 6월 15일 21시,토요일,경상북도 구미시 공단동,경상사고,0,0,1,0,차대차 - 측면직각충돌,신호위반,건조,맑음,교차로 - 교차로안,원동기,남,26세,경상,화물,남,61세,상해없음
2013061500100660,2013년 6월 15일 22시,토요일,경상북도 경산시 조영동,경상사고,0,0,1,0,차대사람 - 기타,안전운전불이행,건조,맑음,교차로 - 교차로안,승용,남,28세,기타불명,보행자,여,22세,경상
2013061500100696,2013년 6월 15일 23시,토요일,경상북도 안동시 태화동,경상사고,0,0,3,0,차대차 - 추돌 - 주정차중,안전운전불이행,건조,맑음,단일로 - 기타,승용,남,32세,상해없음,승용,남,51세,경상
2013061600100012,2013년 6월 16일 00시,일요일,경상북도 경산시 대동,중상사고,0,1,0,0,차대차 - 기타,중앙선침범,건조,맑음,교차로 - 교차로부근,승용,남,48세,상해없음,이륜,남,41세,중상
2013061600100033,2013년 6월 16일 01시,일요일,경상북도 영천시 금호읍,경상사고,0,0,2,0,차대사람 - 기타,안전운전불이행,건조,맑음,단일로 - 기타,승용,여,59세,상해없음,보행자,여,48세,경상
2013061600100064,2013년 6월 16일 02시,일요일,경상북도 구미시 비산동,중상사고,0,1,0,0,차대차 - 측면직각충돌,신호위반,건조,맑음,교차로 - 교차로안,승용,남,29세,상해없음,화물,남,26세,중상
2013061600100071,2013년 6월 16일 03시,일요일,경상북도 경주시 외동읍,중상사고,0,1,0,0,차대차 - 추돌 - 주정차중,안전운전불이행,건조,맑음,교차로 - 교차로부근,승용,남,26세,상해없음,승용,여,50세,중상
2013061600100072,2013년 6월 16일 03시,일요일,경상북도 칠곡군 왜관읍,중상사고,0,1,0,0,차대사람 - 보도통행중,안전운전불이행,건조,흐림,교차로 - 교차로안,승용,남,38세,상해없음,보행자,남,20세,중상
2013061600100073,2013년 6월 16일 03시,일요일,경상북도 구미시 황상동,중상사고,0,1,1,0,차대차 - 기타,안전운전불이행,건조,맑음,교차로 - 교차로부근,승용,남,26세,상해없음,승용,남,27세,중상
2013061600100106,2013년 6월 16일 05시,일요일,경상북도 영천시 금노동,중상사고,0,2,0,0,차대차 - 측면직각충돌,신호위반,건조,맑음,교차로 - 교차로안,화물,남,27세,상해없음,화물,남,79세,중상
2013061600100125,2013년 6월 16일 06시,일요일,경상북도 상주시 청리면,중상사고,0,1,0,0,차대차 - 기타,안전운전불이행,건조,맑음,단일로 - 기타,화물,남,63세,상해없음,이륜,여,42세,중상
2013061600100191,2013년 6월 16일 10시,일요일,경상북도 청도군 풍각면,경상사고,0,0,1,0,차대차 - 추돌 - 진행중,안전운전불이행,건조,맑음,교차로 - 교차로안,화물,남,52세,상해없음,승용,남,63세,경상
2013061600100211,2013년 6월 16일 11시,일요일,경상북도 경주시 신평동,중상사고,0,1,4,0,차대차 - 기타,안전운전불이행,건조,맑음,교차로 - 교차로부근,승합,남,27세,경상,승합,여,26세,중상
2013061600100212,2013년 6월 16일 11시,일요일,경상북도 포항시 북구 대신동,중상사고,0,1,0,0,차대차 - 측면직각충돌,안전운전불이행,건조,맑음,단일로 - 횡단보도부근,승용,여,43세,상해없음,자전거,남,71세,중상
2013061600100241,2013년 6월 16일 12시,일요일,경상북도 포항시 북구 죽도동,중상사고,0,1,0,0,차대차 - 측면직각충돌,안전운전불이행,건조,맑음,단일로 - 기타,승용,남,51세,상해없음,승용,여,58세,중상
2013061600100242,2013년 6월 16일 12시,일요일,경상북도 영천시 과전동,부상신고사고,0,0,0,1,차대차 - 측면직각충돌,안전운전불이행,건조,맑음,교차로 - 교차로부근,원동기,남,60세,부상신고,승용,남,34세,상해없음
2013061600100243,2013년 6월 16일 12시,일요일,경상북도 영천시 화룡동,경상사고,0,0,1,0,차대차 - 측면직각충돌,중앙선침범,건조,맑음,단일로 - 기타,화물,남,56세,상해없음,이륜,남,24세,경상
2013061600100244,2013년 6월 16일 12시,일요일,경상북도 문경시 동로면,중상사고,0,1,0,0,차량단독 - 도로외이탈 - 추락,안전운전불이행,건조,맑음,단일로 - 기타,이륜,남,25세,중상,,,,
2013061600100245,2013년 6월 16일 12시,일요일,경상북도 포항시 남구 장기면,중상사고,0,1,0,0,차대차 - 측면직각충돌,안전운전불이행,건조,맑음,단일로 - 기타,기타불명,기타불명,기타불명,기타불명,자전거,남,46세,중상
2013061600100274,2013년 6월 16일 13시,일요일,경상북도 경주시 하동,경상사고,0,0,1,0,차대차 - 측면직각충돌,안전거리미확보,건조,맑음,단일로 - 기타,승용,남,52세,상해없음,승용,남,27세,경상
2013061600100294,2013년 6월 16일 14시,일요일,경상북도 포항시 남구 해도동,경상사고,0,0,1,0,차대사람 - 보도통행중,안전운전불이행,건조,맑음,단일로 - 횡단보도상,승용,여,50세,상해없음,보행자,남,16세,경상
2013061600100381,2013년 6월 16일 17시,일요일,경상북도 안동시 수상동,중상사고,0,3,0,0,차대차 - 기타,안전운전불이행,건조,맑음,단일로 - 기타,화물,남,63세,상해없음,승용,남,29세,중상
2013061600100382,2013년 6월 16일 17시,일요일,경상북도 의성군 다인면,중상사고,0,1,0,0,차량단독 - 기타,안전운전불이행,건조,맑음,단일로 - 기타,승용,남,41세,중상,,,,
2013061600100383,2013년 6월 16일 17시,일요일,경상북도 문경시 호계면,중상사고,0,1,0,0,차대차 - 측면직각충돌,중앙선침범,건조,맑음,단일로 - 기타,이륜,남,41세,중상,승합,남,68세,상해없음
2013061600100384,2013년 6월 16일 17시,일요일,경상북도 구미시 원평동,경상사고,0,0,1,0,차대차 - 측면직각충돌,신호위반,건조,맑음,교차로 - 교차로안,승합,남,52세,기타불명,승용,여,27세,경상
2013061600100423,2013년 6월 16일 18시,일요일,경상북도 포항시 북구 청하면,중상사고,0,2,8,0,차대차 - 추돌 - 진행중,안전거리미확보,건조,맑음,단일로 - 기타,승용,남,26세,경상,승용,남,46세,기타불명
2013061600100424,2013년 6월 16일 18시,일요일,경상북도 안동시 정하동,경상사고,0,0,1,0,차대사람 - 기타,안전운전불이행,건조,맑음,단일로 - 기타,승용,남,33세,상해없음,보행자,남,8세,경상
2013061600100425,2013년 6월 16일 18시,일요일,경상북도 포항시 남구 연일읍,경상사고,0,0,3,0,차대차 - 측면직각충돌,직진우회전진행방해,건조,맑음,교차로 - 교차로안,승용,남,35세,상해없음,승용,여,40세,경상
2013061600100446,2013년 6월 16일 19시,일요일,경상북도 경주시 외동읍,중상사고,0,1,0,0,차대차 - 기타,안전운전불이행,건조,맑음,교차로 - 교차로안,화물,여,63세,중상,화물,남,32세,상해없음
2013061600100447,2013년 6월 16일 19시,일요일,경상북도 포항시 북구 양덕동,경상사고,0,0,2,0,차대차 - 기타,교차로운행방법위반,건조,맑음,교차로 - 교차로안,승용,남,57세,상해없음,승용,남,27세,경상
2013061600100448,2013년 6월 16일 19시,일요일,경상북도 상주시 화서면,중상사고,0,1,0,0,차대차 - 측면직각충돌,안전운전불이행,건조,맑음,단일로 - 기타,승용,여,51세,상해없음,원동기,남,69세,중상
2013061600100449,2013년 6월 16일 19시,일요일,경상북도 구미시 송정동,경상사고,0,0,1,0,차대차 - 추돌 - 진행중,안전운전불이행,건조,맑음,교차로 - 교차로부근,기타불명,기타불명,기타불명,기타불명,원동기,남,17세,경상
2013061600100477,2013년 6월 16일 20시,일요일,경상북도 경주시 성동동,중상사고,0,1,0,0,차대사람 - 차도통행중,안전운전불이행,건조,맑음,단일로 - 기타,승용,남,47세,상해없음,보행자,남,39세,중상
2013061600100478,2013년 6월 16일 20시,일요일,경상북도 구미시 선산읍,중상사고,0,1,0,0,차대차 - 기타,안전운전불이행,건조,맑음,교차로 - 교차로안,화물,남,58세,상해없음,자전거,여,67세,중상
2013061600100479,2013년 6월 16일 20시,일요일,경상북도 구미시 선기동,경상사고,0,0,2,0,차대차 - 추돌 - 진행중,교차로운행방법위반,건조,맑음,교차로 - 교차로부근,승용,남,50세,상해없음,승용,남,51세,경상
2013061600100480,2013년 6월 16일 20시,일요일,경상북도 포항시 남구 대도동,중상사고,0,1,1,0,차대차 - 측면직각충돌,신호위반,건조,맑음,교차로 - 교차로안,원동기,남,17세,중상,화물,남,62세,경상
2013061600100516,2013년 6월 16일 21시,일요일,경상북도 포항시 북구 죽도동,중상사고,0,1,0,0,차대차 - 기타,안전운전불이행,건조,맑음,단일로 - 기타,승용,남,34세,상해없음,원동기,남,18세,중상
2013061600100517,2013년 6월 16일 21시,일요일,경상북도 경산시 압량면,중상사고,0,2,0,0,차대차 - 기타,안전운전불이행,기타,기타,단일로 - 기타,승용,여,60세,상해없음,승용,남,28세,중상
2013061600100561,2013년 6월 16일 23시,일요일,경상북도 포항시 북구 득량동,중상사고,0,1,0,0,차대사람 - 기타,안전운전불이행,건조,맑음,단일로 - 기타,승용,여,37세,상해없음,보행자,남,47세,중상
2013061700100041,2013년 6월 17일 05시,월요일,경상북도 상주시 연원동,중상사고,0,1,0,0,차대사람 - 횡단중,보행자보호의무위반,건조,맑음,교차로 - 교차로안,승용,남,59세,상해없음,보행자,여,69세,중상
2013061700100050,2013년 6월 17일 06시,월요일,경상북도 구미시 임은동,중상사고,0,1,0,0,차대사람 - 기타,안전운전불이행,건조,맑음,단일로 - 기타,승용,남,57세,상해없음,보행자,남,49세,중상
2013061700100068,2013년 6월 17일 07시,월요일,경상북도 경산시 하양읍,중상사고,0,1,0,0,차대차 - 기타,교차로운행방법위반,건조,맑음,교차로 - 교차로안,승용,남,40세,상해없음,승용,남,25세,중상
2013061700100115,2013년 6월 17일 08시,월요일,경상북도 경주시 충효동,경상사고,0,0,1,0,차대사람 - 기타,안전운전불이행,건조,맑음,단일로 - 기타,승용,여,42세,상해없음,보행자,여,13세,경상
2013061700100116,2013년 6월 17일 08시,월요일,경상북도 안동시 용상동,부상신고사고,0,0,0,1,차대차 - 기타,안전운전불이행,건조,맑음,기타 - 기타,승용,남,45세,상해없음,자전거,여,12세,부상신고
2013061700100117,2013년 6월 17일 08시,월요일,경상북도 문경시 흥덕동,중상사고,0,1,0,0,차대차 - 측면직각충돌,안전운전불이행,건조,흐림,단일로 - 기타,원동기,여,64세,중상,승합,남,44세,상해없음
2013061700100148,2013년 6월 17일 09시,월요일,경상북도 안동시 당북동,중상사고,0,1,0,0,차대차 - 추돌 - 진행중,안전운전불이행,건조,맑음,단일로 - 기타,승용,남,40세,상해없음,승용,남,74세,중상
2013061700100149,2013년 6월 17일 09시,월요일,경상북도 고령군 고령읍,중상사고,0,1,0,0,차대차 - 측면직각충돌,안전거리미확보,건조,맑음,교차로 - 교차로부근,승용,남,48세,상해없음,원동기,남,70세,중상
2013061700100173,2013년 6월 17일 10시,월요일,경상북도 예천군 예천읍,사망사고,1,0,0,0,차대차 - 추돌 - 진행중,안전운전불이행,건조,맑음,단일로 - 교량,화물,남,50세,상해없음,원동기,남,76세,사망
2013061700100205,2013년 6월 17일 11시,월요일,경상북도 영천시 대창면,경상사고,0,0,1,0,차량단독 - 기타,기타,건조,맑음,교차로 - 교차로부근,승합,남,61세,상해없음,,,,
2013061700100227,2013년 6월 17일 12시,월요일,경상북도 상주시 서문동,경상사고,0,0,1,0,차대사람 - 차도통행중,안전운전불이행,건조,맑음,단일로 - 기타,승용,남,64세,상해없음,보행자,여,52세,경상
2013061700100278,2013년 6월 17일 14시,월요일,경상북도 칠곡군 동명면,경상사고,0,0,2,0,차대차 - 추돌 - 진행중,안전운전불이행,건조,맑음,단일로 - 기타,화물,남,50세,상해없음,화물,남,27세,경상
2013061700100279,2013년 6월 17일 14시,월요일,경상북도 경산시 옥곡동,경상사고,0,0,1,0,차대사람 - 기타,기타,건조,맑음,단일로 - 기타,승용,남,51세,상해없음,보행자,남,52세,경상
2013061700100280,2013년 6월 17일 14시,월요일,경상북도 경산시 정평동,경상사고,0,0,2,0,차대차 - 기타,교차로운행방법위반,건조,맑음,교차로 - 교차로안,화물,남,74세,상해없음,승용,여,60세,경상
2013061700100281,2013년 6월 17일 14시,월요일,경상북도 봉화군 상운면,중상사고,0,1,0,0,차량단독 - 도로외이탈 - 추락,안전운전불이행,건조,맑음,단일로 - 기타,농기계,남,79세,중상,,,,
2013061700100302,2013년 6월 17일 15시,월요일,경상북도 김천시 어모면,경상사고,0,0,1,0,차대차 - 측면직각충돌,안전운전불이행,건조,맑음,단일로 - 기타,승용,남,29세,상해없음,승용,남,34세,경상
2013061700100303,2013년 6월 17일 15시,월요일,경상북도 봉화군 봉화읍,중상사고,0,1,1,0,차량단독 - 공작물충돌,안전운전불이행,습기,비,단일로 - 교량,승용,남,64세,중상,,,,
2013061700100337,2013년 6월 17일 16시,월요일,경상북도 포항시 북구 죽장면,경상사고,0,0,2,0,차대차 - 측면직각충돌,안전운전불이행,건조,맑음,단일로 - 기타,승용,남,74세,상해없음,화물,남,39세,경상
2013061700100338,2013년 6월 17일 16시,월요일,경상북도 안동시 태화동,경상사고,0,0,3,0,차대차 - 추돌 - 주정차중,안전운전불이행,건조,맑음,단일로 - 기타,승용,남,40세,상해없음,승용,남,56세,경상
2013061700100339,2013년 6월 17일 16시,월요일,경상북도 김천시 감천면,중상사고,0,1,0,0,차대차 - 측면직각충돌,안전운전불이행,건조,맑음,단일로 - 기타,건설기계,남,41세,상해없음,이륜,남,59세,중상
2013061700100340,2013년 6월 17일 16시,월요일,경상북도 영덕군 강구면,중상사고,0,1,0,0,차대차 - 기타,안전운전불이행,건조,맑음,교차로 - 교차로부근,승용,여,35세,상해없음,자전거,여,59세,중상
2013061700100378,2013년 6월 17일 17시,월요일,경상북도 경주시 성건동,부상신고사고,0,0,0,1,차대차 - 기타,안전운전불이행,건조,맑음,교차로 - 교차로안,승합,남,43세,상해없음,원동기,남,17세,부상신고
2013061700100379,2013년 6월 17일 17시,월요일,경상북도 경주시 외동읍,경상사고,0,0,1,0,차대차 - 기타,안전운전불이행,건조,맑음,교차로 - 교차로안,승용,남,36세,상해없음,화물,남,51세,경상
2013061700100380,2013년 6월 17일 17시,월요일,경상북도 영주시 가흥동,경상사고,0,0,5,0,차대차 - 측면직각충돌,안전운전불이행,건조,흐림,단일로 - 기타,승용,남,23세,상해없음,승용,남,60세,경상
2013061700100381,2013년 6월 17일 17시,월요일,경상북도 청도군 각남면,중상사고,0,2,0,0,차대차 - 기타,교차로운행방법위반,건조,맑음,교차로 - 교차로안,원동기,남,73세,중상,승합,남,58세,상해없음
2013061700100420,2013년 6월 17일 18시,월요일,경상북도 경주시 황오동,경상사고,0,0,2,0,차대차 - 기타,안전운전불이행,건조,맑음,교차로 - 교차로안,승용,남,52세,경상,승용,여,26세,상해없음
2013061700100421,2013년 6월 17일 18시,월요일,경상북도 의성군 금성면,사망사고,1,0,0,0,차량단독 - 기타,안전운전불이행,건조,맑음,단일로 - 기타,화물,남,47세,상해없음,,,,
2013061700100422,2013년 6월 17일 18시,월요일,경상북도 칠곡군 동명면,중상사고,0,1,0,0,차대차 - 추돌 - 진행중,신호위반,건조,맑음,단일로 - 횡단보도상,화물,남,30세,상해없음,이륜,남,59세,중상
2013061700100423,2013년 6월 17일 18시,월요일,경상북도 구미시 도량동,중상사고,0,1,1,0,차대차 - 측면직각충돌,안전운전불이행,건조,맑음,교차로 - 교차로부근,화물,남,58세,상해없음,승용,여,54세,경상
2013061700100456,2013년 6월 17일 19시,월요일,경상북도 안동시 용상동,경상사고,0,0,1,0,차대사람 - 기타,안전운전불이행,건조,맑음,단일로 - 기타,원동기,남,17세,상해없음,보행자,여,71세,경상
2013061700100457,2013년 6월 17일 19시,월요일,경상북도 구미시 거의동,중상사고,0,1,1,0,차대차 - 정면충돌,안전운전불이행,건조,맑음,단일로 - 기타,자전거,남,21세,중상,이륜,남,18세,경상
2013061700100497,2013년 6월 17일 20시,월요일,경상북도 경주시 안강읍,중상사고,0,1,0,0,차대사람 - 기타,보행자보호의무위반,건조,맑음,교차로 - 교차로부근,승용,여,57세,상해없음,보행자,여,52세,중상
2013061700100498,2013년 6월 17일 20시,월요일,경상북도 경주시 양남면,경상사고,0,0,1,0,차대차 - 기타,안전운전불이행,건조,맑음,단일로 - 기타,승용,남,57세,상해없음,승용,남,29세,경상
2013061700100499,2013년 6월 17일 20시,월요일,경상북도 김천시 개령면,경상사고,0,0,1,0,차대차 - 측면직각충돌,중앙선침범,건조,맑음,단일로 - 기타,승합,남,51세,상해없음,승용,여,47세,경상
2013061700100500,2013년 6월 17일 20시,월요일,경상북도 칠곡군 왜관읍,부상신고사고,0,0,0,1,차대차 - 기타,안전거리미확보,건조,맑음,단일로 - 기타,승용,남,35세,상해없음,승용,남,40세,부상신고
2013061700100539,2013년 6월 17일 21시,월요일,경상북도 구미시 형곡동,경상사고,0,0,1,0,차대차 - 기타,안전운전불이행,건조,맑음,단일로 - 기타,승용,남,57세,상해없음,자전거,남,22세,경상
2013061700100540,2013년 6월 17일 21시,월요일,경상북도 구미시 고아읍,중상사고,0,1,0,0,차대차 - 추돌 - 주정차중,안전거리미확보,건조,맑음,교차로 - 교차로부근,이륜,남,48세,중상,화물,남,29세,상해없음
2013061700100573,2013년 6월 17일 22시,월요일,경상북도 포항시 북구 장성동,경상사고,0,0,1,0,차대차 - 기타,안전운전불이행,건조,맑음,단일로 - 기타,승용,남,53세,상해없음,승용,남,48세,경상
2013061700100606,2013년 6월 17일 23시,월요일,경상북도 김천시 봉산면,경상사고,0,0,1,0,차대차 - 추돌 - 진행중,안전운전불이행,건조,흐림,단일로 - 기타,화물,남,56세,상해없음,화물,남,41세,경상
2013061800100032,2013년 6월 18일 01시,화요일,경상북도 경주시 천군동,중상사고,0,2,1,0,차대차 - 기타,신호위반,건조,맑음,교차로 - 교차로안,승용,남,43세,중상,화물,남,70세,중상
2013061800100033,2013년 6월 18일 01시,화요일,경상북도 경주시 시래동,중상사고,0,1,1,0,차대차 - 기타,안전운전불이행,건조,맑음,교차로 - 교차로부근,화물,남,32세,중상,승용,남,31세,경상
2013061800100068,2013년 6월 18일 03시,화요일,경상북도 경주시 용강동,중상사고,0,1,0,0,차량단독 - 기타,안전운전불이행,건조,맑음,교차로 - 교차로안,승용,남,27세,중상,,,,
2013061800100081,2013년 6월 18일 04시,화요일,경상북도 경주시 안강읍,부상신고사고,0,0,0,1,차대사람 - 기타,안전운전불이행,건조,흐림,단일로 - 기타,승합,여,55세,상해없음,보행자,남,45세,부상신고
2013061800100082,2013년 6월 18일 04시,화요일,경상북도 포항시 북구 두호동,중상사고,0,1,0,0,차대차 - 기타,신호위반,건조,맑음,교차로 - 교차로안,승용,남,46세,상해없음,승용,남,32세,중상
2013061800100083,2013년 6월 18일 04시,화요일,경상북도 포항시 남구 대도동,경상사고,0,0,1,0,차대차 - 측면직각충돌,안전운전불이행,건조,맑음,단일로 - 기타,승용,남,57세,상해없음,승용,여,55세,경상
2013061800100091,2013년 6월 18일 05시,화요일,경상북도 성주군 초전면,사망사고,1,0,0,0,차량단독 - 공작물충돌,안전운전불이행,기타,흐림,단일로 - 기타,승용,여,25세,사망,,,,
2013061800100101,2013년 6월 18일 06시,화요일,경상북도 김천시 평화동,중상사고,0,1,0,0,차대차 - 측면직각충돌,교차로운행방법위반,습기,비,교차로 - 교차로안,승용,여,43세,상해없음,이륜,남,52세,중상
2013061800100124,2013년 6월 18일 07시,화요일,경상북도 영천시 청통면,중상사고,0,1,1,0,차량단독 - 공작물충돌,안전운전불이행,습기,비,단일로 - 기타,승용,여,39세,경상,,,,
2013061800100150,2013년 6월 18일 08시,화요일,경상북도 경산시 정평동,경상사고,0,0,3,0,차대차 - 기타,안전운전불이행,건조,흐림,교차로 - 교차로부근,승용,여,49세,상해없음,승용,남,42세,경상
2013061800100181,2013년 6월 18일 09시,화요일,경상북도 영천시 화북면,중상사고,0,2,0,0,차량단독 - 전도전복,안전운전불이행,습기,비,단일로 - 기타,화물,남,47세,중상,,,,
2013061800100182,2013년 6월 18일 09시,화요일,경상북도 구미시 인의동,경상사고,0,0,2,0,차대차 - 기타,교차로운행방법위반,건조,맑음,교차로 - 교차로안,승용,남,21세,상해없음,승용,남,34세,경상
2013061800100212,2013년 6월 18일 10시,화요일,경상북도 경산시 남방동,중상사고,0,1,0,0,차대차 - 기타,안전운전불이행,건조,맑음,단일로 - 기타,이륜,남,71세,중상,승용,남,23세,상해없음
2013061800100213,2013년 6월 18일 10시,화요일,경상북도 영덕군 영해면,중상사고,0,1,1,0,차대차 - 정면충돌,중앙선침범,습기,흐림,단일로 - 기타,건설기계,남,47세,경상,건설기계,남,52세,중상
2013061800100246,2013년 6월 18일 11시,화요일,경상북도 청송군 현서면,경상사고,0,0,2,0,차대차 - 기타,안전운전불이행,습기,비,단일로 - 기타,승용,남,70세,경상,화물,남,53세,경상
2013061800100275,2013년 6월 18일 12시,화요일,경상북도 경주시 북군동,경상사고,0,0,1,0,차대차 - 기타,중앙선침범,습기,비,단일로 - 기타,화물,남,57세,상해없음,승용,여,64세,경상
2013061800100276,2013년 6월 18일 12시,화요일,경상북도 포항시 북구 죽도동,경상사고,0,0,1,0,차대사람 - 횡단중,안전운전불이행,건조,맑음,단일로 - 기타,화물,남,41세,상해없음,보행자,남,47세,경상
2013061800100277,2013년 6월 18일 12시,화요일,경상북도 김천시 삼락동,경상사고,0,0,1,0,차대차 - 측면직각충돌,안전운전불이행,건조,맑음,교차로 - 교차로안,승용,남,54세,상해없음,승용,남,58세,경상
2013061800100297,2013년 6월 18일 13시,화요일,경상북도 군위군 고로면,경상사고,0,0,1,0,차대차 - 측면직각충돌,안전운전불이행,건조,맑음,교차로 - 교차로안,승합,남,52세,상해없음,농기계,남,71세,경상
2013061800100298,2013년 6월 18일 13시,화요일,경상북도 경산시 진량읍,경상사고,0,0,1,0,차대차 - 추돌 - 진행중,안전운전불이행,건조,맑음,단일로 - 기타,승용,남,32세,상해없음,승용,여,59세,경상
2013061800100323,2013년 6월 18일 14시,화요일,경상북도 경산시 옥곡동,중상사고,0,1,0,0,차대사람 - 기타,기타,건조,흐림,단일로 - 기타,승용,남,59세,상해없음,보행자,여,6세,중상
2013061800100324,2013년 6월 18일 14시,화요일,경상북도 문경시 유곡동,중상사고,0,1,0,0,차대차 - 추돌 - 진행중,안전운전불이행,습기,비,단일로 - 기타,승용,남,30세,상해없음,화물,남,26세,중상
2013061800100325,2013년 6월 18일 14시,화요일,경상북도 경산시 옥곡동,중상사고,0,1,0,0,차대사람 - 기타,안전운전불이행,습기,비,단일로 - 기타,승용,남,38세,중상,보행자,남,53세,상해없음
2013061800100348,2013년 6월 18일 15시,화요일,경상북도 경주시 황오동,중상사고,0,1,0,0,차대사람 - 기타,보행자보호의무위반,건조,맑음,교차로 - 교차로안,화물,남,49세,상해없음,보행자,여,73세,중상
2013061800100349,2013년 6월 18일 15시,화요일,경상북도 경주시 안강읍,경상사고,0,0,1,0,차대차 - 기타,안전운전불이행,습기,비,교차로 - 교차로안,승합,남,54세,상해없음,화물,남,45세,경상
2013061800100350,2013년 6월 18일 15시,화요일,경상북도 칠곡군 동명면,중상사고,0,2,0,1,차대차 - 추돌 - 진행중,중앙선침범,습기,비,단일로 - 기타,승용,남,44세,부상신고,승용,여,47세,중상
2013061800100351,2013년 6월 18일 15시,화요일,경상북도 구미시 진평동,경상사고,0,0,1,0,차대차 - 기타,안전운전불이행,건조,맑음,단일로 - 기타,승용,남,33세,상해없음,승용,여,35세,경상
2013061800100391,2013년 6월 18일 16시,화요일,경상북도 포항시 북구 남빈동,중상사고,0,1,0,0,차대차 - 측면직각충돌,안전거리미확보,습기,비,단일로 - 기타,원동기,남,23세,중상,화물,남,44세,상해없음
2013061800100433,2013년 6월 18일 17시,화요일,경상북도 문경시 모전동,중상사고,0,1,0,0,차대차 - 기타,교차로운행방법위반,습기,비,교차로 - 교차로부근,승용,남,46세,상해없음,자전거,남,46세,중상
2013061800100434,2013년 6월 18일 17시,화요일,경상북도 포항시 남구 오천읍,중상사고,0,1,0,0,차대사람 - 횡단중,안전운전불이행,건조,맑음,교차로 - 교차로부근,화물,남,34세,상해없음,보행자,여,73세,중상
2013061800100460,2013년 6월 18일 18시,화요일,경상북도 포항시 북구 흥해읍,중상사고,0,1,0,0,차량단독 - 공작물충돌,안전운전불이행,습기,비,단일로 - 기타,원동기,남,46세,기타불명,,,,
2013061800100461,2013년 6월 18일 18시,화요일,경상북도 포항시 북구 장성동,경상사고,0,0,1,0,차대차 - 측면직각충돌,교차로운행방법위반,건조,흐림,교차로 - 교차로안,승용,남,58세,상해없음,승용,여,41세,경상
2013061800100462,2013년 6월 18일 18시,화요일,경상북도 문경시 점촌동,경상사고,0,0,1,0,차대차 - 추돌 - 진행중,안전거리미확보,습기,비,교차로 - 교차로부근,승용,남,67세,상해없음,승용,남,32세,경상
2013061800100463,2013년 6월 18일 18시,화요일,경상북도 구미시 도량동,경상사고,0,0,1,0,차대차 - 기타,교차로운행방법위반,습기,비,교차로 - 교차로안,승용,남,21세,상해없음,이륜,남,18세,경상