사고번호,사고일시,요일,시군구,사고내용,사망자수,중상자수,경상자수,부상신고자수,사고유형,법규위반,노면상태,기상상태,도로형태,가해운전자 차종,가해운전자 성별,가해운전자 연령,가해운전자 상해정도,피해운전자 차종,피해운전자 성별,피해운전자 연령,피해운전자 상해정도
2013062100100138,2013년 6월 21일 08시,금요일,경상북도 포항시 남구 지곡동,경상사고,0,0,1,0,차대차 - 추돌 - 주정차중,안전거리미확보,건조,맑음,단일로 - 기타,승용,남,22세,상해없음,승용,여,54세,경상
2013062100100170,2013년 6월 21일 09시,금요일,경상북도 상주시 신봉동,중상사고,0,1,0,0,차대차 - 추돌 - 주정차중,안전운전불이행,건조,맑음,단일로 - 기타,자전거,남,66세,중상,화물,남,68세,상해없음
2013062100100171,2013년 6월 21일 09시,금요일,경상북도 의성군 의성읍,경상사고,0,0,1,0,차대차 - 측면직각충돌,교차로운행방법위반,건조,흐림,교차로 - 교차로안,승용,남,57세,상해없음,승용,여,52세,경상
2013062100100172,2013년 6월 21일 09시,금요일,경상북도 청도군 화양읍,경상사고,0,0,1,0,차대차 - 측면직각충돌,신호위반,건조,맑음,교차로 - 교차로안,승용,남,45세,상해없음,승용,남,57세,경상
2013062100100227,2013년 6월 21일 11시,금요일,경상북도 포항시 남구 대도동,경상사고,0,0,1,0,차대차 - 측면직각충돌,안전운전불이행,건조,흐림,단일로 - 기타,화물,남,44세,상해없음,자전거,여,53세,경상
2013062100100244,2013년 6월 21일 12시,금요일,경상북도 경주시 현곡면,경상사고,0,0,1,0,차량단독 - 전도전복,안전운전불이행,습기,비,단일로 - 기타,화물,남,35세,경상,,,,
2013062100100245,2013년 6월 21일 12시,금요일,경상북도 포항시 북구 흥해읍,부상신고사고,0,0,0,1,차대차 - 측면직각충돌,안전운전불이행,건조,흐림,교차로 - 교차로부근,기타불명,기타불명,기타불명,기타불명,화물,남,74세,부상신고
2013062100100246,2013년 6월 21일 12시,금요일,경상북도 김천시 남면,중상사고,0,2,1,0,차대차 - 측면직각충돌,교차로운행방법위반,건조,맑음,교차로 - 교차로안,화물,남,37세,상해없음,승합,여,48세,중상
2013062100100247,2013년 6월 21일 12시,금요일,경상북도 영천시 신령면,중상사고,0,1,0,0,차대차 - 측면직각충돌,안전운전불이행,습기,비,단일로 - 기타,화물,남,38세,상해없음,화물,남,56세,중상
2013062100100277,2013년 6월 21일 13시,금요일,경상북도 구미시 거의동,경상사고,0,0,1,0,차대차 - 측면직각충돌,안전운전불이행,건조,맑음,단일로 - 기타,승용,남,55세,상해없음,이륜,남,39세,경상
2013062100100278,2013년 6월 21일 13시,금요일,경상북도 구미시 고아읍,경상사고,0,0,2,0,차대차 - 측면직각충돌,안전운전불이행,건조,맑음,교차로 - 교차로안,승용,여,33세,경상,승용,여,51세,경상
2013062100100304,2013년 6월 21일 14시,금요일,경상북도 고령군 고령읍,경상사고,0,0,3,0,차대차 - 측면직각충돌,교차로운행방법위반,건조,맑음,교차로 - 교차로안,화물,남,51세,경상,승합,여,56세,경상
2013062100100305,2013년 6월 21일 14시,금요일,경상북도 포항시 남구 대잠동,경상사고,0,0,2,0,차대차 - 측면직각충돌,직진우회전진행방해,습기,비,교차로 - 교차로안,원동기,남,20세,경상,승용,남,45세,상해없음
2013062100100341,2013년 6월 21일 15시,금요일,경상북도 경주시 성건동,경상사고,0,0,1,0,차대차 - 기타,안전운전불이행,습기,흐림,단일로 - 기타,원동기,여,26세,상해없음,자전거,남,66세,경상
2013062100100342,2013년 6월 21일 15시,금요일,경상북도 포항시 북구 용흥동,경상사고,0,0,1,0,차대차 - 측면직각충돌,신호위반,습기,비,교차로 - 교차로안,승용,여,29세,상해없음,승용,남,66세,경상
2013062100100343,2013년 6월 21일 15시,금요일,경상북도 안동시 임동면,경상사고,0,0,2,0,차대차 - 추돌 - 주정차중,안전거리미확보,건조,맑음,단일로 - 기타,화물,남,33세,상해없음,승용,여,26세,경상
2013062100100344,2013년 6월 21일 15시,금요일,경상북도 영덕군 강구면,경상사고,0,0,1,0,차대차 - 추돌 - 진행중,안전운전불이행,건조,맑음,교차로 - 교차로안,승용,남,75세,상해없음,승용,여,51세,경상
2013062100100345,2013년 6월 21일 15시,금요일,경상북도 구미시 거의동,경상사고,0,0,2,1,차대차 - 측면직각충돌,차로위반,건조,맑음,단일로 - 기타,승용,남,50세,상해없음,이륜,남,18세,경상
2013062100100380,2013년 6월 21일 16시,금요일,경상북도 안동시 안기동,경상사고,0,0,1,1,차대차 - 측면직각충돌,안전운전불이행,건조,맑음,단일로 - 기타,승용,여,47세,경상,승용,남,58세,상해없음
2013062100100381,2013년 6월 21일 16시,금요일,경상북도 영주시 문수면,중상사고,0,1,0,0,차량단독 - 공작물충돌,안전운전불이행,건조,맑음,단일로 - 기타,화물,여,62세,중상,,,,
2013062100100382,2013년 6월 21일 16시,금요일,경상북도 영덕군 강구면,경상사고,0,0,6,0,차대차 - 기타,중앙선침범,건조,맑음,교차로 - 교차로부근,승용,남,23세,상해없음,승용,여,52세,경상
2013062100100424,2013년 6월 21일 17시,금요일,경상북도 경주시 동부동,중상사고,0,1,0,0,차량단독 - 기타,안전운전불이행,건조,맑음,단일로 - 기타,승합,남,45세,상해없음,,,,
2013062100100425,2013년 6월 21일 17시,금요일,경상북도 경산시 정평동,중상사고,0,1,0,0,차대차 - 기타,안전운전불이행,건조,맑음,교차로 - 교차로안,승용,여,39세,상해없음,자전거,남,61세,중상
2013062100100426,2013년 6월 21일 17시,금요일,경상북도 구미시 시미동,경상사고,0,0,5,0,차대차 - 측면직각충돌,안전운전불이행,건조,맑음,교차로 - 교차로안,승용,여,33세,경상,승용,남,50세,경상
2013062100100459,2013년 6월 21일 18시,금요일,경상북도 상주시 남성동,경상사고,0,0,1,0,차대차 - 기타,중앙선침범,건조,맑음,단일로 - 기타,승용,여,43세,상해없음,원동기,남,77세,경상
2013062100100460,2013년 6월 21일 18시,금요일,경상북도 영천시 청통면,중상사고,0,1,0,0,차대차 - 측면직각충돌,안전운전불이행,건조,맑음,단일로 - 기타,원동기,남,56세,중상,승용,남,67세,상해없음
2013062100100461,2013년 6월 21일 18시,금요일,경상북도 영천시 오미동,중상사고,0,1,2,0,차대차 - 추돌 - 진행중,안전거리미확보,건조,맑음,교차로 - 교차로안,승용,남,49세,상해없음,화물,남,43세,경상
2013062100100462,2013년 6월 21일 18시,금요일,경상북도 경산시 진량읍,경상사고,0,0,1,0,차대사람 - 기타,기타,건조,맑음,단일로 - 기타,승합,남,39세,기타불명,보행자,남,7세,경상
2013062100100496,2013년 6월 21일 19시,금요일,경상북도 경주시 천군동,경상사고,0,0,1,0,차대사람 - 기타,안전운전불이행,건조,맑음,단일로 - 기타,승용,남,39세,상해없음,보행자,남,3세,경상
2013062100100497,2013년 6월 21일 19시,금요일,경상북도 안동시 명륜동,부상신고사고,0,0,0,1,차대차 - 측면직각충돌,안전운전불이행,건조,흐림,단일로 - 기타,이륜,남,17세,부상신고,승용,남,50세,상해없음
2013062100100498,2013년 6월 21일 19시,금요일,경상북도 칠곡군 북삼읍,중상사고,0,1,0,0,차량단독 - 전도전복,안전운전불이행,건조,맑음,단일로 - 기타,승용,남,41세,중상,,,,
2013062100100533,2013년 6월 21일 20시,금요일,경상북도 칠곡군 지천면,중상사고,0,1,0,0,차대사람 - 기타,안전운전불이행,건조,맑음,단일로 - 기타,승용,남,43세,상해없음,보행자,남,59세,중상
2013062100100534,2013년 6월 21일 20시,금요일,경상북도 구미시 원평동,경상사고,0,0,1,0,차대사람 - 기타,신호위반,건조,맑음,교차로 - 교차로안,이륜,남,17세,상해없음,보행자,여,24세,경상
2013062100100535,2013년 6월 21일 20시,금요일,경상북도 포항시 남구 대송면,부상신고사고,0,0,0,1,차대차 - 추돌 - 주정차중,안전운전불이행,건조,맑음,단일로 - 기타,승용,남,45세,부상신고,승용,남,58세,상해없음
2013062100100569,2013년 6월 21일 21시,금요일,경상북도 경주시 황오동,경상사고,0,0,1,0,차대차 - 기타,안전운전불이행,건조,맑음,단일로 - 기타,승용,여,26세,상해없음,자전거,남,21세,경상
2013062100100570,2013년 6월 21일 21시,금요일,경상북도 영천시 망정동,중상사고,0,1,0,0,차대차 - 기타,교차로운행방법위반,건조,맑음,교차로 - 교차로안,승용,남,68세,상해없음,이륜,남,17세,중상
2013062100100571,2013년 6월 21일 21시,금요일,경상북도 경산시 대동,경상사고,0,0,1,0,차대차 - 기타,안전거리미확보,건조,기타,단일로 - 기타,승용,남,55세,상해없음,승용,여,34세,경상
2013062100100572,2013년 6월 21일 21시,금요일,경상북도 구미시 고아읍,중상사고,0,1,0,1,차대사람 - 기타,신호위반,건조,맑음,단일로 - 기타,이륜,남,43세,부상신고,보행자,남,55세,중상
2013062100100607,2013년 6월 21일 22시,금요일,경상북도 경주시 인왕동,사망사고,1,0,0,0,철길건널목 - 기타,기타,건조,맑음,단일로 - 철길건널목,이륜,남,31세,사망,기타불명,남,54세,상해없음
2013062100100608,2013년 6월 21일 22시,금요일,경상북도 포항시 북구 흥해읍,중상사고,0,1,0,0,차대사람 - 기타,안전운전불이행,건조,맑음,단일로 - 횡단보도부근,승용,여,47세,상해없음,보행자,여,18세,중상
2013062100100609,2013년 6월 21일 22시,금요일,경상북도 안동시 명륜동,경상사고,0,0,1,0,차대차 - 측면직각충돌,직진우회전진행방해,습기,비,교차로 - 교차로안,승용,남,24세,경상,화물,남,43세,상해없음
2013062100100610,2013년 6월 21일 22시,금요일,경상북도 김천시 모암동,중상사고,0,1,0,0,차대사람 - 기타,안전운전불이행,건조,맑음,교차로 - 교차로안,승용,남,28세,상해없음,보행자,여,23세,중상
2013062100100611,2013년 6월 21일 22시,금요일,경상북도 영덕군 강구면,경상사고,0,0,2,0,차대차 - 추돌 - 주정차중,안전운전불이행,습기,비,교차로 - 교차로부근,승용,여,42세,상해없음,승용,남,37세,경상
2013062100100612,2013년 6월 21일 22시,금요일,경상북도 구미시 형곡동,경상사고,0,0,1,0,차대사람 - 기타,안전운전불이행,건조,맑음,교차로 - 교차로부근,승용,남,18세,상해없음,보행자,남,53세,경상
2013062100100641,2013년 6월 21일 23시,금요일,경상북도 포항시 북구 두호동,중상사고,0,1,0,0,차대사람 - 횡단중,안전운전불이행,건조,흐림,단일로 - 기타,원동기,남,24세,상해없음,보행자,여,20세,중상
2013062100100642,2013년 6월 21일 23시,금요일,경상북도 구미시 진평동,경상사고,0,0,1,0,차대차 - 정면충돌,교차로운행방법위반,건조,맑음,교차로 - 교차로안,승용,남,19세,상해없음,이륜,남,57세,경상
2013062200100024,2013년 6월 22일 00시,토요일,경상북도 칠곡군 석적읍,중상사고,0,1,0,0,차대사람 - 기타,보행자보호의무위반,습기,비,단일로 - 횡단보도상,승용,남,29세,상해없음,보행자,남,41세,중상
2013062200100025,2013년 6월 22일 00시,토요일,경상북도 구미시 옥계동,경상사고,0,0,1,0,차대차 - 측면직각충돌,교차로운행방법위반,습기,비,교차로 - 교차로안,승용,남,49세,상해없음,이륜,남,17세,경상
2013062200100026,2013년 6월 22일 00시,토요일,경상북도 구미시 옥계동,경상사고,0,0,5,0,차대차 - 측면직각충돌,안전운전불이행,건조,맑음,교차로 - 교차로부근,승용,남,27세,상해없음,승용,남,38세,경상
2013062200100027,2013년 6월 22일 00시,토요일,경상북도 포항시 남구 연일읍,경상사고,0,0,3,0,차대차 - 측면직각충돌,안전운전불이행,습기,비,단일로 - 기타,승용,여,37세,상해없음,승용,남,24세,경상
2013062200100049,2013년 6월 22일 01시,토요일,경상북도 포항시 북구 남빈동,경상사고,0,0,2,0,차대차 - 측면직각충돌,신호위반,습기,비,교차로 - 교차로안,승용,남,22세,상해없음,승용,여,49세,경상
2013062200100050,2013년 6월 22일 01시,토요일,경상북도 경산시 하양읍,경상사고,0,0,1,0,차대차 - 기타,안전운전불이행,습기,비,교차로 - 교차로부근,승용,여,29세,상해없음,승용,여,39세,경상
2013062200100072,2013년 6월 22일 02시,토요일,경상북도 포항시 북구 장성동,경상사고,0,0,1,0,차대차 - 측면직각충돌,안전운전불이행,습기,비,교차로 - 교차로안,승용,여,27세,상해없음,승용,여,27세,경상
2013062200100073,2013년 6월 22일 02시,토요일,경상북도 구미시 오태동,경상사고,0,0,1,0,차대차 - 측면직각충돌,안전운전불이행,습기,흐림,교차로 - 교차로부근,승용,남,49세,상해없음,승용,남,50세,경상
2013062200100123,2013년 6월 22일 05시,토요일,경상북도 구미시 사곡동,경상사고,0,0,2,0,차대차 - 측면직각충돌,교차로운행방법위반,건조,맑음,교차로 - 교차로안,승용,남,43세,경상,승합,남,46세,경상
2013062200100135,2013년 6월 22일 06시,토요일,경상북도 칠곡군 지천면,중상사고,0,1,3,0,차대차 - 추돌 - 진행중,안전운전불이행,건조,흐림,단일로 - 기타,승용,남,48세,상해없음,건설기계,남,52세,경상
2013062200100161,2013년 6월 22일 07시,토요일,경상북도 경주시 외동읍,경상사고,0,0,1,1,차대차 - 기타,안전운전불이행,건조,맑음,단일로 - 기타,원동기,남,32세,부상신고,승용,여,49세,상해없음
2013062200100181,2013년 6월 22일 08시,토요일,경상북도 경주시 천북면,경상사고,0,0,1,1,차대차 - 측면직각충돌,안전운전불이행,건조,맑음,교차로 - 교차로안,화물,남,64세,경상,화물,남,46세,부상신고
2013062200100182,2013년 6월 22일 08시,토요일,경상북도 구미시 봉곡동,경상사고,0,0,1,0,차대차 - 측면직각충돌,안전운전불이행,건조,맑음,교차로 - 교차로안,승합,남,46세,상해없음,자전거,남,17세,경상
2013062200100202,2013년 6월 22일 09시,토요일,경상북도 경주시 성건동,부상신고사고,0,0,0,2,차량단독 - 기타,안전운전불이행,건조,맑음,단일로 - 기타,승합,남,55세,상해없음,,,,
2013062200100203,2013년 6월 22일 09시,토요일,경상북도 예천군 예천읍,경상사고,0,0,2,1,차대차 - 기타,안전운전불이행,건조,맑음,교차로 - 교차로안,승용,남,58세,상해없음,승용,남,62세,경상
2013062200100204,2013년 6월 22일 09시,토요일,경상북도 구미시 신평동,경상사고,0,0,1,0,차대차 - 측면직각충돌,차로위반,건조,맑음,단일로 - 기타,승합,남,46세,상해없음,승용,남,39세,상해없음
2013062200100233,2013년 6월 22일 10시,토요일,경상북도 영주시 휴천동,사망사고,1,0,0,0,차량단독 - 기타,안전운전불이행,건조,맑음,단일로 - 기타,원동기,남,81세,사망,,,,
2013062200100234,2013년 6월 22일 10시,토요일,경상북도 영주시 상망동,경상사고,0,0,1,0,차대차 - 측면직각충돌,안전운전불이행,건조,맑음,교차로 - 교차로부근,화물,남,69세,상해없음,승용,남,50세,경상
2013062200100235,2013년 6월 22일 10시,토요일,경상북도 포항시 남구 해도동,경상사고,0,0,1,0,차대차 - 측면직각충돌,안전운전불이행,건조,맑음,단일로 - 기타,승용,남,78세,기타불명,자전거,남,13세,경상
2013062200100260,2013년 6월 22일 11시,토요일,경상북도 안동시 풍산읍,중상사고,0,1,0,0,차대차 - 기타,안전운전불이행,건조,맑음,단일로 - 기타,화물,남,76세,상해없음,원동기,남,75세,중상
2013062200100261,2013년 6월 22일 11시,토요일,경상북도 경산시 중방동,중상사고,0,1,0,0,차대사람 - 기타,안전운전불이행,건조,맑음,단일로 - 기타,승용,여,45세,상해없음,보행자,남,51세,중상
2013062200100295,2013년 6월 22일 12시,토요일,경상북도 경주시 천군동,중상사고,0,1,0,0,차대사람 - 기타,안전운전불이행,건조,흐림,교차로 - 교차로안,승용,남,36세,상해없음,보행자,남,43세,중상
2013062200100296,2013년 6월 22일 12시,토요일,경상북도 예천군 용궁면,중상사고,0,1,0,0,차대사람 - 횡단중,보행자보호의무위반,건조,맑음,단일로 - 기타,화물,남,65세,상해없음,보행자,여,4세,중상
2013062200100324,2013년 6월 22일 13시,토요일,경상북도 안동시 신안동,중상사고,0,1,0,0,차대차 - 기타,직진우회전진행방해,건조,맑음,교차로 - 교차로안,승용,남,67세,상해없음,원동기,남,61세,중상
2013062200100365,2013년 6월 22일 14시,토요일,경상북도 영덕군 영해면,중상사고,0,2,0,0,차대차 - 정면충돌,기타,건조,흐림,교차로 - 교차로부근,화물,남,42세,중상,화물,남,46세,중상
2013062200100366,2013년 6월 22일 14시,토요일,경상북도 포항시 남구 오천읍,경상사고,0,0,1,0,차대차 - 측면직각충돌,안전운전불이행,건조,맑음,단일로 - 기타,승용,여,35세,상해없음,원동기,여,25세,경상
2013062200100391,2013년 6월 22일 15시,토요일,경상북도 안동시 안흥동,경상사고,0,0,2,0,차대차 - 기타,직진우회전진행방해,건조,맑음,교차로 - 교차로안,승용,남,60세,상해없음,승용,남,33세,경상
2013062200100422,2013년 6월 22일 16시,토요일,경상북도 경주시 건천읍,중상사고,0,1,0,0,차대차 - 측면직각충돌,안전운전불이행,건조,맑음,단일로 - 기타,화물,남,48세,상해없음,자전거,남,70세,중상
2013062200100423,2013년 6월 22일 16시,토요일,경상북도 포항시 북구 양덕동,경상사고,0,0,2,0,차대차 - 기타,신호위반,건조,맑음,교차로 - 교차로안,승용,여,42세,상해없음,승용,여,40세,상해없음
2013062200100446,2013년 6월 22일 17시,토요일,경상북도 경주시 성동동,경상사고,0,0,1,0,차대차 - 측면직각충돌,안전거리미확보,건조,맑음,단일로 - 기타,승용,여,45세,상해없음,승용,남,36세,경상
2013062200100447,2013년 6월 22일 17시,토요일,경상북도 경주시 안강읍,중상사고,0,1,1,0,차대차 - 기타,안전운전불이행,건조,맑음,교차로 - 교차로안,원동기,여,35세,중상,승용,여,32세,경상
2013062200100472,2013년 6월 22일 18시,토요일,경상북도 경주시 천북면,경상사고,0,0,1,0,차대차 - 기타,안전운전불이행,건조,맑음,단일로 - 기타,화물,남,53세,상해없음,자전거,남,36세,경상
2013062200100473,2013년 6월 22일 18시,토요일,경상북도 경주시 성건동,중상사고,0,1,0,0,차대사람 - 기타,안전운전불이행,건조,맑음,단일로 - 기타,승합,남,61세,상해없음,보행자,여,73세,중상
2013062200100474,2013년 6월 22일 18시,토요일,경상북도 안동시 정하동,경상사고,0,0,1,0,차대차 - 추돌 - 진행중,안전운전불이행,건조,맑음,기타 - 기타,승용,남,53세,상해없음,승용,남,33세,상해없음
2013062200100493,2013년 6월 22일 19시,토요일,경상북도 안동시 태화동,경상사고,0,0,1,1,차대차 - 기타,안전운전불이행,건조,맑음,기타 - 기타,승용,남,36세,경상,승용,남,51세,상해없음
2013062200100494,2013년 6월 22일 19시,토요일,경상북도 안동시 용상동,경상사고,0,0,1,0,차대사람 - 기타,신호위반,건조,맑음,단일로 - 횡단보도상,원동기,남,66세,상해없음,보행자,여,10세,경상
2013062200100495,2013년 6월 22일 19시,토요일,경상북도 상주시 외답동,경상사고,0,0,2,0,차대차 - 측면직각충돌,신호위반,건조,맑음,교차로 - 교차로안,승용,남,59세,경상,승용,여,28세,경상
2013062200100496,2013년 6월 22일 19시,토요일,경상북도 의성군 사곡면,중상사고,0,1,0,0,차대차 - 측면직각충돌,교차로운행방법위반,건조,맑음,교차로 - 교차로안,자전거,여,66세,중상,화물,남,58세,상해없음
2013062200100497,2013년 6월 22일 19시,토요일,경상북도 칠곡군 기산면,중상사고,0,1,2,0,차대차 - 기타,안전거리미확보,건조,맑음,단일로 - 기타,승용,남,31세,상해없음,승용,남,45세,중상
2013062200100526,2013년 6월 22일 20시,토요일,경상북도 경주시 외동읍,중상사고,0,1,0,0,차대사람 - 기타,보행자보호의무위반,건조,맑음,단일로 - 기타,승용,남,35세,상해없음,보행자,남,48세,중상
2013062200100564,2013년 6월 22일 21시,토요일,경상북도 문경시 모전동,중상사고,0,1,1,0,차대차 - 추돌 - 주정차중,안전운전불이행,건조,맑음,교차로 - 교차로부근,이륜,남,17세,경상,승용,남,31세,상해없음
2013062200100565,2013년 6월 22일 21시,토요일,경상북도 구미시 송정동,중상사고,0,2,0,0,차대차 - 측면직각충돌,교차로운행방법위반,건조,맑음,교차로 - 교차로안,승용,남,29세,상해없음,승용,여,29세,중상
2013062200100566,2013년 6월 22일 21시,토요일,경상북도 영천시 본촌동,경상사고,0,0,2,0,차대차 - 측면직각충돌,안전거리미확보,건조,맑음,단일로 - 기타,승용,남,52세,상해없음,승용,남,59세,경상
2013062200100593,2013년 6월 22일 22시,토요일,경상북도 경산시 하양읍,경상사고,0,0,2,0,차대차 - 기타,신호위반,건조,맑음,교차로 - 교차로안,화물,남,41세,기타불명,승용,여,37세,경상
2013062200100594,2013년 6월 22일 22시,토요일,경상북도 포항시 남구 송도동,경상사고,0,0,1,0,차대차 - 측면직각충돌,직진우회전진행방해,건조,맑음,교차로 - 교차로안,승합,남,57세,상해없음,자전거,남,14세,경상
2013062200100620,2013년 6월 22일 23시,토요일,경상북도 경주시 성건동,경상사고,0,0,1,0,차대사람 - 기타,안전운전불이행,건조,맑음,단일로 - 기타,승용,남,37세,기타불명,보행자,남,40세,경상
2013062200100621,2013년 6월 22일 23시,토요일,경상북도 포항시 북구 득량동,경상사고,0,0,2,0,차량단독 - 공작물충돌,안전운전불이행,건조,맑음,교차로 - 교차로부근,승용,남,61세,상해없음,,,,
2013062200100622,2013년 6월 22일 23시,토요일,경상북도 경산시 중방동,경상사고,0,0,4,0,차대차 - 기타,안전운전불이행,건조,맑음,교차로 - 교차로부근,승용,남,23세,상해없음,승용,남,35세,경상
2013062200100623,2013년 6월 22일 23시,토요일,경상북도 구미시 해평면,중상사고,0,1,1,0,차대차 - 추돌 - 진행중,안전거리미확보,습기,흐림,단일로 - 교량,승용,남,23세,상해없음,승용,남,59세,경상
2013062300100024,2013년 6월 23일 00시,일요일,경상북도 포항시 북구 덕산동,경상사고,0,0,2,0,차대차 - 측면직각충돌,신호위반,건조,맑음,교차로 - 교차로안,승용,남,21세,상해없음,승용,남,37세,경상
2013062300100025,2013년 6월 23일 00시,일요일,경상북도 상주시 청리면,중상사고,0,1,0,0,차량단독 - 공작물충돌,안전운전불이행,습기,비,교차로 - 교차로부근,승용,남,39세,중상,,,,
2013062300100026,2013년 6월 23일 00시,일요일,경상북도 경산시 중방동,중상사고,0,1,0,0,차대차 - 기타,중앙선침범,습기,비,교차로 - 교차로부근,승용,남,26세,상해없음,이륜,남,32세,중상
2013062300100027,2013년 6월 23일 00시,일요일,경상북도 경산시 조영동,경상사고,0,0,2,0,차대사람 - 기타,안전운전불이행,건조,흐림,교차로 - 교차로안,승용,남,35세,상해없음,보행자,여,23세,경상
2013062300100047,2013년 6월 23일 01시,일요일,경상북도 경주시 성건동,중상사고,0,3,0,0,차대차 - 기타,신호위반,습기,비,교차로 - 교차로안,승용,남,28세,상해없음,승합,남,50세,중상
2013062300100048,2013년 6월 23일 01시,일요일,경상북도 안동시 옥동,경상사고,0,0,1,0,차대사람 - 기타,안전운전불이행,건조,맑음,교차로 - 교차로부근,승용,남,23세,상해없음,보행자,남,26세,경상
2013062300100049,2013년 6월 23일 01시,일요일,경상북도 경산시 정평동,중상사고,0,1,1,0,차대차 - 기타,안전운전불이행,습기,비,교차로 - 교차로부근,승용,남,30세,경상,승용,남,39세,중상
2013062300100050,2013년 6월 23일 01시,일요일,경상북도 영덕군 강구면,중상사고,0,1,0,0,차량단독 - 공작물충돌,안전운전불이행,건조,맑음,단일로 - 기타,승용,남,21세,상해없음,,,,
2013062300100074,2013년 6월 23일 02시,일요일,경상북도 영주시 휴천동,중상사고,0,1,1,0,차대사람 - 횡단중,중앙선침범,건조,맑음,교차로 - 교차로안,승용,남,57세,상해없음,보행자,남,37세,중상
2013062300100134,2013년 6월 23일 07시,일요일,경상북도 경주시 황오동,중상사고,0,1,0,0,차대차 - 측면직각충돌,신호위반,습기,비,교차로 - 교차로안,승용,남,55세,상해없음,승용,남,58세,중상
2013062300100182,2013년 6월 23일 10시,일요일,경상북도 경주시 구황동,경상사고,0,0,1,0,차대차 - 기타,안전운전불이행,습기,비,교차로 - 교차로부근,특수,남,37세,상해없음,승용,남,43세,경상
2013062300100183,2013년 6월 23일 10시,일요일,경상북도 포항시 북구 흥해읍,경상사고,0,0,1,0,차대차 - 기타,안전거리미확보,건조,맑음,단일로 - 기타,승용,남,65세,기타불명,승용,여,50세,경상
2013062300100219,2013년 6월 23일 12시,일요일,경상북도 상주시 낙동면,중상사고,0,1,0,0,차대차 - 기타,안전운전불이행,건조,맑음,단일로 - 기타,화물,여,69세,상해없음,자전거,남,6세,중상
2013062300100220,2013년 6월 23일 12시,일요일,경상북도 구미시 인의동,경상사고,0,0,1,0,차대사람 - 횡단중,안전운전불이행,건조,맑음,기타 - 기타,화물,남,44세,상해없음,보행자,여,17세,경상
2013062300100245,2013년 6월 23일 13시,일요일,경상북도 상주시 함창읍,경상사고,0,0,1,0,차대사람 - 기타,안전운전불이행,건조,맑음,교차로 - 교차로안,화물,남,51세,상해없음,보행자,여,95세,경상
2013062300100276,2013년 6월 23일 14시,일요일,경상북도 영천시 금호읍,경상사고,0,0,1,0,차대차 - 측면직각충돌,신호위반,건조,맑음,교차로 - 교차로안,화물,남,52세,상해없음,승용,남,58세,경상
2013062300100277,2013년 6월 23일 14시,일요일,경상북도 울진군 울진읍,경상사고,0,0,1,0,차대차 - 기타,안전운전불이행,건조,맑음,단일로 - 기타,화물,남,51세,상해없음,승용,남,35세,상해없음
2013062300100313,2013년 6월 23일 15시,일요일,경상북도 포항시 북구 환호동,경상사고,0,0,1,0,차대차 - 기타,중앙선침범,건조,맑음,단일로 - 기타,승용,남,56세,상해없음,승용,남,56세,경상
2013062300100314,2013년 6월 23일 15시,일요일,경상북도 포항시 남구 대송면,중상사고,0,1,0,0,차대사람 - 기타,안전운전불이행,건조,맑음,단일로 - 기타,건설기계,남,35세,상해없음,보행자,남,65세,중상
2013062300100340,2013년 6월 23일 16시,일요일,경상북도 포항시 북구 죽도동,경상사고,0,0,1,0,차대차 - 기타,안전거리미확보,건조,맑음,교차로 - 교차로안,승용,남,38세,상해없음,승용,남,66세,경상
2013062300100341,2013년 6월 23일 16시,일요일,경상북도 영천시 망정동,중상사고,0,1,1,0,차대차 - 정면충돌,중앙선침범,건조,맑음,교차로 - 교차로부근,이륜,남,43세,중상,승용,여,41세,경상
2013062300100342,2013년 6월 23일 16시,일요일,경상북도 포항시 남구 상도동,경상사고,0,0,2,0,차대차 - 측면직각충돌,안전운전불이행,건조,맑음,단일로 - 기타,승합,남,31세,상해없음,승용,남,52세,경상
2013062300100343,2013년 6월 23일 16시,일요일,경상북도 포항시 남구 오천읍,중상사고,0,3,6,0,차대차 - 측면직각충돌,안전운전불이행,건조,흐림,교차로 - 교차로부근,승용,남,52세,상해없음,승용,남,47세,경상
2013062300100364,2013년 6월 23일 17시,일요일,경상북도 경주시 안강읍,경상사고,0,0,1,0,차량단독 - 전도전복,안전운전불이행,건조,흐림,교차로 - 교차로부근,승용,여,40세,상해없음,,,,
2013062300100365,2013년 6월 23일 17시,일요일,경상북도 경주시 천군동,중상사고,0,2,1,0,차대차 - 측면직각충돌,안전운전불이행,건조,맑음,단일로 - 기타,승용,남,57세,상해없음,승용,남,46세,중상
2013062300100366,2013년 6월 23일 17시,일요일,경상북도 포항시 북구 흥해읍,경상사고,0,0,1,0,차대차 - 기타,안전운전불이행,건조,맑음,교차로 - 교차로부근,화물,남,37세,상해없음,승용,남,23세,경상
2013062300100367,2013년 6월 23일 17시,일요일,경상북도 구미시 옥성면,중상사고,0,4,5,0,차대차 - 추돌 - 진행중,안전거리미확보,건조,맑음,단일로 - 기타,승용,남,57세,경상,승용,남,31세,중상
2013062300100410,2013년 6월 23일 18시,일요일,경상북도 경주시 성건동,경상사고,0,0,1,0,차대차 - 기타,안전운전불이행,건조,맑음,단일로 - 기타,이륜,남,32세,경상,승용,남,62세,상해없음