사고번호,사고일시,요일,시군구,사고내용,사망자수,중상자수,경상자수,부상신고자수,사고유형,법규위반,노면상태,기상상태,도로형태,가해운전자 차종,가해운전자 성별,가해운전자 연령,가해운전자 상해정도,피해운전자 차종,피해운전자 성별,피해운전자 연령,피해운전자 상해정도
2013062300100411,2013년 6월 23일 18시,일요일,경상북도 경산시 신교동,경상사고,0,0,1,0,차대차 - 기타,안전운전불이행,건조,맑음,단일로 - 횡단보도상,기타불명,기타불명,기타불명,기타불명,자전거,남,24세,경상
2013062300100438,2013년 6월 23일 19시,일요일,경상북도 성주군 대가면,경상사고,0,0,1,0,차량단독 - 공작물충돌,안전운전불이행,건조,맑음,교차로 - 교차로안,승용,남,62세,경상,,,,
2013062300100439,2013년 6월 23일 19시,일요일,경상북도 경주시 내남면,경상사고,0,0,1,0,차대차 - 추돌 - 진행중,안전운전불이행,건조,맑음,단일로 - 기타,승용,남,28세,상해없음,승용,남,27세,경상
2013062300100469,2013년 6월 23일 20시,일요일,경상북도 영천시 화북면,중상사고,0,3,0,0,차량단독 - 도로외이탈 - 추락,안전거리미확보,건조,맑음,교차로 - 교차로부근,화물,남,56세,상해없음,,,,
2013062300100470,2013년 6월 23일 20시,일요일,경상북도 구미시 산동면,부상신고사고,0,0,0,1,차량단독 - 공작물충돌,안전운전불이행,건조,흐림,단일로 - 기타,승용,여,56세,부상신고,,,,
2013062300100487,2013년 6월 23일 21시,일요일,경상북도 구미시 상모동,경상사고,0,0,1,0,차대차 - 추돌 - 진행중,안전운전불이행,건조,맑음,교차로 - 교차로안,승용,남,26세,상해없음,승용,여,35세,경상
2013062300100488,2013년 6월 23일 21시,일요일,경상북도 구미시 고아읍,중상사고,0,3,0,0,차대차 - 측면직각충돌,안전운전불이행,건조,맑음,단일로 - 기타,승용,여,29세,상해없음,승용,남,24세,중상
2013062300100531,2013년 6월 23일 23시,일요일,경상북도 포항시 북구 용흥동,경상사고,0,0,1,0,차대차 - 측면직각충돌,신호위반,건조,맑음,교차로 - 교차로안,원동기,남,15세,상해없음,승용,남,70세,상해없음
2013062400100007,2013년 6월 24일 00시,월요일,경상북도 안동시 당북동,중상사고,0,1,0,0,차대차 - 측면직각충돌,안전운전불이행,건조,맑음,교차로 - 교차로안,이륜,남,23세,중상,승용,남,23세,상해없음
2013062400100026,2013년 6월 24일 03시,월요일,경상북도 포항시 북구 환호동,경상사고,0,0,1,0,차대차 - 기타,차로위반,건조,맑음,단일로 - 기타,승용,여,38세,상해없음,승용,남,65세,상해없음
2013062400100027,2013년 6월 24일 03시,월요일,경상북도 경산시 옥산동,부상신고사고,0,0,0,1,차대차 - 기타,안전운전불이행,건조,맑음,단일로 - 기타,이륜,남,30세,부상신고,화물,남,61세,기타불명
2013062400100044,2013년 6월 24일 05시,월요일,경상북도 영천시 문외동,중상사고,0,1,1,0,차대차 - 기타,교차로운행방법위반,건조,맑음,교차로 - 교차로안,승용,남,61세,상해없음,승용,남,43세,중상
2013062400100045,2013년 6월 24일 05시,월요일,경상북도 경산시 옥곡동,사망사고,1,0,0,0,차량단독 - 공작물충돌,안전운전불이행,건조,맑음,교차로 - 교차로안,승용,여,63세,사망,,,,
2013062400100046,2013년 6월 24일 05시,월요일,경상북도 포항시 남구 대송면,중상사고,0,1,0,0,차량단독 - 공작물충돌,안전운전불이행,건조,맑음,단일로 - 기타,원동기,남,17세,중상,,,,
2013062400100055,2013년 6월 24일 06시,월요일,경상북도 문경시 점촌동,사망사고,1,0,1,0,차대차 - 측면직각충돌,안전운전불이행,건조,맑음,교차로 - 교차로안,원동기,남,78세,사망,승용,여,57세,경상
2013062400100056,2013년 6월 24일 06시,월요일,경상북도 포항시 남구 대잠동,부상신고사고,0,0,0,1,차대차 - 측면직각충돌,신호위반,건조,맑음,교차로 - 교차로안,승용,남,61세,상해없음,승용,남,30세,부상신고
2013062400100153,2013년 6월 24일 09시,월요일,경상북도 영주시 가흥동,경상사고,0,0,1,0,차대차 - 측면직각충돌,신호위반,건조,맑음,교차로 - 교차로안,승용,남,75세,경상,화물,남,66세,상해없음
2013062400100154,2013년 6월 24일 09시,월요일,경상북도 칠곡군 왜관읍,경상사고,0,0,2,0,차대차 - 추돌 - 진행중,안전운전불이행,건조,맑음,단일로 - 기타,승용,여,51세,상해없음,승용,남,29세,경상
2013062400100176,2013년 6월 24일 10시,월요일,경상북도 경주시 동천동,경상사고,0,0,1,0,차대차 - 측면직각충돌,중앙선침범,건조,맑음,단일로 - 기타,화물,남,52세,상해없음,화물,남,47세,경상
2013062400100177,2013년 6월 24일 10시,월요일,경상북도 포항시 북구 환호동,중상사고,0,1,0,0,차대차 - 측면직각충돌,교차로운행방법위반,건조,맑음,교차로 - 교차로안,화물,남,30세,기타불명,승용,여,38세,중상
2013062400100178,2013년 6월 24일 10시,월요일,경상북도 칠곡군 가산면,부상신고사고,0,0,0,1,차량단독 - 공작물충돌,안전운전불이행,건조,맑음,단일로 - 기타,화물,여,45세,부상신고,,,,
2013062400100179,2013년 6월 24일 10시,월요일,경상북도 울진군 서면,경상사고,0,0,1,0,차대차 - 정면충돌,안전운전불이행,건조,맑음,단일로 - 교량,승용,남,55세,상해없음,화물,남,59세,상해없음
2013062400100198,2013년 6월 24일 11시,월요일,경상북도 영주시 가흥동,중상사고,0,1,0,0,차량단독 - 기타,안전운전불이행,건조,맑음,단일로 - 기타,이륜,남,86세,중상,,,,
2013062400100199,2013년 6월 24일 11시,월요일,경상북도 구미시 구평동,경상사고,0,0,2,0,차대차 - 측면직각충돌,교차로운행방법위반,건조,맑음,교차로 - 교차로안,승용,남,31세,경상,승용,남,44세,경상
2013062400100200,2013년 6월 24일 11시,월요일,경상북도 포항시 남구 오천읍,중상사고,0,1,0,0,차대차 - 추돌 - 진행중,직진우회전진행방해,건조,맑음,교차로 - 교차로안,이륜,남,74세,중상,승합,남,49세,상해없음
2013062400100228,2013년 6월 24일 12시,월요일,경상북도 경주시 양남면,경상사고,0,0,2,0,차대차 - 기타,안전운전불이행,건조,맑음,단일로 - 기타,승용,남,55세,경상,승용,남,59세,경상
2013062400100253,2013년 6월 24일 13시,월요일,경상북도 경주시 성건동,중상사고,0,1,0,0,차대사람 - 기타,기타,건조,맑음,단일로 - 기타,승합,남,52세,상해없음,보행자,여,80세,중상
2013062400100254,2013년 6월 24일 13시,월요일,경상북도 포항시 북구 죽도동,중상사고,0,1,0,0,차대사람 - 기타,안전운전불이행,건조,맑음,단일로 - 기타,승용,남,47세,상해없음,보행자,여,34세,중상
2013062400100255,2013년 6월 24일 13시,월요일,경상북도 영덕군 영덕읍,경상사고,0,0,1,0,차대차 - 측면직각충돌,직진우회전진행방해,건조,맑음,교차로 - 교차로안,승용,남,19세,경상,승용,남,61세,상해없음
2013062400100256,2013년 6월 24일 13시,월요일,경상북도 군위군 군위읍,중상사고,0,1,0,0,차대차 - 추돌 - 주정차중,안전운전불이행,건조,맑음,교차로 - 교차로부근,이륜,남,64세,중상,승용,남,53세,상해없음
2013062400100257,2013년 6월 24일 13시,월요일,경상북도 구미시 구포동,중상사고,0,1,1,0,차대차 - 측면직각충돌,안전운전불이행,건조,맑음,단일로 - 기타,승합,남,48세,상해없음,화물,남,60세,중상
2013062400100258,2013년 6월 24일 13시,월요일,경상북도 구미시 상모동,중상사고,0,1,0,0,차대차 - 측면직각충돌,안전운전불이행,건조,기타,교차로 - 교차로안,승용,여,35세,상해없음,승용,여,37세,중상
2013062400100259,2013년 6월 24일 13시,월요일,경상북도 포항시 남구 이동,중상사고,0,1,0,0,차대사람 - 보도통행중,안전운전불이행,건조,맑음,교차로 - 교차로부근,승용,여,54세,상해없음,보행자,남,7세,중상
2013062400100282,2013년 6월 24일 14시,월요일,경상북도 의성군 의성읍,경상사고,0,0,1,0,차대사람 - 보도통행중,기타,건조,맑음,단일로 - 기타,승용,남,36세,상해없음,보행자,남,52세,경상
2013062400100312,2013년 6월 24일 15시,월요일,경상북도 포항시 북구 장성동,중상사고,0,1,0,0,차대차 - 기타,교차로운행방법위반,건조,맑음,교차로 - 교차로안,승합,남,47세,상해없음,승용,여,44세,중상
2013062400100313,2013년 6월 24일 15시,월요일,경상북도 김천시 모암동,경상사고,0,0,1,0,차대차 - 측면직각충돌,안전운전불이행,건조,맑음,단일로 - 기타,승용,남,49세,상해없음,승용,여,44세,경상
2013062400100352,2013년 6월 24일 16시,월요일,경상북도 경주시 북군동,경상사고,0,0,1,0,차대차 - 기타,중앙선침범,건조,맑음,단일로 - 기타,승합,남,65세,상해없음,승용,남,39세,경상
2013062400100353,2013년 6월 24일 16시,월요일,경상북도 포항시 북구 죽도동,경상사고,0,0,1,0,차대사람 - 기타,안전운전불이행,건조,맑음,단일로 - 기타,승용,남,13세,상해없음,보행자,여,33세,경상
2013062400100379,2013년 6월 24일 17시,월요일,경상북도 경주시 감포읍,중상사고,0,2,3,0,차대차 - 측면직각충돌,안전운전불이행,건조,맑음,단일로 - 기타,승용,남,43세,상해없음,화물,남,48세,경상
2013062400100380,2013년 6월 24일 17시,월요일,경상북도 영천시 금호읍,중상사고,0,1,0,0,차대차 - 기타,안전운전불이행,건조,맑음,단일로 - 기타,원동기,남,57세,중상,승용,여,63세,상해없음
2013062400100381,2013년 6월 24일 17시,월요일,경상북도 경산시 압량면,경상사고,0,0,1,0,차대차 - 기타,신호위반,건조,맑음,교차로 - 교차로안,승용,남,60세,상해없음,이륜,남,64세,경상
2013062400100427,2013년 6월 24일 18시,월요일,경상북도 포항시 북구 동빈1가,경상사고,0,0,1,0,차대차 - 기타,신호위반,건조,맑음,교차로 - 교차로안,승용,여,52세,상해없음,승용,여,53세,경상
2013062400100428,2013년 6월 24일 18시,월요일,경상북도 포항시 남구 상도동,중상사고,0,1,0,0,차대사람 - 횡단중,안전운전불이행,건조,맑음,단일로 - 횡단보도부근,화물,여,48세,상해없음,보행자,남,73세,중상
2013062400100464,2013년 6월 24일 19시,월요일,경상북도 상주시 무양동,중상사고,0,1,0,0,차대차 - 기타,직진우회전진행방해,건조,맑음,교차로 - 교차로안,승용,여,50세,상해없음,승합,남,52세,중상
2013062400100465,2013년 6월 24일 19시,월요일,경상북도 영천시 신령면,경상사고,0,0,2,0,차대차 - 측면직각충돌,중앙선침범,건조,맑음,단일로 - 기타,화물,남,65세,상해없음,화물,남,60세,상해없음
2013062400100494,2013년 6월 24일 20시,월요일,경상북도 김천시 교동,사망사고,1,0,0,0,차대사람 - 기타,안전운전불이행,건조,맑음,단일로 - 횡단보도상,승용,남,46세,상해없음,보행자,여,54세,사망
2013062400100495,2013년 6월 24일 20시,월요일,경상북도 칠곡군 왜관읍,경상사고,0,0,1,0,차대차 - 추돌 - 진행중,안전운전불이행,건조,맑음,단일로 - 기타,승합,남,47세,상해없음,승용,남,45세,경상
2013062400100496,2013년 6월 24일 20시,월요일,경상북도 문경시 모전동,경상사고,0,0,1,0,차대차 - 추돌 - 주정차중,안전거리미확보,건조,맑음,단일로 - 기타,승용,여,43세,경상,승용,남,41세,기타불명
2013062400100497,2013년 6월 24일 20시,월요일,경상북도 경산시 사동,중상사고,0,1,0,0,차대사람 - 기타,보행자보호의무위반,건조,맑음,교차로 - 교차로안,승합,남,46세,상해없음,보행자,남,10세,중상
2013062400100498,2013년 6월 24일 20시,월요일,경상북도 봉화군 법전면,사망사고,1,0,0,0,차량단독 - 도로외이탈 - 추락,안전운전불이행,습기,흐림,교차로 - 교차로안,자전거,남,71세,사망,,,,
2013062400100535,2013년 6월 24일 21시,월요일,경상북도 영천시 창구동,경상사고,0,0,1,0,차대차 - 기타,안전거리미확보,건조,맑음,기타 - 기타,화물,남,51세,상해없음,승용,남,25세,경상
2013062400100600,2013년 6월 24일 23시,월요일,경상북도 구미시 공단동,경상사고,0,0,2,0,차대차 - 측면직각충돌,안전운전불이행,건조,맑음,교차로 - 교차로부근,승용,남,44세,경상,승용,남,26세,경상
2013062500100018,2013년 6월 25일 00시,화요일,경상북도 경산시 압량면,경상사고,0,0,1,0,차대사람 - 기타,안전운전불이행,습기,비,단일로 - 횡단보도상,승용,남,43세,상해없음,보행자,남,37세,경상
2013062500100036,2013년 6월 25일 01시,화요일,경상북도 구미시 광평동,경상사고,0,0,1,0,차량단독 - 공작물충돌,안전운전불이행,습기,비,단일로 - 기타,승용,남,31세,경상,,,,
2013062500100046,2013년 6월 25일 02시,화요일,경상북도 포항시 북구 죽도동,경상사고,0,0,2,0,차대차 - 추돌 - 진행중,안전거리미확보,건조,맑음,교차로 - 교차로부근,승용,남,43세,기타불명,승용,남,35세,경상
2013062500100047,2013년 6월 25일 02시,화요일,경상북도 칠곡군 석적읍,부상신고사고,0,0,0,1,차대차 - 추돌 - 주정차중,안전운전불이행,건조,맑음,단일로 - 기타,승용,남,30세,부상신고,이륜,남,33세,기타불명
2013062500100094,2013년 6월 25일 06시,화요일,경상북도 경주시 건천읍,중상사고,0,1,0,0,차대차 - 기타,안전운전불이행,건조,맑음,단일로 - 기타,승용,남,19세,중상,승용,남,33세,상해없음
2013062500100095,2013년 6월 25일 06시,화요일,경상북도 경주시 용강동,경상사고,0,0,1,0,차대차 - 측면직각충돌,안전운전불이행,건조,맑음,교차로 - 교차로안,승합,기타불명,기타불명,기타불명,승용,여,47세,경상
2013062500100114,2013년 6월 25일 07시,화요일,경상북도 경주시 건천읍,부상신고사고,0,0,0,1,차대차 - 기타,안전운전불이행,건조,맑음,단일로 - 기타,화물,남,47세,부상신고,특수,남,54세,상해없음
2013062500100145,2013년 6월 25일 08시,화요일,경상북도 경주시 성건동,중상사고,0,1,0,0,차대차 - 기타,안전운전불이행,건조,맑음,단일로 - 기타,화물,남,52세,상해없음,승용,남,39세,중상
2013062500100146,2013년 6월 25일 08시,화요일,경상북도 김천시 덕곡동,경상사고,0,0,1,0,차대차 - 기타,안전운전불이행,건조,맑음,교차로 - 교차로부근,화물,남,44세,상해없음,화물,남,63세,경상
2013062500100147,2013년 6월 25일 08시,화요일,경상북도 영주시 풍기읍,경상사고,0,0,1,0,차대차 - 추돌 - 주정차중,안전운전불이행,건조,맑음,교차로 - 교차로안,승용,남,28세,상해없음,승용,남,59세,경상
2013062500100148,2013년 6월 25일 08시,화요일,경상북도 포항시 남구 동촌동,경상사고,0,0,2,0,차대차 - 추돌 - 주정차중,안전운전불이행,건조,맑음,단일로 - 기타,원동기,남,58세,경상,승용,여,28세,경상
2013062500100176,2013년 6월 25일 09시,화요일,경상북도 칠곡군 가산면,중상사고,0,2,1,0,차대사람 - 보도통행중,안전운전불이행,건조,맑음,기타 - 기타,화물,남,45세,경상,보행자,여,49세,중상
2013062500100177,2013년 6월 25일 09시,화요일,경상북도 경산시 계양동,경상사고,0,0,1,0,차대사람 - 기타,기타,건조,맑음,단일로 - 기타,승용,여,32세,상해없음,보행자,여,58세,경상
2013062500100178,2013년 6월 25일 09시,화요일,경상북도 고령군 고령읍,경상사고,0,0,1,0,차대차 - 측면직각충돌,교차로운행방법위반,건조,맑음,교차로 - 교차로안,승용,남,71세,상해없음,승용,남,35세,경상
2013062500100179,2013년 6월 25일 09시,화요일,경상북도 고령군 고령읍,경상사고,0,0,1,0,차대차 - 추돌 - 진행중,안전운전불이행,건조,기타,교차로 - 교차로안,기타불명,기타불명,기타불명,기타불명,원동기,남,75세,경상
2013062500100206,2013년 6월 25일 10시,화요일,경상북도 칠곡군 왜관읍,경상사고,0,0,1,0,차대차 - 추돌 - 진행중,교차로운행방법위반,건조,맑음,교차로 - 교차로안,승용,여,64세,상해없음,자전거,남,70세,경상
2013062500100207,2013년 6월 25일 10시,화요일,경상북도 예천군 풍양면,사망사고,1,0,0,0,차대차 - 기타,과속,건조,맑음,단일로 - 기타,승용,남,33세,상해없음,원동기,남,78세,사망
2013062500100236,2013년 6월 25일 11시,화요일,경상북도 경주시 용강동,중상사고,0,2,0,0,차대차 - 측면직각충돌,안전운전불이행,건조,맑음,교차로 - 교차로부근,화물,남,48세,상해없음,승용,남,23세,중상
2013062500100274,2013년 6월 25일 12시,화요일,경상북도 군위군 소보면,중상사고,0,1,0,0,차대사람 - 길가장자리구역통행중,안전운전불이행,건조,맑음,단일로 - 기타,화물,남,71세,상해없음,보행자,여,44세,중상
2013062500100275,2013년 6월 25일 12시,화요일,경상북도 구미시 옥계동,경상사고,0,0,1,0,차대사람 - 횡단중,신호위반,건조,맑음,교차로 - 교차로안,승용,여,37세,상해없음,보행자,남,25세,경상
2013062500100276,2013년 6월 25일 12시,화요일,경상북도 구미시 공단동,경상사고,0,0,1,0,차대차 - 기타,중앙선침범,건조,흐림,단일로 - 기타,승용,남,49세,상해없음,승용,여,29세,경상
2013062500100305,2013년 6월 25일 13시,화요일,경상북도 포항시 북구 청하면,경상사고,0,0,3,0,차대차 - 추돌 - 주정차중,안전거리미확보,건조,맑음,교차로 - 교차로부근,승용,남,40세,상해없음,승용,여,52세,경상
2013062500100360,2013년 6월 25일 15시,화요일,경상북도 안동시 태화동,경상사고,0,0,1,0,차대사람 - 기타,안전운전불이행,건조,맑음,단일로 - 기타,승용,여,43세,상해없음,보행자,여,26세,경상
2013062500100361,2013년 6월 25일 15시,화요일,경상북도 상주시 성하동,중상사고,0,1,0,0,차대차 - 측면직각충돌,교차로운행방법위반,건조,흐림,교차로 - 교차로안,자전거,남,17세,중상,승용,남,48세,상해없음
2013062500100395,2013년 6월 25일 16시,화요일,경상북도 문경시 문경읍,경상사고,0,0,1,0,차대사람 - 차도통행중,불법유턴,건조,맑음,교차로 - 교차로안,화물,남,42세,상해없음,보행자,여,83세,경상
2013062500100396,2013년 6월 25일 16시,화요일,경상북도 문경시 가은읍,경상사고,0,0,2,0,차대차 - 추돌 - 주정차중,안전운전불이행,건조,맑음,단일로 - 기타,승용,남,73세,경상,화물,남,56세,경상
2013062500100397,2013년 6월 25일 16시,화요일,경상북도 구미시 인의동,경상사고,0,0,1,0,차대사람 - 기타,안전운전불이행,건조,맑음,단일로 - 기타,승용,남,41세,상해없음,보행자,남,3세,경상
2013062500100432,2013년 6월 25일 17시,화요일,경상북도 예천군 예천읍,경상사고,0,0,1,0,차대차 - 기타,안전운전불이행,건조,맑음,단일로 - 기타,승용,기타불명,기타불명,기타불명,자전거,여,25세,경상
2013062500100433,2013년 6월 25일 17시,화요일,경상북도 성주군 대가면,경상사고,0,0,1,0,차량단독 - 전도전복,안전운전불이행,습기,흐림,단일로 - 기타,이륜,남,72세,경상,,,,
2013062500100434,2013년 6월 25일 17시,화요일,경상북도 포항시 남구 해도동,경상사고,0,0,1,0,차대사람 - 기타,안전운전불이행,건조,맑음,단일로 - 기타,승합,여,48세,상해없음,보행자,남,6세,경상
2013062500100487,2013년 6월 25일 18시,화요일,경상북도 경산시 옥산동,경상사고,0,0,1,0,차대사람 - 기타,안전운전불이행,습기,비,단일로 - 기타,승용,남,40세,상해없음,보행자,여,3세,경상
2013062500100488,2013년 6월 25일 18시,화요일,경상북도 성주군 용암면,경상사고,0,0,1,0,차대차 - 측면직각충돌,안전운전불이행,습기,비,교차로 - 교차로부근,건설기계,남,38세,상해없음,승용,남,44세,경상
2013062500100519,2013년 6월 25일 19시,화요일,경상북도 칠곡군 약목면,중상사고,0,1,0,0,차대사람 - 횡단중,안전운전불이행,습기,비,교차로 - 교차로부근,승용,여,53세,상해없음,보행자,여,19세,중상
2013062500100520,2013년 6월 25일 19시,화요일,경상북도 구미시 공단동,경상사고,0,0,1,0,차대차 - 측면직각충돌,안전운전불이행,습기,비,단일로 - 기타,승용,여,52세,기타불명,승용,남,41세,경상
2013062500100563,2013년 6월 25일 20시,화요일,경상북도 포항시 북구 죽도동,경상사고,0,0,3,0,차대차 - 측면직각충돌,교차로운행방법위반,습기,비,교차로 - 교차로안,승용,여,47세,상해없음,승용,남,52세,경상
2013062500100564,2013년 6월 25일 20시,화요일,경상북도 안동시 옥야동,경상사고,0,0,2,0,차대차 - 측면직각충돌,신호위반,건조,맑음,교차로 - 교차로안,승용,남,57세,상해없음,승용,남,57세,상해없음
2013062500100565,2013년 6월 25일 20시,화요일,경상북도 안동시 길안면,중상사고,0,1,0,0,차대사람 - 차도통행중,안전운전불이행,건조,맑음,단일로 - 기타,화물,남,53세,상해없음,보행자,여,74세,중상
2013062500100566,2013년 6월 25일 20시,화요일,경상북도 구미시 원평동,중상사고,0,1,0,0,차대사람 - 기타,안전운전불이행,건조,맑음,교차로 - 교차로부근,화물,남,29세,상해없음,보행자,남,63세,중상
2013062500100567,2013년 6월 25일 20시,화요일,경상북도 구미시 신평동,중상사고,0,1,0,0,차대차 - 정면충돌,안전운전불이행,습기,비,교차로 - 교차로부근,승용,남,61세,상해없음,승용,여,28세,중상
2013062500100568,2013년 6월 25일 20시,화요일,경상북도 구미시 해평면,중상사고,0,1,0,0,차대차 - 정면충돌,안전운전불이행,건조,맑음,기타 - 기타,이륜,남,57세,중상,자전거,남,56세,상해없음
2013062500100613,2013년 6월 25일 21시,화요일,경상북도 영주시 하망동,중상사고,0,1,0,0,차대사람 - 횡단중,안전운전불이행,건조,맑음,단일로 - 기타,승용,여,42세,상해없음,보행자,여,62세,중상
2013062500100614,2013년 6월 25일 21시,화요일,경상북도 구미시 봉곡동,경상사고,0,0,1,0,차대차 - 측면직각충돌,직진우회전진행방해,습기,비,교차로 - 교차로안,승용,남,31세,상해없음,이륜,남,44세,경상
2013062500100615,2013년 6월 25일 21시,화요일,경상북도 구미시 진평동,경상사고,0,0,1,0,차대차 - 정면충돌,안전운전불이행,습기,비,교차로 - 교차로부근,승용,남,31세,상해없음,승용,여,33세,경상
2013062500100646,2013년 6월 25일 22시,화요일,경상북도 경주시 건천읍,부상신고사고,0,0,0,1,차량단독 - 기타,안전운전불이행,습기,비,단일로 - 기타,승용,남,45세,부상신고,,,,
2013062500100647,2013년 6월 25일 22시,화요일,경상북도 칠곡군 왜관읍,경상사고,0,0,1,0,차대차 - 추돌 - 주정차중,안전운전불이행,습기,비,교차로 - 교차로부근,화물,남,42세,상해없음,승용,남,52세,경상
2013062500100648,2013년 6월 25일 22시,화요일,경상북도 경산시 진량읍,중상사고,0,2,1,0,차대차 - 기타,안전운전불이행,습기,비,단일로 - 기타,화물,남,58세,중상,승용,남,37세,경상
2013062500100681,2013년 6월 25일 23시,화요일,경상북도 경주시 사정동,중상사고,0,1,0,0,차대사람 - 기타,안전운전불이행,습기,비,단일로 - 기타,기타불명,기타불명,기타불명,기타불명,보행자,여,76세,중상
2013062500100682,2013년 6월 25일 23시,화요일,경상북도 구미시 형곡동,경상사고,0,0,3,0,차대차 - 추돌 - 주정차중,안전거리미확보,습기,비,교차로 - 교차로부근,승합,남,43세,상해없음,승용,여,38세,경상
2013062600100054,2013년 6월 26일 01시,수요일,경상북도 안동시 용상동,중상사고,0,1,0,0,차대차 - 측면직각충돌,직진우회전진행방해,습기,흐림,교차로 - 교차로안,승용,여,49세,상해없음,원동기,남,35세,중상
2013062600100055,2013년 6월 26일 01시,수요일,경상북도 칠곡군 지천면,경상사고,0,0,1,0,차대차 - 추돌 - 진행중,안전운전불이행,습기,비,단일로 - 기타,특수,남,33세,상해없음,화물,남,35세,상해없음
2013062600100078,2013년 6월 26일 02시,수요일,경상북도 군위군 군위읍,경상사고,0,0,1,0,차대차 - 추돌 - 진행중,안전운전불이행,습기,비,단일로 - 기타,승용,남,43세,상해없음,승용,남,58세,경상
2013062600100079,2013년 6월 26일 02시,수요일,경상북도 포항시 남구 오천읍,경상사고,0,0,1,0,차대차 - 측면직각충돌,안전운전불이행,습기,비,단일로 - 기타,승용,여,41세,상해없음,승용,남,32세,경상
2013062600100108,2013년 6월 26일 05시,수요일,경상북도 영주시 가흥동,중상사고,0,2,0,0,차대차 - 측면직각충돌,직진우회전진행방해,건조,맑음,교차로 - 교차로안,승용,여,44세,상해없음,원동기,남,75세,중상
2013062600100117,2013년 6월 26일 06시,수요일,경상북도 안동시 임동면,중상사고,0,1,0,0,차대차 - 추돌 - 진행중,안전운전불이행,건조,맑음,단일로 - 기타,화물,남,44세,상해없음,화물,남,65세,중상
2013062600100118,2013년 6월 26일 06시,수요일,경상북도 봉화군 봉성면,중상사고,0,2,0,0,차대차 - 측면직각충돌,중앙선침범,건조,맑음,단일로 - 기타,승합,남,26세,상해없음,화물,남,52세,중상
2013062600100138,2013년 6월 26일 07시,수요일,경상북도 경주시 용강동,경상사고,0,0,3,0,차대차 - 측면직각충돌,안전운전불이행,습기,비,교차로 - 교차로안,화물,남,36세,상해없음,승용,남,49세,경상
2013062600100139,2013년 6월 26일 07시,수요일,경상북도 칠곡군 약목면,중상사고,0,3,0,1,차대차 - 추돌 - 진행중,안전운전불이행,건조,맑음,단일로 - 기타,화물,남,45세,부상신고,화물,남,53세,중상
2013062600100140,2013년 6월 26일 07시,수요일,경상북도 고령군 개진면,중상사고,0,1,0,0,차량단독 - 전도전복,안전운전불이행,습기,맑음,단일로 - 기타,건설기계,남,62세,중상,,,,
2013062600100141,2013년 6월 26일 07시,수요일,경상북도 포항시 남구 연일읍,경상사고,0,0,1,0,차대차 - 기타,안전운전불이행,건조,맑음,교차로 - 교차로부근,화물,남,53세,상해없음,화물,남,31세,경상
2013062600100183,2013년 6월 26일 08시,수요일,경상북도 의성군 단북면,중상사고,0,1,0,0,차대차 - 기타,안전운전불이행,건조,맑음,단일로 - 기타,승용,여,29세,상해없음,원동기,남,44세,중상
2013062600100184,2013년 6월 26일 08시,수요일,경상북도 경산시 중방동,중상사고,0,1,0,0,차대차 - 기타,안전운전불이행,건조,맑음,단일로 - 기타,화물,남,38세,상해없음,자전거,남,76세,중상
2013062600100217,2013년 6월 26일 09시,수요일,경상북도 안동시 임동면,중상사고,0,1,0,0,차대차 - 측면직각충돌,교차로운행방법위반,건조,맑음,교차로 - 교차로안,화물,남,66세,상해없음,승용,여,35세,중상
2013062600100218,2013년 6월 26일 09시,수요일,경상북도 영덕군 영해면,중상사고,0,1,0,0,차대사람 - 기타,안전운전불이행,건조,맑음,단일로 - 기타,승용,여,49세,상해없음,보행자,여,83세,중상
2013062600100219,2013년 6월 26일 09시,수요일,경상북도 포항시 남구 대송면,경상사고,0,0,1,0,차대차 - 기타,교차로운행방법위반,건조,맑음,교차로 - 교차로안,화물,남,41세,상해없음,이륜,남,75세,경상
2013062600100246,2013년 6월 26일 10시,수요일,경상북도 의성군 의성읍,경상사고,0,0,1,0,차대차 - 측면직각충돌,안전운전불이행,건조,맑음,교차로 - 교차로안,승용,남,65세,상해없음,원동기,남,28세,경상
2013062600100270,2013년 6월 26일 11시,수요일,경상북도 안동시 풍산읍,경상사고,0,0,1,0,차대차 - 측면직각충돌,직진우회전진행방해,건조,맑음,교차로 - 교차로안,승용,남,51세,상해없음,이륜,남,76세,경상
2013062600100271,2013년 6월 26일 11시,수요일,경상북도 예천군 지보면,부상신고사고,0,0,0,1,차량단독 - 전도전복,안전운전불이행,건조,맑음,교차로 - 교차로부근,원동기,남,61세,부상신고,,,,
2013062600100290,2013년 6월 26일 12시,수요일,경상북도 경주시 동방동,중상사고,0,1,0,1,차대차 - 기타,안전운전불이행,건조,맑음,교차로 - 교차로부근,승용,여,48세,부상신고,승용,남,36세,중상
2013062600100291,2013년 6월 26일 12시,수요일,경상북도 김천시 아포읍,중상사고,0,1,0,0,차대차 - 측면직각충돌,교차로운행방법위반,건조,맑음,교차로 - 교차로안,화물,여,45세,상해없음,이륜,남,70세,중상
2013062600100292,2013년 6월 26일 12시,수요일,경상북도 고령군 고령읍,중상사고,0,1,0,0,차대차 - 측면직각충돌,교차로운행방법위반,건조,맑음,교차로 - 교차로안,승용,남,53세,상해없음,이륜,남,53세,중상