사고번호,사고일시,요일,시군구,사고내용,사망자수,중상자수,경상자수,부상신고자수,사고유형,법규위반,노면상태,기상상태,도로형태,가해운전자 차종,가해운전자 성별,가해운전자 연령,가해운전자 상해정도,피해운전자 차종,피해운전자 성별,피해운전자 연령,피해운전자 상해정도
2013062900100179,2013년 6월 29일 09시,토요일,경상북도 경산시 옥산동,경상사고,0,0,1,0,차대차 - 기타,안전거리미확보,건조,맑음,단일로 - 기타,승용,남,55세,상해없음,승용,여,38세,경상
2013062900100180,2013년 6월 29일 09시,토요일,경상북도 경산시 조영동,경상사고,0,0,1,1,차대차 - 기타,교차로운행방법위반,건조,맑음,교차로 - 교차로안,승용,여,30세,부상신고,승용,남,39세,경상
2013062900100204,2013년 6월 29일 10시,토요일,경상북도 경주시 용강동,경상사고,0,0,5,0,차대차 - 기타,안전운전불이행,건조,맑음,단일로 - 기타,화물,남,61세,상해없음,승용,남,30세,경상
2013062900100205,2013년 6월 29일 10시,토요일,경상북도 문경시 점촌동,경상사고,0,0,1,0,차대차 - 측면직각충돌,신호위반,건조,맑음,교차로 - 교차로안,화물,남,40세,상해없음,화물,남,56세,상해없음
2013062900100270,2013년 6월 29일 12시,토요일,경상북도 경주시 감포읍,중상사고,0,1,0,0,차대차 - 기타,안전운전불이행,건조,맑음,교차로 - 교차로안,원동기,남,83세,중상,승용,남,52세,상해없음
2013062900100271,2013년 6월 29일 12시,토요일,경상북도 경주시 양남면,사망사고,1,0,0,0,차량단독 - 전도전복,안전운전불이행,건조,맑음,단일로 - 기타,승용,남,45세,사망,,,,
2013062900100314,2013년 6월 29일 13시,토요일,경상북도 문경시 흥덕동,중상사고,0,2,0,0,차대차 - 측면직각충돌,신호위반,건조,맑음,교차로 - 교차로안,승합,남,59세,상해없음,승용,남,51세,중상
2013062900100353,2013년 6월 29일 14시,토요일,경상북도 울진군 기성면,경상사고,0,0,1,0,차대사람 - 기타,안전운전불이행,건조,맑음,단일로 - 기타,승합,남,61세,상해없음,보행자,여,2세,경상
2013062900100378,2013년 6월 29일 15시,토요일,경상북도 문경시 흥덕동,경상사고,0,0,1,0,차대차 - 측면직각충돌,기타,건조,맑음,교차로 - 교차로안,승용,여,40세,상해없음,이륜,남,18세,상해없음
2013062900100418,2013년 6월 29일 16시,토요일,경상북도 김천시 개령면,중상사고,0,1,2,0,차대차 - 측면직각충돌,교차로운행방법위반,건조,맑음,교차로 - 교차로안,화물,남,42세,상해없음,승용,여,39세,중상
2013062900100419,2013년 6월 29일 16시,토요일,경상북도 상주시 공성면,중상사고,0,1,0,0,차대차 - 측면직각충돌,교차로운행방법위반,건조,맑음,교차로 - 교차로안,승용,여,63세,상해없음,원동기,여,42세,중상
2013062900100420,2013년 6월 29일 16시,토요일,경상북도 경산시 옥곡동,경상사고,0,0,1,0,차대사람 - 차도통행중,안전운전불이행,건조,맑음,단일로 - 기타,승용,남,57세,상해없음,보행자,남,52세,경상
2013062900100421,2013년 6월 29일 16시,토요일,경상북도 고령군 고령읍,부상신고사고,0,0,0,2,차대차 - 측면직각충돌,중앙선침범,건조,맑음,교차로 - 교차로부근,승용,여,49세,상해없음,승용,여,45세,부상신고
2013062900100422,2013년 6월 29일 16시,토요일,경상북도 포항시 남구 인덕동,경상사고,0,0,3,0,차대차 - 측면직각충돌,직진우회전진행방해,건조,맑음,교차로 - 교차로안,승용,남,22세,경상,승용,남,59세,경상
2013062900100464,2013년 6월 29일 17시,토요일,경상북도 경주시 동부동,경상사고,0,0,1,0,차대차 - 기타,안전운전불이행,건조,맑음,단일로 - 기타,승용,남,56세,상해없음,승용,여,41세,경상
2013062900100465,2013년 6월 29일 17시,토요일,경상북도 고령군 다산면,중상사고,0,1,0,0,차대차 - 측면직각충돌,안전운전불이행,건조,맑음,단일로 - 기타,자전거,여,59세,중상,승용,여,56세,상해없음
2013062900100466,2013년 6월 29일 17시,토요일,경상북도 구미시 원평동,경상사고,0,0,1,0,차대차 - 기타,안전운전불이행,건조,맑음,단일로 - 기타,승용,남,48세,상해없음,승용,여,55세,경상
2013062900100467,2013년 6월 29일 17시,토요일,경상북도 구미시 봉곡동,중상사고,0,2,1,0,차대차 - 추돌 - 주정차중,안전운전불이행,건조,맑음,교차로 - 교차로부근,승용,남,48세,상해없음,승용,여,40세,중상
2013062900100504,2013년 6월 29일 18시,토요일,경상북도 경주시 동천동,중상사고,0,1,0,0,차대사람 - 기타,안전운전불이행,건조,맑음,단일로 - 기타,승용,남,52세,상해없음,보행자,남,13세,중상
2013062900100505,2013년 6월 29일 18시,토요일,경상북도 경주시 북군동,중상사고,0,2,0,0,차대차 - 기타,신호위반,건조,맑음,교차로 - 교차로안,승용,남,54세,상해없음,이륜,남,21세,중상
2013062900100506,2013년 6월 29일 18시,토요일,경상북도 포항시 북구 두호동,경상사고,0,0,1,0,차대사람 - 기타,안전운전불이행,건조,맑음,단일로 - 기타,승용,여,39세,상해없음,보행자,남,26세,경상
2013062900100538,2013년 6월 29일 19시,토요일,경상북도 상주시 만산동,중상사고,0,1,0,0,차대차 - 기타,안전운전불이행,건조,맑음,단일로 - 기타,화물,남,69세,상해없음,화물,남,52세,상해없음
2013062900100539,2013년 6월 29일 19시,토요일,경상북도 포항시 남구 대잠동,경상사고,0,0,1,0,차대차 - 기타,안전운전불이행,건조,맑음,교차로 - 교차로부근,승용,여,57세,상해없음,승용,남,34세,경상
2013062900100579,2013년 6월 29일 20시,토요일,경상북도 경주시 건천읍,중상사고,0,2,2,0,차대차 - 기타,중앙선침범,건조,맑음,단일로 - 기타,화물,남,62세,상해없음,승용,남,51세,중상
2013062900100580,2013년 6월 29일 20시,토요일,경상북도 울진군 울진읍,사망사고,1,0,1,0,차대차 - 정면충돌,중앙선침범,건조,맑음,단일로 - 기타,원동기,남,70세,사망,승용,남,60세,경상
2013062900100581,2013년 6월 29일 20시,토요일,경상북도 문경시 문경읍,경상사고,0,0,1,0,차대차 - 측면직각충돌,안전운전불이행,건조,맑음,단일로 - 기타,승용,남,40세,상해없음,승합,남,53세,상해없음
2013062900100614,2013년 6월 29일 21시,토요일,경상북도 경주시 외동읍,중상사고,0,1,0,0,차대차 - 추돌 - 주정차중,안전운전불이행,건조,맑음,교차로 - 교차로안,승용,남,46세,상해없음,승용,남,30세,중상
2013062900100615,2013년 6월 29일 21시,토요일,경상북도 포항시 북구 죽도동,중상사고,0,1,0,0,차대차 - 측면직각충돌,안전운전불이행,건조,맑음,단일로 - 기타,원동기,남,22세,중상,자전거,남,23세,상해없음
2013062900100616,2013년 6월 29일 21시,토요일,경상북도 김천시 지례면,중상사고,0,1,0,0,차대차 - 측면직각충돌,안전운전불이행,건조,맑음,단일로 - 기타,승용,남,59세,상해없음,이륜,여,63세,중상
2013062900100617,2013년 6월 29일 21시,토요일,경상북도 영주시 휴천동,경상사고,0,0,1,0,차대차 - 측면직각충돌,안전운전불이행,건조,맑음,단일로 - 기타,승용,남,61세,상해없음,자전거,남,64세,경상
2013062900100650,2013년 6월 29일 22시,토요일,경상북도 포항시 북구 죽장면,사망사고,1,0,1,0,차량단독 - 공작물충돌,안전운전불이행,건조,맑음,단일로 - 기타,승용,남,62세,상해없음,,,,
2013062900100651,2013년 6월 29일 22시,토요일,경상북도 구미시 상모동,중상사고,0,1,1,0,차대차 - 기타,신호위반,건조,맑음,교차로 - 교차로안,승용,기타불명,기타불명,기타불명,승용,남,23세,경상
2013062900100678,2013년 6월 29일 23시,토요일,경상북도 구미시 인의동,경상사고,0,0,1,0,차대사람 - 기타,안전운전불이행,건조,맑음,교차로 - 교차로안,승용,남,40세,상해없음,보행자,여,31세,경상
2013063000100031,2013년 6월 30일 01시,일요일,경상북도 포항시 북구 죽도동,경상사고,0,0,1,0,차대차 - 측면직각충돌,안전운전불이행,건조,맑음,교차로 - 교차로안,승용,남,44세,상해없음,승용,남,58세,경상
2013063000100032,2013년 6월 30일 01시,일요일,경상북도 구미시 진평동,경상사고,0,0,1,0,차대사람 - 기타,안전운전불이행,건조,맑음,기타 - 기타,승용,남,28세,상해없음,보행자,남,48세,경상
2013063000100058,2013년 6월 30일 02시,일요일,경상북도 문경시 공평동,중상사고,0,1,0,0,차대차 - 추돌 - 주정차중,안전운전불이행,건조,맑음,단일로 - 기타,승용,여,45세,중상,승용,남,66세,상해없음
2013063000100088,2013년 6월 30일 04시,일요일,경상북도 포항시 남구 상도동,경상사고,0,0,3,0,차대차 - 추돌 - 진행중,직진우회전진행방해,건조,맑음,교차로 - 교차로안,승용,남,53세,상해없음,승용,남,63세,상해없음
2013063000100105,2013년 6월 30일 05시,일요일,경상북도 영주시 상망동,중상사고,0,1,0,0,차대사람 - 횡단중,안전운전불이행,건조,맑음,단일로 - 기타,승용,여,38세,상해없음,보행자,여,74세,중상
2013063000100106,2013년 6월 30일 05시,일요일,경상북도 포항시 남구 송내동,경상사고,0,0,1,0,차대차 - 측면직각충돌,안전운전불이행,건조,맑음,단일로 - 기타,승용,남,26세,상해없음,승용,남,57세,경상
2013063000100119,2013년 6월 30일 06시,일요일,경상북도 구미시 선산읍,중상사고,0,1,0,0,차대차 - 기타,신호위반,건조,맑음,교차로 - 교차로안,승용,여,51세,상해없음,이륜,여,63세,중상
2013063000100137,2013년 6월 30일 07시,일요일,경상북도 포항시 남구 송도동,경상사고,0,0,1,0,차대차 - 추돌 - 주정차중,안전운전불이행,건조,맑음,기타 - 기타,승용,남,42세,상해없음,승용,남,61세,경상
2013063000100172,2013년 6월 30일 09시,일요일,경상북도 경주시 황성동,경상사고,0,0,1,0,차대차 - 기타,안전운전불이행,건조,맑음,교차로 - 교차로안,승용,남,52세,상해없음,이륜,남,34세,경상
2013063000100214,2013년 6월 30일 11시,일요일,경상북도 문경시 영신동,경상사고,0,0,1,0,차량단독 - 전도전복,안전운전불이행,건조,맑음,단일로 - 기타,이륜,남,55세,경상,,,,
2013063000100230,2013년 6월 30일 12시,일요일,경상북도 영천시 화룡동,경상사고,0,0,2,0,차대차 - 추돌 - 진행중,안전운전불이행,건조,맑음,교차로 - 교차로부근,승용,남,23세,상해없음,승용,여,39세,경상
2013063000100231,2013년 6월 30일 12시,일요일,경상북도 구미시 진평동,경상사고,0,0,1,0,차대차 - 기타,안전운전불이행,건조,맑음,단일로 - 기타,승용,남,25세,상해없음,이륜,남,48세,경상
2013063000100259,2013년 6월 30일 13시,일요일,경상북도 칠곡군 석적읍,사망사고,1,0,0,0,차대사람 - 기타,안전운전불이행,건조,맑음,단일로 - 기타,승용,남,31세,상해없음,보행자,여,50세,사망
2013063000100260,2013년 6월 30일 13시,일요일,경상북도 칠곡군 북삼읍,중상사고,0,1,0,0,차대차 - 추돌 - 진행중,교차로운행방법위반,건조,맑음,교차로 - 교차로안,이륜,남,17세,중상,승용,여,33세,상해없음
2013063000100284,2013년 6월 30일 14시,일요일,경상북도 포항시 북구 용흥동,경상사고,0,0,2,0,차대차 - 기타,안전거리미확보,건조,맑음,단일로 - 기타,승용,여,25세,상해없음,승용,남,46세,경상
2013063000100323,2013년 6월 30일 15시,일요일,경상북도 경주시 양남면,경상사고,0,0,5,0,차대차 - 기타,안전운전불이행,건조,맑음,기타 - 기타,승용,남,38세,상해없음,승용,남,31세,경상
2013063000100324,2013년 6월 30일 15시,일요일,경상북도 포항시 북구 환호동,중상사고,0,1,1,0,차대차 - 기타,교차로운행방법위반,건조,맑음,교차로 - 교차로안,승용,남,51세,상해없음,승용,남,30세,경상
2013063000100325,2013년 6월 30일 15시,일요일,경상북도 문경시 산북면,중상사고,0,2,0,0,차량단독 - 공작물충돌,안전운전불이행,건조,맑음,단일로 - 기타,승용,남,64세,중상,,,,
2013063000100326,2013년 6월 30일 15시,일요일,경상북도 고령군 고령읍,경상사고,0,0,1,0,차대차 - 측면직각충돌,안전운전불이행,건조,맑음,교차로 - 교차로안,원동기,남,64세,경상,승용,여,23세,상해없음
2013063000100327,2013년 6월 30일 15시,일요일,경상북도 영양군 일월면,중상사고,0,1,1,0,차대차 - 정면충돌,중앙선침범,건조,맑음,단일로 - 기타,화물,남,62세,중상,승합,남,45세,경상
2013063000100358,2013년 6월 30일 16시,일요일,경상북도 문경시 문경읍,경상사고,0,0,4,0,차대차 - 측면직각충돌,안전운전불이행,건조,맑음,교차로 - 교차로안,승용,여,56세,경상,승용,남,30세,경상
2013063000100359,2013년 6월 30일 16시,일요일,경상북도 칠곡군 가산면,중상사고,0,1,5,0,차대차 - 추돌 - 주정차중,안전운전불이행,건조,맑음,단일로 - 기타,승용,남,61세,상해없음,승용,남,60세,경상
2013063000100360,2013년 6월 30일 16시,일요일,경상북도 칠곡군 가산면,경상사고,0,0,2,0,차대차 - 추돌 - 진행중,안전운전불이행,건조,맑음,단일로 - 기타,승용,남,48세,상해없음,승용,남,56세,경상
2013063000100384,2013년 6월 30일 17시,일요일,경상북도 칠곡군 약목면,경상사고,0,0,1,0,차대차 - 추돌 - 진행중,안전운전불이행,건조,맑음,단일로 - 기타,승용,남,72세,상해없음,화물,남,73세,경상
2013063000100385,2013년 6월 30일 17시,일요일,경상북도 울진군 후포면,부상신고사고,0,0,0,1,차량단독 - 기타,기타,건조,맑음,단일로 - 기타,승용,남,57세,부상신고,,,,
2013063000100386,2013년 6월 30일 17시,일요일,경상북도 고령군 고령읍,경상사고,0,0,3,0,차대차 - 정면충돌,안전운전불이행,건조,맑음,단일로 - 기타,화물,남,56세,상해없음,승용,여,47세,경상
2013063000100412,2013년 6월 30일 18시,일요일,경상북도 경주시 천북면,중상사고,0,1,0,0,차대사람 - 기타,안전운전불이행,건조,맑음,단일로 - 기타,화물,남,48세,상해없음,보행자,여,86세,중상
2013063000100459,2013년 6월 30일 20시,일요일,경상북도 경주시 외동읍,사망사고,1,0,0,0,차대사람 - 횡단중,보행자보호의무위반,건조,맑음,단일로 - 기타,화물,남,47세,상해없음,보행자,남,52세,사망
2013063000100460,2013년 6월 30일 20시,일요일,경상북도 포항시 남구 인덕동,경상사고,0,0,3,0,차대차 - 측면직각충돌,신호위반,건조,맑음,교차로 - 교차로안,승용,남,61세,상해없음,화물,남,44세,경상
2013063000100488,2013년 6월 30일 21시,일요일,경상북도 경주시 동천동,경상사고,0,0,1,1,차대차 - 기타,안전운전불이행,건조,맑음,단일로 - 기타,승용,여,33세,부상신고,승용,남,36세,경상
2013063000100489,2013년 6월 30일 21시,일요일,경상북도 구미시 진평동,경상사고,0,0,3,0,차대차 - 기타,안전운전불이행,건조,맑음,교차로 - 교차로안,이륜,남,18세,경상,승용,남,40세,경상
2013063000100530,2013년 6월 30일 23시,일요일,경상북도 경주시 외동읍,중상사고,0,1,0,0,차대차 - 추돌 - 진행중,안전운전불이행,건조,맑음,단일로 - 기타,승용,남,32세,상해없음,승용,여,54세,중상
2013070100100019,2013년 7월 1일 01시,월요일,경상북도 영덕군 강구면,중상사고,0,1,2,0,차대차 - 측면직각충돌,안전운전불이행,건조,맑음,교차로 - 교차로안,화물,남,28세,경상,승용,남,33세,중상
2013070100100031,2013년 7월 1일 03시,월요일,경상북도 경주시 외동읍,경상사고,0,0,1,0,차대차 - 기타,신호위반,건조,맑음,교차로 - 교차로안,승용,남,43세,경상,화물,남,53세,상해없음
2013070100100075,2013년 7월 1일 07시,월요일,경상북도 성주군 벽진면,경상사고,0,0,1,0,차대사람 - 횡단중,보행자보호의무위반,건조,맑음,단일로 - 횡단보도상,승용,남,72세,상해없음,보행자,남,5세,경상
2013070100100076,2013년 7월 1일 07시,월요일,경상북도 군위군 군위읍,경상사고,0,0,1,0,차대차 - 추돌 - 진행중,안전거리미확보,건조,맑음,단일로 - 기타,화물,남,57세,상해없음,자전거,여,70세,경상
2013070100100077,2013년 7월 1일 07시,월요일,경상북도 포항시 남구 상도동,중상사고,0,1,0,0,차대차 - 측면직각충돌,안전운전불이행,건조,맑음,기타 - 기타,자전거,여,61세,상해없음,자전거,남,49세,중상
2013070100100106,2013년 7월 1일 08시,월요일,경상북도 구미시 상모동,중상사고,0,1,0,0,차대사람 - 기타,안전운전불이행,건조,맑음,단일로 - 기타,화물,남,46세,상해없음,보행자,여,8세,중상
2013070100100146,2013년 7월 1일 09시,월요일,경상북도 의성군 안계면,사망사고,1,0,0,0,차대차 - 측면직각충돌,안전운전불이행,건조,맑음,단일로 - 기타,승용,남,76세,상해없음,자전거,남,73세,사망
2013070100100147,2013년 7월 1일 09시,월요일,경상북도 문경시 점촌동,경상사고,0,0,1,0,차대차 - 측면직각충돌,직진우회전진행방해,건조,맑음,교차로 - 교차로안,승용,남,24세,상해없음,승용,남,61세,경상
2013070100100148,2013년 7월 1일 09시,월요일,경상북도 문경시 호계면,경상사고,0,0,1,0,차대차 - 정면충돌,중앙선침범,건조,흐림,단일로 - 기타,승용,남,39세,상해없음,화물,여,54세,경상
2013070100100149,2013년 7월 1일 09시,월요일,경상북도 구미시 인의동,중상사고,0,1,0,0,차대차 - 측면직각충돌,안전운전불이행,건조,맑음,교차로 - 교차로안,승용,남,28세,상해없음,승용,남,52세,중상
2013070100100176,2013년 7월 1일 10시,월요일,경상북도 안동시 남문동,경상사고,0,0,1,0,차대차 - 측면직각충돌,안전거리미확보,건조,맑음,기타 - 기타,승용,남,72세,상해없음,화물,남,53세,경상
2013070100100199,2013년 7월 1일 11시,월요일,경상북도 경주시 감포읍,중상사고,0,1,0,0,차대차 - 기타,안전운전불이행,건조,맑음,단일로 - 기타,특수,남,57세,상해없음,승용,여,40세,중상
2013070100100200,2013년 7월 1일 11시,월요일,경상북도 상주시 남성동,중상사고,0,1,0,0,차대사람 - 기타,안전운전불이행,건조,맑음,교차로 - 교차로부근,승용,남,64세,상해없음,보행자,남,45세,중상
2013070100100226,2013년 7월 1일 12시,월요일,경상북도 김천시 대광동,중상사고,0,1,1,0,차대차 - 측면직각충돌,안전운전불이행,건조,맑음,단일로 - 기타,승용,여,60세,상해없음,화물,남,39세,경상
2013070100100227,2013년 7월 1일 12시,월요일,경상북도 영주시 영주동,경상사고,0,0,2,0,차대차 - 추돌 - 주정차중,안전운전불이행,건조,맑음,교차로 - 교차로부근,승합,남,46세,상해없음,특수,남,46세,경상
2013070100100228,2013년 7월 1일 12시,월요일,경상북도 청송군 청송읍,중상사고,0,1,0,0,차대사람 - 기타,안전운전불이행,건조,맑음,기타 - 기타,승용,여,36세,상해없음,보행자,남,67세,중상
2013070100100229,2013년 7월 1일 12시,월요일,경상북도 포항시 남구 대도동,중상사고,0,1,0,0,차대사람 - 기타,안전운전불이행,건조,맑음,단일로 - 기타,승용,남,42세,상해없음,보행자,여,77세,중상
2013070100100260,2013년 7월 1일 13시,월요일,경상북도 영주시 휴천동,중상사고,0,1,0,0,차대차 - 측면직각충돌,안전거리미확보,건조,맑음,단일로 - 기타,이륜,남,63세,중상,승용,여,42세,상해없음
2013070100100261,2013년 7월 1일 13시,월요일,경상북도 영주시 휴천동,중상사고,0,3,0,0,차대차 - 측면직각충돌,직진우회전진행방해,건조,맑음,교차로 - 교차로안,승용,남,32세,중상,화물,남,61세,중상
2013070100100290,2013년 7월 1일 14시,월요일,경상북도 포항시 북구 죽장면,경상사고,0,0,4,0,차대차 - 기타,교차로운행방법위반,건조,맑음,교차로 - 교차로안,화물,여,43세,경상,승용,남,21세,경상
2013070100100291,2013년 7월 1일 14시,월요일,경상북도 경산시 사동,경상사고,0,0,1,0,차대사람 - 기타,안전운전불이행,건조,맑음,교차로 - 교차로안,이륜,남,33세,상해없음,보행자,남,8세,경상
2013070100100323,2013년 7월 1일 15시,월요일,경상북도 경주시 시래동,중상사고,0,1,1,0,차대차 - 기타,안전운전불이행,건조,맑음,교차로 - 교차로안,승용,남,38세,상해없음,원동기,남,63세,경상
2013070100100324,2013년 7월 1일 15시,월요일,경상북도 포항시 북구 대흥동,경상사고,0,0,3,0,차대차 - 측면직각충돌,차로위반,건조,맑음,교차로 - 교차로안,승용,여,28세,상해없음,승용,남,32세,경상
2013070100100325,2013년 7월 1일 15시,월요일,경상북도 성주군 성주읍,경상사고,0,0,1,0,차대차 - 측면직각충돌,안전운전불이행,기타,맑음,교차로 - 교차로안,화물,남,65세,상해없음,이륜,남,45세,경상
2013070100100391,2013년 7월 1일 17시,월요일,경상북도 상주시 화개동,중상사고,0,1,0,0,차량단독 - 공작물충돌,안전운전불이행,건조,맑음,교차로 - 교차로부근,이륜,남,72세,중상,,,,
2013070100100392,2013년 7월 1일 17시,월요일,경상북도 칠곡군 북삼읍,중상사고,0,1,0,0,차대사람 - 횡단중,안전운전불이행,건조,흐림,단일로 - 기타,승합,남,29세,상해없음,보행자,남,46세,중상
2013070100100393,2013년 7월 1일 17시,월요일,경상북도 구미시 황상동,경상사고,0,0,1,0,차대사람 - 기타,안전운전불이행,건조,맑음,단일로 - 기타,승용,여,42세,상해없음,보행자,여,80세,경상
2013070100100394,2013년 7월 1일 17시,월요일,경상북도 포항시 남구 오천읍,경상사고,0,0,1,0,차대차 - 측면직각충돌,직진우회전진행방해,건조,맑음,교차로 - 교차로안,승용,남,56세,상해없음,승용,남,56세,경상
2013070100100421,2013년 7월 1일 18시,월요일,경상북도 의성군 금성면,중상사고,0,1,0,0,차대차 - 정면충돌,안전운전불이행,건조,맑음,교차로 - 교차로안,화물,남,50세,상해없음,승용,여,27세,중상
2013070100100451,2013년 7월 1일 19시,월요일,경상북도 경주시 구황동,중상사고,0,1,0,0,차대사람 - 기타,안전운전불이행,건조,맑음,단일로 - 기타,승용,남,47세,상해없음,보행자,남,73세,중상
2013070100100452,2013년 7월 1일 19시,월요일,경상북도 영주시 평은면,중상사고,0,1,0,0,차량단독 - 전도전복,안전운전불이행,건조,맑음,기타 - 기타,농기계,남,73세,중상,,,,
2013070100100475,2013년 7월 1일 20시,월요일,경상북도 경주시 외동읍,사망사고,1,0,0,0,차대사람 - 기타,보행자보호의무위반,건조,맑음,단일로 - 기타,승용,남,63세,상해없음,보행자,여,63세,사망
2013070100100476,2013년 7월 1일 20시,월요일,경상북도 경산시 진량읍,경상사고,0,0,1,0,차대차 - 기타,직진우회전진행방해,건조,맑음,교차로 - 교차로안,승용,남,34세,상해없음,화물,남,35세,경상
2013070100100477,2013년 7월 1일 20시,월요일,경상북도 성주군 선남면,중상사고,0,1,2,0,차대차 - 측면직각충돌,안전운전불이행,기타,맑음,교차로 - 교차로안,승용,여,31세,경상,화물,남,56세,중상
2013070100100478,2013년 7월 1일 20시,월요일,경상북도 구미시 구평동,경상사고,0,0,1,0,차대차 - 측면직각충돌,신호위반,건조,맑음,교차로 - 교차로안,승용,남,41세,상해없음,이륜,남,18세,경상
2013070100100517,2013년 7월 1일 21시,월요일,경상북도 구미시 원평동,경상사고,0,0,1,0,차대차 - 측면직각충돌,기타,건조,맑음,단일로 - 기타,승용,남,43세,상해없음,승용,남,34세,경상
2013070200100061,2013년 7월 2일 04시,화요일,경상북도 안동시 태화동,경상사고,0,0,2,0,차대사람 - 기타,안전운전불이행,건조,맑음,단일로 - 기타,승용,여,49세,상해없음,보행자,남,43세,경상
2013070200100062,2013년 7월 2일 04시,화요일,경상북도 포항시 남구 대도동,경상사고,0,0,2,0,차대차 - 측면직각충돌,신호위반,건조,맑음,교차로 - 교차로안,화물,남,53세,상해없음,승용,여,60세,경상
2013070200100094,2013년 7월 2일 06시,화요일,경상북도 안동시 삼산동,경상사고,0,0,1,0,차대차 - 기타,안전운전불이행,건조,맑음,기타 - 기타,승용,기타불명,기타불명,기타불명,승용,남,54세,경상
2013070200100095,2013년 7월 2일 06시,화요일,경상북도 성주군 용암면,중상사고,0,2,3,0,차량단독 - 전도전복,안전운전불이행,습기,비,교차로 - 교차로안,승합,남,59세,상해없음,,,,
2013070200100128,2013년 7월 2일 07시,화요일,경상북도 고령군 고령읍,경상사고,0,0,1,0,차대차 - 기타,안전운전불이행,건조,기타,기타 - 기타,기타불명,기타불명,기타불명,기타불명,자전거,남,14세,경상
2013070200100180,2013년 7월 2일 09시,화요일,경상북도 포항시 북구 죽도동,중상사고,0,1,0,0,차대사람 - 횡단중,안전운전불이행,건조,맑음,교차로 - 교차로안,승용,남,29세,상해없음,보행자,여,73세,중상
2013070200100181,2013년 7월 2일 09시,화요일,경상북도 안동시 이천동,중상사고,0,1,0,0,차대차 - 측면직각충돌,안전거리미확보,건조,흐림,단일로 - 기타,승용,남,24세,상해없음,승용,남,55세,중상
2013070200100182,2013년 7월 2일 09시,화요일,경상북도 안동시 길안면,중상사고,0,1,0,0,차대사람 - 기타,중앙선침범,건조,맑음,단일로 - 기타,화물,남,65세,상해없음,보행자,여,90세,중상
2013070200100183,2013년 7월 2일 09시,화요일,경상북도 포항시 남구 상도동,중상사고,0,1,0,0,차대사람 - 기타,안전운전불이행,습기,비,단일로 - 기타,승용,남,72세,상해없음,보행자,여,47세,중상
2013070200100209,2013년 7월 2일 10시,화요일,경상북도 봉화군 소천면,중상사고,0,1,1,0,차대차 - 정면충돌,중앙선침범,습기,비,단일로 - 기타,화물,남,56세,중상,화물,남,44세,경상
2013070200100210,2013년 7월 2일 10시,화요일,경상북도 구미시 신평동,경상사고,0,0,1,0,차대차 - 기타,안전거리미확보,건조,맑음,단일로 - 기타,승용,남,22세,상해없음,승용,여,33세,경상
2013070200100232,2013년 7월 2일 11시,화요일,경상북도 경산시 진량읍,경상사고,0,0,3,0,차대차 - 기타,안전운전불이행,습기,흐림,단일로 - 기타,화물,남,50세,상해없음,화물,남,54세,경상
2013070200100233,2013년 7월 2일 11시,화요일,경상북도 포항시 남구 대도동,사망사고,1,0,0,0,차대사람 - 기타,안전운전불이행,건조,흐림,단일로 - 기타,화물,남,48세,상해없음,보행자,여,74세,사망
2013070200100252,2013년 7월 2일 12시,화요일,경상북도 포항시 남구 오천읍,경상사고,0,0,3,0,차대차 - 측면직각충돌,안전운전불이행,건조,맑음,교차로 - 교차로안,승합,남,41세,상해없음,승용,여,55세,경상
2013070200100272,2013년 7월 2일 13시,화요일,경상북도 칠곡군 왜관읍,중상사고,0,1,0,0,차대차 - 추돌 - 진행중,안전운전불이행,건조,맑음,단일로 - 기타,이륜,남,37세,중상,화물,남,59세,상해없음
2013070200100273,2013년 7월 2일 13시,화요일,경상북도 영덕군 강구면,사망사고,1,0,0,0,차량단독 - 도로외이탈 - 추락,안전운전불이행,건조,맑음,단일로 - 기타,자전거,남,70세,사망,,,,
2013070200100298,2013년 7월 2일 14시,화요일,경상북도 경주시 안강읍,경상사고,0,0,2,0,차대사람 - 기타,보행자보호의무위반,건조,맑음,교차로 - 교차로부근,승용,남,51세,상해없음,보행자,여,8세,경상
2013070200100299,2013년 7월 2일 14시,화요일,경상북도 상주시 함창읍,경상사고,0,0,1,0,차대차 - 기타,직진우회전진행방해,건조,맑음,교차로 - 교차로안,건설기계,남,51세,상해없음,승합,여,51세,경상
2013070200100300,2013년 7월 2일 14시,화요일,경상북도 경산시 하양읍,경상사고,0,0,1,0,철길건널목 - 기타,기타,건조,흐림,단일로 - 철길건널목,승용,남,47세,상해없음,기타불명,남,43세,상해없음
2013070200100328,2013년 7월 2일 15시,화요일,경상북도 경주시 천군동,중상사고,0,1,0,0,차대차 - 측면직각충돌,안전운전불이행,건조,맑음,단일로 - 기타,원동기,남,29세,상해없음,승합,남,55세,상해없음
2013070200100329,2013년 7월 2일 15시,화요일,경상북도 경주시 외동읍,중상사고,0,1,0,0,차대차 - 기타,안전운전불이행,습기,맑음,단일로 - 터널,건설기계,남,32세,상해없음,건설기계,남,45세,중상
2013070200100330,2013년 7월 2일 15시,화요일,경상북도 구미시 도량동,부상신고사고,0,0,0,1,차대차 - 기타,안전운전불이행,건조,맑음,단일로 - 기타,화물,남,24세,기타불명,승합,남,49세,상해없음
2013070200100369,2013년 7월 2일 16시,화요일,경상북도 경주시 용강동,중상사고,0,1,0,0,차대차 - 기타,안전운전불이행,건조,맑음,교차로 - 교차로안,승용,여,44세,상해없음,자전거,남,13세,중상