사고번호,사고일시,요일,시군구,사고내용,사망자수,중상자수,경상자수,부상신고자수,사고유형,법규위반,노면상태,기상상태,도로형태,가해운전자 차종,가해운전자 성별,가해운전자 연령,가해운전자 상해정도,피해운전자 차종,피해운전자 성별,피해운전자 연령,피해운전자 상해정도
2013070200100370,2013년 7월 2일 16시,화요일,경상북도 성주군 용암면,중상사고,0,1,0,0,차대사람 - 기타,안전운전불이행,건조,흐림,단일로 - 기타,화물,남,32세,상해없음,보행자,남,63세,중상
2013070200100405,2013년 7월 2일 17시,화요일,경상북도 안동시 옥동,중상사고,0,1,1,0,차대차 - 측면직각충돌,교차로운행방법위반,건조,맑음,교차로 - 교차로안,이륜,남,17세,경상,화물,남,38세,상해없음
2013070200100406,2013년 7월 2일 17시,화요일,경상북도 포항시 남구 청림동,경상사고,0,0,1,0,차대차 - 측면직각충돌,안전운전불이행,건조,맑음,교차로 - 교차로안,승용,여,32세,상해없음,승용,남,46세,경상
2013070200100444,2013년 7월 2일 18시,화요일,경상북도 경주시 동부동,경상사고,0,0,1,0,차대사람 - 기타,신호위반,건조,흐림,단일로 - 횡단보도상,승용,남,25세,기타불명,보행자,여,40세,경상
2013070200100445,2013년 7월 2일 18시,화요일,경상북도 상주시 신봉동,부상신고사고,0,0,0,1,차대차 - 추돌 - 진행중,안전거리미확보,습기,비,단일로 - 기타,화물,남,57세,부상신고,승합,남,56세,상해없음
2013070200100446,2013년 7월 2일 18시,화요일,경상북도 영주시 가흥동,경상사고,0,0,1,0,차대차 - 측면직각충돌,안전운전불이행,습기,비,단일로 - 기타,승용,여,33세,상해없음,승용,여,58세,경상
2013070200100447,2013년 7월 2일 18시,화요일,경상북도 구미시 도량동,중상사고,0,1,0,0,차대차 - 기타,안전운전불이행,건조,흐림,단일로 - 기타,승용,여,39세,상해없음,농기계,남,58세,중상
2013070200100448,2013년 7월 2일 18시,화요일,경상북도 포항시 남구 대잠동,경상사고,0,0,1,0,차대차 - 추돌 - 주정차중,안전운전불이행,건조,맑음,교차로 - 교차로부근,승용,남,58세,상해없음,승용,여,47세,경상
2013070200100474,2013년 7월 2일 19시,화요일,경상북도 구미시 도량동,중상사고,0,1,1,0,차대차 - 기타,교차로운행방법위반,습기,비,교차로 - 교차로안,승용,여,50세,경상,이륜,남,18세,중상
2013070200100475,2013년 7월 2일 19시,화요일,경상북도 구미시 구평동,경상사고,0,0,1,0,차대사람 - 기타,안전운전불이행,건조,맑음,기타 - 기타,기타불명,기타불명,1세,기타불명,보행자,남,23세,경상
2013070200100516,2013년 7월 2일 20시,화요일,경상북도 영주시 상망동,중상사고,0,1,0,0,차량단독 - 기타,안전운전불이행,습기,비,단일로 - 기타,화물,남,27세,상해없음,,,,
2013070200100517,2013년 7월 2일 20시,화요일,경상북도 구미시 인의동,경상사고,0,0,1,0,차대차 - 기타,중앙선침범,건조,맑음,단일로 - 기타,이륜,남,40세,기타불명,이륜,남,34세,경상
2013070200100518,2013년 7월 2일 20시,화요일,경상북도 구미시 송정동,중상사고,0,1,0,0,차대차 - 기타,안전운전불이행,건조,흐림,단일로 - 기타,농기계,남,65세,중상,승용,여,39세,상해없음
2013070200100519,2013년 7월 2일 20시,화요일,경상북도 포항시 남구 오천읍,중상사고,0,1,1,0,차대차 - 측면직각충돌,안전운전불이행,건조,맑음,단일로 - 기타,승용,남,23세,상해없음,승용,남,31세,중상
2013070200100552,2013년 7월 2일 21시,화요일,경상북도 경주시 황성동,경상사고,0,0,1,0,차대차 - 기타,안전운전불이행,건조,맑음,단일로 - 기타,승용,남,66세,상해없음,이륜,남,16세,경상
2013070200100553,2013년 7월 2일 21시,화요일,경상북도 영천시 완산동,경상사고,0,0,1,0,차량단독 - 공작물충돌,신호위반,건조,맑음,교차로 - 교차로안,승용,남,31세,경상,,,,
2013070200100597,2013년 7월 2일 22시,화요일,경상북도 경주시 동천동,중상사고,0,1,0,0,차대차 - 기타,안전운전불이행,건조,흐림,교차로 - 교차로부근,기타불명,기타불명,기타불명,기타불명,이륜,남,19세,중상
2013070200100598,2013년 7월 2일 22시,화요일,경상북도 포항시 북구 장성동,중상사고,0,4,0,0,차대차 - 기타,교차로운행방법위반,건조,맑음,교차로 - 교차로안,승용,남,60세,상해없음,승용,남,41세,중상
2013070200100624,2013년 7월 2일 23시,화요일,경상북도 구미시 인의동,경상사고,0,0,1,0,차대차 - 기타,안전운전불이행,건조,맑음,단일로 - 기타,승용,남,32세,상해없음,이륜,남,45세,경상
2013070200100625,2013년 7월 2일 23시,화요일,경상북도 구미시 오태동,중상사고,0,2,0,0,차량단독 - 기타,안전운전불이행,건조,흐림,교차로 - 교차로안,승용,남,45세,중상,,,,
2013070300100012,2013년 7월 3일 00시,수요일,경상북도 칠곡군 왜관읍,중상사고,0,1,0,0,차대사람 - 기타,안전운전불이행,건조,흐림,단일로 - 기타,기타불명,기타불명,기타불명,기타불명,보행자,남,24세,중상
2013070300100013,2013년 7월 3일 00시,수요일,경상북도 경산시 진량읍,사망사고,1,0,0,0,차대차 - 기타,안전운전불이행,습기,비,단일로 - 기타,승용,남,35세,상해없음,화물,남,46세,상해없음
2013070300100014,2013년 7월 3일 00시,수요일,경상북도 구미시 공단동,중상사고,0,1,2,0,차대차 - 기타,직진우회전진행방해,건조,흐림,교차로 - 교차로안,승용,여,44세,중상,승용,남,29세,경상
2013070300100032,2013년 7월 3일 01시,수요일,경상북도 경주시 성건동,경상사고,0,0,5,0,차대차 - 측면직각충돌,안전운전불이행,건조,맑음,단일로 - 기타,승용,남,43세,상해없음,승용,남,19세,경상
2013070300100080,2013년 7월 3일 06시,수요일,경상북도 김천시 부곡동,경상사고,0,0,1,0,차대차 - 추돌 - 진행중,안전운전불이행,건조,맑음,단일로 - 횡단보도부근,승용,남,19세,상해없음,승용,남,36세,경상
2013070300100106,2013년 7월 3일 07시,수요일,경상북도 포항시 북구 흥해읍,중상사고,0,1,0,0,차대사람 - 기타,보행자보호의무위반,건조,맑음,단일로 - 횡단보도상,승용,남,37세,상해없음,보행자,여,55세,중상
2013070300100134,2013년 7월 3일 08시,수요일,경상북도 포항시 북구 용흥동,경상사고,0,0,1,0,차대차 - 측면직각충돌,교차로운행방법위반,습기,비,교차로 - 교차로안,승용,남,60세,상해없음,승용,남,46세,상해없음
2013070300100135,2013년 7월 3일 08시,수요일,경상북도 구미시 산동면,경상사고,0,0,1,0,차대차 - 기타,안전운전불이행,건조,흐림,교차로 - 교차로안,승용,여,66세,상해없음,승용,여,38세,경상
2013070300100192,2013년 7월 3일 10시,수요일,경상북도 구미시 공단동,중상사고,0,1,0,0,차대차 - 기타,안전운전불이행,건조,맑음,교차로 - 교차로부근,화물,남,48세,상해없음,승용,남,54세,중상
2013070300100219,2013년 7월 3일 11시,수요일,경상북도 경주시 북군동,경상사고,0,0,2,0,차대차 - 기타,안전운전불이행,건조,맑음,교차로 - 교차로안,승용,여,69세,경상,화물,남,35세,경상
2013070300100245,2013년 7월 3일 12시,수요일,경상북도 상주시 만산동,중상사고,0,1,2,0,차대차 - 측면직각충돌,신호위반,건조,맑음,교차로 - 교차로안,화물,남,18세,상해없음,화물,남,61세,경상
2013070300100246,2013년 7월 3일 12시,수요일,경상북도 고령군 우곡면,사망사고,1,0,0,0,차량단독 - 공작물충돌,안전운전불이행,건조,흐림,단일로 - 기타,승용,여,58세,사망,,,,
2013070300100274,2013년 7월 3일 13시,수요일,경상북도 경주시 광명동,중상사고,0,1,0,0,차대차 - 기타,안전운전불이행,건조,맑음,교차로 - 교차로안,승합,남,71세,상해없음,승용,여,58세,중상
2013070300100298,2013년 7월 3일 14시,수요일,경상북도 경산시 진량읍,사망사고,1,0,0,0,차대사람 - 기타,안전운전불이행,건조,맑음,단일로 - 기타,승합,남,39세,기타불명,보행자,남,74세,사망
2013070300100335,2013년 7월 3일 15시,수요일,경상북도 영주시 부석면,경상사고,0,0,1,0,차대차 - 추돌 - 진행중,안전운전불이행,건조,맑음,단일로 - 기타,이륜,남,69세,경상,화물,남,53세,상해없음
2013070300100336,2013년 7월 3일 15시,수요일,경상북도 성주군 성주읍,경상사고,0,0,1,0,차대차 - 측면직각충돌,중앙선침범,건조,맑음,단일로 - 기타,화물,남,79세,상해없음,승용,남,21세,경상
2013070300100337,2013년 7월 3일 15시,수요일,경상북도 구미시 해평면,사망사고,1,0,0,0,차량단독 - 전도전복,안전운전불이행,건조,맑음,기타 - 기타,농기계,남,71세,사망,,,,
2013070300100367,2013년 7월 3일 16시,수요일,경상북도 경산시 중방동,중상사고,0,1,0,0,차대사람 - 길가장자리구역통행중,안전운전불이행,건조,맑음,교차로 - 교차로부근,승용,남,60세,상해없음,보행자,남,14세,중상
2013070300100408,2013년 7월 3일 17시,수요일,경상북도 안동시 신안동,경상사고,0,0,1,1,차량단독 - 기타,안전운전불이행,건조,맑음,단일로 - 기타,원동기,남,70세,경상,,,,
2013070300100409,2013년 7월 3일 17시,수요일,경상북도 김천시 지좌동,경상사고,0,0,4,0,차대차 - 측면직각충돌,안전운전불이행,건조,맑음,교차로 - 교차로부근,화물,남,56세,상해없음,승용,여,31세,경상
2013070300100410,2013년 7월 3일 17시,수요일,경상북도 영주시 가흥동,경상사고,0,0,3,0,차대차 - 추돌 - 주정차중,안전운전불이행,건조,맑음,단일로 - 기타,승용,남,74세,상해없음,승용,여,63세,경상
2013070300100411,2013년 7월 3일 17시,수요일,경상북도 영천시 문내동,중상사고,0,1,0,0,차대사람 - 횡단중,안전운전불이행,건조,맑음,단일로 - 기타,승용,남,56세,상해없음,보행자,여,2세,중상
2013070300100412,2013년 7월 3일 17시,수요일,경상북도 경산시 평산동,중상사고,0,1,3,0,차대차 - 기타,기타,기타,기타,단일로 - 기타,승용,여,62세,경상,승용,여,63세,경상
2013070300100413,2013년 7월 3일 17시,수요일,경상북도 포항시 남구 청림동,중상사고,0,1,0,0,차대차 - 측면직각충돌,안전운전불이행,건조,맑음,교차로 - 교차로부근,승용,남,62세,상해없음,원동기,남,47세,중상
2013070300100447,2013년 7월 3일 18시,수요일,경상북도 경주시 노동동,경상사고,0,0,1,0,차대사람 - 기타,안전운전불이행,건조,맑음,단일로 - 기타,승용,남,47세,상해없음,보행자,남,26세,경상
2013070300100448,2013년 7월 3일 18시,수요일,경상북도 경주시 현곡면,경상사고,0,0,1,0,차대사람 - 기타,안전운전불이행,건조,맑음,단일로 - 기타,승용,여,31세,상해없음,보행자,남,8세,경상
2013070300100449,2013년 7월 3일 18시,수요일,경상북도 경주시 황성동,경상사고,0,0,4,0,차대차 - 기타,안전운전불이행,건조,맑음,단일로 - 기타,승용,남,30세,상해없음,승용,남,27세,경상
2013070300100450,2013년 7월 3일 18시,수요일,경상북도 포항시 북구 대흥동,중상사고,0,1,0,0,차대차 - 측면직각충돌,안전운전불이행,건조,맑음,교차로 - 교차로안,승용,여,36세,상해없음,원동기,남,44세,중상
2013070300100451,2013년 7월 3일 18시,수요일,경상북도 안동시 풍산읍,중상사고,0,1,0,0,차대차 - 기타,안전운전불이행,건조,맑음,기타 - 기타,화물,남,56세,상해없음,화물,남,64세,상해없음
2013070300100452,2013년 7월 3일 18시,수요일,경상북도 영주시 가흥동,중상사고,0,1,1,0,차대사람 - 기타,안전운전불이행,건조,맑음,단일로 - 기타,자전거,남,70세,중상,보행자,남,70세,경상
2013070300100484,2013년 7월 3일 19시,수요일,경상북도 안동시 일직면,경상사고,0,0,1,0,차대차 - 기타,안전운전불이행,건조,맑음,기타 - 기타,승용,남,48세,경상,화물,남,44세,상해없음
2013070300100572,2013년 7월 3일 22시,수요일,경상북도 안동시 태화동,경상사고,0,0,1,0,차대사람 - 보도통행중,기타,건조,맑음,단일로 - 기타,이륜,여,45세,상해없음,보행자,남,44세,경상
2013070300100600,2013년 7월 3일 23시,수요일,경상북도 경산시 옥산동,경상사고,0,0,1,0,차대차 - 기타,안전운전불이행,건조,흐림,교차로 - 교차로안,승용,여,22세,상해없음,승용,남,26세,경상
2013070400100013,2013년 7월 4일 00시,목요일,경상북도 칠곡군 왜관읍,중상사고,0,1,0,1,차대차 - 기타,신호위반,건조,맑음,교차로 - 교차로안,승용,남,32세,부상신고,승용,남,42세,중상
2013070400100014,2013년 7월 4일 00시,목요일,경상북도 경산시 옥산동,경상사고,0,0,2,0,차대차 - 추돌 - 주정차중,안전운전불이행,건조,맑음,교차로 - 교차로부근,승용,남,32세,상해없음,승용,남,29세,경상
2013070400100015,2013년 7월 4일 00시,목요일,경상북도 구미시 인의동,경상사고,0,0,1,0,차대차 - 기타,안전운전불이행,건조,맑음,교차로 - 교차로부근,승용,남,37세,상해없음,승합,남,40세,경상
2013070400100016,2013년 7월 4일 00시,목요일,경상북도 영천시 본촌동,경상사고,0,0,1,0,차대차 - 정면충돌,중앙선침범,건조,맑음,단일로 - 기타,화물,남,24세,상해없음,화물,남,43세,경상
2013070400100033,2013년 7월 4일 01시,목요일,경상북도 포항시 북구 상원동,중상사고,0,2,0,0,차대사람 - 기타,안전운전불이행,건조,맑음,기타 - 기타,승용,남,35세,상해없음,보행자,여,56세,중상
2013070400100034,2013년 7월 4일 01시,목요일,경상북도 상주시 낙동면,경상사고,0,0,1,0,차대차 - 추돌 - 진행중,안전운전불이행,건조,맑음,단일로 - 기타,화물,남,65세,상해없음,화물,남,57세,경상
2013070400100035,2013년 7월 4일 01시,목요일,경상북도 청도군 각남면,경상사고,0,0,1,0,차대차 - 추돌 - 주정차중,안전운전불이행,습기,흐림,단일로 - 기타,화물,남,56세,상해없음,화물,남,51세,경상
2013070400100036,2013년 7월 4일 01시,목요일,경상북도 구미시 시미동,경상사고,0,0,2,0,차대차 - 기타,교차로운행방법위반,건조,맑음,교차로 - 교차로안,승용,여,26세,경상,승용,남,46세,상해없음
2013070400100037,2013년 7월 4일 01시,목요일,경상북도 구미시 신평동,경상사고,0,0,1,0,차대차 - 기타,안전운전불이행,건조,맑음,단일로 - 기타,승합,남,50세,상해없음,화물,남,44세,경상
2013070400100078,2013년 7월 4일 05시,목요일,경상북도 칠곡군 가산면,중상사고,0,1,1,0,차대차 - 기타,교차로운행방법위반,건조,맑음,교차로 - 교차로안,승용,여,52세,경상,승용,남,43세,중상
2013070400100079,2013년 7월 4일 05시,목요일,경상북도 군위군 군위읍,중상사고,0,1,0,0,차량단독 - 공작물충돌,안전운전불이행,건조,맑음,단일로 - 기타,화물,남,52세,중상,,,,
2013070400100105,2013년 7월 4일 07시,목요일,경상북도 안동시 풍천면,중상사고,0,1,0,0,차대차 - 기타,안전운전불이행,건조,맑음,단일로 - 기타,농기계,남,53세,중상,승용,남,64세,상해없음
2013070400100106,2013년 7월 4일 07시,목요일,경상북도 칠곡군 왜관읍,경상사고,0,0,1,0,차대차 - 기타,교차로운행방법위반,건조,맑음,교차로 - 교차로안,승용,남,28세,상해없음,승용,여,30세,경상
2013070400100140,2013년 7월 4일 08시,목요일,경상북도 포항시 북구 죽도동,경상사고,0,0,2,0,차대차 - 기타,안전운전불이행,건조,맑음,단일로 - 기타,원동기,남,21세,경상,승용,여,34세,경상
2013070400100141,2013년 7월 4일 08시,목요일,경상북도 영주시 봉현면,경상사고,0,0,3,0,차대차 - 측면직각충돌,안전운전불이행,건조,흐림,교차로 - 교차로부근,승용,남,24세,상해없음,승용,남,41세,경상
2013070400100142,2013년 7월 4일 08시,목요일,경상북도 포항시 남구 연일읍,중상사고,0,1,2,0,차대차 - 추돌 - 주정차중,안전운전불이행,건조,맑음,단일로 - 기타,승용,남,50세,중상,승용,여,34세,경상
2013070400100173,2013년 7월 4일 09시,목요일,경상북도 포항시 남구 효자동,중상사고,0,1,0,0,차대사람 - 기타,보행자보호의무위반,건조,맑음,단일로 - 횡단보도상,승용,남,67세,상해없음,보행자,여,60세,중상
2013070400100197,2013년 7월 4일 10시,목요일,경상북도 경주시 동천동,경상사고,0,0,1,0,차대차 - 기타,안전운전불이행,건조,맑음,교차로 - 교차로부근,승용,남,52세,상해없음,자전거,여,74세,경상
2013070400100198,2013년 7월 4일 10시,목요일,경상북도 예천군 용궁면,중상사고,0,1,0,0,차대차 - 기타,중앙선침범,습기,흐림,단일로 - 기타,승용,남,75세,상해없음,원동기,남,56세,중상
2013070400100222,2013년 7월 4일 11시,목요일,경상북도 포항시 북구 양덕동,중상사고,0,1,0,0,차대차 - 기타,안전운전불이행,건조,맑음,단일로 - 기타,화물,남,56세,상해없음,승용,여,26세,중상
2013070400100223,2013년 7월 4일 11시,목요일,경상북도 구미시 인의동,경상사고,0,0,1,0,차대차 - 기타,안전운전불이행,건조,맑음,교차로 - 교차로부근,건설기계,남,65세,상해없음,승용,여,45세,경상
2013070400100224,2013년 7월 4일 11시,목요일,경상북도 포항시 남구 상도동,경상사고,0,0,2,0,차대차 - 측면직각충돌,안전운전불이행,건조,맑음,단일로 - 기타,승용,남,37세,상해없음,승용,남,54세,경상
2013070400100273,2013년 7월 4일 13시,목요일,경상북도 울진군 울진읍,경상사고,0,0,3,0,차대차 - 추돌 - 주정차중,안전운전불이행,건조,맑음,교차로 - 교차로부근,승용,남,66세,경상,화물,남,42세,경상
2013070400100274,2013년 7월 4일 13시,목요일,경상북도 구미시 원평동,경상사고,0,0,1,0,차대차 - 기타,안전운전불이행,기타,흐림,교차로 - 교차로부근,승용,남,55세,상해없음,자전거,남,30세,경상
2013070400100319,2013년 7월 4일 15시,목요일,경상북도 구미시 신평동,중상사고,0,1,0,0,차량단독 - 전도전복,안전운전불이행,습기,비,교차로 - 교차로부근,승용,남,42세,중상,,,,
2013070400100338,2013년 7월 4일 16시,목요일,경상북도 안동시 풍산읍,경상사고,0,0,1,0,차대차 - 추돌 - 진행중,안전거리미확보,건조,맑음,단일로 - 기타,화물,남,45세,상해없음,화물,남,51세,경상
2013070400100339,2013년 7월 4일 16시,목요일,경상북도 김천시 신음동,경상사고,0,0,1,0,차대차 - 추돌 - 주정차중,안전운전불이행,습기,비,교차로 - 교차로부근,승용,여,54세,상해없음,승용,여,52세,경상
2013070400100340,2013년 7월 4일 16시,목요일,경상북도 청송군 부남면,중상사고,0,1,1,0,차대차 - 기타,안전운전불이행,습기,비,단일로 - 기타,화물,남,54세,중상,화물,남,42세,경상
2013070400100366,2013년 7월 4일 17시,목요일,경상북도 청송군 청송읍,중상사고,0,2,0,0,차대차 - 기타,안전거리미확보,습기,비,단일로 - 기타,화물,남,53세,상해없음,화물,남,70세,상해없음
2013070400100367,2013년 7월 4일 17시,목요일,경상북도 구미시 옥계동,경상사고,0,0,1,0,차대차 - 측면직각충돌,안전운전불이행,습기,비,단일로 - 기타,이륜,남,32세,경상,승용,남,28세,상해없음
2013070400100414,2013년 7월 4일 18시,목요일,경상북도 경주시 성건동,중상사고,0,1,0,0,차대차 - 측면직각충돌,중앙선침범,습기,흐림,단일로 - 기타,승용,남,48세,상해없음,이륜,여,26세,중상
2013070400100415,2013년 7월 4일 18시,목요일,경상북도 경주시 서면,경상사고,0,0,2,0,차대차 - 기타,안전운전불이행,습기,비,단일로 - 기타,승용,여,63세,상해없음,승용,남,27세,경상
2013070400100416,2013년 7월 4일 18시,목요일,경상북도 포항시 북구 용흥동,경상사고,0,0,3,0,차대차 - 측면직각충돌,신호위반,습기,비,교차로 - 교차로안,승용,여,35세,상해없음,승용,남,22세,경상
2013070400100417,2013년 7월 4일 18시,목요일,경상북도 의성군 가음면,경상사고,0,0,1,0,차대차 - 측면직각충돌,안전운전불이행,습기,비,교차로 - 교차로안,화물,남,75세,상해없음,승용,남,33세,경상
2013070400100444,2013년 7월 4일 19시,목요일,경상북도 경주시 천북면,경상사고,0,0,1,0,차대차 - 측면직각충돌,안전운전불이행,건조,맑음,교차로 - 교차로안,승용,남,52세,상해없음,화물,남,38세,경상
2013070400100492,2013년 7월 4일 20시,목요일,경상북도 경주시 현곡면,경상사고,0,0,2,0,차대차 - 기타,안전운전불이행,습기,맑음,단일로 - 교량,승용,남,72세,상해없음,승용,남,52세,경상
2013070400100493,2013년 7월 4일 20시,목요일,경상북도 경산시 중방동,중상사고,0,1,0,0,차대차 - 기타,안전운전불이행,건조,맑음,교차로 - 교차로부근,화물,남,56세,기타불명,승용,남,44세,중상
2013070400100494,2013년 7월 4일 20시,목요일,경상북도 경산시 진량읍,중상사고,0,1,0,0,차대사람 - 기타,안전운전불이행,습기,비,단일로 - 기타,승용,남,48세,상해없음,보행자,여,21세,중상
2013070400100495,2013년 7월 4일 20시,목요일,경상북도 울진군 근남면,중상사고,0,1,0,0,차대사람 - 기타,안전운전불이행,건조,맑음,기타 - 기타,기타불명,기타불명,기타불명,기타불명,보행자,여,71세,중상
2013070400100544,2013년 7월 4일 21시,목요일,경상북도 경주시 외동읍,경상사고,0,0,1,0,차대차 - 추돌 - 주정차중,안전운전불이행,습기,비,단일로 - 기타,승용,남,58세,상해없음,승용,여,29세,경상
2013070400100596,2013년 7월 4일 22시,목요일,경상북도 포항시 북구 우현동,중상사고,0,1,0,0,차대차 - 기타,안전운전불이행,기타,비,교차로 - 교차로부근,승용,남,55세,상해없음,자전거,남,64세,중상
2013070400100597,2013년 7월 4일 22시,목요일,경상북도 군위군 효령면,경상사고,0,0,1,0,차량단독 - 공작물충돌,안전운전불이행,건조,흐림,단일로 - 기타,승용,남,27세,경상,,,,
2013070400100598,2013년 7월 4일 22시,목요일,경상북도 포항시 남구 연일읍,경상사고,0,0,1,0,차대차 - 기타,안전운전불이행,습기,비,단일로 - 기타,승용,남,60세,상해없음,승용,여,42세,경상
2013070400100599,2013년 7월 4일 22시,목요일,경상북도 포항시 남구 대잠동,중상사고,0,2,1,0,차대차 - 기타,신호위반,습기,맑음,교차로 - 교차로안,화물,남,28세,상해없음,승용,남,62세,중상
2013070400100600,2013년 7월 4일 22시,목요일,경상북도 포항시 남구 대잠동,경상사고,0,0,3,0,차대차 - 측면직각충돌,중앙선침범,습기,비,단일로 - 기타,승용,남,45세,상해없음,승용,여,54세,경상
2013070400100645,2013년 7월 4일 23시,목요일,경상북도 칠곡군 석적읍,경상사고,0,0,1,0,차대사람 - 기타,안전운전불이행,습기,비,단일로 - 기타,승용,남,19세,상해없음,보행자,남,29세,경상
2013070400100646,2013년 7월 4일 23시,목요일,경상북도 구미시 구포동,중상사고,0,2,2,0,차대차 - 추돌 - 진행중,안전운전불이행,습기,비,단일로 - 기타,승용,남,52세,상해없음,승용,여,42세,중상
2013070500100022,2013년 7월 5일 00시,금요일,경상북도 경주시 양남면,경상사고,0,0,1,0,차량단독 - 공작물충돌,안전운전불이행,건조,맑음,단일로 - 기타,승용,남,55세,경상,,,,
2013070500100023,2013년 7월 5일 00시,금요일,경상북도 영천시 본촌동,중상사고,0,2,0,0,차대차 - 추돌 - 진행중,안전운전불이행,습기,비,단일로 - 기타,승용,남,46세,상해없음,화물,남,38세,상해없음
2013070500100048,2013년 7월 5일 01시,금요일,경상북도 경주시 외동읍,중상사고,0,1,0,1,차량단독 - 공작물충돌,안전운전불이행,습기,비,단일로 - 기타,승용,남,54세,부상신고,,,,
2013070500100049,2013년 7월 5일 01시,금요일,경상북도 구미시 옥계동,경상사고,0,0,1,0,차대사람 - 길가장자리구역통행중,안전운전불이행,습기,비,단일로 - 기타,승용,남,33세,상해없음,보행자,남,21세,경상
2013070500100105,2013년 7월 5일 06시,금요일,경상북도 포항시 북구 죽도동,경상사고,0,0,1,0,차대차 - 기타,중앙선침범,습기,맑음,단일로 - 기타,원동기,남,41세,경상,승용,여,54세,상해없음
2013070500100106,2013년 7월 5일 06시,금요일,경상북도 영천시 임고면,중상사고,0,1,0,0,차대차 - 기타,안전운전불이행,습기,비,기타 - 기타,승용,남,29세,상해없음,이륜,남,74세,중상
2013070500100107,2013년 7월 5일 06시,금요일,경상북도 구미시 공단동,경상사고,0,0,1,0,차대차 - 측면직각충돌,신호위반,건조,맑음,기타 - 기타,승합,남,51세,상해없음,승용,남,53세,경상
2013070500100108,2013년 7월 5일 06시,금요일,경상북도 구미시 송정동,부상신고사고,0,0,0,1,차대차 - 기타,교차로운행방법위반,건조,맑음,교차로 - 교차로안,승용,여,37세,부상신고,승용,남,66세,상해없음
2013070500100123,2013년 7월 5일 07시,금요일,경상북도 경주시 황성동,중상사고,0,1,1,0,차대차 - 추돌 - 진행중,안전운전불이행,습기,비,단일로 - 기타,승용,남,39세,상해없음,승용,여,43세,중상
2013070500100124,2013년 7월 5일 07시,금요일,경상북도 영천시 금호읍,경상사고,0,0,1,0,차대차 - 측면직각충돌,안전운전불이행,습기,비,단일로 - 기타,승용,남,27세,경상,승용,남,53세,상해없음
2013070500100159,2013년 7월 5일 08시,금요일,경상북도 구미시 광평동,경상사고,0,0,1,0,차대차 - 측면직각충돌,안전운전불이행,건조,맑음,단일로 - 기타,승용,남,31세,상해없음,승용,여,49세,경상
2013070500100160,2013년 7월 5일 08시,금요일,경상북도 포항시 남구 오천읍,경상사고,0,0,1,0,차대차 - 기타,안전운전불이행,건조,맑음,교차로 - 교차로부근,승용,남,66세,상해없음,화물,남,52세,경상
2013070500100186,2013년 7월 5일 09시,금요일,경상북도 경주시 외동읍,경상사고,0,0,1,0,차대차 - 기타,차로위반,습기,비,단일로 - 기타,승용,남,29세,상해없음,승용,남,40세,경상
2013070500100187,2013년 7월 5일 09시,금요일,경상북도 울진군 후포면,중상사고,0,1,1,0,차대차 - 추돌 - 진행중,안전운전불이행,습기,비,교차로 - 교차로안,화물,남,45세,경상,승용,여,71세,중상
2013070500100188,2013년 7월 5일 09시,금요일,경상북도 구미시 공단동,중상사고,0,1,1,0,차대차 - 측면직각충돌,신호위반,습기,비,교차로 - 교차로안,건설기계,남,53세,경상,승용,남,28세,중상
2013070500100210,2013년 7월 5일 10시,금요일,경상북도 포항시 북구 대흥동,중상사고,0,1,0,0,차대차 - 기타,안전운전불이행,습기,비,교차로 - 교차로안,승용,남,63세,상해없음,원동기,남,71세,중상
2013070500100228,2013년 7월 5일 11시,금요일,경상북도 경주시 천군동,사망사고,1,1,0,0,차량단독 - 전도전복,안전운전불이행,습기,비,단일로 - 기타,화물,남,54세,중상,,,,
2013070500100229,2013년 7월 5일 11시,금요일,경상북도 안동시 용상동,경상사고,0,0,1,0,차대차 - 측면직각충돌,직진우회전진행방해,습기,비,교차로 - 교차로안,승용,남,29세,상해없음,승용,남,49세,경상
2013070500100230,2013년 7월 5일 11시,금요일,경상북도 칠곡군 왜관읍,중상사고,0,1,2,0,차대차 - 추돌 - 진행중,안전거리미확보,습기,비,단일로 - 교량,승용,남,73세,상해없음,승용,남,47세,경상
2013070500100231,2013년 7월 5일 11시,금요일,경상북도 영천시 완산동,중상사고,0,1,0,0,차대차 - 측면직각충돌,안전운전불이행,습기,비,교차로 - 교차로안,승용,남,63세,상해없음,자전거,남,79세,중상
2013070500100232,2013년 7월 5일 11시,금요일,경상북도 영덕군 영해면,중상사고,0,1,1,0,차대차 - 추돌 - 진행중,직진우회전진행방해,습기,비,교차로 - 교차로안,승용,여,52세,경상,화물,남,62세,중상
2013070500100233,2013년 7월 5일 11시,금요일,경상북도 예천군 예천읍,중상사고,0,1,0,0,차대사람 - 기타,안전운전불이행,습기,흐림,교차로 - 교차로부근,승합,남,61세,상해없음,보행자,여,80세,중상
2013070500100287,2013년 7월 5일 13시,금요일,경상북도 경주시 효현동,경상사고,0,0,1,0,차량단독 - 전도전복,안전운전불이행,습기,비,단일로 - 기타,화물,남,32세,경상,,,,
2013070500100288,2013년 7월 5일 13시,금요일,경상북도 청도군 각북면,경상사고,0,0,1,0,차대차 - 측면직각충돌,과속,습기,비,교차로 - 교차로안,승용,남,50세,상해없음,원동기,남,47세,경상
2013070500100314,2013년 7월 5일 14시,금요일,경상북도 포항시 북구 득량동,중상사고,0,2,1,0,차대차 - 기타,불법유턴,습기,비,기타 - 기타,승용,남,62세,상해없음,승용,여,37세,경상