사고번호,사고일시,요일,시군구,사고내용,사망자수,중상자수,경상자수,부상신고자수,사고유형,법규위반,노면상태,기상상태,도로형태,가해운전자 차종,가해운전자 성별,가해운전자 연령,가해운전자 상해정도,피해운전자 차종,피해운전자 성별,피해운전자 연령,피해운전자 상해정도
2013070500100315,2013년 7월 5일 14시,금요일,경상북도 안동시 정상동,부상신고사고,0,0,0,1,차량단독 - 공작물충돌,안전운전불이행,습기,비,단일로 - 기타,화물,남,35세,부상신고,,,,
2013070500100316,2013년 7월 5일 14시,금요일,경상북도 김천시 농소면,중상사고,0,1,0,0,차량단독 - 기타,안전운전불이행,기타,비,기타 - 기타,건설기계,남,51세,중상,,,,
2013070500100317,2013년 7월 5일 14시,금요일,경상북도 영덕군 남정면,중상사고,0,3,3,2,차대차 - 측면직각충돌,신호위반,습기,비,교차로 - 교차로안,승합,남,56세,상해없음,특수,남,63세,중상
2013070500100349,2013년 7월 5일 15시,금요일,경상북도 영천시 완산동,경상사고,0,0,2,0,차대차 - 측면직각충돌,안전운전불이행,습기,비,교차로 - 교차로안,승용,여,53세,상해없음,승용,남,58세,경상
2013070500100389,2013년 7월 5일 16시,금요일,경상북도 포항시 북구 두호동,경상사고,0,0,1,0,차대차 - 추돌 - 진행중,안전거리미확보,습기,비,교차로 - 교차로부근,승용,남,52세,상해없음,승용,여,49세,경상
2013070500100390,2013년 7월 5일 16시,금요일,경상북도 청도군 매전면,중상사고,0,3,3,0,차대차 - 정면충돌,중앙선침범,습기,비,단일로 - 기타,승용,여,48세,경상,승용,여,57세,경상
2013070500100391,2013년 7월 5일 16시,금요일,경상북도 구미시 송정동,중상사고,0,2,0,1,차대차 - 측면직각충돌,직진우회전진행방해,습기,비,교차로 - 교차로안,승용,남,31세,부상신고,승용,남,42세,중상
2013070500100419,2013년 7월 5일 17시,금요일,경상북도 칠곡군 왜관읍,경상사고,0,0,1,0,차대사람 - 횡단중,안전운전불이행,습기,비,단일로 - 기타,승용,여,52세,상해없음,보행자,남,16세,경상
2013070500100420,2013년 7월 5일 17시,금요일,경상북도 포항시 남구 오천읍,중상사고,0,1,0,0,차대차 - 기타,중앙선침범,습기,비,단일로 - 기타,승용,남,32세,상해없음,화물,남,42세,중상
2013070500100460,2013년 7월 5일 18시,금요일,경상북도 칠곡군 가산면,경상사고,0,0,1,0,차대차 - 측면직각충돌,신호위반,습기,비,교차로 - 교차로안,화물,남,26세,상해없음,승용,여,31세,경상
2013070500100461,2013년 7월 5일 18시,금요일,경상북도 문경시 모전동,경상사고,0,0,7,0,차대차 - 측면직각충돌,교차로운행방법위반,습기,비,교차로 - 교차로안,승용,남,27세,경상,승용,여,37세,경상
2013070500100462,2013년 7월 5일 18시,금요일,경상북도 영덕군 강구면,중상사고,0,1,0,0,차대사람 - 기타,안전운전불이행,습기,비,단일로 - 기타,화물,남,49세,상해없음,보행자,여,85세,중상
2013070500100463,2013년 7월 5일 18시,금요일,경상북도 구미시 고아읍,경상사고,0,0,1,0,차대차 - 측면직각충돌,안전운전불이행,건조,맑음,교차로 - 교차로안,승용,여,51세,상해없음,승용,여,44세,경상
2013070500100464,2013년 7월 5일 18시,금요일,경상북도 구미시 선산읍,경상사고,0,0,1,0,차대차 - 측면직각충돌,안전운전불이행,습기,비,단일로 - 기타,승용,남,46세,상해없음,승용,여,33세,경상
2013070500100465,2013년 7월 5일 18시,금요일,경상북도 포항시 남구 장기면,경상사고,0,0,1,0,차량단독 - 전도전복,안전운전불이행,습기,비,단일로 - 기타,승용,남,52세,경상,,,,
2013070500100495,2013년 7월 5일 19시,금요일,경상북도 영천시 금호읍,중상사고,0,1,0,0,차대차 - 추돌 - 진행중,안전운전불이행,습기,비,교차로 - 교차로부근,승합,남,42세,상해없음,승용,여,42세,중상
2013070500100496,2013년 7월 5일 19시,금요일,경상북도 구미시 선산읍,중상사고,0,1,0,0,차대차 - 측면직각충돌,중앙선침범,건조,맑음,교차로 - 교차로부근,승용,남,46세,상해없음,승용,남,30세,중상
2013070500100497,2013년 7월 5일 19시,금요일,경상북도 포항시 남구 연일읍,중상사고,0,6,2,0,차대차 - 기타,안전운전불이행,습기,비,단일로 - 기타,승용,남,62세,중상,승용,남,41세,중상
2013070500100535,2013년 7월 5일 20시,금요일,경상북도 경주시 황성동,중상사고,0,1,0,0,차대사람 - 기타,보행자보호의무위반,건조,맑음,단일로 - 횡단보도상,승용,남,40세,상해없음,보행자,여,60세,중상
2013070500100536,2013년 7월 5일 20시,금요일,경상북도 안동시 운안동,중상사고,0,1,0,0,차대차 - 추돌 - 주정차중,안전거리미확보,습기,비,단일로 - 기타,승용,남,24세,상해없음,승용,남,61세,중상
2013070500100537,2013년 7월 5일 20시,금요일,경상북도 예천군 용궁면,경상사고,0,0,4,0,차대차 - 추돌 - 주정차중,안전운전불이행,습기,흐림,교차로 - 교차로부근,승용,남,25세,상해없음,승용,남,46세,경상
2013070500100538,2013년 7월 5일 20시,금요일,경상북도 포항시 남구 해도동,경상사고,0,0,1,0,차대차 - 기타,안전운전불이행,습기,비,단일로 - 기타,화물,남,40세,상해없음,승용,여,30세,경상
2013070500100574,2013년 7월 5일 21시,금요일,경상북도 경주시 안강읍,경상사고,0,0,2,1,차량단독 - 기타,안전운전불이행,습기,비,단일로 - 기타,승용,여,45세,상해없음,,,,
2013070500100575,2013년 7월 5일 21시,금요일,경상북도 경산시 임당동,경상사고,0,0,1,0,차대차 - 기타,교차로운행방법위반,습기,비,교차로 - 교차로안,승용,남,22세,상해없음,승용,남,28세,경상
2013070500100576,2013년 7월 5일 21시,금요일,경상북도 구미시 봉곡동,부상신고사고,0,0,0,1,차대차 - 기타,안전운전불이행,습기,비,교차로 - 교차로부근,이륜,남,41세,부상신고,승용,남,27세,상해없음
2013070500100619,2013년 7월 5일 22시,금요일,경상북도 경주시 안강읍,경상사고,0,0,1,0,차량단독 - 기타,안전운전불이행,습기,맑음,단일로 - 기타,승용,남,33세,경상,,,,
2013070500100620,2013년 7월 5일 22시,금요일,경상북도 경산시 하양읍,경상사고,0,0,1,0,차대차 - 기타,안전운전불이행,습기,비,단일로 - 기타,승용,여,52세,상해없음,화물,남,43세,경상
2013070500100621,2013년 7월 5일 22시,금요일,경상북도 포항시 남구 상도동,경상사고,0,0,1,0,차대차 - 측면직각충돌,안전운전불이행,습기,비,단일로 - 기타,승용,남,41세,상해없음,원동기,남,22세,경상
2013070500100663,2013년 7월 5일 23시,금요일,경상북도 영주시 영주동,중상사고,0,1,2,0,차대차 - 측면직각충돌,직진우회전진행방해,건조,맑음,교차로 - 교차로안,승용,남,18세,경상,승합,남,57세,중상
2013070500100664,2013년 7월 5일 23시,금요일,경상북도 구미시 옥계동,경상사고,0,0,1,0,차대차 - 측면직각충돌,안전운전불이행,건조,맑음,단일로 - 기타,승용,남,43세,상해없음,이륜,남,17세,경상
2013070600100018,2013년 7월 6일 00시,토요일,경상북도 안동시 송현동,경상사고,0,0,1,0,차대사람 - 횡단중,안전운전불이행,건조,맑음,기타 - 기타,승용,여,49세,상해없음,보행자,남,20세,경상
2013070600100019,2013년 7월 6일 00시,토요일,경상북도 칠곡군 석적읍,중상사고,0,1,0,0,차대차 - 정면충돌,안전운전불이행,건조,맑음,교차로 - 교차로안,승용,여,27세,중상,승용,남,45세,상해없음
2013070600100051,2013년 7월 6일 01시,토요일,경상북도 경주시 황성동,경상사고,0,0,1,0,차대차 - 기타,안전운전불이행,습기,흐림,교차로 - 교차로안,승용,남,49세,상해없음,승용,남,44세,경상
2013070600100052,2013년 7월 6일 01시,토요일,경상북도 안동시 정하동,경상사고,0,0,1,0,차대차 - 측면직각충돌,신호위반,건조,맑음,교차로 - 교차로안,승용,남,31세,상해없음,승용,남,39세,경상
2013070600100053,2013년 7월 6일 01시,토요일,경상북도 포항시 남구 이동,부상신고사고,0,0,0,2,차대차 - 기타,안전운전불이행,건조,맑음,교차로 - 교차로안,승용,남,23세,상해없음,승용,남,42세,부상신고
2013070600100073,2013년 7월 6일 02시,토요일,경상북도 구미시 시미동,경상사고,0,0,1,0,차대차 - 측면직각충돌,안전거리미확보,건조,맑음,단일로 - 기타,승합,남,25세,상해없음,승용,남,36세,경상
2013070600100074,2013년 7월 6일 02시,토요일,경상북도 구미시 공단동,경상사고,0,0,2,0,차대차 - 측면직각충돌,안전운전불이행,건조,맑음,교차로 - 교차로부근,승용,남,29세,상해없음,승용,남,32세,경상
2013070600100075,2013년 7월 6일 02시,토요일,경상북도 포항시 남구 대잠동,경상사고,0,0,1,0,차대차 - 측면직각충돌,안전운전불이행,건조,맑음,단일로 - 기타,승용,남,47세,상해없음,승용,여,31세,경상
2013070600100097,2013년 7월 6일 03시,토요일,경상북도 경주시 강동면,중상사고,0,1,0,0,차량단독 - 공작물충돌,안전운전불이행,습기,비,단일로 - 기타,승용,남,42세,중상,,,,
2013070600100153,2013년 7월 6일 07시,토요일,경상북도 경산시 하양읍,경상사고,0,0,1,0,차대차 - 기타,안전운전불이행,건조,맑음,단일로 - 기타,건설기계,남,48세,기타불명,자전거,남,47세,경상
2013070600100154,2013년 7월 6일 07시,토요일,경상북도 경산시 정평동,중상사고,0,1,0,0,차대차 - 기타,안전운전불이행,건조,맑음,교차로 - 교차로부근,승용,남,44세,상해없음,승용,여,47세,중상
2013070600100167,2013년 7월 6일 08시,토요일,경상북도 의성군 안계면,중상사고,0,1,0,0,차대사람 - 길가장자리구역통행중,안전운전불이행,건조,맑음,교차로 - 교차로안,승용,여,59세,상해없음,보행자,여,77세,중상
2013070600100168,2013년 7월 6일 08시,토요일,경상북도 영주시 이산면,중상사고,0,1,1,0,차대차 - 정면충돌,안전운전불이행,건조,맑음,교차로 - 교차로안,화물,남,63세,상해없음,화물,남,71세,중상
2013070600100187,2013년 7월 6일 09시,토요일,경상북도 포항시 북구 죽도동,경상사고,0,0,2,1,차대차 - 기타,안전운전불이행,건조,맑음,단일로 - 기타,승용,남,61세,부상신고,승용,남,58세,경상
2013070600100188,2013년 7월 6일 09시,토요일,경상북도 영주시 휴천동,경상사고,0,0,1,0,차대차 - 정면충돌,중앙선침범,건조,맑음,교차로 - 교차로안,원동기,남,40세,경상,승용,남,64세,상해없음
2013070600100189,2013년 7월 6일 09시,토요일,경상북도 영주시 영주동,중상사고,0,1,0,0,차대차 - 측면직각충돌,교차로운행방법위반,건조,맑음,교차로 - 교차로안,승용,남,63세,상해없음,승용,여,33세,중상
2013070600100190,2013년 7월 6일 09시,토요일,경상북도 성주군 성주읍,중상사고,0,1,0,0,차대차 - 측면직각충돌,직진우회전진행방해,기타,맑음,교차로 - 교차로안,화물,남,38세,상해없음,이륜,남,65세,중상
2013070600100220,2013년 7월 6일 10시,토요일,경상북도 경주시 현곡면,경상사고,0,0,1,0,차량단독 - 기타,안전운전불이행,건조,맑음,교차로 - 교차로부근,자전거,남,12세,경상,,,,
2013070600100239,2013년 7월 6일 11시,토요일,경상북도 칠곡군 왜관읍,중상사고,0,1,0,0,차대차 - 추돌 - 주정차중,안전운전불이행,건조,맑음,기타 - 기타,승용,여,40세,상해없음,이륜,남,34세,중상
2013070600100240,2013년 7월 6일 11시,토요일,경상북도 경산시 정평동,경상사고,0,0,1,0,차대차 - 기타,안전운전불이행,건조,맑음,단일로 - 기타,승용,남,31세,상해없음,자전거,남,79세,경상
2013070600100241,2013년 7월 6일 11시,토요일,경상북도 칠곡군 동명면,경상사고,0,0,1,0,차대차 - 추돌 - 진행중,안전거리미확보,건조,흐림,단일로 - 터널,승용,남,43세,상해없음,승용,남,50세,상해없음
2013070600100269,2013년 7월 6일 12시,토요일,경상북도 김천시 황금동,중상사고,0,1,0,0,차대차 - 측면직각충돌,안전운전불이행,건조,맑음,단일로 - 교량,승용,남,30세,상해없음,이륜,남,46세,중상
2013070600100270,2013년 7월 6일 12시,토요일,경상북도 영천시 북안면,경상사고,0,0,1,0,차대차 - 기타,안전운전불이행,건조,맑음,기타 - 기타,화물,남,59세,상해없음,건설기계,남,41세,경상
2013070600100299,2013년 7월 6일 13시,토요일,경상북도 포항시 북구 죽도동,경상사고,0,0,2,0,차대차 - 기타,안전운전불이행,건조,맑음,기타 - 기타,승용,남,54세,상해없음,승용,여,50세,경상
2013070600100320,2013년 7월 6일 14시,토요일,경상북도 안동시 길안면,경상사고,0,0,1,0,차량단독 - 도로외이탈 - 기타,안전운전불이행,건조,맑음,기타 - 기타,승용,남,73세,경상,,,,
2013070600100321,2013년 7월 6일 14시,토요일,경상북도 상주시 사벌면,중상사고,0,1,0,0,차대차 - 기타,안전운전불이행,건조,맑음,단일로 - 기타,원동기,남,71세,중상,승용,남,50세,상해없음
2013070600100322,2013년 7월 6일 14시,토요일,경상북도 영주시 휴천동,중상사고,0,1,0,0,차대사람 - 기타,안전운전불이행,건조,맑음,교차로 - 교차로부근,승용,남,53세,상해없음,보행자,남,50세,중상
2013070600100323,2013년 7월 6일 14시,토요일,경상북도 영천시 임고면,경상사고,0,0,1,0,차량단독 - 전도전복,안전운전불이행,건조,맑음,교차로 - 교차로안,농기계,남,70세,경상,,,,
2013070600100324,2013년 7월 6일 14시,토요일,경상북도 포항시 남구 장기면,중상사고,0,1,0,0,차대차 - 측면직각충돌,안전운전불이행,건조,맑음,교차로 - 교차로부근,원동기,남,21세,중상,승용,남,30세,상해없음
2013070600100352,2013년 7월 6일 15시,토요일,경상북도 경주시 동천동,경상사고,0,0,5,0,차대차 - 측면직각충돌,안전운전불이행,건조,맑음,교차로 - 교차로안,승용,남,54세,기타불명,승용,남,25세,경상
2013070600100353,2013년 7월 6일 15시,토요일,경상북도 포항시 북구 남빈동,중상사고,0,1,0,0,차대차 - 측면직각충돌,안전거리미확보,건조,맑음,단일로 - 기타,승용,남,55세,상해없음,원동기,남,29세,중상
2013070600100354,2013년 7월 6일 15시,토요일,경상북도 칠곡군 동명면,중상사고,0,1,0,0,차량단독 - 도로외이탈 - 추락,안전운전불이행,건조,맑음,기타 - 기타,승용,남,65세,중상,,,,
2013070600100355,2013년 7월 6일 15시,토요일,경상북도 청도군 이서면,부상신고사고,0,0,0,1,차대차 - 측면직각충돌,안전운전불이행,건조,맑음,교차로 - 교차로부근,승용,여,41세,부상신고,화물,남,53세,상해없음
2013070600100356,2013년 7월 6일 15시,토요일,경상북도 포항시 남구 대도동,경상사고,0,0,1,0,차대차 - 측면직각충돌,안전운전불이행,건조,맑음,단일로 - 기타,원동기,남,50세,경상,화물,남,43세,상해없음
2013070600100379,2013년 7월 6일 16시,토요일,경상북도 봉화군 봉성면,경상사고,0,0,1,0,차대차 - 측면직각충돌,안전거리미확보,건조,맑음,단일로 - 기타,승용,남,58세,상해없음,승용,남,42세,경상
2013070600100380,2013년 7월 6일 16시,토요일,경상북도 구미시 원평동,경상사고,0,0,1,0,차대사람 - 기타,안전운전불이행,건조,맑음,단일로 - 횡단보도부근,승용,여,33세,상해없음,보행자,여,68세,경상
2013070600100410,2013년 7월 6일 17시,토요일,경상북도 의성군 단촌면,중상사고,0,1,0,0,차대사람 - 횡단중,안전운전불이행,건조,맑음,단일로 - 기타,승합,남,52세,상해없음,보행자,여,2세,중상
2013070600100443,2013년 7월 6일 18시,토요일,경상북도 경주시 양북면,경상사고,0,0,6,0,차대차 - 기타,안전운전불이행,건조,맑음,기타 - 기타,화물,남,48세,상해없음,승용,남,41세,경상
2013070600100444,2013년 7월 6일 18시,토요일,경상북도 안동시 남선면,중상사고,0,1,0,0,차대차 - 측면직각충돌,직진우회전진행방해,건조,맑음,교차로 - 교차로안,원동기,남,53세,중상,승용,남,65세,상해없음
2013070600100509,2013년 7월 6일 20시,토요일,경상북도 포항시 북구 득량동,중상사고,0,1,0,0,차대차 - 정면충돌,중앙선침범,건조,맑음,단일로 - 기타,승용,여,59세,상해없음,원동기,남,53세,중상
2013070600100510,2013년 7월 6일 20시,토요일,경상북도 경산시 임당동,중상사고,0,1,0,0,차대차 - 기타,교차로운행방법위반,건조,맑음,교차로 - 교차로안,승용,남,23세,상해없음,이륜,남,52세,중상
2013070600100511,2013년 7월 6일 20시,토요일,경상북도 구미시 인의동,중상사고,0,1,1,0,차대차 - 측면직각충돌,안전운전불이행,건조,맑음,단일로 - 기타,원동기,남,16세,경상,승용,남,29세,상해없음
2013070600100512,2013년 7월 6일 20시,토요일,경상북도 포항시 남구 송도동,중상사고,0,1,0,0,차대사람 - 기타,안전운전불이행,건조,맑음,단일로 - 기타,화물,남,35세,상해없음,보행자,남,8세,중상
2013070600100546,2013년 7월 6일 21시,토요일,경상북도 안동시 수상동,중상사고,0,2,0,1,차대차 - 측면직각충돌,신호위반,건조,맑음,교차로 - 교차로안,승용,남,38세,상해없음,화물,남,55세,중상
2013070600100547,2013년 7월 6일 21시,토요일,경상북도 상주시 공성면,경상사고,0,0,1,0,차대차 - 측면직각충돌,중앙선침범,건조,맑음,단일로 - 기타,승용,남,38세,상해없음,이륜,남,48세,경상
2013070600100548,2013년 7월 6일 21시,토요일,경상북도 칠곡군 북삼읍,경상사고,0,0,1,0,차대차 - 측면직각충돌,안전운전불이행,건조,흐림,단일로 - 기타,승용,여,41세,상해없음,이륜,남,24세,경상
2013070600100549,2013년 7월 6일 21시,토요일,경상북도 영천시 금호읍,중상사고,0,2,0,0,차대차 - 측면직각충돌,신호위반,건조,맑음,교차로 - 교차로안,화물,남,58세,중상,승용,여,58세,중상
2013070600100550,2013년 7월 6일 21시,토요일,경상북도 울진군 북면,경상사고,0,0,1,0,차대차 - 기타,안전운전불이행,건조,맑음,교차로 - 교차로안,승용,남,52세,상해없음,승용,남,45세,경상
2013070600100605,2013년 7월 6일 23시,토요일,경상북도 포항시 북구 항구동,중상사고,0,1,1,0,차대차 - 측면직각충돌,차로위반,건조,맑음,단일로 - 기타,원동기,남,14세,상해없음,화물,남,39세,상해없음
2013070600100606,2013년 7월 6일 23시,토요일,경상북도 성주군 성주읍,중상사고,0,2,0,0,차대차 - 정면충돌,안전운전불이행,기타,흐림,단일로 - 기타,특수,남,37세,상해없음,이륜,여,37세,상해없음
2013070700100017,2013년 7월 7일 00시,일요일,경상북도 안동시 광석동,중상사고,0,1,0,0,차대차 - 측면직각충돌,직진우회전진행방해,건조,맑음,교차로 - 교차로안,승용,여,50세,상해없음,승용,여,26세,중상
2013070700100037,2013년 7월 7일 01시,일요일,경상북도 포항시 북구 죽장면,경상사고,0,0,1,0,차대차 - 기타,안전운전불이행,건조,맑음,단일로 - 기타,승용,남,55세,상해없음,화물,남,29세,경상
2013070700100075,2013년 7월 7일 03시,일요일,경상북도 경주시 탑동,사망사고,1,1,0,0,차량단독 - 공작물충돌,안전운전불이행,건조,맑음,단일로 - 기타,승용,남,40세,사망,,,,
2013070700100076,2013년 7월 7일 03시,일요일,경상북도 경산시 하양읍,경상사고,0,0,1,0,차대차 - 기타,안전운전불이행,건조,맑음,단일로 - 기타,승용,남,32세,기타불명,승용,남,31세,경상
2013070700100102,2013년 7월 7일 05시,일요일,경상북도 포항시 북구 두호동,경상사고,0,0,4,0,차대차 - 측면직각충돌,신호위반,건조,맑음,교차로 - 교차로안,승용,남,20세,상해없음,승용,남,47세,경상
2013070700100161,2013년 7월 7일 09시,일요일,경상북도 예천군 호명면,사망사고,1,0,0,0,차대차 - 측면직각충돌,안전운전불이행,건조,맑음,단일로 - 기타,이륜,남,67세,사망,승용,남,30세,상해없음
2013070700100197,2013년 7월 7일 11시,일요일,경상북도 영덕군 축산면,경상사고,0,0,1,0,차대사람 - 길가장자리구역통행중,안전운전불이행,건조,맑음,단일로 - 기타,승용,남,57세,상해없음,보행자,여,58세,경상
2013070700100198,2013년 7월 7일 11시,일요일,경상북도 울진군 기성면,부상신고사고,0,0,0,1,차량단독 - 기타,안전운전불이행,건조,맑음,단일로 - 기타,승용,남,26세,부상신고,,,,
2013070700100219,2013년 7월 7일 12시,일요일,경상북도 경주시 효현동,중상사고,0,1,0,0,차대차 - 기타,안전운전불이행,건조,맑음,단일로 - 기타,승용,남,71세,상해없음,승용,남,37세,중상
2013070700100237,2013년 7월 7일 13시,일요일,경상북도 경주시 황성동,중상사고,0,1,0,0,차대차 - 기타,안전운전불이행,습기,비,단일로 - 기타,승용,남,40세,상해없음,승용,남,40세,상해없음
2013070700100238,2013년 7월 7일 13시,일요일,경상북도 김천시 모암동,경상사고,0,0,1,0,차량단독 - 공작물충돌,안전운전불이행,습기,비,단일로 - 기타,승용,여,40세,상해없음,,,,
2013070700100239,2013년 7월 7일 13시,일요일,경상북도 칠곡군 지천면,경상사고,0,0,4,0,차대차 - 측면직각충돌,안전운전불이행,습기,비,단일로 - 기타,승용,남,43세,상해없음,승용,남,24세,상해없음
2013070700100291,2013년 7월 7일 15시,일요일,경상북도 경주시 성동동,중상사고,0,1,0,0,차대차 - 기타,안전운전불이행,습기,비,단일로 - 기타,승용,남,54세,상해없음,승용,남,42세,중상
2013070700100292,2013년 7월 7일 15시,일요일,경상북도 안동시 태화동,경상사고,0,0,1,0,차대차 - 추돌 - 주정차중,안전운전불이행,건조,맑음,단일로 - 기타,승용,여,58세,경상,화물,여,51세,기타불명
2013070700100293,2013년 7월 7일 15시,일요일,경상북도 경산시 진량읍,경상사고,0,0,1,0,차대차 - 기타,안전운전불이행,건조,맑음,교차로 - 교차로부근,승용,기타불명,기타불명,기타불명,승용,남,31세,상해없음
2013070700100316,2013년 7월 7일 16시,일요일,경상북도 경주시 강동면,중상사고,0,1,1,1,차대차 - 기타,중앙선침범,습기,비,단일로 - 기타,화물,남,60세,부상신고,승용,여,44세,중상
2013070700100317,2013년 7월 7일 16시,일요일,경상북도 김천시 신음동,경상사고,0,0,1,0,차대차 - 측면직각충돌,교차로운행방법위반,습기,비,교차로 - 교차로안,승용,남,52세,상해없음,이륜,남,38세,경상
2013070700100318,2013년 7월 7일 16시,일요일,경상북도 청송군 부남면,중상사고,0,1,1,0,차대차 - 정면충돌,중앙선침범,습기,비,기타 - 기타,화물,남,57세,상해없음,승용,여,56세,중상
2013070700100342,2013년 7월 7일 17시,일요일,경상북도 안동시 송현동,경상사고,0,0,1,0,차대차 - 측면직각충돌,안전운전불이행,건조,맑음,단일로 - 기타,화물,남,48세,상해없음,승용,남,49세,상해없음
2013070700100343,2013년 7월 7일 17시,일요일,경상북도 예천군 개포면,경상사고,0,0,1,0,차대차 - 기타,안전운전불이행,건조,맑음,교차로 - 교차로안,원동기,여,71세,경상,승용,여,40세,상해없음
2013070700100366,2013년 7월 7일 18시,일요일,경상북도 경주시 건천읍,경상사고,0,0,2,0,차대차 - 기타,중앙선침범,습기,비,단일로 - 기타,화물,남,49세,상해없음,승용,남,35세,경상
2013070700100367,2013년 7월 7일 18시,일요일,경상북도 포항시 북구 흥해읍,사망사고,1,0,0,0,차량단독 - 공작물충돌,안전운전불이행,습기,흐림,단일로 - 기타,원동기,남,32세,사망,,,,
2013070700100368,2013년 7월 7일 18시,일요일,경상북도 안동시 안흥동,경상사고,0,0,1,0,차대차 - 기타,안전거리미확보,건조,흐림,단일로 - 기타,승용,남,61세,상해없음,승용,남,26세,경상
2013070700100369,2013년 7월 7일 18시,일요일,경상북도 성주군 초전면,경상사고,0,0,1,0,차대차 - 측면직각충돌,직진우회전진행방해,습기,흐림,교차로 - 교차로안,화물,남,71세,상해없음,화물,남,51세,상해없음
2013070700100395,2013년 7월 7일 19시,일요일,경상북도 안동시 옥동,경상사고,0,0,1,0,차대차 - 측면직각충돌,안전운전불이행,건조,맑음,기타 - 기타,승용,남,18세,상해없음,승용,남,39세,경상
2013070700100396,2013년 7월 7일 19시,일요일,경상북도 청송군 청송읍,중상사고,0,1,2,0,차대차 - 측면직각충돌,중앙선침범,건조,맑음,단일로 - 기타,승용,남,51세,상해없음,승합,남,50세,중상
2013070700100421,2013년 7월 7일 20시,일요일,경상북도 포항시 남구 효자동,경상사고,0,0,1,0,차대차 - 측면직각충돌,안전운전불이행,건조,맑음,교차로 - 교차로부근,원동기,남,23세,경상,승용,남,59세,상해없음
2013070700100441,2013년 7월 7일 21시,일요일,경상북도 구미시 지산동,중상사고,0,1,4,0,차대차 - 추돌 - 주정차중,안전운전불이행,건조,흐림,교차로 - 교차로부근,승용,남,62세,상해없음,승용,여,27세,경상
2013070700100467,2013년 7월 7일 22시,일요일,경상북도 경산시 대동,경상사고,0,0,1,0,차대차 - 기타,안전운전불이행,건조,흐림,단일로 - 기타,이륜,남,19세,경상,승용,여,25세,기타불명
2013070700100484,2013년 7월 7일 23시,일요일,경상북도 구미시 공단동,경상사고,0,0,1,0,차대사람 - 기타,안전운전불이행,건조,맑음,기타 - 기타,승용,남,55세,상해없음,보행자,남,41세,경상
2013070800100030,2013년 7월 8일 01시,월요일,경상북도 문경시 점촌동,중상사고,0,1,0,0,차량단독 - 기타,안전운전불이행,습기,흐림,단일로 - 기타,원동기,남,22세,중상,,,,
2013070800100053,2013년 7월 8일 03시,월요일,경상북도 경주시 용강동,사망사고,1,0,0,0,차대사람 - 횡단중,안전운전불이행,건조,맑음,단일로 - 기타,화물,남,38세,상해없음,보행자,남,84세,사망
2013070800100054,2013년 7월 8일 03시,월요일,경상북도 구미시 비산동,중상사고,0,3,0,0,차량단독 - 전도전복,안전운전불이행,건조,맑음,교차로 - 교차로부근,승용,남,22세,중상,,,,
2013070800100067,2013년 7월 8일 05시,월요일,경상북도 영주시 가흥동,중상사고,0,2,1,0,차대차 - 측면직각충돌,교차로운행방법위반,건조,흐림,교차로 - 교차로안,승용,남,54세,중상,승용,여,53세,경상
2013070800100090,2013년 7월 8일 07시,월요일,경상북도 포항시 북구 장성동,경상사고,0,0,1,0,차대차 - 측면직각충돌,교차로운행방법위반,건조,맑음,교차로 - 교차로부근,승용,남,47세,상해없음,승용,남,32세,경상
2013070800100091,2013년 7월 8일 07시,월요일,경상북도 성주군 월항면,경상사고,0,0,1,0,차량단독 - 기타,안전운전불이행,건조,맑음,단일로 - 기타,이륜,여,50세,경상,,,,
2013070800100092,2013년 7월 8일 07시,월요일,경상북도 구미시 임은동,경상사고,0,0,1,0,차대차 - 측면직각충돌,안전운전불이행,건조,맑음,교차로 - 교차로부근,승합,남,50세,상해없음,승용,여,44세,상해없음
2013070800100121,2013년 7월 8일 08시,월요일,경상북도 경주시 안강읍,중상사고,0,1,0,1,차대차 - 기타,중앙선침범,건조,맑음,단일로 - 기타,화물,남,48세,부상신고,건설기계,남,51세,중상
2013070800100122,2013년 7월 8일 08시,월요일,경상북도 포항시 북구 득량동,경상사고,0,0,1,0,차대차 - 측면직각충돌,교차로운행방법위반,건조,맑음,교차로 - 교차로안,승용,남,70세,상해없음,원동기,여,54세,경상
2013070800100154,2013년 7월 8일 09시,월요일,경상북도 봉화군 재산면,중상사고,0,1,0,0,차대사람 - 길가장자리구역통행중,안전운전불이행,건조,맑음,단일로 - 기타,원동기,남,55세,상해없음,보행자,여,70세,중상
2013070800100182,2013년 7월 8일 10시,월요일,경상북도 영덕군 강구면,중상사고,0,1,0,0,차대차 - 측면직각충돌,안전운전불이행,건조,맑음,단일로 - 횡단보도부근,승용,여,65세,상해없음,자전거,여,75세,중상
2013070800100210,2013년 7월 8일 11시,월요일,경상북도 포항시 북구 죽장면,경상사고,0,0,4,0,차대차 - 기타,안전운전불이행,건조,맑음,단일로 - 기타,화물,남,62세,상해없음,승용,남,50세,상해없음
2013070800100229,2013년 7월 8일 12시,월요일,경상북도 경주시 천군동,중상사고,0,2,0,0,차대차 - 측면직각충돌,신호위반,건조,맑음,교차로 - 교차로안,승용,여,52세,상해없음,승용,남,41세,중상
2013070800100230,2013년 7월 8일 12시,월요일,경상북도 문경시 가은읍,중상사고,0,1,0,0,차대차 - 측면직각충돌,안전운전불이행,건조,맑음,교차로 - 교차로안,원동기,남,64세,중상,원동기,남,53세,상해없음