사고번호,사고일시,요일,시군구,사고내용,사망자수,중상자수,경상자수,부상신고자수,사고유형,법규위반,노면상태,기상상태,도로형태,가해운전자 차종,가해운전자 성별,가해운전자 연령,가해운전자 상해정도,피해운전자 차종,피해운전자 성별,피해운전자 연령,피해운전자 상해정도
2013070800100251,2013년 7월 8일 13시,월요일,경상북도 성주군 벽진면,경상사고,0,0,1,0,차대차 - 정면충돌,중앙선침범,건조,맑음,단일로 - 기타,화물,남,52세,상해없음,화물,남,43세,경상
2013070800100288,2013년 7월 8일 14시,월요일,경상북도 포항시 북구 창포동,중상사고,0,1,0,0,차대사람 - 기타,안전운전불이행,건조,맑음,단일로 - 기타,승용,남,43세,상해없음,보행자,여,70세,중상
2013070800100289,2013년 7월 8일 14시,월요일,경상북도 포항시 북구 동빈1가,경상사고,0,0,1,0,차대차 - 측면직각충돌,교차로운행방법위반,건조,맑음,교차로 - 교차로안,승용,여,32세,상해없음,승용,여,41세,경상
2013070800100290,2013년 7월 8일 14시,월요일,경상북도 상주시 사벌면,경상사고,0,0,1,0,차대차 - 기타,교차로운행방법위반,기타,맑음,교차로 - 교차로안,화물,남,50세,상해없음,이륜,남,68세,경상
2013070800100291,2013년 7월 8일 14시,월요일,경상북도 상주시 낙양동,중상사고,0,1,0,0,차대사람 - 기타,안전운전불이행,건조,맑음,단일로 - 기타,승용,여,29세,상해없음,보행자,여,14세,중상
2013070800100292,2013년 7월 8일 14시,월요일,경상북도 울진군 후포면,경상사고,0,0,2,0,차대차 - 측면직각충돌,안전운전불이행,건조,맑음,교차로 - 교차로안,승용,남,26세,상해없음,승용,남,54세,경상
2013070800100326,2013년 7월 8일 15시,월요일,경상북도 포항시 북구 두호동,중상사고,0,1,2,0,차대차 - 기타,안전운전불이행,건조,맑음,단일로 - 기타,승용,남,65세,상해없음,화물,남,51세,경상
2013070800100363,2013년 7월 8일 16시,월요일,경상북도 칠곡군 약목면,부상신고사고,0,0,0,1,차대차 - 측면직각충돌,중앙선침범,건조,맑음,단일로 - 기타,이륜,남,85세,부상신고,승용,남,51세,상해없음
2013070800100397,2013년 7월 8일 17시,월요일,경상북도 상주시 남성동,경상사고,0,0,3,0,차대차 - 기타,교차로운행방법위반,건조,맑음,교차로 - 교차로안,승용,여,52세,상해없음,승용,남,32세,경상
2013070800100398,2013년 7월 8일 17시,월요일,경상북도 경산시 옥산동,경상사고,0,0,2,1,차대차 - 기타,안전운전불이행,건조,맑음,단일로 - 기타,승용,남,28세,상해없음,승합,남,52세,경상
2013070800100431,2013년 7월 8일 18시,월요일,경상북도 칠곡군 북삼읍,부상신고사고,0,0,0,1,차대사람 - 보도통행중,보행자보호의무위반,건조,맑음,단일로 - 기타,승용,여,23세,상해없음,보행자,남,6세,부상신고
2013070800100432,2013년 7월 8일 18시,월요일,경상북도 구미시 옥계동,중상사고,0,1,0,0,차대차 - 추돌 - 주정차중,안전운전불이행,건조,맑음,교차로 - 교차로부근,승용,남,58세,상해없음,승용,남,32세,중상
2013070800100433,2013년 7월 8일 18시,월요일,경상북도 포항시 남구 대도동,중상사고,0,1,0,0,차대차 - 측면직각충돌,안전운전불이행,건조,맑음,단일로 - 기타,원동기,남,41세,중상,승용,여,44세,상해없음
2013070800100459,2013년 7월 8일 19시,월요일,경상북도 포항시 남구 대잠동,경상사고,0,0,1,0,차대차 - 추돌 - 주정차중,안전운전불이행,건조,맑음,교차로 - 교차로부근,승용,남,43세,상해없음,승용,여,32세,경상
2013070800100493,2013년 7월 8일 20시,월요일,경상북도 경주시 강동면,경상사고,0,0,1,0,차대차 - 기타,안전운전불이행,건조,맑음,단일로 - 교량,승용,남,37세,상해없음,승용,여,32세,경상
2013070800100494,2013년 7월 8일 20시,월요일,경상북도 안동시 운흥동,경상사고,0,0,3,0,차대차 - 기타,안전운전불이행,건조,맑음,교차로 - 교차로안,승용,남,66세,경상,화물,남,61세,경상
2013070800100528,2013년 7월 8일 21시,월요일,경상북도 김천시 남면,경상사고,0,0,1,0,차대차 - 측면직각충돌,안전운전불이행,건조,맑음,단일로 - 기타,승용,남,62세,상해없음,자전거,남,38세,경상
2013070800100529,2013년 7월 8일 21시,월요일,경상북도 문경시 문경읍,경상사고,0,0,1,0,차대차 - 측면직각충돌,중앙선침범,건조,맑음,단일로 - 횡단보도상,화물,남,40세,상해없음,승용,남,54세,경상
2013070800100530,2013년 7월 8일 21시,월요일,경상북도 경산시 중방동,중상사고,0,1,0,0,차대차 - 기타,안전운전불이행,건조,맑음,단일로 - 기타,승용,남,26세,상해없음,자전거,남,15세,중상
2013070800100557,2013년 7월 8일 22시,월요일,경상북도 안동시 정하동,경상사고,0,0,1,0,차대차 - 기타,신호위반,건조,맑음,교차로 - 교차로안,승용,여,33세,상해없음,승용,남,50세,경상
2013070800100558,2013년 7월 8일 22시,월요일,경상북도 칠곡군 약목면,경상사고,0,0,2,0,차대차 - 기타,신호위반,건조,맑음,교차로 - 교차로안,승용,남,34세,상해없음,승용,여,23세,경상
2013070900100048,2013년 7월 9일 02시,화요일,경상북도 경주시 천북면,중상사고,0,1,0,0,차대차 - 기타,안전운전불이행,건조,맑음,단일로 - 기타,승용,남,37세,중상,특수,남,48세,기타불명
2013070900100049,2013년 7월 9일 02시,화요일,경상북도 경산시 옥곡동,경상사고,0,0,1,0,차대사람 - 기타,안전운전불이행,건조,맑음,단일로 - 기타,원동기,남,18세,상해없음,보행자,남,33세,경상
2013070900100060,2013년 7월 9일 03시,화요일,경상북도 포항시 북구 용흥동,중상사고,0,1,0,0,차량단독 - 공작물충돌,안전운전불이행,건조,맑음,미분류 - 미분류,승용,여,41세,상해없음,,,,
2013070900100075,2013년 7월 9일 04시,화요일,경상북도 포항시 북구 용흥동,경상사고,0,0,1,0,차량단독 - 공작물충돌,안전운전불이행,건조,맑음,단일로 - 기타,승용,남,22세,상해없음,,,,
2013070900100082,2013년 7월 9일 05시,화요일,경상북도 칠곡군 석적읍,중상사고,0,1,0,1,차대차 - 추돌 - 진행중,신호위반,건조,맑음,교차로 - 교차로안,승용,남,32세,부상신고,승용,남,23세,중상
2013070900100091,2013년 7월 9일 06시,화요일,경상북도 경주시 감포읍,중상사고,0,1,0,0,차대차 - 기타,안전운전불이행,건조,맑음,단일로 - 기타,승용,여,45세,중상,화물,남,38세,상해없음
2013070900100092,2013년 7월 9일 06시,화요일,경상북도 구미시 원평동,경상사고,0,0,2,0,차대차 - 추돌 - 주정차중,안전운전불이행,건조,맑음,교차로 - 교차로안,승용,남,30세,상해없음,승용,남,52세,경상
2013070900100117,2013년 7월 9일 07시,화요일,경상북도 포항시 남구 해도동,경상사고,0,0,1,0,차대사람 - 기타,안전운전불이행,건조,맑음,단일로 - 기타,기타불명,기타불명,기타불명,기타불명,보행자,남,15세,경상
2013070900100118,2013년 7월 9일 07시,화요일,경상북도 포항시 남구 대송면,중상사고,0,1,1,0,차대차 - 추돌 - 진행중,직진우회전진행방해,건조,맑음,교차로 - 교차로안,승용,남,31세,중상,승용,남,54세,경상
2013070900100148,2013년 7월 9일 08시,화요일,경상북도 상주시 화동면,중상사고,0,2,0,0,차대사람 - 기타,안전운전불이행,건조,맑음,단일로 - 기타,승용,여,47세,상해없음,보행자,여,74세,중상
2013070900100149,2013년 7월 9일 08시,화요일,경상북도 영천시 금호읍,중상사고,0,1,0,0,차대차 - 정면충돌,안전운전불이행,건조,맑음,단일로 - 기타,승용,여,42세,상해없음,이륜,여,42세,중상
2013070900100150,2013년 7월 9일 08시,화요일,경상북도 경산시 압량면,중상사고,0,1,0,0,차대차 - 기타,안전운전불이행,건조,맑음,교차로 - 교차로안,승용,남,42세,상해없음,이륜,남,54세,중상
2013070900100181,2013년 7월 9일 09시,화요일,경상북도 경주시 사정동,경상사고,0,0,3,0,차대차 - 추돌 - 진행중,안전운전불이행,건조,맑음,교차로 - 교차로안,화물,남,46세,상해없음,승합,남,52세,상해없음
2013070900100182,2013년 7월 9일 09시,화요일,경상북도 포항시 남구 대도동,경상사고,0,0,1,0,차대차 - 측면직각충돌,안전운전불이행,건조,맑음,교차로 - 교차로부근,승용,여,51세,상해없음,승용,여,44세,경상
2013070900100183,2013년 7월 9일 09시,화요일,경상북도 포항시 남구 이동,경상사고,0,0,3,0,차대차 - 추돌 - 진행중,안전운전불이행,건조,맑음,교차로 - 교차로부근,화물,남,60세,상해없음,승합,남,23세,경상
2013070900100205,2013년 7월 9일 10시,화요일,경상북도 포항시 남구 오천읍,경상사고,0,0,1,0,차대차 - 기타,교차로운행방법위반,건조,맑음,교차로 - 교차로안,승용,남,60세,상해없음,자전거,남,60세,경상
2013070900100258,2013년 7월 9일 12시,화요일,경상북도 경주시 동천동,중상사고,0,1,0,0,차대차 - 기타,안전운전불이행,건조,맑음,교차로 - 교차로안,승용,남,19세,상해없음,화물,남,44세,중상
2013070900100259,2013년 7월 9일 12시,화요일,경상북도 청도군 각북면,중상사고,0,1,0,0,차대차 - 추돌 - 진행중,안전운전불이행,건조,맑음,교차로 - 교차로부근,승용,남,32세,상해없음,원동기,남,57세,중상
2013070900100260,2013년 7월 9일 12시,화요일,경상북도 예천군 보문면,사망사고,1,4,0,0,차대차 - 추돌 - 진행중,안전운전불이행,건조,맑음,단일로 - 기타,승합,남,44세,사망,화물,남,50세,중상
2013070900100279,2013년 7월 9일 13시,화요일,경상북도 경주시 신평동,중상사고,0,1,2,0,차대차 - 기타,안전운전불이행,건조,맑음,교차로 - 교차로부근,승용,여,32세,중상,승용,남,60세,상해없음
2013070900100280,2013년 7월 9일 13시,화요일,경상북도 칠곡군 약목면,중상사고,0,1,0,0,차대차 - 추돌 - 진행중,중앙선침범,건조,맑음,단일로 - 기타,화물,남,57세,상해없음,승용,남,54세,중상
2013070900100281,2013년 7월 9일 13시,화요일,경상북도 성주군 월항면,경상사고,0,0,4,0,차대차 - 측면직각충돌,안전운전불이행,기타,맑음,교차로 - 교차로안,화물,남,55세,상해없음,승용,남,73세,경상
2013070900100282,2013년 7월 9일 13시,화요일,경상북도 울진군 근남면,경상사고,0,0,1,0,차량단독 - 공작물충돌,안전운전불이행,건조,맑음,단일로 - 기타,승용,남,29세,경상,,,,
2013070900100283,2013년 7월 9일 13시,화요일,경상북도 구미시 진평동,경상사고,0,0,1,0,차대사람 - 기타,안전운전불이행,건조,맑음,단일로 - 기타,화물,여,45세,상해없음,보행자,남,68세,경상
2013070900100310,2013년 7월 9일 14시,화요일,경상북도 안동시 풍산읍,경상사고,0,0,1,0,차량단독 - 공작물충돌,안전운전불이행,건조,맑음,기타 - 기타,이륜,남,65세,경상,,,,
2013070900100311,2013년 7월 9일 14시,화요일,경상북도 성주군 초전면,경상사고,0,0,2,0,차대차 - 추돌 - 진행중,안전운전불이행,기타,맑음,단일로 - 기타,승용,남,38세,경상,승용,남,40세,경상
2013070900100345,2013년 7월 9일 15시,화요일,경상북도 포항시 남구 대잠동,경상사고,0,0,1,0,차대차 - 기타,안전운전불이행,건조,맑음,교차로 - 교차로부근,승용,남,65세,상해없음,이륜,남,41세,경상
2013070900100371,2013년 7월 9일 16시,화요일,경상북도 경주시 천북면,중상사고,0,1,0,0,차대차 - 기타,안전운전불이행,건조,맑음,교차로 - 교차로안,화물,남,45세,상해없음,승용,남,32세,중상
2013070900100372,2013년 7월 9일 16시,화요일,경상북도 경산시 하양읍,경상사고,0,0,1,0,차대사람 - 기타,안전운전불이행,건조,맑음,단일로 - 기타,승합,남,54세,상해없음,보행자,남,9세,경상
2013070900100373,2013년 7월 9일 16시,화요일,경상북도 고령군 고령읍,경상사고,0,0,4,0,차대차 - 측면직각충돌,안전운전불이행,건조,맑음,단일로 - 기타,승용,남,46세,경상,승용,남,50세,경상
2013070900100446,2013년 7월 9일 18시,화요일,경상북도 포항시 북구 죽도동,중상사고,0,1,0,0,차대차 - 측면직각충돌,안전운전불이행,건조,맑음,단일로 - 기타,승용,남,60세,상해없음,자전거,남,40세,중상
2013070900100447,2013년 7월 9일 18시,화요일,경상북도 안동시 목성동,경상사고,0,0,2,0,차대차 - 기타,신호위반,건조,맑음,교차로 - 교차로안,원동기,여,48세,경상,승용,남,54세,경상
2013070900100487,2013년 7월 9일 19시,화요일,경상북도 의성군 금성면,부상신고사고,0,0,0,1,차대차 - 측면직각충돌,중앙선침범,건조,맑음,단일로 - 기타,원동기,남,68세,부상신고,화물,남,58세,상해없음
2013070900100488,2013년 7월 9일 19시,화요일,경상북도 영천시 본촌동,중상사고,0,1,0,0,차량단독 - 기타,안전운전불이행,건조,맑음,단일로 - 기타,승용,남,35세,상해없음,,,,
2013070900100489,2013년 7월 9일 19시,화요일,경상북도 포항시 남구 대도동,경상사고,0,0,1,0,차대사람 - 길가장자리구역통행중,안전운전불이행,건조,맑음,단일로 - 기타,기타불명,기타불명,기타불명,기타불명,보행자,여,41세,경상
2013070900100518,2013년 7월 9일 20시,화요일,경상북도 포항시 남구 연일읍,경상사고,0,0,1,0,차대사람 - 기타,중앙선침범,건조,맑음,단일로 - 기타,승용,남,38세,상해없음,보행자,여,14세,경상
2013070900100545,2013년 7월 9일 21시,화요일,경상북도 포항시 북구 동빈1가,중상사고,0,1,0,0,차대차 - 기타,안전운전불이행,건조,맑음,교차로 - 교차로안,승용,남,44세,상해없음,자전거,남,73세,중상
2013070900100546,2013년 7월 9일 21시,화요일,경상북도 영천시 오수동,경상사고,0,0,1,0,차대차 - 측면직각충돌,신호위반,건조,맑음,교차로 - 교차로안,승용,남,51세,상해없음,승용,남,45세,경상
2013070900100574,2013년 7월 9일 22시,화요일,경상북도 문경시 호계면,경상사고,0,0,1,0,차대차 - 정면충돌,중앙선침범,건조,맑음,단일로 - 기타,승용,남,64세,상해없음,승용,남,34세,경상
2013070900100575,2013년 7월 9일 22시,화요일,경상북도 경산시 중산동,중상사고,0,1,1,0,차대차 - 기타,안전운전불이행,건조,맑음,교차로 - 교차로부근,승용,남,34세,상해없음,승합,남,24세,상해없음
2013070900100603,2013년 7월 9일 23시,화요일,경상북도 경주시 양남면,경상사고,0,0,2,0,차대차 - 기타,안전운전불이행,건조,맑음,단일로 - 교량,승용,남,45세,기타불명,승용,여,44세,경상
2013070900100604,2013년 7월 9일 23시,화요일,경상북도 안동시 동문동,중상사고,0,1,0,0,차대차 - 기타,안전운전불이행,건조,맑음,교차로 - 교차로안,승용,남,49세,상해없음,원동기,남,40세,중상
2013070900100605,2013년 7월 9일 23시,화요일,경상북도 김천시 부곡동,중상사고,0,1,1,0,차대차 - 측면직각충돌,안전운전불이행,건조,맑음,단일로 - 기타,승용,여,52세,상해없음,승용,남,34세,경상
2013070900100606,2013년 7월 9일 23시,화요일,경상북도 포항시 남구 호미곶면,경상사고,0,0,1,0,차량단독 - 전도전복,안전운전불이행,건조,맑음,교차로 - 교차로부근,승용,남,50세,상해없음,,,,
2013071000100015,2013년 7월 10일 00시,수요일,경상북도 구미시 진평동,경상사고,0,0,2,0,차대차 - 기타,안전운전불이행,건조,맑음,교차로 - 교차로안,승용,남,25세,상해없음,승용,남,43세,경상
2013071000100033,2013년 7월 10일 01시,수요일,경상북도 포항시 북구 두호동,경상사고,0,0,2,0,차대차 - 기타,안전운전불이행,건조,맑음,단일로 - 기타,승용,여,19세,상해없음,승용,여,33세,경상
2013071000100034,2013년 7월 10일 01시,수요일,경상북도 경산시 대평동,중상사고,0,1,0,0,차대사람 - 기타,보행자보호의무위반,건조,맑음,단일로 - 횡단보도상,승용,남,22세,상해없음,보행자,남,25세,중상
2013071000100035,2013년 7월 10일 01시,수요일,경상북도 김천시 아포읍,경상사고,0,0,2,0,차대차 - 추돌 - 주정차중,안전운전불이행,건조,맑음,단일로 - 기타,화물,남,37세,경상,화물,남,45세,경상
2013071000100056,2013년 7월 10일 03시,수요일,경상북도 구미시 선산읍,경상사고,0,0,4,0,차대차 - 기타,안전운전불이행,건조,맑음,단일로 - 기타,화물,남,40세,상해없음,승용,남,20세,경상
2013071000100079,2013년 7월 10일 05시,수요일,경상북도 경주시 사정동,경상사고,0,0,1,0,차량단독 - 전도전복,안전운전불이행,건조,맑음,단일로 - 기타,화물,남,59세,경상,,,,
2013071000100080,2013년 7월 10일 05시,수요일,경상북도 포항시 북구 죽도동,중상사고,0,1,0,0,차대차 - 기타,안전운전불이행,건조,맑음,단일로 - 횡단보도상,승용,남,65세,상해없음,자전거,남,70세,중상
2013071000100089,2013년 7월 10일 06시,수요일,경상북도 영덕군 영덕읍,경상사고,0,0,1,0,차대차 - 측면직각충돌,신호위반,건조,맑음,교차로 - 교차로안,화물,남,37세,상해없음,승용,여,38세,경상
2013071000100110,2013년 7월 10일 07시,수요일,경상북도 경산시 진량읍,경상사고,0,0,1,0,차대차 - 기타,안전운전불이행,건조,맑음,단일로 - 기타,화물,남,67세,경상,건설기계,남,56세,상해없음
2013071000100111,2013년 7월 10일 07시,수요일,경상북도 구미시 산동면,중상사고,0,1,0,0,차대차 - 측면직각충돌,교차로운행방법위반,건조,맑음,교차로 - 교차로안,화물,남,52세,상해없음,화물,남,51세,중상
2013071000100112,2013년 7월 10일 07시,수요일,경상북도 구미시 구평동,중상사고,0,1,0,0,차대차 - 측면직각충돌,기타,건조,맑음,교차로 - 교차로부근,승용,남,57세,상해없음,이륜,남,44세,중상
2013071000100139,2013년 7월 10일 08시,수요일,경상북도 안동시 운흥동,중상사고,0,1,0,0,차대차 - 기타,안전운전불이행,건조,맑음,단일로 - 기타,자전거,남,78세,중상,승용,남,57세,상해없음
2013071000100140,2013년 7월 10일 08시,수요일,경상북도 경산시 압량면,경상사고,0,0,2,0,차대차 - 기타,안전운전불이행,건조,맑음,단일로 - 기타,승용,남,67세,경상,화물,남,54세,경상
2013071000100141,2013년 7월 10일 08시,수요일,경상북도 포항시 남구 해도동,경상사고,0,0,2,0,차대차 - 측면직각충돌,교차로운행방법위반,건조,맑음,교차로 - 교차로안,화물,남,48세,상해없음,승용,여,54세,경상
2013071000100166,2013년 7월 10일 09시,수요일,경상북도 영주시 휴천동,경상사고,0,0,1,0,차대사람 - 차도통행중,안전운전불이행,건조,맑음,교차로 - 교차로안,승용,여,42세,상해없음,보행자,여,39세,경상
2013071000100167,2013년 7월 10일 09시,수요일,경상북도 성주군 수륜면,경상사고,0,0,2,0,차대차 - 정면충돌,중앙선침범,건조,맑음,단일로 - 기타,승용,남,20세,상해없음,화물,남,65세,경상
2013071000100168,2013년 7월 10일 09시,수요일,경상북도 성주군 선남면,경상사고,0,0,1,0,차대차 - 측면직각충돌,교차로운행방법위반,건조,맑음,교차로 - 교차로안,승용,남,39세,상해없음,승용,여,46세,경상
2013071000100169,2013년 7월 10일 09시,수요일,경상북도 포항시 남구 이동,중상사고,0,3,4,0,차대차 - 기타,안전운전불이행,건조,맑음,교차로 - 교차로부근,승용,남,26세,경상,승용,여,41세,중상
2013071000100195,2013년 7월 10일 10시,수요일,경상북도 군위군 소보면,중상사고,0,2,0,0,차대차 - 측면직각충돌,중앙선침범,건조,맑음,단일로 - 기타,승용,여,51세,중상,승용,여,54세,중상
2013071000100215,2013년 7월 10일 11시,수요일,경상북도 고령군 고령읍,경상사고,0,0,1,0,차대차 - 추돌 - 진행중,안전운전불이행,건조,맑음,교차로 - 교차로부근,승용,남,43세,상해없음,승용,남,72세,경상
2013071000100255,2013년 7월 10일 13시,수요일,경상북도 경주시 동천동,경상사고,0,0,4,0,차대차 - 기타,신호위반,건조,맑음,교차로 - 교차로안,승용,여,54세,상해없음,승용,남,50세,상해없음
2013071000100256,2013년 7월 10일 13시,수요일,경상북도 경산시 남방동,경상사고,0,0,2,0,차대차 - 기타,안전운전불이행,건조,맑음,단일로 - 기타,승용,남,42세,경상,승용,여,44세,경상
2013071000100257,2013년 7월 10일 13시,수요일,경상북도 구미시 봉곡동,부상신고사고,0,0,0,1,차대차 - 측면직각충돌,직진우회전진행방해,건조,맑음,교차로 - 교차로안,승용,여,44세,부상신고,승합,남,42세,상해없음
2013071000100284,2013년 7월 10일 14시,수요일,경상북도 경주시 건천읍,경상사고,0,0,2,0,차대차 - 기타,안전운전불이행,건조,맑음,교차로 - 교차로안,승용,여,43세,상해없음,승용,여,53세,경상
2013071000100311,2013년 7월 10일 15시,수요일,경상북도 경주시 외동읍,중상사고,0,2,0,0,차대차 - 기타,안전운전불이행,건조,맑음,교차로 - 교차로부근,화물,남,30세,상해없음,승용,남,45세,중상
2013071000100312,2013년 7월 10일 15시,수요일,경상북도 김천시 남면,중상사고,0,1,0,0,차대차 - 측면직각충돌,안전운전불이행,건조,맑음,단일로 - 기타,화물,남,46세,상해없음,승용,남,30세,중상
2013071000100313,2013년 7월 10일 15시,수요일,경상북도 김천시 신음동,중상사고,0,1,0,0,차대사람 - 기타,안전운전불이행,건조,맑음,기타 - 기타,화물,남,40세,상해없음,보행자,남,75세,중상
2013071000100337,2013년 7월 10일 16시,수요일,경상북도 포항시 북구 대신동,경상사고,0,0,1,0,차대차 - 추돌 - 주정차중,안전거리미확보,건조,맑음,교차로 - 교차로부근,승용,남,64세,상해없음,승합,여,53세,경상
2013071000100338,2013년 7월 10일 16시,수요일,경상북도 상주시 신봉동,중상사고,0,1,0,0,차대차 - 측면직각충돌,차로위반,건조,맑음,기타 - 기타,화물,남,58세,상해없음,화물,남,38세,중상
2013071000100339,2013년 7월 10일 16시,수요일,경상북도 칠곡군 석적읍,중상사고,0,1,0,0,차대차 - 측면직각충돌,중앙선침범,건조,맑음,단일로 - 기타,화물,남,58세,상해없음,이륜,남,18세,중상
2013071000100340,2013년 7월 10일 16시,수요일,경상북도 경산시 중방동,사망사고,1,0,0,0,차대차 - 기타,교차로운행방법위반,건조,맑음,교차로 - 교차로안,화물,남,33세,기타불명,이륜,남,28세,사망
2013071000100341,2013년 7월 10일 16시,수요일,경상북도 구미시 도량동,경상사고,0,0,1,0,차대차 - 측면직각충돌,안전운전불이행,건조,맑음,교차로 - 교차로안,승용,여,60세,상해없음,자전거,남,63세,경상
2013071000100369,2013년 7월 10일 17시,수요일,경상북도 경주시 천북면,중상사고,0,4,2,0,차대차 - 추돌 - 주정차중,안전운전불이행,건조,맑음,기타 - 기타,승용,여,29세,상해없음,승용,여,40세,경상
2013071000100370,2013년 7월 10일 17시,수요일,경상북도 영주시 영주동,경상사고,0,0,1,0,차대차 - 측면직각충돌,안전운전불이행,건조,맑음,교차로 - 교차로안,승합,남,73세,상해없음,자전거,남,10세,경상
2013071000100371,2013년 7월 10일 17시,수요일,경상북도 영천시 청통면,경상사고,0,0,1,0,차대차 - 측면직각충돌,교차로운행방법위반,건조,맑음,단일로 - 기타,승용,여,57세,경상,화물,기타불명,기타불명,기타불명
2013071000100372,2013년 7월 10일 17시,수요일,경상북도 경산시 압량면,경상사고,0,0,1,0,차대차 - 기타,안전운전불이행,건조,맑음,단일로 - 기타,이륜,남,42세,경상,승용,남,30세,상해없음
2013071000100373,2013년 7월 10일 17시,수요일,경상북도 구미시 광평동,경상사고,0,0,3,0,차대차 - 측면직각충돌,안전운전불이행,건조,맑음,교차로 - 교차로부근,승용,남,32세,상해없음,승용,남,59세,경상
2013071000100404,2013년 7월 10일 18시,수요일,경상북도 김천시 신음동,부상신고사고,0,0,0,1,차량단독 - 전도전복,안전운전불이행,건조,맑음,단일로 - 기타,자전거,남,14세,부상신고,,,,
2013071000100405,2013년 7월 10일 18시,수요일,경상북도 경산시 하양읍,경상사고,0,0,1,0,차대사람 - 기타,안전운전불이행,건조,맑음,단일로 - 기타,기타불명,기타불명,기타불명,기타불명,보행자,남,13세,경상
2013071000100406,2013년 7월 10일 18시,수요일,경상북도 구미시 원평동,중상사고,0,1,0,0,차대사람 - 기타,안전운전불이행,건조,맑음,기타 - 기타,승용,남,27세,상해없음,보행자,남,1세,중상
2013071000100407,2013년 7월 10일 18시,수요일,경상북도 포항시 남구 해도동,중상사고,0,1,0,0,차대차 - 측면직각충돌,안전운전불이행,건조,맑음,단일로 - 기타,원동기,남,28세,상해없음,원동기,남,36세,중상
2013071000100436,2013년 7월 10일 19시,수요일,경상북도 상주시 남성동,경상사고,0,0,1,0,차대사람 - 횡단중,기타,건조,맑음,단일로 - 기타,승용,여,44세,상해없음,보행자,남,4세,경상
2013071000100437,2013년 7월 10일 19시,수요일,경상북도 구미시 오태동,경상사고,0,0,1,0,차대차 - 측면직각충돌,신호위반,건조,흐림,교차로 - 교차로안,화물,남,53세,상해없음,승용,여,60세,경상
2013071000100462,2013년 7월 10일 20시,수요일,경상북도 경산시 사동,경상사고,0,0,1,0,차대차 - 기타,안전운전불이행,건조,맑음,교차로 - 교차로부근,승용,남,44세,상해없음,이륜,남,17세,경상
2013071000100463,2013년 7월 10일 20시,수요일,경상북도 구미시 봉곡동,경상사고,0,0,1,0,차대차 - 측면직각충돌,안전운전불이행,건조,맑음,교차로 - 교차로부근,화물,남,46세,상해없음,자전거,남,7세,경상
2013071000100495,2013년 7월 10일 21시,수요일,경상북도 안동시 태화동,경상사고,0,0,1,0,차대차 - 기타,안전운전불이행,건조,맑음,단일로 - 기타,승용,남,52세,상해없음,자전거,남,39세,경상
2013071000100514,2013년 7월 10일 22시,수요일,경상북도 청도군 청도읍,중상사고,0,3,1,0,차대차 - 추돌 - 주정차중,안전운전불이행,건조,맑음,단일로 - 기타,승용,여,44세,중상,화물,남,47세,중상
2013071000100537,2013년 7월 10일 23시,수요일,경상북도 예천군 풍양면,경상사고,0,0,1,0,차대차 - 기타,안전운전불이행,건조,맑음,단일로 - 기타,이륜,남,57세,경상,화물,남,59세,상해없음
2013071000100538,2013년 7월 10일 23시,수요일,경상북도 경산시 남천면,경상사고,0,0,1,0,차대차 - 추돌 - 진행중,안전운전불이행,건조,맑음,단일로 - 기타,화물,남,58세,상해없음,화물,남,45세,경상
2013071100100015,2013년 7월 11일 00시,목요일,경상북도 상주시 외서면,중상사고,0,1,2,0,차대차 - 추돌 - 진행중,안전운전불이행,건조,맑음,단일로 - 기타,화물,남,49세,중상,화물,남,50세,경상
2013071100100016,2013년 7월 11일 00시,목요일,경상북도 영양군 영양읍,경상사고,0,0,1,0,차량단독 - 기타,안전운전불이행,건조,맑음,단일로 - 기타,승용,남,42세,경상,,,,
2013071100100038,2013년 7월 11일 01시,목요일,경상북도 포항시 남구 대도동,경상사고,0,0,1,0,차대사람 - 기타,안전운전불이행,건조,맑음,단일로 - 기타,승용,남,57세,상해없음,보행자,남,48세,경상
2013071100100061,2013년 7월 11일 04시,목요일,경상북도 안동시 길안면,중상사고,0,1,0,0,차대사람 - 길가장자리구역통행중,안전운전불이행,건조,맑음,교차로 - 교차로안,화물,남,62세,상해없음,보행자,여,73세,중상
2013071100100069,2013년 7월 11일 05시,목요일,경상북도 포항시 북구 여천동,중상사고,0,1,0,0,차대차 - 측면직각충돌,교차로운행방법위반,건조,맑음,교차로 - 교차로안,승용,남,26세,상해없음,원동기,남,49세,중상
2013071100100098,2013년 7월 11일 07시,목요일,경상북도 구미시 금전동,경상사고,0,0,2,0,차대차 - 측면직각충돌,교차로운행방법위반,건조,맑음,교차로 - 교차로안,승용,여,27세,경상,승용,남,61세,경상
2013071100100126,2013년 7월 11일 08시,목요일,경상북도 경주시 성동동,경상사고,0,0,1,0,차대차 - 기타,안전운전불이행,건조,맑음,교차로 - 교차로안,자전거,남,32세,경상,승합,여,52세,상해없음
2013071100100127,2013년 7월 11일 08시,목요일,경상북도 영천시 본촌동,중상사고,0,1,1,0,차대차 - 정면충돌,중앙선침범,건조,맑음,단일로 - 기타,승용,남,50세,경상,승용,남,39세,중상
2013071100100128,2013년 7월 11일 08시,목요일,경상북도 경산시 조영동,경상사고,0,0,1,0,차대사람 - 기타,보행자보호의무위반,건조,맑음,단일로 - 기타,승용,남,28세,상해없음,보행자,여,21세,경상
2013071100100155,2013년 7월 11일 09시,목요일,경상북도 경주시 건천읍,중상사고,0,1,0,0,차대차 - 측면직각충돌,안전운전불이행,건조,맑음,교차로 - 교차로안,농기계,남,76세,중상,승용,남,78세,상해없음