사고번호,사고일시,요일,시군구,사고내용,사망자수,중상자수,경상자수,부상신고자수,사고유형,법규위반,노면상태,기상상태,도로형태,가해운전자 차종,가해운전자 성별,가해운전자 연령,가해운전자 상해정도,피해운전자 차종,피해운전자 성별,피해운전자 연령,피해운전자 상해정도
2013071900100593,2013년 7월 19일 21시,금요일,경상북도 안동시 당북동,부상신고사고,0,0,0,1,차대차 - 추돌 - 주정차중,안전운전불이행,습기,흐림,교차로 - 교차로부근,승용,남,56세,상해없음,원동기,남,56세,부상신고
2013071900100594,2013년 7월 19일 21시,금요일,경상북도 영주시 휴천동,중상사고,0,1,0,0,차대차 - 추돌 - 진행중,교차로운행방법위반,건조,맑음,교차로 - 교차로안,원동기,남,42세,중상,원동기,남,50세,상해없음
2013071900100595,2013년 7월 19일 21시,금요일,경상북도 울진군 북면,경상사고,0,0,1,0,차대차 - 추돌 - 진행중,안전운전불이행,건조,맑음,단일로 - 기타,승용,남,44세,상해없음,화물,남,33세,경상
2013071900100620,2013년 7월 19일 22시,금요일,경상북도 영천시 청통면,경상사고,0,0,3,1,차대차 - 정면충돌,안전운전불이행,건조,흐림,단일로 - 기타,승용,여,30세,경상,승합,남,44세,상해없음
2013071900100621,2013년 7월 19일 22시,금요일,경상북도 경산시 백천동,중상사고,0,1,0,0,차대차 - 기타,안전운전불이행,건조,맑음,단일로 - 기타,승용,남,61세,상해없음,화물,남,32세,중상
2013072000100022,2013년 7월 20일 00시,토요일,경상북도 경산시 옥산동,경상사고,0,0,2,0,차대차 - 기타,안전거리미확보,건조,맑음,단일로 - 기타,승용,남,63세,상해없음,승용,남,62세,경상
2013072000100054,2013년 7월 20일 01시,토요일,경상북도 구미시 광평동,경상사고,0,0,2,0,차대차 - 기타,신호위반,건조,맑음,교차로 - 교차로안,승용,남,28세,상해없음,승용,남,47세,경상
2013072000100073,2013년 7월 20일 02시,토요일,경상북도 경주시 배동,중상사고,0,1,0,0,차량단독 - 기타,안전운전불이행,건조,맑음,단일로 - 기타,승용,남,49세,중상,,,,
2013072000100074,2013년 7월 20일 02시,토요일,경상북도 구미시 오태동,경상사고,0,0,2,0,차대차 - 기타,신호위반,건조,맑음,교차로 - 교차로안,승용,남,49세,상해없음,승용,남,43세,경상
2013072000100120,2013년 7월 20일 05시,토요일,경상북도 포항시 남구 송도동,중상사고,0,1,1,0,차대차 - 기타,안전운전불이행,건조,맑음,단일로 - 기타,승용,남,31세,경상,승용,남,58세,기타불명
2013072000100161,2013년 7월 20일 07시,토요일,경상북도 영천시 금호읍,중상사고,0,1,2,0,차대차 - 측면직각충돌,안전운전불이행,건조,맑음,교차로 - 교차로안,화물,남,49세,상해없음,승용,여,19세,중상
2013072000100178,2013년 7월 20일 08시,토요일,경상북도 칠곡군 북삼읍,사망사고,1,1,0,0,차대사람 - 횡단중,신호위반,건조,맑음,교차로 - 교차로안,승용,여,47세,상해없음,보행자,여,31세,사망
2013072000100224,2013년 7월 20일 10시,토요일,경상북도 경주시 동천동,중상사고,0,3,3,0,차대차 - 기타,교차로운행방법위반,건조,맑음,교차로 - 교차로안,승용,남,31세,중상,승용,남,45세,중상
2013072000100225,2013년 7월 20일 10시,토요일,경상북도 경산시 중방동,경상사고,0,0,2,0,차대차 - 기타,안전운전불이행,건조,맑음,단일로 - 기타,승용,여,37세,상해없음,승합,여,52세,경상
2013072000100254,2013년 7월 20일 11시,토요일,경상북도 경주시 외동읍,부상신고사고,0,0,0,1,차대차 - 기타,안전운전불이행,건조,맑음,단일로 - 기타,승용,기타불명,기타불명,기타불명,자전거,남,18세,부상신고
2013072000100255,2013년 7월 20일 11시,토요일,경상북도 구미시 상모동,중상사고,0,1,0,0,차대사람 - 기타,중앙선침범,건조,맑음,단일로 - 기타,원동기,남,17세,상해없음,보행자,남,14세,중상
2013072000100256,2013년 7월 20일 11시,토요일,경상북도 구미시 옥계동,경상사고,0,0,1,0,차대차 - 기타,교차로운행방법위반,건조,맑음,교차로 - 교차로안,승용,여,33세,상해없음,승용,남,73세,경상
2013072000100293,2013년 7월 20일 12시,토요일,경상북도 경주시 서악동,경상사고,0,0,4,0,차대차 - 추돌 - 주정차중,안전운전불이행,건조,맑음,기타 - 기타,승합,남,52세,상해없음,승합,남,53세,상해없음
2013072000100294,2013년 7월 20일 12시,토요일,경상북도 영천시 금노동,경상사고,0,0,2,0,차대차 - 측면직각충돌,신호위반,건조,맑음,교차로 - 교차로안,승용,남,61세,상해없음,승용,여,41세,경상
2013072000100295,2013년 7월 20일 12시,토요일,경상북도 문경시 농암면,중상사고,0,1,0,0,차량단독 - 도로외이탈 - 기타,안전운전불이행,건조,맑음,단일로 - 기타,원동기,남,50세,중상,,,,
2013072000100296,2013년 7월 20일 12시,토요일,경상북도 예천군 예천읍,중상사고,0,1,0,0,차량단독 - 도로외이탈 - 기타,기타,건조,맑음,단일로 - 기타,이륜,남,73세,중상,,,,
2013072000100333,2013년 7월 20일 13시,토요일,경상북도 경주시 현곡면,중상사고,0,2,2,0,차대차 - 추돌 - 진행중,안전운전불이행,건조,맑음,단일로 - 기타,승용,여,35세,상해없음,승용,여,33세,중상
2013072000100334,2013년 7월 20일 13시,토요일,경상북도 영덕군 강구면,경상사고,0,0,1,0,차대차 - 측면직각충돌,안전운전불이행,건조,맑음,단일로 - 기타,승용,남,44세,상해없음,자전거,남,34세,경상
2013072000100335,2013년 7월 20일 13시,토요일,경상북도 포항시 남구 오천읍,경상사고,0,0,1,0,차대차 - 측면직각충돌,직진우회전진행방해,건조,맑음,교차로 - 교차로안,승용,남,55세,상해없음,승용,남,29세,경상
2013072000100370,2013년 7월 20일 14시,토요일,경상북도 경주시 충효동,경상사고,0,0,3,0,차대차 - 추돌 - 주정차중,안전운전불이행,건조,맑음,단일로 - 교량,승용,남,39세,상해없음,승용,여,27세,경상
2013072000100371,2013년 7월 20일 14시,토요일,경상북도 경주시 보문동,경상사고,0,0,1,0,차대사람 - 기타,안전운전불이행,건조,맑음,기타 - 기타,이륜,남,17세,상해없음,보행자,여,23세,경상
2013072000100372,2013년 7월 20일 14시,토요일,경상북도 김천시 감천면,경상사고,0,0,3,0,차대차 - 측면직각충돌,교차로운행방법위반,건조,맑음,교차로 - 교차로안,승용,여,68세,상해없음,승용,남,37세,경상
2013072000100373,2013년 7월 20일 14시,토요일,경상북도 상주시 낙동면,중상사고,0,1,0,0,차대차 - 기타,안전운전불이행,건조,맑음,단일로 - 기타,화물,남,56세,상해없음,자전거,남,55세,중상
2013072000100374,2013년 7월 20일 14시,토요일,경상북도 칠곡군 가산면,중상사고,0,1,0,0,차대차 - 추돌 - 진행중,안전운전불이행,습기,비,교차로 - 교차로부근,승용,남,71세,상해없음,이륜,남,56세,중상
2013072000100375,2013년 7월 20일 14시,토요일,경상북도 문경시 산북면,경상사고,0,0,1,0,차대차 - 기타,중앙선침범,건조,맑음,단일로 - 기타,기타불명,기타불명,기타불명,기타불명,승합,남,52세,상해없음
2013072000100376,2013년 7월 20일 14시,토요일,경상북도 성주군 수륜면,중상사고,0,2,1,0,차량단독 - 공작물충돌,안전운전불이행,건조,맑음,단일로 - 기타,승용,남,35세,경상,,,,
2013072000100377,2013년 7월 20일 14시,토요일,경상북도 청송군 청송읍,중상사고,0,2,0,0,차대차 - 추돌 - 진행중,교차로운행방법위반,건조,맑음,교차로 - 교차로안,화물,남,58세,상해없음,승용,남,34세,중상
2013072000100378,2013년 7월 20일 14시,토요일,경상북도 구미시 형곡동,경상사고,0,0,3,0,차대차 - 측면직각충돌,안전운전불이행,습기,흐림,단일로 - 기타,승용,남,43세,상해없음,승용,여,33세,경상
2013072000100379,2013년 7월 20일 14시,토요일,경상북도 포항시 남구 이동,경상사고,0,0,1,0,차대차 - 측면직각충돌,안전운전불이행,건조,맑음,교차로 - 교차로안,원동기,남,28세,경상,화물,여,44세,상해없음
2013072000100380,2013년 7월 20일 14시,토요일,경상북도 문경시 문경읍,중상사고,0,1,0,0,차량단독 - 공작물충돌,안전운전불이행,습기,비,단일로 - 기타,화물,남,48세,중상,,,,
2013072000100414,2013년 7월 20일 15시,토요일,경상북도 경주시 천군동,중상사고,0,1,0,0,차량단독 - 기타,안전운전불이행,건조,맑음,단일로 - 기타,자전거,남,61세,중상,,,,
2013072000100415,2013년 7월 20일 15시,토요일,경상북도 고령군 다산면,중상사고,0,1,3,0,차대차 - 측면직각충돌,직진우회전진행방해,건조,맑음,교차로 - 교차로안,화물,여,52세,경상,승용,남,75세,상해없음
2013072000100441,2013년 7월 20일 16시,토요일,경상북도 청도군 운문면,경상사고,0,0,1,0,차대사람 - 기타,안전운전불이행,건조,맑음,단일로 - 기타,승용,남,19세,상해없음,보행자,남,16세,경상
2013072000100471,2013년 7월 20일 17시,토요일,경상북도 포항시 북구 득량동,경상사고,0,0,1,0,차대차 - 기타,차로위반,건조,맑음,단일로 - 기타,원동기,남,18세,경상,승용,남,50세,상해없음
2013072000100472,2013년 7월 20일 17시,토요일,경상북도 경산시 중방동,경상사고,0,0,6,0,차대차 - 기타,신호위반,건조,맑음,단일로 - 기타,승용,남,33세,경상,승용,남,31세,경상
2013072000100473,2013년 7월 20일 17시,토요일,경상북도 구미시 선산읍,중상사고,0,1,1,0,차대차 - 추돌 - 진행중,안전운전불이행,습기,비,단일로 - 기타,승용,남,34세,상해없음,승용,남,49세,경상
2013072000100533,2013년 7월 20일 19시,토요일,경상북도 안동시 태화동,중상사고,0,2,1,0,차대차 - 기타,직진우회전진행방해,건조,맑음,교차로 - 교차로안,승용,남,47세,상해없음,승용,여,47세,중상
2013072000100534,2013년 7월 20일 19시,토요일,경상북도 상주시 화서면,중상사고,0,1,0,0,차대사람 - 기타,안전운전불이행,건조,맑음,단일로 - 기타,화물,남,55세,상해없음,보행자,남,2세,중상
2013072000100561,2013년 7월 20일 20시,토요일,경상북도 경주시 안강읍,사망사고,1,0,0,0,차대사람 - 횡단중,안전운전불이행,건조,맑음,교차로 - 교차로안,승용,남,73세,상해없음,보행자,남,75세,사망
2013072000100581,2013년 7월 20일 21시,토요일,경상북도 경주시 성건동,경상사고,0,0,2,0,차대차 - 측면직각충돌,안전운전불이행,건조,맑음,교차로 - 교차로안,승용,남,52세,상해없음,원동기,남,18세,경상
2013072000100582,2013년 7월 20일 21시,토요일,경상북도 포항시 북구 양덕동,경상사고,0,0,3,0,차대차 - 측면직각충돌,교차로운행방법위반,건조,맑음,교차로 - 교차로부근,승용,여,43세,상해없음,승용,남,24세,경상
2013072000100583,2013년 7월 20일 21시,토요일,경상북도 영천시 완산동,중상사고,0,1,2,0,차대차 - 측면직각충돌,신호위반,건조,맑음,교차로 - 교차로안,승용,남,27세,상해없음,승용,남,63세,중상
2013072000100584,2013년 7월 20일 21시,토요일,경상북도 청도군 운문면,중상사고,0,1,0,0,차대차 - 측면직각충돌,안전운전불이행,건조,맑음,단일로 - 기타,화물,남,39세,상해없음,승용,남,57세,중상
2013072000100585,2013년 7월 20일 21시,토요일,경상북도 구미시 고아읍,중상사고,0,1,0,0,차대차 - 측면직각충돌,신호위반,건조,맑음,교차로 - 교차로부근,승용,남,46세,상해없음,승용,남,28세,중상
2013072100100007,2013년 7월 21일 00시,일요일,경상북도 포항시 북구 용흥동,중상사고,0,1,0,0,차대사람 - 횡단중,안전운전불이행,건조,맑음,단일로 - 횡단보도부근,승용,남,28세,상해없음,보행자,남,54세,중상
2013072100100032,2013년 7월 21일 01시,일요일,경상북도 경산시 대동,경상사고,0,0,1,0,차대차 - 기타,안전운전불이행,건조,맑음,단일로 - 기타,승용,남,23세,상해없음,이륜,남,48세,경상
2013072100100033,2013년 7월 21일 01시,일요일,경상북도 구미시 진평동,중상사고,0,1,0,0,차대차 - 측면직각충돌,안전운전불이행,건조,맑음,단일로 - 기타,원동기,남,16세,중상,승용,남,49세,상해없음
2013072100100081,2013년 7월 21일 04시,일요일,경상북도 구미시 시미동,경상사고,0,0,1,0,차대차 - 추돌 - 주정차중,안전운전불이행,건조,맑음,단일로 - 기타,승용,남,30세,경상,승용,남,25세,상해없음
2013072100100094,2013년 7월 21일 05시,일요일,경상북도 구미시 인의동,중상사고,0,1,0,0,차대사람 - 기타,안전운전불이행,건조,맑음,기타 - 기타,승용,여,44세,상해없음,보행자,남,22세,중상
2013072100100095,2013년 7월 21일 05시,일요일,경상북도 포항시 남구 해도동,경상사고,0,0,1,0,차대차 - 측면직각충돌,안전운전불이행,건조,맑음,교차로 - 교차로안,특수,남,52세,상해없음,승용,여,30세,경상
2013072100100119,2013년 7월 21일 07시,일요일,경상북도 경주시 천군동,경상사고,0,0,1,0,차대차 - 기타,안전운전불이행,건조,맑음,단일로 - 기타,승용,남,53세,상해없음,자전거,남,7세,경상
2013072100100120,2013년 7월 21일 07시,일요일,경상북도 경산시 압량면,경상사고,0,0,2,0,차대차 - 정면충돌,안전운전불이행,건조,맑음,단일로 - 기타,기타불명,기타불명,기타불명,기타불명,승용,남,26세,경상
2013072100100132,2013년 7월 21일 08시,일요일,경상북도 안동시 풍산읍,경상사고,0,0,1,0,차대차 - 측면직각충돌,안전운전불이행,건조,맑음,단일로 - 기타,화물,남,47세,상해없음,이륜,남,81세,경상
2013072100100133,2013년 7월 21일 08시,일요일,경상북도 상주시 은척면,중상사고,0,1,1,0,차대차 - 기타,안전운전불이행,건조,맑음,단일로 - 기타,승합,남,56세,상해없음,자전거,남,46세,경상
2013072100100134,2013년 7월 21일 08시,일요일,경상북도 예천군 예천읍,중상사고,0,1,0,0,차대차 - 기타,안전운전불이행,건조,맑음,단일로 - 횡단보도부근,승용,여,29세,상해없음,이륜,남,75세,중상
2013072100100135,2013년 7월 21일 08시,일요일,경상북도 봉화군 봉성면,경상사고,0,0,2,0,차대차 - 측면직각충돌,중앙선침범,건조,맑음,단일로 - 기타,승용,남,45세,상해없음,승합,남,56세,상해없음
2013072100100136,2013년 7월 21일 08시,일요일,경상북도 포항시 남구 대도동,중상사고,0,1,0,0,차대차 - 측면직각충돌,중앙선침범,건조,맑음,단일로 - 기타,승용,남,30세,상해없음,승용,남,46세,중상
2013072100100151,2013년 7월 21일 09시,일요일,경상북도 영천시 화남면,중상사고,0,1,0,0,차대사람 - 기타,안전운전불이행,건조,맑음,단일로 - 기타,기타불명,기타불명,기타불명,기타불명,보행자,여,71세,중상
2013072100100180,2013년 7월 21일 11시,일요일,경상북도 포항시 남구 효자동,경상사고,0,0,1,0,차대차 - 추돌 - 주정차중,안전운전불이행,건조,맑음,단일로 - 기타,승용,남,21세,상해없음,승합,남,57세,경상
2013072100100201,2013년 7월 21일 12시,일요일,경상북도 안동시 남문동,중상사고,0,1,0,0,차대사람 - 차도통행중,안전운전불이행,건조,맑음,단일로 - 기타,승용,남,58세,상해없음,보행자,여,64세,중상
2013072100100202,2013년 7월 21일 12시,일요일,경상북도 칠곡군 가산면,부상신고사고,0,0,0,1,차량단독 - 공작물충돌,기타,건조,맑음,단일로 - 기타,승용,남,21세,부상신고,,,,
2013072100100203,2013년 7월 21일 12시,일요일,경상북도 구미시 무을면,경상사고,0,0,3,0,차대차 - 기타,교차로운행방법위반,건조,맑음,교차로 - 교차로안,승용,남,51세,상해없음,특수,남,41세,경상
2013072100100242,2013년 7월 21일 14시,일요일,경상북도 성주군 가천면,경상사고,0,0,2,0,차대차 - 기타,기타,건조,맑음,단일로 - 기타,승용,남,41세,상해없음,승합,남,45세,경상
2013072100100243,2013년 7월 21일 14시,일요일,경상북도 포항시 남구 대송면,경상사고,0,0,1,0,차량단독 - 공작물충돌,안전운전불이행,건조,맑음,단일로 - 기타,화물,남,49세,경상,,,,
2013072100100270,2013년 7월 21일 15시,일요일,경상북도 경주시 시래동,사망사고,1,0,0,0,차대차 - 기타,안전운전불이행,건조,맑음,교차로 - 교차로안,승용,여,55세,상해없음,원동기,남,92세,사망
2013072100100271,2013년 7월 21일 15시,일요일,경상북도 김천시 부곡동,경상사고,0,0,1,0,차대차 - 측면직각충돌,신호위반,건조,맑음,단일로 - 기타,승용,남,38세,상해없음,자전거,남,13세,경상
2013072100100272,2013년 7월 21일 15시,일요일,경상북도 영주시 영주동,경상사고,0,0,1,0,차대차 - 기타,교차로운행방법위반,건조,맑음,교차로 - 교차로안,승용,남,34세,상해없음,자전거,여,53세,경상
2013072100100273,2013년 7월 21일 15시,일요일,경상북도 영천시 신령면,부상신고사고,0,0,0,1,차대사람 - 기타,안전운전불이행,건조,맑음,단일로 - 기타,승용,남,43세,상해없음,보행자,남,15세,부상신고
2013072100100274,2013년 7월 21일 15시,일요일,경상북도 울진군 원남면,중상사고,0,1,0,0,차대차 - 측면직각충돌,안전거리미확보,건조,맑음,단일로 - 기타,이륜,남,32세,중상,화물,남,60세,상해없음
2013072100100305,2013년 7월 21일 16시,일요일,경상북도 경산시 옥산동,중상사고,0,2,4,0,차대차 - 기타,직진우회전진행방해,건조,맑음,교차로 - 교차로안,승합,남,62세,경상,승용,남,42세,경상
2013072100100306,2013년 7월 21일 16시,일요일,경상북도 청송군 부동면,중상사고,0,4,0,0,차대차 - 기타,안전운전불이행,건조,맑음,단일로 - 기타,승합,남,65세,중상,승합,남,50세,상해없음
2013072100100332,2013년 7월 21일 17시,일요일,경상북도 상주시 화북면,중상사고,0,2,0,0,차량단독 - 도로외이탈 - 기타,안전운전불이행,습기,흐림,단일로 - 기타,승용,남,27세,상해없음,,,,
2013072100100333,2013년 7월 21일 17시,일요일,경상북도 구미시 임수동,경상사고,0,0,4,0,차대차 - 추돌 - 진행중,안전운전불이행,건조,맑음,단일로 - 기타,승용,남,62세,상해없음,승용,남,52세,경상
2013072100100334,2013년 7월 21일 17시,일요일,경상북도 안동시 풍산읍,중상사고,0,2,2,0,차대차 - 추돌 - 진행중,안전운전불이행,건조,맑음,단일로 - 터널,승용,여,23세,상해없음,승용,남,33세,경상
2013072100100365,2013년 7월 21일 18시,일요일,경상북도 경산시 남산면,경상사고,0,0,1,0,차대사람 - 횡단중,안전운전불이행,건조,맑음,단일로 - 기타,승용,남,19세,상해없음,보행자,남,10세,경상
2013072100100393,2013년 7월 21일 19시,일요일,경상북도 포항시 북구 흥해읍,중상사고,0,1,0,0,차대차 - 기타,기타,건조,맑음,교차로 - 교차로안,승용,여,45세,상해없음,자전거,남,10세,중상
2013072100100394,2013년 7월 21일 19시,일요일,경상북도 문경시 흥덕동,경상사고,0,0,1,0,차대차 - 기타,안전운전불이행,건조,맑음,기타 - 기타,화물,남,61세,상해없음,자전거,남,43세,경상
2013072100100421,2013년 7월 21일 20시,일요일,경상북도 포항시 북구 장성동,경상사고,0,0,6,0,차대차 - 측면직각충돌,교차로운행방법위반,건조,맑음,교차로 - 교차로안,승용,여,50세,상해없음,승용,여,40세,경상
2013072100100445,2013년 7월 21일 21시,일요일,경상북도 포항시 북구 두호동,중상사고,0,1,0,0,차대차 - 기타,교차로운행방법위반,건조,맑음,교차로 - 교차로안,승용,여,44세,상해없음,이륜,남,23세,중상
2013072100100446,2013년 7월 21일 21시,일요일,경상북도 칠곡군 석적읍,중상사고,0,1,0,0,차대차 - 추돌 - 진행중,교차로운행방법위반,건조,맑음,교차로 - 교차로안,승합,남,43세,상해없음,자전거,여,50세,중상
2013072100100447,2013년 7월 21일 21시,일요일,경상북도 경산시 조영동,경상사고,0,0,1,0,차대사람 - 기타,안전운전불이행,건조,맑음,교차로 - 교차로부근,승용,남,31세,상해없음,보행자,남,51세,경상
2013072100100488,2013년 7월 21일 23시,일요일,경상북도 경산시 대동,경상사고,0,0,1,0,차대사람 - 횡단중,신호위반,건조,맑음,단일로 - 횡단보도상,승용,남,18세,상해없음,보행자,여,32세,경상
2013072200100005,2013년 7월 22일 00시,월요일,경상북도 포항시 북구 양덕동,경상사고,0,0,3,0,차대차 - 기타,교차로운행방법위반,건조,맑음,교차로 - 교차로안,승용,남,31세,상해없음,승용,남,24세,경상
2013072200100006,2013년 7월 22일 00시,월요일,경상북도 구미시 신평동,경상사고,0,0,1,0,차대차 - 기타,안전운전불이행,건조,맑음,단일로 - 기타,승용,남,63세,상해없음,승용,남,29세,경상
2013072200100027,2013년 7월 22일 03시,월요일,경상북도 경주시 동천동,부상신고사고,0,0,0,1,차대차 - 기타,안전운전불이행,건조,맑음,교차로 - 교차로부근,승용,남,21세,상해없음,건설기계,남,50세,기타불명
2013072200100036,2013년 7월 22일 04시,월요일,경상북도 포항시 북구 죽도동,중상사고,0,1,2,0,차대차 - 측면직각충돌,교차로운행방법위반,건조,맑음,교차로 - 교차로안,승용,남,39세,상해없음,승용,남,66세,경상
2013072200100049,2013년 7월 22일 05시,월요일,경상북도 경산시 압량면,사망사고,1,0,0,0,차량단독 - 도로외이탈 - 추락,안전운전불이행,건조,맑음,단일로 - 교량,이륜,남,84세,사망,,,,
2013072200100113,2013년 7월 22일 08시,월요일,경상북도 안동시 북후면,중상사고,0,1,0,0,차대차 - 측면직각충돌,직진우회전진행방해,건조,맑음,교차로 - 교차로안,화물,남,60세,상해없음,원동기,여,63세,중상
2013072200100114,2013년 7월 22일 08시,월요일,경상북도 김천시 농소면,사망사고,1,0,0,0,차대차 - 측면직각충돌,안전운전불이행,건조,맑음,단일로 - 기타,승용,여,46세,상해없음,이륜,남,78세,사망
2013072200100115,2013년 7월 22일 08시,월요일,경상북도 문경시 산양면,경상사고,0,0,1,0,차대차 - 추돌 - 진행중,안전거리미확보,건조,맑음,교차로 - 교차로부근,화물,남,65세,상해없음,승용,남,40세,경상
2013072200100116,2013년 7월 22일 08시,월요일,경상북도 구미시 남통동,경상사고,0,0,1,0,차대차 - 기타,교차로운행방법위반,건조,맑음,교차로 - 교차로안,승용,여,34세,상해없음,이륜,남,28세,경상
2013072200100145,2013년 7월 22일 09시,월요일,경상북도 포항시 북구 양덕동,경상사고,0,0,1,0,차대차 - 측면직각충돌,안전운전불이행,건조,맑음,교차로 - 교차로안,승용,여,59세,상해없음,승용,남,62세,경상
2013072200100146,2013년 7월 22일 09시,월요일,경상북도 예천군 예천읍,부상신고사고,0,0,0,2,차대차 - 측면직각충돌,안전운전불이행,건조,맑음,교차로 - 교차로안,승용,남,75세,부상신고,승용,남,72세,상해없음
2013072200100147,2013년 7월 22일 09시,월요일,경상북도 포항시 남구 구룡포읍,중상사고,0,1,0,0,차대사람 - 기타,안전운전불이행,건조,맑음,교차로 - 교차로부근,승용,여,49세,상해없음,보행자,여,73세,중상
2013072200100172,2013년 7월 22일 10시,월요일,경상북도 구미시 신동,경상사고,0,0,1,0,차대차 - 기타,안전운전불이행,건조,맑음,단일로 - 기타,이륜,남,22세,경상,승용,남,31세,상해없음
2013072200100209,2013년 7월 22일 11시,월요일,경상북도 경주시 동천동,경상사고,0,0,1,0,차대차 - 기타,안전운전불이행,건조,맑음,단일로 - 기타,승용,여,64세,상해없음,원동기,여,27세,경상
2013072200100210,2013년 7월 22일 11시,월요일,경상북도 상주시 함창읍,중상사고,0,2,2,0,차대차 - 기타,안전운전불이행,건조,맑음,교차로 - 교차로안,승용,여,48세,상해없음,화물,남,72세,경상
2013072200100211,2013년 7월 22일 11시,월요일,경상북도 영천시 완산동,중상사고,0,1,0,0,차대사람 - 횡단중,보행자보호의무위반,건조,맑음,단일로 - 기타,화물,남,70세,상해없음,보행자,남,81세,중상
2013072200100236,2013년 7월 22일 12시,월요일,경상북도 영천시 문외동,경상사고,0,0,4,0,차대차 - 측면직각충돌,직진우회전진행방해,건조,맑음,교차로 - 교차로안,승용,남,22세,경상,승용,남,39세,경상
2013072200100237,2013년 7월 22일 12시,월요일,경상북도 고령군 우곡면,경상사고,0,0,1,0,차대차 - 정면충돌,안전운전불이행,건조,맑음,단일로 - 기타,화물,여,47세,상해없음,화물,남,43세,경상
2013072200100281,2013년 7월 22일 13시,월요일,경상북도 상주시 신봉동,경상사고,0,0,1,0,차대차 - 기타,교차로운행방법위반,건조,맑음,교차로 - 교차로안,승용,남,59세,상해없음,자전거,남,18세,경상
2013072200100282,2013년 7월 22일 13시,월요일,경상북도 청도군 매전면,중상사고,0,1,0,0,차대차 - 측면직각충돌,중앙선침범,건조,맑음,단일로 - 기타,화물,남,47세,상해없음,승용,여,54세,중상
2013072200100320,2013년 7월 22일 14시,월요일,경상북도 김천시 모암동,경상사고,0,0,1,0,차대차 - 측면직각충돌,교차로운행방법위반,건조,맑음,교차로 - 교차로안,화물,남,46세,상해없음,농기계,남,69세,경상
2013072200100321,2013년 7월 22일 14시,월요일,경상북도 칠곡군 왜관읍,경상사고,0,0,4,0,차대차 - 기타,교차로운행방법위반,건조,맑음,교차로 - 교차로안,승용,여,31세,상해없음,승용,여,58세,경상
2013072200100345,2013년 7월 22일 15시,월요일,경상북도 경주시 양북면,중상사고,0,1,0,0,차대사람 - 기타,안전운전불이행,건조,맑음,단일로 - 기타,승용,여,33세,상해없음,보행자,여,71세,중상
2013072200100346,2013년 7월 22일 15시,월요일,경상북도 칠곡군 지천면,중상사고,0,1,0,0,차대차 - 기타,교차로운행방법위반,건조,맑음,교차로 - 교차로안,화물,남,55세,상해없음,승용,남,29세,중상
2013072200100347,2013년 7월 22일 15시,월요일,경상북도 포항시 남구 대잠동,경상사고,0,0,1,0,차대사람 - 기타,안전운전불이행,건조,맑음,기타 - 기타,승합,남,35세,상해없음,보행자,남,46세,경상
2013072200100377,2013년 7월 22일 16시,월요일,경상북도 칠곡군 석적읍,중상사고,0,1,0,0,차대사람 - 기타,안전운전불이행,건조,맑음,단일로 - 기타,승용,남,66세,상해없음,보행자,여,56세,중상
2013072200100378,2013년 7월 22일 16시,월요일,경상북도 경산시 남천면,경상사고,0,0,2,0,차대차 - 기타,중앙선침범,건조,맑음,단일로 - 기타,승용,여,53세,경상,승용,남,47세,경상
2013072200100379,2013년 7월 22일 16시,월요일,경상북도 경산시 진량읍,경상사고,0,0,1,0,차대차 - 기타,안전운전불이행,건조,맑음,교차로 - 교차로부근,승용,여,44세,상해없음,승용,남,45세,경상
2013072200100400,2013년 7월 22일 17시,월요일,경상북도 김천시 지좌동,경상사고,0,0,1,0,차대차 - 측면직각충돌,교차로운행방법위반,건조,맑음,교차로 - 교차로안,이륜,남,70세,경상,승용,남,44세,상해없음
2013072200100401,2013년 7월 22일 17시,월요일,경상북도 상주시 낙양동,중상사고,0,1,0,0,차대차 - 기타,안전운전불이행,건조,맑음,단일로 - 기타,자전거,남,74세,중상,이륜,남,44세,상해없음
2013072200100402,2013년 7월 22일 17시,월요일,경상북도 구미시 황상동,중상사고,0,1,1,0,차대차 - 기타,신호위반,건조,맑음,교차로 - 교차로안,승용,여,32세,상해없음,이륜,남,17세,중상
2013072200100446,2013년 7월 22일 18시,월요일,경상북도 경주시 천군동,부상신고사고,0,0,0,1,차대차 - 측면직각충돌,안전운전불이행,건조,맑음,교차로 - 교차로안,원동기,남,14세,부상신고,승용,남,41세,상해없음
2013072200100447,2013년 7월 22일 18시,월요일,경상북도 성주군 선남면,경상사고,0,0,1,0,차대차 - 추돌 - 진행중,안전운전불이행,건조,맑음,기타 - 기타,승용,여,49세,상해없음,화물,남,48세,경상
2013072200100448,2013년 7월 22일 18시,월요일,경상북도 구미시 거의동,경상사고,0,0,1,0,차대차 - 기타,중앙선침범,건조,맑음,단일로 - 기타,승용,남,32세,상해없음,이륜,남,51세,경상
2013072200100477,2013년 7월 22일 19시,월요일,경상북도 포항시 북구 장성동,경상사고,0,0,1,0,차대차 - 기타,차로위반,건조,맑음,단일로 - 기타,승용,남,38세,상해없음,승합,남,53세,경상
2013072200100478,2013년 7월 22일 19시,월요일,경상북도 포항시 북구 죽도동,경상사고,0,0,4,0,차대차 - 기타,교차로운행방법위반,건조,맑음,교차로 - 교차로안,특수,남,70세,상해없음,승용,여,42세,경상