사고번호,사고일시,요일,시군구,사고내용,사망자수,중상자수,경상자수,부상신고자수,사고유형,법규위반,노면상태,기상상태,도로형태,가해운전자 차종,가해운전자 성별,가해운전자 연령,가해운전자 상해정도,피해운전자 차종,피해운전자 성별,피해운전자 연령,피해운전자 상해정도
2013072200100479,2013년 7월 22일 19시,월요일,경상북도 상주시 낙동면,중상사고,0,1,0,0,차대차 - 기타,안전운전불이행,건조,맑음,단일로 - 기타,원동기,남,66세,중상,승용,여,42세,상해없음
2013072200100508,2013년 7월 22일 20시,월요일,경상북도 문경시 영신동,경상사고,0,0,1,0,차대차 - 측면직각충돌,직진우회전진행방해,건조,맑음,교차로 - 교차로안,승용,남,21세,상해없음,승용,남,63세,경상
2013072200100509,2013년 7월 22일 20시,월요일,경상북도 청송군 청송읍,중상사고,0,2,0,0,차대차 - 기타,교차로운행방법위반,건조,맑음,교차로 - 교차로안,승용,여,57세,상해없음,승용,남,44세,중상
2013072200100541,2013년 7월 22일 21시,월요일,경상북도 경산시 신천동,경상사고,0,0,2,0,차대차 - 기타,교차로운행방법위반,건조,맑음,교차로 - 교차로안,승용,여,38세,경상,화물,남,61세,경상
2013072200100542,2013년 7월 22일 21시,월요일,경상북도 구미시 인의동,경상사고,0,0,1,0,차대차 - 기타,교차로운행방법위반,건조,기타,교차로 - 교차로안,이륜,남,20세,상해없음,승용,남,40세,상해없음
2013072200100543,2013년 7월 22일 21시,월요일,경상북도 구미시 공단동,중상사고,0,1,2,0,차대차 - 측면직각충돌,안전운전불이행,건조,맑음,교차로 - 교차로안,승용,여,38세,경상,승용,남,38세,중상
2013072200100563,2013년 7월 22일 22시,월요일,경상북도 경주시 외동읍,중상사고,0,1,5,0,차대차 - 측면직각충돌,신호위반,건조,맑음,교차로 - 교차로안,승용,남,66세,중상,승용,여,38세,경상
2013072200100588,2013년 7월 22일 23시,월요일,경상북도 안동시 옥야동,중상사고,0,1,0,0,차대차 - 측면직각충돌,신호위반,건조,맑음,교차로 - 교차로안,이륜,남,55세,중상,승용,남,33세,상해없음
2013072200100589,2013년 7월 22일 23시,월요일,경상북도 칠곡군 석적읍,중상사고,0,1,0,0,차량단독 - 기타,안전운전불이행,건조,맑음,단일로 - 기타,승용,여,26세,중상,,,,
2013072300100017,2013년 7월 23일 00시,화요일,경상북도 포항시 북구 환호동,중상사고,0,1,2,0,차대차 - 추돌 - 진행중,안전운전불이행,건조,맑음,단일로 - 기타,승용,남,39세,상해없음,승용,남,57세,중상
2013072300100018,2013년 7월 23일 00시,화요일,경상북도 영주시 휴천동,중상사고,0,1,2,0,차대사람 - 차도통행중,안전운전불이행,건조,맑음,교차로 - 교차로부근,승합,남,41세,상해없음,보행자,남,54세,중상
2013072300100033,2013년 7월 23일 01시,화요일,경상북도 경주시 동천동,중상사고,0,1,0,0,차대차 - 측면직각충돌,안전운전불이행,건조,맑음,기타 - 기타,승용,남,38세,상해없음,원동기,남,48세,중상
2013072300100034,2013년 7월 23일 01시,화요일,경상북도 영주시 휴천동,중상사고,0,3,0,0,차대차 - 측면직각충돌,안전운전불이행,건조,맑음,교차로 - 교차로안,승용,남,62세,중상,승용,남,54세,중상
2013072300100044,2013년 7월 23일 02시,화요일,경상북도 구미시 구평동,중상사고,0,1,0,0,차대차 - 기타,안전운전불이행,건조,맑음,교차로 - 교차로안,승용,남,21세,상해없음,승용,남,42세,중상
2013072300100085,2013년 7월 23일 06시,화요일,경상북도 영천시 고경면,중상사고,0,1,0,0,차대차 - 기타,기타,건조,맑음,교차로 - 교차로안,승용,남,64세,상해없음,승용,남,70세,중상
2013072300100086,2013년 7월 23일 06시,화요일,경상북도 구미시 봉곡동,경상사고,0,0,1,0,차대차 - 측면직각충돌,안전운전불이행,건조,맑음,교차로 - 교차로안,승용,남,34세,상해없음,승용,남,52세,경상
2013072300100087,2013년 7월 23일 06시,화요일,경상북도 포항시 남구 오천읍,경상사고,0,0,1,0,차대차 - 측면직각충돌,안전운전불이행,건조,맑음,교차로 - 교차로부근,승용,남,55세,상해없음,승용,남,65세,경상
2013072300100143,2013년 7월 23일 08시,화요일,경상북도 상주시 신봉동,중상사고,0,1,0,0,차대차 - 기타,안전운전불이행,건조,맑음,단일로 - 기타,화물,남,55세,상해없음,자전거,여,54세,중상
2013072300100171,2013년 7월 23일 09시,화요일,경상북도 경주시 용강동,중상사고,0,1,0,0,차대차 - 기타,안전운전불이행,건조,맑음,단일로 - 기타,승합,여,39세,상해없음,승용,여,57세,상해없음
2013072300100172,2013년 7월 23일 09시,화요일,경상북도 예천군 풍양면,중상사고,0,1,0,0,차대차 - 기타,안전운전불이행,건조,흐림,교차로 - 교차로안,농기계,남,63세,중상,화물,남,38세,상해없음
2013072300100195,2013년 7월 23일 10시,화요일,경상북도 경산시 하양읍,중상사고,0,1,0,0,차대차 - 기타,안전운전불이행,건조,맑음,단일로 - 기타,기타불명,기타불명,기타불명,기타불명,자전거,남,61세,중상
2013072300100228,2013년 7월 23일 11시,화요일,경상북도 경주시 양남면,중상사고,0,1,1,0,차대차 - 기타,안전운전불이행,건조,맑음,교차로 - 교차로안,승용,남,30세,상해없음,승용,여,28세,중상
2013072300100229,2013년 7월 23일 11시,화요일,경상북도 김천시 성내동,경상사고,0,0,2,0,차대차 - 측면직각충돌,교차로운행방법위반,습기,비,교차로 - 교차로안,승용,여,47세,상해없음,승용,남,29세,경상
2013072300100230,2013년 7월 23일 11시,화요일,경상북도 의성군 옥산면,중상사고,0,1,0,0,차량단독 - 기타,안전운전불이행,건조,맑음,단일로 - 기타,농기계,남,78세,상해없음,,,,
2013072300100231,2013년 7월 23일 11시,화요일,경상북도 영천시 야사동,중상사고,0,1,1,0,차대차 - 기타,안전거리미확보,건조,맑음,단일로 - 기타,승용,남,61세,상해없음,승용,남,64세,중상
2013072300100259,2013년 7월 23일 12시,화요일,경상북도 안동시 율세동,경상사고,0,0,1,0,차대차 - 측면직각충돌,안전운전불이행,건조,맑음,기타 - 기타,승합,남,52세,상해없음,승용,남,33세,경상
2013072300100260,2013년 7월 23일 12시,화요일,경상북도 김천시 성내동,중상사고,0,1,0,0,차대사람 - 기타,보행자보호의무위반,습기,비,단일로 - 횡단보도상,승용,남,36세,상해없음,보행자,여,67세,중상
2013072300100261,2013년 7월 23일 12시,화요일,경상북도 영덕군 달산면,경상사고,0,0,1,1,차대사람 - 횡단중,안전운전불이행,건조,맑음,단일로 - 기타,이륜,남,54세,부상신고,보행자,남,42세,경상
2013072300100262,2013년 7월 23일 12시,화요일,경상북도 예천군 예천읍,사망사고,1,0,0,0,차량단독 - 공작물충돌,안전운전불이행,습기,비,단일로 - 기타,승용,남,49세,사망,,,,
2013072300100286,2013년 7월 23일 13시,화요일,경상북도 포항시 북구 죽도동,경상사고,0,0,1,0,차대차 - 기타,신호위반,건조,맑음,교차로 - 교차로안,승용,여,62세,상해없음,승용,여,45세,경상
2013072300100287,2013년 7월 23일 13시,화요일,경상북도 영덕군 강구면,경상사고,0,0,3,0,차대차 - 정면충돌,중앙선침범,건조,맑음,단일로 - 기타,승용,남,23세,상해없음,화물,남,58세,상해없음
2013072300100312,2013년 7월 23일 14시,화요일,경상북도 문경시 모전동,경상사고,0,0,2,1,차대차 - 측면직각충돌,신호위반,습기,비,교차로 - 교차로안,승합,남,63세,경상,승용,남,40세,경상
2013072300100343,2013년 7월 23일 15시,화요일,경상북도 포항시 남구 지곡동,경상사고,0,0,1,0,차대차 - 기타,기타,건조,맑음,단일로 - 기타,승용,남,61세,상해없음,원동기,남,56세,경상
2013072300100362,2013년 7월 23일 16시,화요일,경상북도 문경시 신기동,중상사고,0,1,0,0,차량단독 - 공작물충돌,안전운전불이행,습기,비,교차로 - 교차로부근,승합,여,51세,중상,,,,
2013072300100363,2013년 7월 23일 16시,화요일,경상북도 울진군 울진읍,경상사고,0,0,1,0,차대차 - 추돌 - 진행중,안전운전불이행,건조,맑음,단일로 - 기타,승합,남,47세,상해없음,화물,남,39세,경상
2013072300100364,2013년 7월 23일 16시,화요일,경상북도 구미시 사곡동,중상사고,0,2,0,0,차대차 - 추돌 - 주정차중,안전운전불이행,습기,흐림,교차로 - 교차로부근,승합,남,46세,상해없음,승용,여,44세,중상
2013072300100393,2013년 7월 23일 17시,화요일,경상북도 영주시 가흥동,중상사고,0,1,0,0,차대차 - 정면충돌,교차로운행방법위반,건조,맑음,교차로 - 교차로안,승용,여,40세,상해없음,자전거,남,78세,중상
2013072300100418,2013년 7월 23일 18시,화요일,경상북도 포항시 남구 상도동,부상신고사고,0,0,0,1,차대사람 - 기타,안전운전불이행,건조,맑음,교차로 - 교차로부근,화물,남,49세,상해없음,보행자,남,9세,부상신고
2013072300100453,2013년 7월 23일 19시,화요일,경상북도 칠곡군 약목면,경상사고,0,0,1,0,차대사람 - 횡단중,안전운전불이행,건조,맑음,단일로 - 기타,승용,남,39세,상해없음,보행자,여,5세,경상
2013072300100454,2013년 7월 23일 19시,화요일,경상북도 영양군 석보면,중상사고,0,1,0,0,차대사람 - 길가장자리구역통행중,안전운전불이행,건조,흐림,단일로 - 기타,기타불명,기타불명,기타불명,기타불명,보행자,여,53세,중상
2013072300100455,2013년 7월 23일 19시,화요일,경상북도 구미시 고아읍,경상사고,0,0,1,0,차대사람 - 횡단중,기타,건조,맑음,단일로 - 횡단보도상,승용,남,43세,상해없음,보행자,남,56세,경상
2013072300100456,2013년 7월 23일 19시,화요일,경상북도 구미시 해평면,경상사고,0,0,1,0,차량단독 - 기타,안전운전불이행,건조,맑음,단일로 - 기타,승합,남,73세,경상,,,,
2013072300100490,2013년 7월 23일 20시,화요일,경상북도 구미시 진평동,중상사고,0,2,0,0,차대차 - 기타,안전운전불이행,건조,맑음,단일로 - 기타,승용,여,36세,상해없음,이륜,여,26세,중상
2013072300100491,2013년 7월 23일 20시,화요일,경상북도 포항시 남구 해도동,경상사고,0,0,1,0,차대차 - 기타,안전운전불이행,건조,맑음,교차로 - 교차로안,승용,남,45세,상해없음,승용,남,54세,상해없음
2013072300100519,2013년 7월 23일 21시,화요일,경상북도 포항시 북구 항구동,경상사고,0,0,1,0,차대차 - 측면직각충돌,교차로운행방법위반,건조,맑음,교차로 - 교차로안,승용,남,50세,상해없음,승용,남,54세,경상
2013072300100520,2013년 7월 23일 21시,화요일,경상북도 영주시 가흥동,중상사고,0,2,2,0,차대차 - 측면직각충돌,교차로운행방법위반,건조,흐림,교차로 - 교차로안,승용,남,42세,상해없음,승용,여,53세,경상
2013072300100567,2013년 7월 23일 22시,화요일,경상북도 포항시 북구 죽도동,경상사고,0,0,5,0,차대차 - 기타,신호위반,건조,맑음,교차로 - 교차로안,승용,남,64세,상해없음,승용,남,54세,경상
2013072300100568,2013년 7월 23일 22시,화요일,경상북도 상주시 서성동,중상사고,0,1,0,0,차대사람 - 기타,안전운전불이행,건조,맑음,단일로 - 기타,이륜,남,17세,상해없음,보행자,남,18세,중상
2013072300100569,2013년 7월 23일 22시,화요일,경상북도 포항시 남구 대잠동,경상사고,0,0,1,0,차대차 - 추돌 - 주정차중,안전운전불이행,건조,맑음,교차로 - 교차로부근,승용,남,48세,상해없음,승용,남,31세,경상
2013072400100018,2013년 7월 24일 00시,수요일,경상북도 안동시 운흥동,중상사고,0,3,0,0,차대차 - 측면직각충돌,중앙선침범,건조,맑음,단일로 - 기타,승용,남,69세,상해없음,승용,남,31세,중상
2013072400100031,2013년 7월 24일 01시,수요일,경상북도 구미시 옥계동,중상사고,0,1,0,0,차대사람 - 기타,안전운전불이행,건조,맑음,단일로 - 기타,승합,남,28세,상해없음,보행자,남,39세,중상
2013072400100032,2013년 7월 24일 01시,수요일,경상북도 칠곡군 가산면,경상사고,0,0,2,0,차대차 - 측면직각충돌,안전운전불이행,건조,맑음,단일로 - 기타,승용,남,39세,상해없음,승용,남,26세,경상
2013072400100072,2013년 7월 24일 05시,수요일,경상북도 경주시 감포읍,중상사고,0,1,0,0,차량단독 - 기타,안전운전불이행,건조,맑음,단일로 - 기타,승용,남,29세,중상,,,,
2013072400100073,2013년 7월 24일 05시,수요일,경상북도 상주시 공성면,중상사고,0,1,0,0,차대차 - 기타,안전운전불이행,건조,맑음,단일로 - 기타,승용,남,66세,상해없음,원동기,남,61세,중상
2013072400100090,2013년 7월 24일 06시,수요일,경상북도 상주시 남성동,경상사고,0,0,1,0,차대차 - 기타,안전운전불이행,건조,맑음,교차로 - 교차로부근,승용,여,61세,상해없음,원동기,여,47세,경상
2013072400100091,2013년 7월 24일 06시,수요일,경상북도 구미시 도량동,경상사고,0,0,1,0,차대차 - 측면직각충돌,안전운전불이행,건조,맑음,단일로 - 기타,승용,남,53세,상해없음,승용,남,50세,경상
2013072400100131,2013년 7월 24일 08시,수요일,경상북도 안동시 태화동,경상사고,0,0,1,0,차대차 - 추돌 - 진행중,안전운전불이행,건조,흐림,단일로 - 기타,승합,남,53세,상해없음,승용,여,59세,경상
2013072400100132,2013년 7월 24일 08시,수요일,경상북도 영천시 신령면,경상사고,0,0,2,0,차대차 - 측면직각충돌,안전운전불이행,건조,맑음,단일로 - 기타,화물,남,51세,상해없음,승용,남,23세,경상
2013072400100133,2013년 7월 24일 08시,수요일,경상북도 경산시 옥곡동,중상사고,0,1,0,0,차대차 - 기타,신호위반,건조,맑음,교차로 - 교차로부근,승용,남,37세,상해없음,자전거,여,32세,중상
2013072400100167,2013년 7월 24일 09시,수요일,경상북도 포항시 북구 청하면,경상사고,0,0,1,0,차대차 - 기타,안전운전불이행,건조,맑음,단일로 - 기타,건설기계,남,54세,상해없음,화물,남,74세,경상
2013072400100168,2013년 7월 24일 09시,수요일,경상북도 포항시 남구 오천읍,중상사고,0,1,0,0,차량단독 - 공작물충돌,안전운전불이행,건조,맑음,단일로 - 기타,승용,남,27세,중상,,,,
2013072400100169,2013년 7월 24일 09시,수요일,경상북도 포항시 남구 이동,중상사고,0,1,0,0,차대차 - 추돌 - 주정차중,안전운전불이행,건조,맑음,단일로 - 기타,승용,남,44세,상해없음,화물,남,57세,상해없음
2013072400100193,2013년 7월 24일 10시,수요일,경상북도 포항시 남구 해도동,경상사고,0,0,1,0,차대사람 - 기타,안전운전불이행,건조,맑음,단일로 - 기타,건설기계,남,50세,상해없음,보행자,남,59세,경상
2013072400100221,2013년 7월 24일 11시,수요일,경상북도 포항시 북구 송라면,중상사고,0,5,2,0,차대차 - 측면직각충돌,안전거리미확보,건조,맑음,단일로 - 기타,승용,남,21세,상해없음,승용,남,32세,중상
2013072400100250,2013년 7월 24일 12시,수요일,경상북도 안동시 당북동,중상사고,0,1,0,0,차대사람 - 기타,안전운전불이행,건조,맑음,교차로 - 교차로안,건설기계,남,48세,상해없음,보행자,여,81세,중상
2013072400100273,2013년 7월 24일 13시,수요일,경상북도 구미시 구평동,경상사고,0,0,3,0,차대차 - 측면직각충돌,안전운전불이행,건조,맑음,교차로 - 교차로부근,화물,남,59세,상해없음,승용,남,25세,경상
2013072400100274,2013년 7월 24일 13시,수요일,경상북도 포항시 남구 해도동,중상사고,0,1,0,0,차대사람 - 기타,안전운전불이행,건조,맑음,기타 - 기타,승용,남,30세,상해없음,보행자,남,45세,중상
2013072400100296,2013년 7월 24일 14시,수요일,경상북도 경주시 양남면,경상사고,0,0,1,0,차대차 - 기타,중앙선침범,건조,맑음,단일로 - 기타,승용,여,51세,상해없음,승용,남,29세,상해없음
2013072400100297,2013년 7월 24일 14시,수요일,경상북도 경주시 황용동,경상사고,0,0,1,0,차량단독 - 전도전복,안전운전불이행,건조,맑음,기타 - 기타,이륜,남,22세,상해없음,,,,
2013072400100298,2013년 7월 24일 14시,수요일,경상북도 경산시 압량면,경상사고,0,0,2,0,차대차 - 기타,교차로운행방법위반,건조,맑음,교차로 - 교차로안,승용,여,32세,경상,승용,여,25세,경상
2013072400100323,2013년 7월 24일 15시,수요일,경상북도 봉화군 법전면,사망사고,1,0,0,0,차대차 - 측면직각충돌,안전운전불이행,건조,맑음,교차로 - 교차로부근,이륜,남,63세,사망,승용,여,48세,상해없음
2013072400100324,2013년 7월 24일 15시,수요일,경상북도 구미시 원평동,중상사고,0,1,0,0,차대사람 - 횡단중,보행자보호의무위반,건조,맑음,교차로 - 교차로부근,승용,여,29세,상해없음,보행자,여,67세,중상
2013072400100325,2013년 7월 24일 15시,수요일,경상북도 구미시 신평동,경상사고,0,0,1,0,차대차 - 측면직각충돌,안전거리미확보,건조,맑음,단일로 - 기타,승용,여,23세,상해없음,승용,남,55세,경상
2013072400100375,2013년 7월 24일 17시,수요일,경상북도 예천군 예천읍,경상사고,0,0,1,0,차대사람 - 횡단중,안전운전불이행,건조,맑음,단일로 - 기타,화물,남,29세,상해없음,보행자,여,10세,경상
2013072400100376,2013년 7월 24일 17시,수요일,경상북도 고령군 고령읍,사망사고,1,0,0,0,차량단독 - 도로외이탈 - 추락,안전운전불이행,건조,맑음,단일로 - 기타,이륜,남,74세,사망,,,,
2013072400100473,2013년 7월 24일 20시,수요일,경상북도 영주시 가흥동,경상사고,0,0,1,0,차대차 - 추돌 - 주정차중,안전운전불이행,건조,맑음,교차로 - 교차로부근,승용,남,57세,상해없음,승용,여,36세,경상
2013072400100474,2013년 7월 24일 20시,수요일,경상북도 문경시 모전동,경상사고,0,0,1,0,차대차 - 기타,안전운전불이행,건조,맑음,교차로 - 교차로안,승용,남,42세,상해없음,승용,여,61세,경상
2013072400100475,2013년 7월 24일 20시,수요일,경상북도 포항시 남구 이동,경상사고,0,0,1,0,차대차 - 추돌 - 주정차중,안전운전불이행,건조,맑음,단일로 - 기타,원동기,남,45세,경상,승용,여,27세,상해없음
2013072400100476,2013년 7월 24일 20시,수요일,경상북도 상주시 낙동면,사망사고,1,0,0,0,차대사람 - 기타,안전운전불이행,건조,맑음,단일로 - 기타,기타불명,기타불명,기타불명,기타불명,보행자,남,35세,사망
2013072400100509,2013년 7월 24일 21시,수요일,경상북도 성주군 용암면,경상사고,0,0,1,0,차대사람 - 기타,안전운전불이행,기타,맑음,단일로 - 기타,승용,남,29세,상해없음,보행자,남,76세,경상
2013072400100510,2013년 7월 24일 21시,수요일,경상북도 구미시 진평동,경상사고,0,0,1,0,차대차 - 측면직각충돌,안전운전불이행,건조,맑음,단일로 - 기타,화물,남,42세,상해없음,이륜,남,33세,경상
2013072400100511,2013년 7월 24일 21시,수요일,경상북도 포항시 남구 오천읍,중상사고,0,1,0,0,차대사람 - 기타,안전운전불이행,건조,맑음,교차로 - 교차로부근,화물,남,35세,상해없음,보행자,남,64세,중상
2013072400100547,2013년 7월 24일 22시,수요일,경상북도 경주시 황성동,경상사고,0,0,1,0,차대사람 - 기타,안전운전불이행,건조,맑음,교차로 - 교차로부근,승용,남,44세,상해없음,보행자,남,21세,경상
2013072400100548,2013년 7월 24일 22시,수요일,경상북도 포항시 북구 장성동,경상사고,0,0,1,0,차대차 - 기타,안전운전불이행,건조,맑음,교차로 - 교차로안,승용,여,46세,상해없음,승용,남,50세,경상
2013072400100549,2013년 7월 24일 22시,수요일,경상북도 상주시 개운동,중상사고,0,1,0,0,차대차 - 추돌 - 진행중,안전운전불이행,건조,맑음,교차로 - 교차로부근,승용,남,30세,상해없음,승용,여,36세,중상
2013072400100550,2013년 7월 24일 22시,수요일,경상북도 문경시 모전동,경상사고,0,0,1,0,차대차 - 측면직각충돌,교차로운행방법위반,건조,맑음,교차로 - 교차로부근,승용,남,47세,상해없음,이륜,남,18세,경상
2013072400100551,2013년 7월 24일 22시,수요일,경상북도 구미시 공단동,경상사고,0,0,1,0,차대차 - 추돌 - 주정차중,안전운전불이행,건조,맑음,기타 - 기타,승용,여,61세,상해없음,화물,남,37세,기타불명
2013072400100552,2013년 7월 24일 22시,수요일,경상북도 구미시 장천면,중상사고,0,2,0,0,차대차 - 측면직각충돌,안전운전불이행,건조,맑음,단일로 - 기타,승용,남,23세,중상,승용,여,33세,중상
2013072500100063,2013년 7월 25일 06시,목요일,경상북도 상주시 성하동,중상사고,0,1,0,0,차대차 - 기타,교차로운행방법위반,건조,맑음,교차로 - 교차로안,승용,남,70세,상해없음,화물,남,62세,상해없음
2013072500100114,2013년 7월 25일 08시,목요일,경상북도 영천시 청통면,경상사고,0,0,2,0,차대차 - 측면직각충돌,안전운전불이행,건조,맑음,단일로 - 기타,화물,남,27세,경상,화물,남,57세,경상
2013072500100143,2013년 7월 25일 09시,목요일,경상북도 경주시 안강읍,중상사고,0,1,0,0,차대차 - 기타,신호위반,건조,맑음,교차로 - 교차로안,화물,남,53세,상해없음,원동기,남,74세,중상
2013072500100144,2013년 7월 25일 09시,목요일,경상북도 포항시 북구 용흥동,경상사고,0,0,1,0,차대차 - 기타,차로위반,건조,맑음,단일로 - 기타,승용,여,39세,상해없음,승용,남,46세,경상
2013072500100170,2013년 7월 25일 10시,목요일,경상북도 김천시 봉산면,중상사고,0,1,0,0,차대차 - 측면직각충돌,중앙선침범,건조,맑음,단일로 - 기타,승용,남,51세,상해없음,승용,여,50세,중상
2013072500100171,2013년 7월 25일 10시,목요일,경상북도 상주시 남성동,중상사고,0,1,0,0,차대차 - 기타,안전운전불이행,건조,맑음,기타 - 기타,화물,남,47세,상해없음,자전거,여,49세,중상
2013072500100172,2013년 7월 25일 10시,목요일,경상북도 구미시 진평동,경상사고,0,0,2,0,차대사람 - 기타,안전운전불이행,건조,맑음,교차로 - 교차로부근,승용,남,22세,상해없음,보행자,남,22세,경상
2013072500100205,2013년 7월 25일 11시,목요일,경상북도 영천시 성내동,중상사고,0,1,0,1,차대차 - 추돌 - 진행중,안전운전불이행,건조,맑음,단일로 - 횡단보도부근,화물,남,62세,부상신고,승용,여,40세,중상
2013072500100236,2013년 7월 25일 12시,목요일,경상북도 포항시 북구 흥해읍,경상사고,0,0,1,0,차대차 - 측면직각충돌,교차로운행방법위반,건조,맑음,교차로 - 교차로부근,승용,남,44세,상해없음,승용,남,42세,경상
2013072500100237,2013년 7월 25일 12시,목요일,경상북도 의성군 금성면,중상사고,0,1,0,0,차량단독 - 도로외이탈 - 기타,안전운전불이행,건조,맑음,단일로 - 기타,승용,남,70세,상해없음,,,,
2013072500100238,2013년 7월 25일 12시,목요일,경상북도 칠곡군 가산면,중상사고,0,1,2,1,차대차 - 기타,차로위반,건조,맑음,단일로 - 기타,승용,남,38세,부상신고,화물,남,48세,경상
2013072500100239,2013년 7월 25일 12시,목요일,경상북도 포항시 남구 연일읍,경상사고,0,0,1,0,차대차 - 기타,안전운전불이행,건조,맑음,단일로 - 기타,승용,여,37세,상해없음,원동기,남,44세,경상
2013072500100266,2013년 7월 25일 13시,목요일,경상북도 상주시 화서면,중상사고,0,2,0,0,차대차 - 추돌 - 진행중,안전운전불이행,건조,맑음,단일로 - 기타,화물,남,56세,중상,화물,남,56세,상해없음
2013072500100299,2013년 7월 25일 14시,목요일,경상북도 안동시 운흥동,중상사고,0,1,0,0,차대사람 - 횡단중,안전운전불이행,건조,맑음,단일로 - 기타,승용,남,63세,상해없음,보행자,남,43세,중상
2013072500100300,2013년 7월 25일 14시,목요일,경상북도 영천시 금노동,중상사고,0,1,0,0,차대사람 - 횡단중,안전운전불이행,건조,맑음,단일로 - 기타,승용,남,30세,상해없음,보행자,남,27세,중상
2013072500100301,2013년 7월 25일 14시,목요일,경상북도 문경시 문경읍,경상사고,0,0,2,0,차대차 - 측면직각충돌,직진우회전진행방해,건조,맑음,교차로 - 교차로안,승용,여,52세,경상,건설기계,남,56세,상해없음
2013072500100302,2013년 7월 25일 14시,목요일,경상북도 포항시 남구 대도동,경상사고,0,0,2,0,차대차 - 기타,안전운전불이행,건조,맑음,단일로 - 기타,건설기계,남,49세,상해없음,승용,여,30세,경상
2013072500100346,2013년 7월 25일 15시,목요일,경상북도 포항시 북구 상원동,경상사고,0,0,1,0,차대차 - 기타,안전운전불이행,건조,맑음,교차로 - 교차로부근,승용,남,34세,상해없음,자전거,여,55세,경상
2013072500100347,2013년 7월 25일 15시,목요일,경상북도 영천시 청통면,경상사고,0,0,3,0,차대차 - 추돌 - 주정차중,안전운전불이행,건조,맑음,단일로 - 기타,승용,남,54세,경상,승합,남,35세,경상
2013072500100348,2013년 7월 25일 15시,목요일,경상북도 포항시 남구 오천읍,중상사고,0,1,0,0,차대차 - 측면직각충돌,안전운전불이행,건조,맑음,단일로 - 기타,승용,여,41세,상해없음,원동기,남,45세,중상
2013072500100386,2013년 7월 25일 16시,목요일,경상북도 경주시 천군동,경상사고,0,0,1,0,차대차 - 기타,신호위반,건조,맑음,교차로 - 교차로안,승용,남,21세,상해없음,승용,남,44세,상해없음
2013072500100387,2013년 7월 25일 16시,목요일,경상북도 안동시 법흥동,중상사고,0,1,1,0,차대차 - 측면직각충돌,안전거리미확보,건조,맑음,단일로 - 기타,화물,남,45세,상해없음,화물,여,58세,중상
2013072500100388,2013년 7월 25일 16시,목요일,경상북도 상주시 계산동,사망사고,1,1,0,0,차대차 - 기타,중앙선침범,건조,맑음,단일로 - 기타,이륜,남,75세,사망,화물,남,34세,중상
2013072500100389,2013년 7월 25일 16시,목요일,경상북도 경산시 남산면,부상신고사고,0,0,0,1,차대차 - 기타,교차로운행방법위반,건조,맑음,교차로 - 교차로안,화물,남,53세,상해없음,화물,남,43세,부상신고
2013072500100390,2013년 7월 25일 16시,목요일,경상북도 구미시 인의동,경상사고,0,0,1,0,차대차 - 측면직각충돌,안전운전불이행,건조,맑음,단일로 - 횡단보도상,승합,남,40세,상해없음,자전거,남,58세,경상
2013072500100391,2013년 7월 25일 16시,목요일,경상북도 구미시 형곡동,경상사고,0,0,1,0,차대차 - 기타,안전운전불이행,건조,맑음,단일로 - 기타,승용,남,20세,상해없음,화물,남,52세,경상
2013072500100423,2013년 7월 25일 17시,목요일,경상북도 포항시 북구 양덕동,경상사고,0,0,1,0,차대차 - 기타,안전운전불이행,건조,맑음,교차로 - 교차로부근,승용,남,37세,상해없음,승용,남,41세,경상
2013072500100424,2013년 7월 25일 17시,목요일,경상북도 예천군 예천읍,중상사고,0,1,0,0,차대차 - 측면직각충돌,안전운전불이행,건조,맑음,교차로 - 교차로안,승용,여,52세,상해없음,원동기,여,58세,중상
2013072500100425,2013년 7월 25일 17시,목요일,경상북도 구미시 도량동,중상사고,0,1,1,0,차대차 - 측면직각충돌,직진우회전진행방해,건조,맑음,교차로 - 교차로안,이륜,남,39세,경상,화물,남,45세,중상
2013072500100426,2013년 7월 25일 17시,목요일,경상북도 구미시 금전동,중상사고,0,2,0,0,차대차 - 측면직각충돌,기타,건조,맑음,단일로 - 기타,화물,남,53세,상해없음,화물,남,25세,중상
2013072500100544,2013년 7월 25일 20시,목요일,경상북도 경주시 감포읍,경상사고,0,0,1,0,차대차 - 측면직각충돌,신호위반,건조,맑음,교차로 - 교차로안,승용,남,72세,상해없음,승용,남,28세,경상
2013072500100545,2013년 7월 25일 20시,목요일,경상북도 영천시 야사동,중상사고,0,1,2,0,차대차 - 기타,신호위반,건조,맑음,교차로 - 교차로안,원동기,남,33세,경상,원동기,남,17세,중상
2013072500100546,2013년 7월 25일 20시,목요일,경상북도 영천시 금노동,경상사고,0,0,1,0,차대사람 - 횡단중,안전운전불이행,건조,맑음,단일로 - 기타,승용,남,39세,상해없음,보행자,남,52세,경상
2013072500100547,2013년 7월 25일 20시,목요일,경상북도 경산시 진량읍,중상사고,0,1,0,0,차대사람 - 횡단중,안전운전불이행,건조,맑음,단일로 - 기타,승용,남,66세,상해없음,보행자,남,17세,중상
2013072500100548,2013년 7월 25일 20시,목요일,경상북도 포항시 남구 연일읍,경상사고,0,0,1,0,차대차 - 측면직각충돌,안전운전불이행,건조,맑음,단일로 - 횡단보도상,승용,남,25세,상해없음,자전거,남,12세,경상