사고번호,사고일시,요일,시군구,사고내용,사망자수,중상자수,경상자수,부상신고자수,사고유형,법규위반,노면상태,기상상태,도로형태,가해운전자 차종,가해운전자 성별,가해운전자 연령,가해운전자 상해정도,피해운전자 차종,피해운전자 성별,피해운전자 연령,피해운전자 상해정도
2013072500100572,2013년 7월 25일 21시,목요일,경상북도 영덕군 영해면,경상사고,0,0,1,0,차대차 - 측면직각충돌,교차로운행방법위반,건조,맑음,교차로 - 교차로안,승용,남,49세,상해없음,자전거,남,9세,경상
2013072500100604,2013년 7월 25일 22시,목요일,경상북도 포항시 북구 장성동,경상사고,0,0,1,0,차대사람 - 기타,안전운전불이행,건조,맑음,단일로 - 기타,승용,남,44세,상해없음,보행자,남,58세,경상
2013072500100634,2013년 7월 25일 23시,목요일,경상북도 포항시 북구 죽도동,중상사고,0,1,2,0,차대차 - 기타,신호위반,건조,맑음,교차로 - 교차로안,승용,남,46세,상해없음,승용,남,32세,경상
2013072500100635,2013년 7월 25일 23시,목요일,경상북도 경산시 대동,중상사고,0,1,0,0,차대사람 - 횡단중,안전운전불이행,건조,맑음,단일로 - 기타,이륜,남,23세,상해없음,보행자,남,23세,중상
2013072600100034,2013년 7월 26일 02시,금요일,경상북도 경주시 외동읍,중상사고,0,1,0,0,차대차 - 기타,안전운전불이행,건조,맑음,단일로 - 기타,승용,남,37세,중상,승용,남,24세,상해없음
2013072600100035,2013년 7월 26일 02시,금요일,경상북도 포항시 북구 송라면,경상사고,0,0,2,0,차대차 - 추돌 - 주정차중,안전운전불이행,건조,맑음,교차로 - 교차로부근,승용,남,52세,상해없음,화물,남,47세,경상
2013072600100036,2013년 7월 26일 02시,금요일,경상북도 구미시 황상동,경상사고,0,0,3,0,차대차 - 측면직각충돌,안전운전불이행,건조,맑음,단일로 - 기타,승용,남,24세,상해없음,승용,남,24세,경상
2013072600100044,2013년 7월 26일 03시,금요일,경상북도 구미시 진평동,경상사고,0,0,1,0,차대차 - 측면직각충돌,안전운전불이행,건조,맑음,교차로 - 교차로부근,승용,남,33세,상해없음,승용,남,47세,상해없음
2013072600100058,2013년 7월 26일 05시,금요일,경상북도 경주시 외동읍,중상사고,0,1,0,0,차대차 - 기타,안전운전불이행,건조,맑음,교차로 - 교차로안,승용,남,59세,상해없음,승용,남,58세,중상
2013072600100059,2013년 7월 26일 05시,금요일,경상북도 포항시 북구 죽도동,경상사고,0,0,2,0,차대차 - 측면직각충돌,안전거리미확보,건조,맑음,단일로 - 기타,화물,여,53세,상해없음,승용,남,58세,경상
2013072600100060,2013년 7월 26일 05시,금요일,경상북도 포항시 북구 죽도동,중상사고,0,1,0,0,차대차 - 기타,안전운전불이행,건조,맑음,단일로 - 기타,화물,남,74세,상해없음,자전거,남,71세,중상
2013072600100072,2013년 7월 26일 06시,금요일,경상북도 상주시 낙양동,중상사고,0,1,0,0,차대차 - 기타,교차로운행방법위반,건조,맑음,교차로 - 교차로안,승용,남,37세,상해없음,이륜,여,59세,중상
2013072600100089,2013년 7월 26일 07시,금요일,경상북도 영천시 금노동,중상사고,0,1,2,0,차대차 - 추돌 - 주정차중,안전운전불이행,건조,맑음,단일로 - 기타,승용,남,30세,상해없음,승용,여,42세,경상
2013072600100090,2013년 7월 26일 07시,금요일,경상북도 포항시 남구 해도동,중상사고,0,1,0,0,차대차 - 측면직각충돌,신호위반,건조,맑음,교차로 - 교차로안,승용,남,22세,상해없음,원동기,남,50세,중상
2013072600100124,2013년 7월 26일 08시,금요일,경상북도 경주시 천군동,경상사고,0,0,2,0,차대차 - 기타,신호위반,건조,맑음,교차로 - 교차로안,승합,남,57세,상해없음,승용,여,66세,경상
2013072600100125,2013년 7월 26일 08시,금요일,경상북도 경주시 시래동,중상사고,0,1,1,0,차대차 - 기타,안전운전불이행,건조,맑음,단일로 - 기타,화물,남,32세,상해없음,승합,남,43세,중상
2013072600100126,2013년 7월 26일 08시,금요일,경상북도 안동시 와룡면,사망사고,1,0,0,0,차대차 - 추돌 - 진행중,안전운전불이행,건조,맑음,단일로 - 기타,승용,남,30세,상해없음,원동기,남,63세,사망
2013072600100127,2013년 7월 26일 08시,금요일,경상북도 김천시 감문면,경상사고,0,0,1,0,차대차 - 측면직각충돌,교차로운행방법위반,건조,맑음,교차로 - 교차로부근,승합,여,54세,기타불명,승용,여,39세,경상
2013072600100147,2013년 7월 26일 09시,금요일,경상북도 안동시 송천동,중상사고,0,1,2,0,차대차 - 측면직각충돌,직진우회전진행방해,건조,맑음,단일로 - 기타,승용,남,40세,상해없음,승합,남,46세,경상
2013072600100148,2013년 7월 26일 09시,금요일,경상북도 문경시 문경읍,사망사고,1,6,11,0,차대차 - 측면직각충돌,교차로운행방법위반,건조,맑음,교차로 - 교차로안,승합,남,53세,상해없음,화물,남,53세,중상
2013072600100149,2013년 7월 26일 09시,금요일,경상북도 고령군 덕곡면,경상사고,0,0,1,0,차대차 - 기타,안전운전불이행,건조,기타,기타 - 기타,기타불명,기타불명,기타불명,기타불명,이륜,남,80세,경상
2013072600100150,2013년 7월 26일 09시,금요일,경상북도 포항시 남구 장흥동,경상사고,0,0,1,0,차대차 - 측면직각충돌,안전운전불이행,건조,맑음,교차로 - 교차로부근,특수,남,48세,상해없음,승용,남,29세,경상
2013072600100151,2013년 7월 26일 09시,금요일,경상북도 포항시 남구 대도동,중상사고,0,1,0,0,차대차 - 측면직각충돌,안전운전불이행,건조,맑음,단일로 - 기타,화물,남,41세,상해없음,승용,남,57세,중상
2013072600100184,2013년 7월 26일 10시,금요일,경상북도 경주시 황성동,경상사고,0,0,1,0,차대차 - 기타,안전운전불이행,건조,맑음,단일로 - 기타,승용,여,46세,상해없음,이륜,남,56세,경상
2013072600100185,2013년 7월 26일 10시,금요일,경상북도 김천시 구성면,경상사고,0,0,1,0,차대차 - 측면직각충돌,중앙선침범,건조,맑음,단일로 - 기타,이륜,남,71세,상해없음,승용,여,35세,상해없음
2013072600100215,2013년 7월 26일 11시,금요일,경상북도 경산시 대평동,중상사고,0,1,0,0,차대차 - 기타,안전운전불이행,건조,맑음,교차로 - 교차로부근,화물,남,65세,상해없음,화물,남,28세,중상
2013072600100216,2013년 7월 26일 11시,금요일,경상북도 경산시 하양읍,경상사고,0,0,1,0,차대차 - 기타,안전운전불이행,건조,맑음,단일로 - 기타,승용,남,26세,상해없음,원동기,남,18세,경상
2013072600100249,2013년 7월 26일 12시,금요일,경상북도 경주시 노서동,중상사고,0,1,0,0,차대차 - 기타,안전운전불이행,건조,맑음,단일로 - 기타,승용,남,56세,상해없음,이륜,남,77세,중상
2013072600100250,2013년 7월 26일 12시,금요일,경상북도 문경시 호계면,중상사고,0,1,0,0,차대차 - 측면직각충돌,안전운전불이행,건조,맑음,교차로 - 교차로부근,원동기,남,73세,중상,승용,남,57세,상해없음
2013072600100251,2013년 7월 26일 12시,금요일,경상북도 구미시 상모동,중상사고,0,1,0,0,차대차 - 측면직각충돌,교차로운행방법위반,건조,맑음,교차로 - 교차로안,이륜,남,66세,중상,승합,여,38세,상해없음
2013072600100278,2013년 7월 26일 13시,금요일,경상북도 안동시 도산면,경상사고,0,0,1,0,차량단독 - 공작물충돌,안전운전불이행,건조,맑음,교차로 - 교차로안,승용,남,38세,경상,,,,
2013072600100305,2013년 7월 26일 14시,금요일,경상북도 안동시 일직면,중상사고,0,1,0,0,차대사람 - 횡단중,신호위반,건조,맑음,교차로 - 교차로안,승용,여,54세,상해없음,보행자,여,49세,중상
2013072600100306,2013년 7월 26일 14시,금요일,경상북도 구미시 송정동,경상사고,0,0,3,0,차대차 - 측면직각충돌,교차로운행방법위반,건조,맑음,교차로 - 교차로안,승용,남,59세,경상,승용,여,48세,경상
2013072600100307,2013년 7월 26일 14시,금요일,경상북도 포항시 남구 구룡포읍,사망사고,1,0,1,0,차대차 - 측면직각충돌,안전운전불이행,건조,맑음,교차로 - 교차로부근,승용,남,60세,경상,이륜,남,63세,사망
2013072600100308,2013년 7월 26일 14시,금요일,경상북도 경산시 진량읍,경상사고,0,0,1,0,차대차 - 추돌 - 진행중,안전거리미확보,건조,맑음,단일로 - 기타,승용,남,48세,상해없음,승용,남,54세,경상
2013072600100346,2013년 7월 26일 15시,금요일,경상북도 상주시 이안면,중상사고,0,3,0,0,차대차 - 추돌 - 진행중,안전운전불이행,건조,맑음,단일로 - 기타,승용,여,35세,상해없음,승용,남,52세,중상
2013072600100377,2013년 7월 26일 16시,금요일,경상북도 경주시 양남면,경상사고,0,0,1,0,차대차 - 기타,중앙선침범,건조,맑음,단일로 - 기타,승용,남,55세,상해없음,원동기,남,35세,경상
2013072600100378,2013년 7월 26일 16시,금요일,경상북도 문경시 점촌동,중상사고,0,1,0,0,차대사람 - 횡단중,안전운전불이행,건조,맑음,단일로 - 기타,승합,남,63세,상해없음,보행자,여,75세,중상
2013072600100404,2013년 7월 26일 17시,금요일,경상북도 영주시 휴천동,경상사고,0,0,2,0,차대차 - 측면직각충돌,안전운전불이행,건조,맑음,단일로 - 기타,승용,여,45세,경상,승용,남,47세,경상
2013072600100440,2013년 7월 26일 18시,금요일,경상북도 경주시 광명동,중상사고,0,2,0,0,차대차 - 측면직각충돌,안전운전불이행,건조,맑음,단일로 - 기타,승용,남,24세,상해없음,승용,여,60세,중상
2013072600100441,2013년 7월 26일 18시,금요일,경상북도 김천시 성내동,경상사고,0,0,1,0,차대차 - 측면직각충돌,안전운전불이행,건조,맑음,기타 - 기타,기타불명,기타불명,기타불명,기타불명,승용,여,56세,경상
2013072600100442,2013년 7월 26일 18시,금요일,경상북도 구미시 신평동,경상사고,0,0,1,0,차대차 - 측면직각충돌,안전운전불이행,건조,맑음,단일로 - 횡단보도상,기타불명,기타불명,기타불명,기타불명,자전거,남,19세,경상
2013072600100471,2013년 7월 26일 19시,금요일,경상북도 김천시 부곡동,중상사고,0,1,0,0,차대차 - 측면직각충돌,안전운전불이행,건조,맑음,교차로 - 교차로부근,승용,남,35세,상해없음,자전거,남,15세,중상
2013072600100472,2013년 7월 26일 19시,금요일,경상북도 구미시 원평동,중상사고,0,1,0,0,차대사람 - 차도통행중,안전운전불이행,건조,맑음,단일로 - 기타,승용,남,19세,상해없음,보행자,남,44세,중상
2013072600100473,2013년 7월 26일 19시,금요일,경상북도 구미시 남통동,경상사고,0,0,2,0,차대사람 - 기타,안전운전불이행,건조,맑음,교차로 - 교차로안,승용,여,33세,상해없음,보행자,남,11세,경상
2013072600100505,2013년 7월 26일 20시,금요일,경상북도 포항시 북구 송라면,중상사고,0,1,0,0,차대차 - 기타,안전운전불이행,건조,맑음,단일로 - 기타,승용,남,53세,상해없음,승용,남,52세,중상
2013072600100506,2013년 7월 26일 20시,금요일,경상북도 영천시 오수동,부상신고사고,0,0,0,1,차대차 - 측면직각충돌,안전운전불이행,건조,맑음,단일로 - 기타,승용,여,67세,부상신고,화물,남,43세,상해없음
2013072600100507,2013년 7월 26일 20시,금요일,경상북도 포항시 남구 오천읍,중상사고,0,1,1,0,차대차 - 측면직각충돌,안전운전불이행,건조,맑음,단일로 - 기타,원동기,남,26세,중상,승용,여,27세,상해없음
2013072600100547,2013년 7월 26일 21시,금요일,경상북도 안동시 풍산읍,경상사고,0,0,2,0,차대차 - 기타,중앙선침범,건조,맑음,단일로 - 기타,기타불명,기타불명,기타불명,기타불명,승용,남,21세,경상
2013072600100548,2013년 7월 26일 21시,금요일,경상북도 김천시 성내동,경상사고,0,0,1,0,차대사람 - 기타,보행자보호의무위반,건조,맑음,교차로 - 교차로부근,승용,여,52세,상해없음,보행자,여,17세,경상
2013072600100590,2013년 7월 26일 22시,금요일,경상북도 구미시 인의동,경상사고,0,0,1,0,차대차 - 추돌 - 주정차중,안전운전불이행,건조,맑음,단일로 - 기타,승용,남,29세,상해없음,승용,여,46세,경상
2013072600100618,2013년 7월 26일 23시,금요일,경상북도 경주시 충효동,경상사고,0,0,3,0,차대차 - 기타,신호위반,건조,맑음,기타 - 기타,승용,여,50세,상해없음,승용,남,43세,경상
2013072600100619,2013년 7월 26일 23시,금요일,경상북도 울진군 울진읍,경상사고,0,0,1,0,차대사람 - 횡단중,안전운전불이행,건조,맑음,교차로 - 교차로부근,승용,남,52세,상해없음,보행자,남,52세,경상
2013072700100016,2013년 7월 27일 00시,토요일,경상북도 구미시 봉곡동,중상사고,0,1,0,0,차대차 - 추돌 - 주정차중,안전운전불이행,건조,맑음,교차로 - 교차로안,승용,남,38세,상해없음,승용,남,41세,중상
2013072700100042,2013년 7월 27일 01시,토요일,경상북도 영천시 망정동,경상사고,0,0,1,0,차대차 - 기타,안전운전불이행,건조,맑음,교차로 - 교차로부근,승용,남,47세,상해없음,승용,여,45세,경상
2013072700100071,2013년 7월 27일 03시,토요일,경상북도 포항시 북구 죽도동,중상사고,0,2,0,0,차대사람 - 횡단중,신호위반,건조,맑음,교차로 - 교차로부근,승용,남,26세,상해없음,보행자,남,19세,중상
2013072700100111,2013년 7월 27일 06시,토요일,경상북도 안동시 일직면,중상사고,0,1,0,0,차대차 - 기타,안전운전불이행,건조,맑음,단일로 - 기타,승용,남,46세,상해없음,원동기,여,64세,중상
2013072700100112,2013년 7월 27일 06시,토요일,경상북도 구미시 오태동,경상사고,0,0,2,0,차대차 - 추돌 - 주정차중,안전운전불이행,건조,맑음,교차로 - 교차로부근,승합,남,31세,상해없음,승용,남,57세,경상
2013072700100127,2013년 7월 27일 07시,토요일,경상북도 칠곡군 석적읍,경상사고,0,0,1,0,차대차 - 기타,안전거리미확보,건조,맑음,단일로 - 기타,승용,남,68세,상해없음,승용,남,44세,경상
2013072700100128,2013년 7월 27일 07시,토요일,경상북도 구미시 옥계동,경상사고,0,0,1,0,차대차 - 기타,안전운전불이행,건조,맑음,기타 - 기타,승용,남,40세,상해없음,승용,여,41세,경상
2013072700100149,2013년 7월 27일 08시,토요일,경상북도 칠곡군 북삼읍,경상사고,0,0,2,0,차대차 - 측면직각충돌,신호위반,건조,맑음,교차로 - 교차로안,승용,남,29세,경상,승용,남,42세,경상
2013072700100173,2013년 7월 27일 09시,토요일,경상북도 영주시 상망동,경상사고,0,0,2,0,차대차 - 추돌 - 진행중,안전운전불이행,건조,맑음,교차로 - 교차로부근,승용,남,74세,기타불명,승용,남,29세,경상
2013072700100198,2013년 7월 27일 10시,토요일,경상북도 안동시 도산면,경상사고,0,0,4,0,차대차 - 기타,안전운전불이행,건조,맑음,기타 - 기타,승용,여,41세,상해없음,승용,여,36세,경상
2013072700100228,2013년 7월 27일 11시,토요일,경상북도 안동시 도산면,중상사고,0,1,0,0,차대차 - 기타,안전운전불이행,건조,맑음,단일로 - 기타,승용,남,55세,상해없음,이륜,남,50세,상해없음
2013072700100229,2013년 7월 27일 11시,토요일,경상북도 영주시 영주동,경상사고,0,0,2,0,차대차 - 추돌 - 주정차중,안전운전불이행,건조,맑음,단일로 - 기타,승용,여,43세,상해없음,승용,남,44세,경상
2013072700100230,2013년 7월 27일 11시,토요일,경상북도 구미시 오태동,중상사고,0,1,1,0,차대차 - 기타,안전운전불이행,건조,맑음,교차로 - 교차로부근,승용,남,20세,중상,승합,남,52세,경상
2013072700100264,2013년 7월 27일 12시,토요일,경상북도 안동시 와룡면,경상사고,0,0,1,0,차대차 - 기타,안전운전불이행,건조,맑음,단일로 - 기타,화물,남,43세,상해없음,화물,남,65세,경상
2013072700100265,2013년 7월 27일 12시,토요일,경상북도 경산시 하양읍,경상사고,0,0,2,0,차대차 - 기타,교차로운행방법위반,건조,맑음,교차로 - 교차로안,승용,남,61세,경상,승용,여,45세,경상
2013072700100266,2013년 7월 27일 12시,토요일,경상북도 구미시 공단동,중상사고,0,2,0,0,차대차 - 기타,신호위반,건조,맑음,교차로 - 교차로안,승용,남,26세,기타불명,승용,남,54세,중상
2013072700100267,2013년 7월 27일 12시,토요일,경상북도 포항시 남구 상도동,경상사고,0,0,5,0,차대차 - 기타,직진우회전진행방해,건조,맑음,교차로 - 교차로안,승용,남,26세,경상,승용,남,46세,경상
2013072700100295,2013년 7월 27일 13시,토요일,경상북도 문경시 문경읍,경상사고,0,0,3,0,차대차 - 측면직각충돌,중앙선침범,건조,맑음,단일로 - 기타,승용,남,64세,상해없음,승용,남,27세,경상
2013072700100296,2013년 7월 27일 13시,토요일,경상북도 포항시 남구 대송면,중상사고,0,1,0,0,차대사람 - 기타,안전운전불이행,건조,맑음,교차로 - 교차로안,승용,여,52세,상해없음,보행자,여,71세,중상
2013072700100297,2013년 7월 27일 13시,토요일,경상북도 칠곡군 지천면,중상사고,0,1,1,0,차대차 - 추돌 - 진행중,안전운전불이행,건조,맑음,단일로 - 기타,화물,남,46세,상해없음,승용,남,60세,중상
2013072700100336,2013년 7월 27일 14시,토요일,경상북도 포항시 북구 죽도동,경상사고,0,0,1,0,차대차 - 기타,안전운전불이행,건조,맑음,단일로 - 기타,승용,여,57세,상해없음,승용,남,29세,경상
2013072700100337,2013년 7월 27일 14시,토요일,경상북도 포항시 북구 항구동,경상사고,0,0,1,0,차대차 - 기타,안전거리미확보,건조,맑음,단일로 - 횡단보도부근,승용,남,64세,상해없음,원동기,남,24세,경상
2013072700100338,2013년 7월 27일 14시,토요일,경상북도 포항시 북구 죽도동,경상사고,0,0,1,0,차대차 - 기타,차로위반,건조,맑음,단일로 - 기타,화물,남,37세,상해없음,승용,여,54세,경상
2013072700100339,2013년 7월 27일 14시,토요일,경상북도 영주시 영주동,중상사고,0,1,0,0,차대차 - 측면직각충돌,안전운전불이행,건조,맑음,교차로 - 교차로부근,승용,남,58세,상해없음,원동기,남,51세,중상
2013072700100340,2013년 7월 27일 14시,토요일,경상북도 경산시 중방동,경상사고,0,0,2,0,차대차 - 기타,신호위반,건조,맑음,교차로 - 교차로안,승용,남,76세,경상,승용,여,24세,경상
2013072700100341,2013년 7월 27일 14시,토요일,경상북도 포항시 남구 동해면,중상사고,0,1,0,0,차대사람 - 기타,보행자보호의무위반,건조,맑음,단일로 - 횡단보도상,승용,남,63세,상해없음,보행자,남,51세,중상
2013072700100369,2013년 7월 27일 15시,토요일,경상북도 포항시 북구 양덕동,중상사고,0,2,0,0,차대차 - 측면직각충돌,교차로운행방법위반,건조,맑음,교차로 - 교차로안,승용,여,40세,상해없음,원동기,남,17세,중상
2013072700100370,2013년 7월 27일 15시,토요일,경상북도 김천시 모암동,경상사고,0,0,1,0,차대차 - 측면직각충돌,교차로운행방법위반,건조,맑음,교차로 - 교차로안,이륜,남,74세,경상,승용,남,55세,상해없음
2013072700100371,2013년 7월 27일 15시,토요일,경상북도 고령군 고령읍,경상사고,0,0,1,0,차대차 - 측면직각충돌,안전운전불이행,건조,맑음,교차로 - 교차로안,승용,남,82세,상해없음,이륜,남,20세,경상
2013072700100402,2013년 7월 27일 16시,토요일,경상북도 칠곡군 북삼읍,중상사고,0,1,0,0,차대차 - 측면직각충돌,교차로운행방법위반,건조,맑음,교차로 - 교차로안,승용,여,34세,상해없음,승용,남,67세,중상
2013072700100403,2013년 7월 27일 16시,토요일,경상북도 봉화군 소천면,경상사고,0,0,2,0,차대사람 - 기타,안전운전불이행,건조,맑음,단일로 - 기타,화물,남,53세,기타불명,보행자,남,43세,경상
2013072700100435,2013년 7월 27일 17시,토요일,경상북도 경주시 양북면,사망사고,1,3,0,0,차량단독 - 기타,안전운전불이행,건조,맑음,단일로 - 기타,승용,남,58세,상해없음,,,,
2013072700100436,2013년 7월 27일 17시,토요일,경상북도 칠곡군 왜관읍,중상사고,0,1,2,0,차대차 - 측면직각충돌,교차로운행방법위반,건조,맑음,교차로 - 교차로안,승용,남,32세,상해없음,승용,여,38세,중상
2013072700100437,2013년 7월 27일 17시,토요일,경상북도 경산시 와촌면,중상사고,0,1,3,0,차대차 - 기타,안전운전불이행,건조,흐림,단일로 - 기타,승용,남,25세,상해없음,승용,남,37세,경상
2013072700100474,2013년 7월 27일 18시,토요일,경상북도 포항시 북구 용흥동,경상사고,0,0,1,0,차대차 - 기타,교차로운행방법위반,건조,맑음,교차로 - 교차로부근,기타불명,기타불명,기타불명,기타불명,자전거,남,17세,경상
2013072700100475,2013년 7월 27일 18시,토요일,경상북도 안동시 용상동,중상사고,0,1,0,0,차대차 - 기타,안전운전불이행,건조,맑음,단일로 - 기타,화물,남,30세,상해없음,자전거,남,13세,중상
2013072700100476,2013년 7월 27일 18시,토요일,경상북도 안동시 용상동,경상사고,0,0,1,0,차량단독 - 기타,안전운전불이행,건조,맑음,단일로 - 기타,승용,남,56세,상해없음,,,,
2013072700100477,2013년 7월 27일 18시,토요일,경상북도 구미시 공단동,중상사고,0,1,0,0,차대차 - 기타,교차로운행방법위반,건조,맑음,교차로 - 교차로안,승용,남,37세,상해없음,이륜,남,47세,중상
2013072700100478,2013년 7월 27일 18시,토요일,경상북도 포항시 남구 송도동,경상사고,0,0,1,0,차대차 - 측면직각충돌,안전운전불이행,건조,맑음,교차로 - 교차로부근,승용,남,51세,상해없음,원동기,남,58세,경상
2013072700100541,2013년 7월 27일 20시,토요일,경상북도 경주시 성건동,중상사고,0,1,0,0,차대차 - 기타,안전운전불이행,건조,맑음,교차로 - 교차로안,원동기,남,34세,중상,승용,남,50세,상해없음
2013072700100542,2013년 7월 27일 20시,토요일,경상북도 안동시 송현동,사망사고,1,1,0,0,차대사람 - 횡단중,신호위반,건조,맑음,교차로 - 교차로안,승용,남,50세,상해없음,보행자,남,83세,사망
2013072700100543,2013년 7월 27일 20시,토요일,경상북도 포항시 남구 대도동,중상사고,0,1,0,0,차대사람 - 기타,안전운전불이행,건조,맑음,단일로 - 기타,승용,남,33세,상해없음,보행자,남,51세,중상
2013072700100544,2013년 7월 27일 20시,토요일,경상북도 포항시 남구 오천읍,중상사고,0,1,0,0,차대차 - 측면직각충돌,직진우회전진행방해,건조,맑음,교차로 - 교차로안,승용,여,58세,상해없음,화물,남,53세,중상
2013072700100617,2013년 7월 27일 22시,토요일,경상북도 칠곡군 석적읍,중상사고,0,1,1,0,차대차 - 추돌 - 주정차중,안전운전불이행,건조,맑음,단일로 - 기타,승용,남,31세,상해없음,승용,남,27세,중상
2013072700100618,2013년 7월 27일 22시,토요일,경상북도 문경시 점촌동,경상사고,0,0,1,0,차대차 - 측면직각충돌,안전운전불이행,건조,흐림,단일로 - 기타,승용,남,47세,경상,승용,남,33세,기타불명
2013072700100619,2013년 7월 27일 22시,토요일,경상북도 경산시 옥산동,경상사고,0,0,1,0,차대차 - 기타,직진우회전진행방해,건조,맑음,교차로 - 교차로안,승용,남,21세,상해없음,이륜,남,25세,경상
2013072700100640,2013년 7월 27일 23시,토요일,경상북도 경주시 조양동,경상사고,0,0,2,0,차대차 - 기타,안전운전불이행,습기,흐림,단일로 - 기타,화물,남,40세,상해없음,승용,남,48세,경상
2013072700100641,2013년 7월 27일 23시,토요일,경상북도 칠곡군 석적읍,사망사고,1,0,2,0,차대차 - 정면충돌,중앙선침범,건조,맑음,단일로 - 기타,원동기,남,54세,사망,승용,남,44세,상해없음
2013072800100056,2013년 7월 28일 02시,일요일,경상북도 포항시 북구 죽도동,부상신고사고,0,0,0,1,차대사람 - 기타,안전운전불이행,건조,맑음,단일로 - 기타,승용,남,24세,상해없음,보행자,남,28세,부상신고
2013072800100057,2013년 7월 28일 02시,일요일,경상북도 포항시 북구 여천동,경상사고,0,0,1,0,차대차 - 측면직각충돌,중앙선침범,건조,맑음,교차로 - 교차로부근,승용,남,23세,상해없음,승용,남,63세,경상
2013072800100108,2013년 7월 28일 06시,일요일,경상북도 경주시 황용동,경상사고,0,0,2,0,차대차 - 기타,안전운전불이행,건조,맑음,단일로 - 기타,화물,남,68세,상해없음,승용,여,36세,경상
2013072800100109,2013년 7월 28일 06시,일요일,경상북도 구미시 원평동,경상사고,0,0,1,0,차대차 - 기타,중앙선침범,습기,비,교차로 - 교차로부근,승용,남,33세,상해없음,승용,남,52세,경상
2013072800100116,2013년 7월 28일 07시,일요일,경상북도 영천시 화산면,경상사고,0,0,1,0,차대차 - 기타,안전운전불이행,기타,비,교차로 - 교차로안,승용,남,68세,경상,건설기계,남,39세,상해없음
2013072800100117,2013년 7월 28일 07시,일요일,경상북도 성주군 벽진면,중상사고,0,1,0,0,차량단독 - 기타,안전운전불이행,기타,비,교차로 - 교차로부근,화물,여,37세,상해없음,,,,
2013072800100135,2013년 7월 28일 08시,일요일,경상북도 김천시 부곡동,경상사고,0,0,2,0,차대차 - 측면직각충돌,안전운전불이행,습기,비,단일로 - 기타,화물,남,47세,상해없음,승용,남,35세,경상
2013072800100136,2013년 7월 28일 08시,일요일,경상북도 영천시 창구동,경상사고,0,0,1,0,차대차 - 기타,안전거리미확보,습기,비,단일로 - 기타,승합,남,50세,상해없음,승용,여,43세,경상
2013072800100137,2013년 7월 28일 08시,일요일,경상북도 구미시 공단동,경상사고,0,0,2,0,차대차 - 기타,안전운전불이행,건조,맑음,단일로 - 기타,승용,남,25세,상해없음,승용,남,53세,경상
2013072800100157,2013년 7월 28일 09시,일요일,경상북도 경주시 양북면,중상사고,0,1,1,0,차대차 - 측면직각충돌,중앙선침범,습기,맑음,단일로 - 기타,승합,남,71세,상해없음,승용,남,54세,중상
2013072800100180,2013년 7월 28일 10시,일요일,경상북도 경주시 외동읍,경상사고,0,0,1,1,차대차 - 정면충돌,중앙선침범,습기,비,단일로 - 기타,승용,남,62세,부상신고,화물,남,55세,경상
2013072800100181,2013년 7월 28일 10시,일요일,경상북도 포항시 북구 청하면,중상사고,0,3,10,0,차대차 - 추돌 - 진행중,안전운전불이행,건조,맑음,단일로 - 기타,화물,남,46세,경상,승용,남,41세,경상
2013072800100182,2013년 7월 28일 10시,일요일,경상북도 포항시 북구 죽도동,경상사고,0,0,2,0,차대차 - 기타,안전운전불이행,건조,맑음,교차로 - 교차로부근,승용,남,44세,상해없음,승용,남,39세,경상
2013072800100183,2013년 7월 28일 10시,일요일,경상북도 안동시 임하면,중상사고,0,1,1,2,차대차 - 기타,안전운전불이행,습기,비,단일로 - 기타,승용,남,57세,경상,승합,남,65세,부상신고
2013072800100184,2013년 7월 28일 10시,일요일,경상북도 김천시 부곡동,경상사고,0,0,2,0,차대차 - 측면직각충돌,안전운전불이행,습기,비,단일로 - 기타,승용,남,72세,상해없음,승용,남,40세,경상
2013072800100185,2013년 7월 28일 10시,일요일,경상북도 경산시 옥산동,경상사고,0,0,2,0,차대차 - 기타,안전운전불이행,습기,비,교차로 - 교차로안,승용,여,56세,경상,승용,남,50세,경상
2013072800100186,2013년 7월 28일 10시,일요일,경상북도 예천군 예천읍,중상사고,0,1,0,0,차대차 - 측면직각충돌,안전운전불이행,습기,흐림,단일로 - 기타,승용,여,48세,상해없음,이륜,남,48세,중상
2013072800100199,2013년 7월 28일 11시,일요일,경상북도 포항시 북구 죽장면,중상사고,0,3,1,0,차대차 - 기타,교차로운행방법위반,건조,맑음,교차로 - 교차로안,승용,남,53세,상해없음,승용,남,24세,경상
2013072800100200,2013년 7월 28일 11시,일요일,경상북도 봉화군 봉화읍,부상신고사고,0,0,0,1,차대사람 - 기타,안전운전불이행,건조,맑음,단일로 - 기타,승용,남,42세,상해없음,보행자,남,32세,부상신고
2013072800100220,2013년 7월 28일 12시,일요일,경상북도 경산시 자인면,중상사고,0,2,0,0,차대차 - 기타,안전운전불이행,건조,맑음,단일로 - 기타,기타불명,기타불명,기타불명,기타불명,승용,여,52세,중상
2013072800100247,2013년 7월 28일 13시,일요일,경상북도 경주시 배반동,중상사고,0,1,0,0,차대차 - 기타,안전운전불이행,건조,맑음,단일로 - 기타,승용,여,32세,상해없음,승용,여,49세,중상
2013072800100248,2013년 7월 28일 13시,일요일,경상북도 안동시 태화동,부상신고사고,0,0,0,1,차대차 - 기타,안전운전불이행,건조,맑음,단일로 - 기타,이륜,남,18세,부상신고,승용,남,21세,상해없음