사고번호,사고일시,요일,시군구,사고내용,사망자수,중상자수,경상자수,부상신고자수,사고유형,법규위반,노면상태,기상상태,도로형태,가해운전자 차종,가해운전자 성별,가해운전자 연령,가해운전자 상해정도,피해운전자 차종,피해운전자 성별,피해운전자 연령,피해운전자 상해정도
2013072800100249,2013년 7월 28일 13시,일요일,경상북도 청도군 매전면,중상사고,0,2,1,0,차대차 - 정면충돌,중앙선침범,건조,맑음,단일로 - 기타,승용,남,68세,중상,승용,남,53세,경상
2013072800100250,2013년 7월 28일 13시,일요일,경상북도 군위군 군위읍,중상사고,0,1,1,0,차대차 - 추돌 - 주정차중,안전거리미확보,건조,맑음,교차로 - 교차로부근,이륜,남,59세,경상,승용,남,56세,상해없음
2013072800100251,2013년 7월 28일 13시,일요일,경상북도 포항시 남구 이동,경상사고,0,0,2,0,차대차 - 추돌 - 주정차중,안전거리미확보,건조,맑음,단일로 - 기타,승용,남,46세,상해없음,승용,남,44세,상해없음
2013072800100271,2013년 7월 28일 14시,일요일,경상북도 구미시 구포동,중상사고,0,1,1,0,차대차 - 기타,안전운전불이행,건조,흐림,교차로 - 교차로안,화물,남,53세,경상,건설기계,남,43세,상해없음
2013072800100272,2013년 7월 28일 14시,일요일,경상북도 구미시 봉곡동,중상사고,0,1,0,0,차대사람 - 기타,보행자보호의무위반,건조,맑음,교차로 - 교차로안,승용,남,39세,상해없음,보행자,여,59세,중상
2013072800100273,2013년 7월 28일 14시,일요일,경상북도 포항시 남구 오천읍,경상사고,0,0,2,0,차량단독 - 공작물충돌,안전운전불이행,건조,맑음,단일로 - 기타,승용,남,30세,경상,,,,
2013072800100298,2013년 7월 28일 15시,일요일,경상북도 구미시 도량동,경상사고,0,0,3,0,차대차 - 기타,안전운전불이행,건조,맑음,단일로 - 기타,승용,여,49세,경상,승용,남,37세,경상
2013072800100325,2013년 7월 28일 16시,일요일,경상북도 울진군 온정면,경상사고,0,0,1,0,차대차 - 기타,안전운전불이행,건조,맑음,단일로 - 기타,기타불명,기타불명,기타불명,기타불명,농기계,남,66세,경상
2013072800100349,2013년 7월 28일 17시,일요일,경상북도 구미시 옥계동,중상사고,0,1,0,0,차대사람 - 기타,안전운전불이행,건조,맑음,교차로 - 교차로부근,승합,남,52세,상해없음,보행자,남,32세,중상
2013072800100350,2013년 7월 28일 17시,일요일,경상북도 경산시 남천면,경상사고,0,0,2,0,차대차 - 추돌 - 진행중,안전거리미확보,건조,맑음,단일로 - 기타,화물,남,72세,상해없음,승용,남,30세,경상
2013072800100393,2013년 7월 28일 19시,일요일,경상북도 경주시 양남면,중상사고,0,1,4,0,차대차 - 측면직각충돌,안전운전불이행,건조,맑음,교차로 - 교차로안,승용,남,43세,중상,승용,남,28세,경상
2013072800100394,2013년 7월 28일 19시,일요일,경상북도 울진군 죽변면,경상사고,0,0,1,0,차대차 - 기타,안전운전불이행,습기,비,교차로 - 교차로안,승용,남,43세,상해없음,승용,남,58세,경상
2013072800100415,2013년 7월 28일 20시,일요일,경상북도 포항시 북구 장성동,중상사고,0,1,0,0,차대차 - 정면충돌,안전운전불이행,건조,맑음,교차로 - 교차로안,승용,남,24세,상해없음,원동기,남,18세,중상
2013072800100416,2013년 7월 28일 20시,일요일,경상북도 칠곡군 동명면,경상사고,0,0,3,1,차대차 - 추돌 - 진행중,안전거리미확보,건조,흐림,단일로 - 기타,화물,여,64세,부상신고,승용,여,36세,상해없음
2013072800100446,2013년 7월 28일 21시,일요일,경상북도 봉화군 봉화읍,경상사고,0,0,1,0,차대사람 - 기타,안전운전불이행,습기,비,기타 - 기타,승용,남,50세,상해없음,보행자,남,49세,경상
2013072800100477,2013년 7월 28일 23시,일요일,경상북도 경주시 동천동,경상사고,0,0,1,0,차대사람 - 기타,안전운전불이행,건조,맑음,단일로 - 기타,기타불명,기타불명,기타불명,기타불명,보행자,남,53세,경상
2013072900100006,2013년 7월 29일 00시,월요일,경상북도 포항시 북구 용흥동,경상사고,0,0,2,0,차대차 - 기타,안전운전불이행,건조,맑음,단일로 - 기타,화물,여,52세,상해없음,승용,남,65세,경상
2013072900100041,2013년 7월 29일 05시,월요일,경상북도 포항시 남구 청림동,경상사고,0,0,1,0,차대차 - 측면직각충돌,안전운전불이행,건조,맑음,단일로 - 기타,승용,남,70세,상해없음,승용,여,52세,경상
2013072900100052,2013년 7월 29일 06시,월요일,경상북도 예천군 예천읍,경상사고,0,0,1,0,차대차 - 측면직각충돌,안전운전불이행,습기,비,교차로 - 교차로안,승용,남,52세,상해없음,승용,여,56세,경상
2013072900100069,2013년 7월 29일 07시,월요일,경상북도 경주시 배반동,경상사고,0,0,1,0,차대차 - 기타,안전운전불이행,건조,맑음,교차로 - 교차로부근,승용,남,52세,상해없음,화물,남,53세,경상
2013072900100088,2013년 7월 29일 08시,월요일,경상북도 경주시 인왕동,중상사고,0,1,0,0,차대차 - 기타,안전운전불이행,건조,맑음,단일로 - 기타,승용,남,48세,상해없음,이륜,남,79세,중상
2013072900100089,2013년 7월 29일 08시,월요일,경상북도 경산시 하양읍,중상사고,0,1,0,0,차대차 - 기타,안전운전불이행,건조,맑음,교차로 - 교차로안,이륜,남,80세,상해없음,특수,남,51세,상해없음
2013072900100090,2013년 7월 29일 08시,월요일,경상북도 예천군 보문면,경상사고,0,0,1,0,차량단독 - 전도전복,안전운전불이행,건조,흐림,교차로 - 교차로안,화물,남,63세,경상,,,,
2013072900100091,2013년 7월 29일 08시,월요일,경상북도 고령군 고령읍,경상사고,0,0,1,0,차대차 - 기타,안전운전불이행,건조,맑음,기타 - 기타,화물,남,65세,기타불명,이륜,남,77세,경상
2013072900100092,2013년 7월 29일 08시,월요일,경상북도 포항시 남구 오천읍,중상사고,0,2,2,0,차대차 - 측면직각충돌,안전운전불이행,건조,맑음,교차로 - 교차로안,화물,남,64세,중상,승용,남,39세,경상
2013072900100116,2013년 7월 29일 09시,월요일,경상북도 영덕군 영덕읍,경상사고,0,0,1,0,차대차 - 측면직각충돌,안전운전불이행,건조,맑음,단일로 - 기타,화물,여,65세,상해없음,승용,여,61세,경상
2013072900100143,2013년 7월 29일 10시,월요일,경상북도 포항시 북구 흥해읍,경상사고,0,0,1,0,차대차 - 기타,안전거리미확보,건조,맑음,단일로 - 기타,화물,남,62세,상해없음,승용,남,32세,경상
2013072900100160,2013년 7월 29일 11시,월요일,경상북도 청도군 화양읍,경상사고,0,0,3,0,차대차 - 추돌 - 주정차중,안전운전불이행,건조,맑음,단일로 - 기타,승용,남,52세,상해없음,원동기,남,73세,경상
2013072900100239,2013년 7월 29일 14시,월요일,경상북도 영주시 하망동,중상사고,0,1,0,0,차량단독 - 기타,기타,건조,맑음,단일로 - 기타,승합,남,35세,상해없음,,,,
2013072900100273,2013년 7월 29일 15시,월요일,경상북도 경주시 인왕동,중상사고,0,1,0,0,차대차 - 기타,안전운전불이행,건조,맑음,단일로 - 기타,화물,남,39세,상해없음,승용,여,37세,중상
2013072900100274,2013년 7월 29일 15시,월요일,경상북도 경주시 동부동,중상사고,0,1,0,0,차대차 - 기타,안전운전불이행,건조,맑음,단일로 - 기타,승용,남,43세,상해없음,자전거,남,55세,중상
2013072900100275,2013년 7월 29일 15시,월요일,경상북도 포항시 북구 용흥동,경상사고,0,0,1,0,차대차 - 추돌 - 진행중,안전운전불이행,건조,맑음,단일로 - 기타,승용,남,21세,상해없음,승용,남,24세,경상
2013072900100276,2013년 7월 29일 15시,월요일,경상북도 칠곡군 왜관읍,중상사고,0,1,1,0,차대차 - 기타,교차로운행방법위반,건조,맑음,교차로 - 교차로안,승용,남,29세,상해없음,원동기,남,43세,경상
2013072900100277,2013년 7월 29일 15시,월요일,경상북도 경산시 옥곡동,경상사고,0,0,1,0,차대사람 - 기타,기타,건조,맑음,단일로 - 기타,승용,여,33세,상해없음,보행자,여,9세,경상
2013072900100278,2013년 7월 29일 15시,월요일,경상북도 청도군 화양읍,중상사고,0,1,0,0,차대사람 - 횡단중,안전운전불이행,건조,맑음,단일로 - 횡단보도상,승용,남,41세,상해없음,보행자,여,61세,중상
2013072900100279,2013년 7월 29일 15시,월요일,경상북도 청도군 이서면,경상사고,0,0,1,0,차대차 - 측면직각충돌,안전거리미확보,건조,맑음,단일로 - 기타,승용,남,38세,상해없음,화물,남,70세,경상
2013072900100280,2013년 7월 29일 15시,월요일,경상북도 포항시 남구 송내동,경상사고,0,0,4,0,차대차 - 추돌 - 진행중,안전운전불이행,건조,맑음,단일로 - 기타,승용,남,41세,상해없음,승용,남,46세,경상
2013072900100281,2013년 7월 29일 15시,월요일,경상북도 포항시 남구 인덕동,경상사고,0,0,5,0,차대차 - 추돌 - 진행중,안전운전불이행,건조,맑음,교차로 - 교차로부근,화물,남,46세,상해없음,승용,남,20세,경상
2013072900100282,2013년 7월 29일 15시,월요일,경상북도 포항시 남구 연일읍,경상사고,0,0,1,0,차량단독 - 공작물충돌,안전운전불이행,건조,맑음,단일로 - 기타,화물,남,47세,경상,,,,
2013072900100317,2013년 7월 29일 16시,월요일,경상북도 경주시 천군동,중상사고,0,1,0,0,차대차 - 기타,안전운전불이행,건조,맑음,단일로 - 기타,이륜,여,32세,중상,승용,남,26세,기타불명
2013072900100318,2013년 7월 29일 16시,월요일,경상북도 안동시 옥동,중상사고,0,1,0,0,차대차 - 기타,안전운전불이행,건조,맑음,단일로 - 횡단보도상,승용,남,45세,상해없음,자전거,남,48세,중상
2013072900100319,2013년 7월 29일 16시,월요일,경상북도 안동시 일직면,중상사고,0,2,3,0,차대차 - 추돌 - 진행중,안전운전불이행,건조,맑음,단일로 - 기타,화물,남,40세,상해없음,승용,남,59세,중상
2013072900100320,2013년 7월 29일 16시,월요일,경상북도 울진군 후포면,부상신고사고,0,0,0,1,차대차 - 기타,안전운전불이행,건조,맑음,교차로 - 교차로안,이륜,남,67세,부상신고,승합,남,35세,상해없음
2013072900100321,2013년 7월 29일 16시,월요일,경상북도 포항시 남구 연일읍,경상사고,0,0,2,0,차대차 - 측면직각충돌,안전운전불이행,건조,맑음,교차로 - 교차로안,승용,남,29세,경상,화물,남,24세,경상
2013072900100347,2013년 7월 29일 17시,월요일,경상북도 경주시 내남면,중상사고,0,1,0,0,차대차 - 기타,중앙선침범,건조,맑음,단일로 - 기타,화물,남,57세,상해없음,원동기,여,67세,중상
2013072900100348,2013년 7월 29일 17시,월요일,경상북도 청도군 풍각면,경상사고,0,0,1,0,차대차 - 측면직각충돌,교차로운행방법위반,건조,맑음,교차로 - 교차로안,승용,남,24세,상해없음,승용,여,49세,경상
2013072900100382,2013년 7월 29일 18시,월요일,경상북도 군위군 군위읍,중상사고,0,1,0,0,차대차 - 측면직각충돌,안전운전불이행,건조,맑음,교차로 - 교차로안,승합,여,20세,상해없음,이륜,여,61세,중상
2013072900100417,2013년 7월 29일 19시,월요일,경상북도 포항시 남구 해도동,중상사고,0,1,0,0,차대차 - 기타,안전운전불이행,건조,맑음,단일로 - 기타,승용,남,29세,상해없음,원동기,남,31세,중상
2013072900100418,2013년 7월 29일 19시,월요일,경상북도 포항시 남구 연일읍,경상사고,0,0,2,0,차대차 - 측면직각충돌,직진우회전진행방해,건조,맑음,교차로 - 교차로안,승용,남,52세,경상,승용,남,38세,경상
2013072900100449,2013년 7월 29일 20시,월요일,경상북도 영덕군 영덕읍,중상사고,0,1,0,0,차대차 - 기타,안전운전불이행,건조,맑음,교차로 - 교차로안,승용,여,35세,상해없음,자전거,남,45세,중상
2013072900100450,2013년 7월 29일 20시,월요일,경상북도 청송군 청송읍,경상사고,0,0,1,0,차대차 - 기타,교차로운행방법위반,건조,맑음,교차로 - 교차로안,승용,남,33세,상해없음,원동기,여,44세,경상
2013072900100451,2013년 7월 29일 20시,월요일,경상북도 포항시 남구 오천읍,중상사고,0,1,0,0,차대사람 - 기타,보행자보호의무위반,건조,맑음,교차로 - 교차로부근,화물,남,48세,상해없음,보행자,여,43세,중상
2013072900100475,2013년 7월 29일 21시,월요일,경상북도 구미시 송정동,사망사고,1,0,0,0,차대사람 - 기타,보행자보호의무위반,건조,맑음,단일로 - 횡단보도상,승용,남,49세,상해없음,보행자,여,63세,사망
2013072900100500,2013년 7월 29일 22시,월요일,경상북도 문경시 문경읍,경상사고,0,0,1,0,차대차 - 기타,안전운전불이행,건조,맑음,단일로 - 기타,화물,남,60세,경상,승용,남,59세,기타불명
2013073000100037,2013년 7월 30일 02시,화요일,경상북도 문경시 가은읍,경상사고,0,0,1,0,차대사람 - 기타,안전운전불이행,건조,맑음,단일로 - 기타,기타불명,기타불명,기타불명,기타불명,보행자,남,54세,경상
2013073000100077,2013년 7월 30일 07시,화요일,경상북도 의성군 단촌면,중상사고,0,1,0,0,차대차 - 추돌 - 주정차중,안전운전불이행,건조,맑음,단일로 - 기타,건설기계,남,52세,상해없음,화물,남,44세,중상
2013073000100078,2013년 7월 30일 07시,화요일,경상북도 영주시 풍기읍,중상사고,0,1,0,0,차량단독 - 공작물충돌,안전운전불이행,건조,맑음,단일로 - 기타,승용,남,31세,중상,,,,
2013073000100095,2013년 7월 30일 08시,화요일,경상북도 경주시 강동면,중상사고,0,1,0,0,차대차 - 기타,안전운전불이행,건조,맑음,단일로 - 기타,화물,남,61세,상해없음,자전거,여,61세,중상
2013073000100096,2013년 7월 30일 08시,화요일,경상북도 안동시 운흥동,중상사고,0,1,0,0,차대사람 - 기타,안전운전불이행,건조,맑음,단일로 - 기타,승용,남,76세,상해없음,보행자,여,77세,중상
2013073000100097,2013년 7월 30일 08시,화요일,경상북도 의성군 다인면,중상사고,0,1,1,0,차대차 - 측면직각충돌,중앙선침범,건조,맑음,단일로 - 기타,승용,여,47세,상해없음,승용,남,54세,중상
2013073000100124,2013년 7월 30일 09시,화요일,경상북도 경주시 건천읍,중상사고,0,1,0,0,차대차 - 기타,안전운전불이행,건조,맑음,단일로 - 기타,승용,남,73세,상해없음,이륜,남,56세,중상
2013073000100125,2013년 7월 30일 09시,화요일,경상북도 안동시 일직면,중상사고,0,1,0,0,차대차 - 기타,안전운전불이행,건조,맑음,단일로 - 기타,화물,남,63세,상해없음,원동기,남,63세,중상
2013073000100156,2013년 7월 30일 10시,화요일,경상북도 경주시 천군동,경상사고,0,0,1,0,차대차 - 기타,중앙선침범,건조,맑음,단일로 - 기타,승용,여,35세,상해없음,승용,여,53세,경상
2013073000100157,2013년 7월 30일 10시,화요일,경상북도 안동시 정하동,경상사고,0,0,1,0,차대차 - 기타,안전운전불이행,건조,맑음,기타 - 기타,원동기,남,74세,경상,승용,여,46세,상해없음
2013073000100158,2013년 7월 30일 10시,화요일,경상북도 김천시 아포읍,중상사고,0,1,0,0,차대차 - 측면직각충돌,안전운전불이행,건조,흐림,교차로 - 교차로안,원동기,남,52세,상해없음,승용,여,40세,중상
2013073000100159,2013년 7월 30일 10시,화요일,경상북도 의성군 점곡면,중상사고,0,2,0,0,차대차 - 측면직각충돌,기타,건조,맑음,교차로 - 교차로안,화물,남,47세,상해없음,원동기,남,66세,중상
2013073000100160,2013년 7월 30일 10시,화요일,경상북도 청송군 청송읍,중상사고,0,1,0,0,차대차 - 측면직각충돌,교차로운행방법위반,건조,맑음,교차로 - 교차로안,승용,남,47세,상해없음,승용,여,49세,중상
2013073000100192,2013년 7월 30일 11시,화요일,경상북도 상주시 계산동,중상사고,0,1,0,0,차대차 - 기타,신호위반,건조,맑음,교차로 - 교차로안,화물,남,64세,상해없음,승용,여,34세,중상
2013073000100193,2013년 7월 30일 11시,화요일,경상북도 문경시 문경읍,중상사고,0,1,0,0,차량단독 - 도로외이탈 - 기타,안전운전불이행,건조,맑음,교차로 - 교차로부근,농기계,남,70세,중상,,,,
2013073000100194,2013년 7월 30일 11시,화요일,경상북도 울진군 북면,사망사고,1,0,0,0,차대차 - 기타,안전운전불이행,건조,맑음,교차로 - 교차로부근,이륜,남,79세,사망,화물,남,53세,상해없음
2013073000100219,2013년 7월 30일 12시,화요일,경상북도 경주시 인왕동,경상사고,0,0,2,0,차대차 - 기타,안전운전불이행,건조,맑음,교차로 - 교차로안,승용,남,35세,상해없음,승용,남,44세,경상
2013073000100220,2013년 7월 30일 12시,화요일,경상북도 영주시 풍기읍,경상사고,0,0,2,0,차대차 - 측면직각충돌,안전운전불이행,건조,맑음,단일로 - 기타,화물,남,79세,상해없음,승용,여,47세,경상
2013073000100221,2013년 7월 30일 12시,화요일,경상북도 영덕군 강구면,중상사고,0,1,1,0,차량단독 - 전도전복,안전운전불이행,건조,맑음,단일로 - 기타,승용,여,31세,경상,,,,
2013073000100257,2013년 7월 30일 13시,화요일,경상북도 영천시 금호읍,경상사고,0,0,4,0,차대차 - 추돌 - 진행중,안전운전불이행,건조,맑음,단일로 - 기타,화물,남,26세,경상,화물,남,56세,경상
2013073000100294,2013년 7월 30일 14시,화요일,경상북도 경주시 외동읍,중상사고,0,1,3,0,차대차 - 추돌 - 주정차중,안전운전불이행,건조,맑음,교차로 - 교차로부근,승용,여,34세,상해없음,승용,남,65세,중상
2013073000100295,2013년 7월 30일 14시,화요일,경상북도 영주시 영주동,중상사고,0,1,0,0,차대차 - 측면직각충돌,안전운전불이행,건조,맑음,교차로 - 교차로안,승용,여,51세,상해없음,이륜,남,73세,중상
2013073000100324,2013년 7월 30일 15시,화요일,경상북도 포항시 북구 환호동,경상사고,0,0,1,0,차대차 - 측면직각충돌,교차로운행방법위반,건조,맑음,교차로 - 교차로안,승용,여,41세,상해없음,승용,남,35세,경상
2013073000100325,2013년 7월 30일 15시,화요일,경상북도 김천시 남면,경상사고,0,0,1,0,차대차 - 측면직각충돌,교차로운행방법위반,습기,비,교차로 - 교차로안,승용,남,45세,상해없음,승용,남,56세,경상
2013073000100326,2013년 7월 30일 15시,화요일,경상북도 상주시 냉림동,경상사고,0,0,1,0,차대차 - 기타,안전운전불이행,건조,맑음,교차로 - 교차로부근,자전거,남,7세,경상,화물,남,56세,상해없음
2013073000100327,2013년 7월 30일 15시,화요일,경상북도 칠곡군 북삼읍,부상신고사고,0,0,0,1,차대차 - 측면직각충돌,중앙선침범,건조,흐림,단일로 - 기타,승용,여,50세,상해없음,이륜,남,16세,부상신고
2013073000100360,2013년 7월 30일 16시,화요일,경상북도 경주시 천군동,경상사고,0,0,1,0,차대차 - 측면직각충돌,안전운전불이행,습기,비,교차로 - 교차로안,승용,여,48세,상해없음,화물,남,25세,경상
2013073000100361,2013년 7월 30일 16시,화요일,경상북도 칠곡군 동명면,경상사고,0,0,4,0,차대차 - 추돌 - 주정차중,안전거리미확보,습기,비,단일로 - 기타,화물,남,22세,상해없음,승용,남,41세,상해없음
2013073000100362,2013년 7월 30일 16시,화요일,경상북도 봉화군 봉화읍,경상사고,0,0,1,0,차대사람 - 횡단중,안전운전불이행,건조,맑음,단일로 - 기타,승용,남,42세,상해없음,보행자,여,7세,경상
2013073000100407,2013년 7월 30일 17시,화요일,경상북도 경주시 안강읍,중상사고,0,1,0,0,차대차 - 기타,중앙선침범,습기,비,교차로 - 교차로부근,농기계,남,71세,중상,승합,남,57세,상해없음
2013073000100408,2013년 7월 30일 17시,화요일,경상북도 경주시 충효동,중상사고,0,1,0,0,차대사람 - 기타,안전운전불이행,건조,맑음,단일로 - 기타,승용,여,45세,상해없음,보행자,여,53세,중상
2013073000100409,2013년 7월 30일 17시,화요일,경상북도 칠곡군 왜관읍,경상사고,0,0,2,0,차대차 - 추돌 - 주정차중,안전운전불이행,습기,비,단일로 - 기타,화물,남,54세,상해없음,화물,남,54세,경상
2013073000100410,2013년 7월 30일 17시,화요일,경상북도 예천군 예천읍,경상사고,0,0,1,0,차대사람 - 횡단중,보행자보호의무위반,습기,비,교차로 - 교차로안,승용,여,32세,상해없음,보행자,여,16세,경상
2013073000100411,2013년 7월 30일 17시,화요일,경상북도 예천군 예천읍,경상사고,0,0,1,0,차대사람 - 차도통행중,안전운전불이행,습기,비,단일로 - 기타,화물,남,58세,상해없음,보행자,남,48세,경상
2013073000100412,2013년 7월 30일 17시,화요일,경상북도 포항시 남구 송도동,중상사고,0,1,0,0,차대사람 - 기타,안전운전불이행,습기,비,단일로 - 기타,승용,여,63세,상해없음,보행자,남,35세,중상
2013073000100452,2013년 7월 30일 18시,화요일,경상북도 경주시 용강동,경상사고,0,0,1,0,차대차 - 기타,중앙선침범,습기,비,단일로 - 기타,승용,여,56세,상해없음,승용,여,39세,경상
2013073000100453,2013년 7월 30일 18시,화요일,경상북도 구미시 황상동,경상사고,0,0,1,0,차대차 - 측면직각충돌,교차로운행방법위반,건조,흐림,교차로 - 교차로안,승용,남,28세,상해없음,자전거,남,14세,경상
2013073000100484,2013년 7월 30일 19시,화요일,경상북도 영주시 장수면,경상사고,0,0,1,0,차대차 - 추돌 - 진행중,안전운전불이행,습기,비,교차로 - 교차로부근,화물,남,48세,상해없음,승용,여,22세,경상
2013073000100514,2013년 7월 30일 20시,화요일,경상북도 포항시 북구 죽도동,부상신고사고,0,0,0,1,차대차 - 기타,안전운전불이행,건조,맑음,교차로 - 교차로부근,승용,남,46세,상해없음,승용,여,46세,부상신고
2013073000100515,2013년 7월 30일 20시,화요일,경상북도 영천시 금노동,경상사고,0,0,1,0,차대차 - 측면직각충돌,신호위반,습기,비,교차로 - 교차로안,화물,남,35세,상해없음,승용,남,37세,상해없음
2013073000100516,2013년 7월 30일 20시,화요일,경상북도 칠곡군 가산면,경상사고,0,0,4,0,차대차 - 추돌 - 진행중,안전거리미확보,습기,흐림,단일로 - 터널,승용,남,39세,경상,승용,남,32세,경상
2013073000100556,2013년 7월 30일 21시,화요일,경상북도 구미시 임은동,경상사고,0,0,2,0,차대차 - 측면직각충돌,안전운전불이행,습기,비,교차로 - 교차로부근,승용,남,30세,상해없음,승용,남,42세,경상
2013073000100590,2013년 7월 30일 22시,화요일,경상북도 구미시 임수동,중상사고,0,1,0,0,차대차 - 측면직각충돌,중앙선침범,건조,흐림,교차로 - 교차로부근,이륜,남,44세,중상,승용,남,32세,상해없음
2013073000100618,2013년 7월 30일 23시,화요일,경상북도 경주시 강동면,중상사고,0,1,0,1,차대차 - 기타,안전운전불이행,습기,비,교차로 - 교차로안,승용,남,57세,부상신고,승용,남,31세,중상
2013073000100619,2013년 7월 30일 23시,화요일,경상북도 포항시 북구 흥해읍,경상사고,0,0,3,0,차량단독 - 공작물충돌,안전운전불이행,습기,흐림,교차로 - 교차로부근,승용,남,34세,상해없음,,,,
2013073100100067,2013년 7월 31일 03시,수요일,경상북도 구미시 사곡동,부상신고사고,0,0,0,1,차대차 - 기타,신호위반,건조,맑음,교차로 - 교차로안,이륜,남,77세,부상신고,승용,여,43세,상해없음
2013073100100074,2013년 7월 31일 04시,수요일,경상북도 포항시 남구 오천읍,경상사고,0,0,2,0,차대차 - 기타,안전거리미확보,건조,맑음,단일로 - 기타,화물,남,45세,상해없음,승용,여,44세,경상
2013073100100086,2013년 7월 31일 05시,수요일,경상북도 경주시 현곡면,경상사고,0,0,1,0,차량단독 - 전도전복,안전운전불이행,건조,맑음,단일로 - 기타,승용,남,31세,경상,,,,
2013073100100109,2013년 7월 31일 07시,수요일,경상북도 포항시 남구 해도동,중상사고,0,1,0,0,차대차 - 기타,안전운전불이행,건조,맑음,단일로 - 기타,기타불명,기타불명,기타불명,기타불명,원동기,남,54세,중상
2013073100100137,2013년 7월 31일 08시,수요일,경상북도 예천군 개포면,경상사고,0,0,1,0,차대차 - 추돌 - 진행중,안전운전불이행,건조,맑음,단일로 - 기타,화물,남,20세,상해없음,화물,남,48세,경상
2013073100100138,2013년 7월 31일 08시,수요일,경상북도 포항시 남구 동촌동,중상사고,0,1,1,0,차대차 - 측면직각충돌,교차로운행방법위반,건조,맑음,교차로 - 교차로안,승용,남,51세,중상,승용,남,54세,경상
2013073100100164,2013년 7월 31일 09시,수요일,경상북도 경주시 성건동,중상사고,0,1,0,0,차대차 - 기타,안전운전불이행,건조,맑음,단일로 - 기타,승용,여,30세,상해없음,자전거,여,68세,중상
2013073100100165,2013년 7월 31일 09시,수요일,경상북도 포항시 북구 우현동,중상사고,0,1,0,0,차량단독 - 기타,안전운전불이행,건조,맑음,단일로 - 기타,승용,남,71세,상해없음,,,,
2013073100100187,2013년 7월 31일 10시,수요일,경상북도 경주시 율동,중상사고,0,2,4,0,차대차 - 기타,안전운전불이행,건조,맑음,단일로 - 기타,승용,여,61세,경상,승용,여,42세,경상
2013073100100188,2013년 7월 31일 10시,수요일,경상북도 김천시 농소면,중상사고,0,1,0,0,차량단독 - 기타,안전운전불이행,건조,맑음,단일로 - 기타,승합,남,57세,상해없음,,,,
2013073100100189,2013년 7월 31일 10시,수요일,경상북도 문경시 산북면,경상사고,0,0,1,0,차대차 - 측면직각충돌,안전운전불이행,습기,비,교차로 - 교차로안,승용,여,36세,상해없음,자전거,남,78세,경상
2013073100100225,2013년 7월 31일 11시,수요일,경상북도 포항시 북구 장성동,경상사고,0,0,1,0,차대차 - 추돌 - 진행중,안전거리미확보,건조,맑음,교차로 - 교차로부근,승용,여,46세,상해없음,승용,여,54세,경상
2013073100100226,2013년 7월 31일 11시,수요일,경상북도 김천시 대덕면,경상사고,0,0,1,0,차대차 - 측면직각충돌,중앙선침범,건조,흐림,단일로 - 기타,화물,남,66세,상해없음,화물,남,54세,경상
2013073100100227,2013년 7월 31일 11시,수요일,경상북도 문경시 산양면,경상사고,0,0,1,0,차대차 - 기타,안전운전불이행,습기,비,교차로 - 교차로부근,화물,남,33세,상해없음,승용,남,34세,경상
2013073100100257,2013년 7월 31일 12시,수요일,경상북도 경주시 석장동,중상사고,0,3,3,0,차대차 - 기타,안전운전불이행,건조,맑음,교차로 - 교차로안,승용,여,26세,상해없음,승용,남,43세,중상
2013073100100258,2013년 7월 31일 12시,수요일,경상북도 포항시 북구 남빈동,중상사고,0,1,0,0,차대사람 - 기타,보행자보호의무위반,건조,흐림,단일로 - 기타,자전거,기타불명,기타불명,기타불명,보행자,여,64세,중상
2013073100100259,2013년 7월 31일 12시,수요일,경상북도 상주시 남성동,중상사고,0,1,0,0,차대차 - 기타,교차로운행방법위반,건조,맑음,교차로 - 교차로안,화물,남,50세,상해없음,원동기,여,70세,중상
2013073100100291,2013년 7월 31일 13시,수요일,경상북도 포항시 북구 양덕동,중상사고,0,1,1,0,차대차 - 측면직각충돌,안전운전불이행,건조,맑음,단일로 - 기타,원동기,남,43세,경상,원동기,남,32세,중상
2013073100100292,2013년 7월 31일 13시,수요일,경상북도 영주시 상망동,경상사고,0,0,2,0,차대차 - 추돌 - 진행중,안전운전불이행,습기,비,단일로 - 기타,화물,남,63세,경상,승용,남,24세,경상
2013073100100332,2013년 7월 31일 14시,수요일,경상북도 구미시 형곡동,중상사고,0,1,0,0,차대차 - 기타,교차로운행방법위반,건조,맑음,교차로 - 교차로안,승용,여,54세,상해없음,이륜,남,31세,중상
2013073100100361,2013년 7월 31일 15시,수요일,경상북도 영덕군 영해면,중상사고,0,1,5,0,차대차 - 측면직각충돌,중앙선침범,건조,맑음,단일로 - 기타,승용,남,52세,상해없음,승용,여,29세,중상
2013073100100362,2013년 7월 31일 15시,수요일,경상북도 포항시 남구 장기면,중상사고,0,1,0,0,차대차 - 측면직각충돌,안전운전불이행,건조,맑음,단일로 - 기타,승용,여,53세,상해없음,원동기,남,81세,중상
2013073100100363,2013년 7월 31일 15시,수요일,경상북도 포항시 남구 대잠동,경상사고,0,0,2,0,차대차 - 측면직각충돌,직진우회전진행방해,건조,맑음,교차로 - 교차로안,승용,여,42세,경상,승용,여,28세,경상
2013073100100396,2013년 7월 31일 16시,수요일,경상북도 의성군 춘산면,경상사고,0,0,1,0,차대사람 - 길가장자리구역통행중,안전운전불이행,건조,맑음,단일로 - 기타,승용,남,30세,상해없음,보행자,여,72세,경상