사고번호,사고일시,요일,시군구,사고내용,사망자수,중상자수,경상자수,부상신고자수,사고유형,법규위반,노면상태,기상상태,도로형태,가해운전자 차종,가해운전자 성별,가해운전자 연령,가해운전자 상해정도,피해운전자 차종,피해운전자 성별,피해운전자 연령,피해운전자 상해정도
2013073100100397,2013년 7월 31일 16시,수요일,경상북도 고령군 개진면,경상사고,0,0,3,0,차량단독 - 전도전복,안전운전불이행,건조,맑음,교차로 - 교차로부근,화물,여,57세,경상,,,,
2013073100100463,2013년 7월 31일 18시,수요일,경상북도 포항시 북구 흥해읍,경상사고,0,0,3,0,차대차 - 기타,안전운전불이행,건조,맑음,단일로 - 기타,원동기,남,45세,상해없음,승용,남,27세,경상
2013073100100464,2013년 7월 31일 18시,수요일,경상북도 경산시 진량읍,경상사고,0,0,1,0,차대사람 - 횡단중,보행자보호의무위반,건조,맑음,교차로 - 교차로부근,승용,남,56세,상해없음,보행자,남,41세,경상
2013073100100491,2013년 7월 31일 19시,수요일,경상북도 영천시 망정동,중상사고,0,1,0,0,차대차 - 기타,안전운전불이행,건조,맑음,교차로 - 교차로부근,승용,남,42세,상해없음,이륜,남,20세,중상
2013073100100517,2013년 7월 31일 20시,수요일,경상북도 영주시 상망동,경상사고,0,0,1,0,차대사람 - 기타,안전운전불이행,건조,맑음,기타 - 기타,승용,남,36세,상해없음,보행자,여,39세,경상
2013073100100518,2013년 7월 31일 20시,수요일,경상북도 포항시 남구 장기면,중상사고,0,1,0,0,차대차 - 기타,안전운전불이행,건조,맑음,단일로 - 교량,기타불명,기타불명,기타불명,기타불명,원동기,남,62세,중상
2013073100100543,2013년 7월 31일 21시,수요일,경상북도 포항시 북구 환호동,경상사고,0,0,2,0,차대차 - 기타,중앙선침범,건조,맑음,교차로 - 교차로부근,승용,여,55세,상해없음,화물,남,60세,경상
2013073100100579,2013년 7월 31일 22시,수요일,경상북도 경주시 보문동,경상사고,0,0,1,0,차대차 - 기타,안전운전불이행,건조,맑음,단일로 - 기타,승용,남,46세,상해없음,승용,여,35세,상해없음
2013073100100580,2013년 7월 31일 22시,수요일,경상북도 경산시 사동,경상사고,0,0,1,0,차대사람 - 기타,안전운전불이행,건조,맑음,단일로 - 기타,승용,여,47세,상해없음,보행자,남,26세,경상
2013073100100620,2013년 7월 31일 23시,수요일,경상북도 경주시 안강읍,중상사고,0,1,0,0,차대사람 - 횡단중,보행자보호의무위반,건조,맑음,단일로 - 횡단보도상,승용,남,23세,상해없음,보행자,여,79세,중상
2013073100100621,2013년 7월 31일 23시,수요일,경상북도 포항시 북구 양덕동,경상사고,0,0,1,0,차대차 - 추돌 - 주정차중,안전운전불이행,건조,맑음,교차로 - 교차로부근,승용,남,48세,상해없음,승용,남,40세,경상
2013073100100622,2013년 7월 31일 23시,수요일,경상북도 포항시 남구 해도동,경상사고,0,0,1,0,차대차 - 추돌 - 주정차중,안전운전불이행,건조,맑음,교차로 - 교차로부근,승용,남,37세,상해없음,승용,여,27세,경상
2013080100100025,2013년 8월 1일 01시,목요일,경상북도 경주시 동천동,경상사고,0,0,1,1,차대차 - 기타,안전운전불이행,건조,맑음,교차로 - 교차로안,승용,여,27세,부상신고,화물,남,38세,경상
2013080100100026,2013년 8월 1일 01시,목요일,경상북도 칠곡군 약목면,중상사고,0,1,1,0,차량단독 - 전도전복,안전운전불이행,건조,맑음,단일로 - 기타,이륜,남,15세,경상,,,,
2013080100100055,2013년 8월 1일 03시,목요일,경상북도 영주시 휴천동,중상사고,0,1,0,0,차대차 - 측면직각충돌,신호위반,건조,맑음,교차로 - 교차로안,승용,여,44세,상해없음,승용,여,49세,중상
2013080100100077,2013년 8월 1일 05시,목요일,경상북도 경산시 옥산동,경상사고,0,0,2,0,차대차 - 기타,안전운전불이행,건조,맑음,교차로 - 교차로안,승용,남,56세,상해없음,승용,여,46세,경상
2013080100100087,2013년 8월 1일 06시,목요일,경상북도 영천시 북안면,경상사고,0,0,1,0,차대차 - 기타,안전운전불이행,건조,흐림,기타 - 기타,승합,남,56세,상해없음,화물,남,68세,경상
2013080100100088,2013년 8월 1일 06시,목요일,경상북도 고령군 고령읍,부상신고사고,0,0,0,1,차대차 - 측면직각충돌,안전운전불이행,습기,흐림,교차로 - 교차로안,농기계,남,76세,부상신고,승용,남,70세,상해없음
2013080100100089,2013년 8월 1일 06시,목요일,경상북도 포항시 남구 오천읍,중상사고,0,2,0,0,차대차 - 정면충돌,중앙선침범,건조,맑음,단일로 - 기타,승용,여,52세,중상,승용,남,62세,중상
2013080100100106,2013년 8월 1일 07시,목요일,경상북도 울진군 북면,중상사고,0,1,0,0,차대차 - 기타,기타,건조,맑음,단일로 - 기타,건설기계,남,47세,상해없음,자전거,여,64세,중상
2013080100100107,2013년 8월 1일 07시,목요일,경상북도 포항시 남구 동촌동,경상사고,0,0,1,0,차대차 - 측면직각충돌,안전운전불이행,건조,맑음,교차로 - 교차로안,자전거,남,42세,경상,승용,남,65세,상해없음
2013080100100129,2013년 8월 1일 08시,목요일,경상북도 안동시 운안동,사망사고,1,0,0,0,차량단독 - 공작물충돌,안전운전불이행,건조,맑음,기타 - 기타,자전거,여,17세,사망,,,,
2013080100100130,2013년 8월 1일 08시,목요일,경상북도 구미시 봉곡동,중상사고,0,1,0,0,차대차 - 측면직각충돌,교차로운행방법위반,건조,맑음,교차로 - 교차로안,승합,남,56세,상해없음,승용,여,47세,중상
2013080100100161,2013년 8월 1일 09시,목요일,경상북도 경주시 사정동,중상사고,0,1,0,0,차대차 - 기타,신호위반,건조,맑음,교차로 - 교차로안,화물,남,60세,상해없음,승용,여,51세,중상
2013080100100162,2013년 8월 1일 09시,목요일,경상북도 경주시 노동동,경상사고,0,0,1,0,차대차 - 기타,안전운전불이행,건조,맑음,단일로 - 기타,승용,여,28세,상해없음,승용,남,51세,경상
2013080100100163,2013년 8월 1일 09시,목요일,경상북도 포항시 북구 대흥동,중상사고,0,1,0,0,차대차 - 측면직각충돌,신호위반,건조,맑음,교차로 - 교차로안,화물,남,61세,상해없음,원동기,남,40세,중상
2013080100100164,2013년 8월 1일 09시,목요일,경상북도 청송군 안덕면,경상사고,0,0,3,0,차대차 - 기타,교차로운행방법위반,건조,맑음,교차로 - 교차로안,승용,남,43세,경상,승합,남,55세,경상
2013080100100189,2013년 8월 1일 10시,목요일,경상북도 경주시 양북면,경상사고,0,0,1,0,차대차 - 기타,안전운전불이행,건조,맑음,단일로 - 기타,승용,남,50세,상해없음,승용,남,56세,경상
2013080100100190,2013년 8월 1일 10시,목요일,경상북도 안동시 동부동,경상사고,0,0,1,0,차대사람 - 횡단중,보행자보호의무위반,건조,맑음,교차로 - 교차로안,승합,남,62세,상해없음,보행자,여,56세,경상
2013080100100191,2013년 8월 1일 10시,목요일,경상북도 상주시 함창읍,경상사고,0,0,2,0,차대차 - 기타,안전운전불이행,건조,맑음,단일로 - 기타,승용,남,61세,상해없음,승용,여,49세,경상
2013080100100227,2013년 8월 1일 11시,목요일,경상북도 경주시 광명동,중상사고,0,2,0,0,차대차 - 기타,안전운전불이행,건조,맑음,교차로 - 교차로부근,승용,여,33세,상해없음,승용,여,48세,중상
2013080100100228,2013년 8월 1일 11시,목요일,경상북도 경주시 강동면,경상사고,0,0,3,2,차대차 - 기타,안전운전불이행,건조,맑음,단일로 - 기타,화물,남,63세,상해없음,승용,여,64세,경상
2013080100100229,2013년 8월 1일 11시,목요일,경상북도 포항시 북구 청하면,중상사고,0,2,1,0,차대차 - 기타,중앙선침범,건조,맑음,단일로 - 기타,승용,남,19세,상해없음,승용,남,30세,중상
2013080100100230,2013년 8월 1일 11시,목요일,경상북도 영주시 가흥동,경상사고,0,0,1,0,차대차 - 기타,안전운전불이행,기타,맑음,기타 - 기타,건설기계,남,40세,상해없음,자전거,여,58세,경상
2013080100100231,2013년 8월 1일 11시,목요일,경상북도 포항시 남구 장기면,중상사고,0,1,1,0,차대차 - 기타,안전운전불이행,건조,맑음,단일로 - 기타,화물,남,56세,경상,승용,남,32세,중상
2013080100100232,2013년 8월 1일 11시,목요일,경상북도 김천시 아포읍,경상사고,0,0,1,0,차대차 - 추돌 - 진행중,안전거리미확보,건조,맑음,단일로 - 기타,화물,남,54세,상해없음,화물,남,38세,경상
2013080100100260,2013년 8월 1일 12시,목요일,경상북도 경주시 천군동,중상사고,0,1,0,0,차대사람 - 기타,안전운전불이행,건조,맑음,단일로 - 기타,승용,남,37세,상해없음,보행자,남,21세,중상
2013080100100261,2013년 8월 1일 12시,목요일,경상북도 안동시 천리동,경상사고,0,0,1,0,차량단독 - 기타,안전운전불이행,건조,맑음,단일로 - 기타,원동기,남,58세,경상,,,,
2013080100100262,2013년 8월 1일 12시,목요일,경상북도 경산시 자인면,경상사고,0,0,1,0,차대차 - 기타,안전운전불이행,건조,맑음,단일로 - 기타,화물,남,62세,상해없음,승용,남,31세,경상
2013080100100263,2013년 8월 1일 12시,목요일,경상북도 영덕군 강구면,경상사고,0,0,1,0,차대차 - 기타,안전운전불이행,건조,맑음,단일로 - 기타,화물,남,18세,상해없음,승용,남,61세,경상
2013080100100286,2013년 8월 1일 13시,목요일,경상북도 포항시 북구 용흥동,경상사고,0,0,4,0,차대차 - 추돌 - 진행중,안전운전불이행,건조,맑음,교차로 - 교차로부근,승용,남,36세,경상,승용,남,50세,상해없음
2013080100100287,2013년 8월 1일 13시,목요일,경상북도 안동시 옥야동,중상사고,0,2,0,1,차대사람 - 횡단중,신호위반,건조,맑음,교차로 - 교차로부근,원동기,남,16세,부상신고,보행자,남,72세,중상
2013080100100288,2013년 8월 1일 13시,목요일,경상북도 경산시 중방동,경상사고,0,0,2,0,차대차 - 기타,안전운전불이행,건조,맑음,교차로 - 교차로부근,승용,남,54세,상해없음,화물,남,37세,경상
2013080100100307,2013년 8월 1일 14시,목요일,경상북도 경주시 양남면,경상사고,0,0,1,0,차량단독 - 전도전복,안전운전불이행,건조,맑음,단일로 - 기타,승용,남,46세,상해없음,,,,
2013080100100308,2013년 8월 1일 14시,목요일,경상북도 구미시 공단동,경상사고,0,0,1,0,차대차 - 기타,안전운전불이행,건조,흐림,교차로 - 교차로부근,승합,남,32세,기타불명,승합,남,66세,경상
2013080100100349,2013년 8월 1일 15시,목요일,경상북도 경주시 시래동,경상사고,0,0,1,1,차대차 - 추돌 - 진행중,안전운전불이행,습기,비,단일로 - 기타,승용,여,28세,상해없음,승용,남,26세,경상
2013080100100350,2013년 8월 1일 15시,목요일,경상북도 안동시 송현동,중상사고,0,1,3,0,차대차 - 측면직각충돌,신호위반,건조,맑음,교차로 - 교차로안,승용,남,45세,경상,승용,여,38세,경상
2013080100100351,2013년 8월 1일 15시,목요일,경상북도 상주시 이안면,사망사고,1,0,1,0,차량단독 - 공작물충돌,안전운전불이행,건조,맑음,단일로 - 기타,승용,남,82세,경상,,,,
2013080100100379,2013년 8월 1일 16시,목요일,경상북도 경주시 외동읍,중상사고,0,1,0,0,차대차 - 기타,안전운전불이행,습기,비,단일로 - 기타,원동기,남,57세,중상,승용,남,49세,상해없음
2013080100100380,2013년 8월 1일 16시,목요일,경상북도 경주시 시래동,경상사고,0,0,1,0,차대차 - 기타,안전운전불이행,건조,맑음,단일로 - 기타,승용,남,56세,상해없음,승용,남,48세,상해없음
2013080100100381,2013년 8월 1일 16시,목요일,경상북도 안동시 운흥동,중상사고,0,1,0,0,차대사람 - 길가장자리구역통행중,안전운전불이행,건조,맑음,단일로 - 횡단보도상,승용,남,25세,상해없음,보행자,여,59세,중상
2013080100100382,2013년 8월 1일 16시,목요일,경상북도 영주시 가흥동,중상사고,0,1,1,0,차대차 - 측면직각충돌,교차로운행방법위반,건조,맑음,교차로 - 교차로안,승용,여,64세,상해없음,승용,여,54세,중상
2013080100100383,2013년 8월 1일 16시,목요일,경상북도 영덕군 강구면,경상사고,0,0,1,0,차대차 - 측면직각충돌,직진우회전진행방해,건조,흐림,교차로 - 교차로안,이륜,남,21세,경상,화물,남,40세,상해없음
2013080100100384,2013년 8월 1일 16시,목요일,경상북도 구미시 진평동,경상사고,0,0,1,0,차대차 - 기타,직진우회전진행방해,건조,맑음,교차로 - 교차로안,승용,남,32세,상해없음,승용,남,72세,경상
2013080100100385,2013년 8월 1일 16시,목요일,경상북도 포항시 남구 대도동,경상사고,0,0,1,0,차대차 - 기타,안전운전불이행,건조,맑음,단일로 - 기타,승용,남,54세,상해없음,승용,남,29세,경상
2013080100100419,2013년 8월 1일 17시,목요일,경상북도 경주시 하동,중상사고,0,1,0,0,차대차 - 측면직각충돌,안전운전불이행,습기,비,단일로 - 기타,승용,남,41세,상해없음,원동기,남,25세,중상
2013080100100420,2013년 8월 1일 17시,목요일,경상북도 경주시 구황동,중상사고,0,1,0,0,차대사람 - 기타,안전운전불이행,습기,비,교차로 - 교차로안,승용,남,39세,상해없음,보행자,남,63세,중상
2013080100100421,2013년 8월 1일 17시,목요일,경상북도 경주시 노서동,경상사고,0,0,2,0,차대차 - 측면직각충돌,안전운전불이행,건조,맑음,단일로 - 기타,승용,남,42세,상해없음,승용,남,32세,경상
2013080100100422,2013년 8월 1일 17시,목요일,경상북도 포항시 남구 해도동,중상사고,0,1,0,0,차대차 - 기타,안전운전불이행,습기,비,교차로 - 교차로부근,승용,남,43세,상해없음,원동기,남,43세,중상
2013080100100453,2013년 8월 1일 18시,목요일,경상북도 영주시 봉현면,중상사고,0,1,0,0,차대차 - 측면직각충돌,교차로운행방법위반,건조,맑음,교차로 - 교차로안,승용,여,58세,상해없음,승합,남,51세,상해없음
2013080100100454,2013년 8월 1일 18시,목요일,경상북도 포항시 북구 기계면,중상사고,0,2,1,0,차량단독 - 공작물충돌,안전운전불이행,습기,비,단일로 - 기타,승용,남,47세,상해없음,,,,
2013080100100486,2013년 8월 1일 19시,목요일,경상북도 상주시 남성동,경상사고,0,0,3,0,차대차 - 기타,안전운전불이행,기타,비,교차로 - 교차로안,이륜,남,49세,경상,승용,남,29세,경상
2013080100100487,2013년 8월 1일 19시,목요일,경상북도 칠곡군 왜관읍,경상사고,0,0,1,0,차대차 - 측면직각충돌,안전운전불이행,습기,비,단일로 - 기타,화물,남,37세,상해없음,자전거,남,55세,경상
2013080100100488,2013년 8월 1일 19시,목요일,경상북도 군위군 의흥면,경상사고,0,0,1,0,차대차 - 정면충돌,안전운전불이행,습기,비,단일로 - 기타,화물,남,50세,상해없음,화물,남,55세,경상
2013080100100518,2013년 8월 1일 20시,목요일,경상북도 경주시 용강동,중상사고,0,1,3,0,차대차 - 측면직각충돌,신호위반,습기,비,교차로 - 교차로안,승용,남,70세,상해없음,승용,남,55세,중상
2013080100100519,2013년 8월 1일 20시,목요일,경상북도 포항시 북구 용흥동,부상신고사고,0,0,0,1,차대사람 - 기타,안전운전불이행,습기,비,교차로 - 교차로부근,승용,여,47세,상해없음,보행자,남,51세,부상신고
2013080100100520,2013년 8월 1일 20시,목요일,경상북도 영주시 안정면,중상사고,0,1,0,0,차대사람 - 길가장자리구역통행중,안전운전불이행,건조,맑음,단일로 - 기타,승용,여,52세,상해없음,보행자,여,69세,중상
2013080100100521,2013년 8월 1일 20시,목요일,경상북도 문경시 마성면,중상사고,0,3,3,0,차대차 - 측면직각충돌,중앙선침범,건조,맑음,단일로 - 기타,승용,여,52세,경상,승용,여,40세,중상
2013080100100548,2013년 8월 1일 21시,목요일,경상북도 영주시 하망동,경상사고,0,0,1,0,차대사람 - 기타,안전운전불이행,건조,맑음,교차로 - 교차로안,승용,남,58세,상해없음,보행자,남,54세,경상
2013080100100578,2013년 8월 1일 22시,목요일,경상북도 영주시 휴천동,중상사고,0,1,0,0,차대사람 - 기타,안전운전불이행,습기,비,단일로 - 기타,원동기,남,18세,상해없음,보행자,여,55세,중상
2013080100100579,2013년 8월 1일 22시,목요일,경상북도 포항시 남구 대송면,경상사고,0,0,3,0,차대차 - 측면직각충돌,직진우회전진행방해,습기,비,교차로 - 교차로안,승용,여,25세,경상,승용,남,48세,경상
2013080100100607,2013년 8월 1일 23시,목요일,경상북도 경주시 용강동,경상사고,0,0,1,0,차대차 - 기타,안전운전불이행,건조,맑음,기타 - 기타,승용,남,42세,상해없음,이륜,남,16세,경상
2013080100100608,2013년 8월 1일 23시,목요일,경상북도 경산시 조영동,사망사고,1,0,1,0,차대차 - 추돌 - 주정차중,안전운전불이행,건조,흐림,단일로 - 기타,화물,남,48세,사망,승합,남,50세,경상
2013080200100050,2013년 8월 2일 03시,금요일,경상북도 포항시 북구 장성동,경상사고,0,0,1,0,차대차 - 기타,교차로운행방법위반,습기,비,교차로 - 교차로안,원동기,남,17세,경상,화물,남,41세,상해없음
2013080200100075,2013년 8월 2일 06시,금요일,경상북도 영천시 고경면,중상사고,0,1,0,0,차대사람 - 횡단중,안전운전불이행,건조,맑음,단일로 - 기타,승용,남,47세,상해없음,보행자,여,81세,중상
2013080200100087,2013년 8월 2일 07시,금요일,경상북도 포항시 북구 기계면,중상사고,0,1,0,0,차대차 - 기타,중앙선침범,건조,맑음,단일로 - 기타,승용,남,32세,상해없음,화물,남,55세,중상
2013080200100099,2013년 8월 2일 08시,금요일,경상북도 포항시 북구 두호동,경상사고,0,0,1,0,차대차 - 측면직각충돌,교차로운행방법위반,건조,맑음,교차로 - 교차로안,승용,남,35세,상해없음,승용,여,25세,경상
2013080200100120,2013년 8월 2일 09시,금요일,경상북도 문경시 점촌동,중상사고,0,1,0,0,차대차 - 측면직각충돌,직진우회전진행방해,습기,비,교차로 - 교차로안,승용,여,58세,상해없음,승용,여,30세,중상
2013080200100143,2013년 8월 2일 10시,금요일,경상북도 구미시 사곡동,경상사고,0,0,2,0,차대차 - 추돌 - 주정차중,안전운전불이행,건조,흐림,교차로 - 교차로부근,승용,여,56세,경상,승용,남,38세,경상
2013080200100174,2013년 8월 2일 11시,금요일,경상북도 경주시 황성동,중상사고,0,1,0,0,차대사람 - 기타,안전운전불이행,건조,흐림,교차로 - 교차로부근,승용,남,48세,상해없음,보행자,여,68세,중상
2013080200100206,2013년 8월 2일 12시,금요일,경상북도 경주시 배동,중상사고,0,1,0,0,차대차 - 기타,안전운전불이행,건조,맑음,교차로 - 교차로부근,이륜,남,60세,중상,승용,남,58세,상해없음
2013080200100207,2013년 8월 2일 12시,금요일,경상북도 안동시 정하동,중상사고,0,1,0,0,차대차 - 측면직각충돌,중앙선침범,습기,흐림,단일로 - 기타,승용,남,30세,상해없음,승용,남,19세,중상
2013080200100208,2013년 8월 2일 12시,금요일,경상북도 경산시 계양동,경상사고,0,0,1,0,차대차 - 기타,안전운전불이행,건조,맑음,단일로 - 기타,이륜,남,21세,경상,승용,남,36세,상해없음
2013080200100209,2013년 8월 2일 12시,금요일,경상북도 울진군 죽변면,사망사고,1,0,0,0,차대차 - 정면충돌,안전운전불이행,습기,맑음,단일로 - 기타,승용,남,55세,상해없음,이륜,남,48세,사망
2013080200100210,2013년 8월 2일 12시,금요일,경상북도 울진군 북면,경상사고,0,0,1,0,차대차 - 정면충돌,중앙선침범,습기,맑음,단일로 - 교량,승용,남,34세,상해없음,승용,남,54세,상해없음
2013080200100211,2013년 8월 2일 12시,금요일,경상북도 울진군 근남면,중상사고,0,1,0,0,차대차 - 측면직각충돌,기타,습기,흐림,단일로 - 기타,화물,남,39세,상해없음,원동기,남,42세,중상
2013080200100212,2013년 8월 2일 12시,금요일,경상북도 구미시 고아읍,경상사고,0,0,1,0,차대차 - 기타,교차로운행방법위반,건조,맑음,교차로 - 교차로안,승용,남,66세,상해없음,이륜,여,54세,경상
2013080200100243,2013년 8월 2일 13시,금요일,경상북도 경주시 보문동,경상사고,0,0,3,0,차대차 - 기타,안전운전불이행,건조,맑음,단일로 - 기타,건설기계,남,48세,상해없음,승용,남,48세,경상
2013080200100244,2013년 8월 2일 13시,금요일,경상북도 상주시 서문동,중상사고,0,1,0,0,차대사람 - 횡단중,안전운전불이행,건조,맑음,교차로 - 교차로부근,승용,남,27세,상해없음,보행자,남,48세,중상
2013080200100273,2013년 8월 2일 14시,금요일,경상북도 상주시 낙양동,중상사고,0,1,0,0,차대차 - 기타,안전운전불이행,건조,맑음,단일로 - 기타,이륜,남,44세,중상,승용,남,22세,상해없음
2013080200100274,2013년 8월 2일 14시,금요일,경상북도 영주시 영주동,경상사고,0,0,1,0,차대차 - 추돌 - 주정차중,안전운전불이행,건조,흐림,단일로 - 교량,승용,여,50세,상해없음,이륜,남,60세,경상
2013080200100275,2013년 8월 2일 14시,금요일,경상북도 경산시 사동,경상사고,0,0,1,0,차대차 - 기타,교차로운행방법위반,건조,맑음,교차로 - 교차로안,승용,남,54세,상해없음,이륜,여,63세,경상
2013080200100276,2013년 8월 2일 14시,금요일,경상북도 봉화군 춘양면,중상사고,0,1,0,0,차대차 - 정면충돌,안전운전불이행,건조,맑음,단일로 - 기타,승용,여,40세,상해없음,원동기,남,52세,중상
2013080200100307,2013년 8월 2일 15시,금요일,경상북도 경산시 중방동,경상사고,0,0,2,0,차대차 - 기타,안전운전불이행,건조,맑음,단일로 - 기타,승용,여,52세,상해없음,승용,남,53세,경상
2013080200100308,2013년 8월 2일 15시,금요일,경상북도 봉화군 봉성면,경상사고,0,0,5,0,차대차 - 측면직각충돌,안전거리미확보,건조,맑음,단일로 - 기타,승용,남,28세,상해없음,승용,남,30세,경상
2013080200100309,2013년 8월 2일 15시,금요일,경상북도 구미시 신평동,중상사고,0,1,0,0,차대차 - 기타,안전운전불이행,건조,맑음,단일로 - 기타,이륜,남,27세,중상,승용,남,68세,상해없음
2013080200100337,2013년 8월 2일 16시,금요일,경상북도 문경시 가은읍,경상사고,0,0,2,0,차량단독 - 공작물충돌,안전운전불이행,건조,맑음,교차로 - 교차로안,화물,남,50세,경상,,,,
2013080200100338,2013년 8월 2일 16시,금요일,경상북도 구미시 해평면,경상사고,0,0,1,0,차대차 - 기타,안전운전불이행,건조,맑음,단일로 - 기타,화물,남,41세,상해없음,원동기,여,56세,경상
2013080200100374,2013년 8월 2일 17시,금요일,경상북도 구미시 형곡동,중상사고,0,3,2,0,차대차 - 기타,안전운전불이행,건조,맑음,교차로 - 교차로부근,화물,남,25세,상해없음,승용,남,52세,중상
2013080200100375,2013년 8월 2일 17시,금요일,경상북도 포항시 남구 괴동동,경상사고,0,0,1,0,차대차 - 측면직각충돌,안전운전불이행,건조,맑음,교차로 - 교차로안,승용,남,26세,상해없음,승용,남,58세,경상
2013080200100376,2013년 8월 2일 17시,금요일,경상북도 포항시 남구 호미곶면,중상사고,0,1,1,0,차대차 - 기타,중앙선침범,건조,맑음,단일로 - 기타,승합,남,21세,상해없음,화물,남,43세,경상
2013080200100377,2013년 8월 2일 17시,금요일,경상북도 경산시 하양읍,경상사고,0,0,1,0,차대차 - 측면직각충돌,안전운전불이행,건조,맑음,단일로 - 기타,승용,남,58세,상해없음,승용,남,39세,경상
2013080200100408,2013년 8월 2일 18시,금요일,경상북도 경주시 황오동,경상사고,0,0,1,0,차대사람 - 기타,안전운전불이행,건조,맑음,기타 - 기타,승용,여,51세,상해없음,보행자,여,43세,경상
2013080200100409,2013년 8월 2일 18시,금요일,경상북도 포항시 북구 죽도동,중상사고,0,1,0,0,차대사람 - 기타,중앙선침범,건조,맑음,단일로 - 기타,기타불명,기타불명,기타불명,기타불명,보행자,여,65세,중상
2013080200100410,2013년 8월 2일 18시,금요일,경상북도 안동시 송현동,경상사고,0,0,8,0,차대차 - 측면직각충돌,안전운전불이행,건조,맑음,교차로 - 교차로안,화물,남,53세,상해없음,승합,남,42세,경상
2013080200100443,2013년 8월 2일 19시,금요일,경상북도 경산시 압량면,경상사고,0,0,1,0,차대차 - 기타,안전운전불이행,건조,맑음,단일로 - 기타,화물,남,56세,상해없음,승용,남,26세,경상
2013080200100466,2013년 8월 2일 20시,금요일,경상북도 경주시 마동,경상사고,0,0,2,0,차대차 - 기타,안전운전불이행,건조,맑음,단일로 - 기타,승용,남,36세,상해없음,승용,남,60세,경상
2013080200100467,2013년 8월 2일 20시,금요일,경상북도 경산시 중방동,경상사고,0,0,1,0,차대사람 - 기타,안전운전불이행,건조,맑음,단일로 - 기타,승용,여,48세,상해없음,보행자,남,40세,경상
2013080200100468,2013년 8월 2일 20시,금요일,경상북도 경산시 백천동,경상사고,0,0,2,0,차대차 - 측면직각충돌,신호위반,건조,맑음,교차로 - 교차로안,승용,남,21세,상해없음,승용,남,64세,경상
2013080200100507,2013년 8월 2일 21시,금요일,경상북도 영주시 영주동,중상사고,0,1,0,0,차대사람 - 차도통행중,안전운전불이행,건조,맑음,단일로 - 기타,승용,남,49세,상해없음,보행자,여,57세,중상
2013080200100508,2013년 8월 2일 21시,금요일,경상북도 영주시 가흥동,중상사고,0,1,0,0,차대사람 - 횡단중,안전운전불이행,건조,맑음,교차로 - 교차로부근,화물,남,38세,상해없음,보행자,남,44세,중상
2013080200100509,2013년 8월 2일 21시,금요일,경상북도 예천군 예천읍,중상사고,0,1,0,0,차대차 - 기타,안전운전불이행,건조,맑음,교차로 - 교차로안,승용,남,47세,상해없음,이륜,남,67세,중상
2013080200100539,2013년 8월 2일 22시,금요일,경상북도 경산시 삼풍동,경상사고,0,0,1,0,차대차 - 기타,안전운전불이행,건조,맑음,단일로 - 기타,승용,남,36세,상해없음,승용,남,50세,경상
2013080200100564,2013년 8월 2일 23시,금요일,경상북도 포항시 북구 죽도동,부상신고사고,0,0,0,1,차대차 - 추돌 - 진행중,안전운전불이행,건조,맑음,단일로 - 기타,승용,남,55세,상해없음,승용,여,32세,상해없음
2013080200100565,2013년 8월 2일 23시,금요일,경상북도 포항시 북구 두호동,경상사고,0,0,1,0,차대사람 - 기타,안전운전불이행,건조,맑음,단일로 - 기타,승용,여,31세,상해없음,보행자,남,16세,경상
2013080200100566,2013년 8월 2일 23시,금요일,경상북도 포항시 북구 흥해읍,경상사고,0,0,1,0,차대사람 - 기타,안전운전불이행,건조,맑음,단일로 - 기타,승용,남,54세,상해없음,보행자,여,39세,경상
2013080300100016,2013년 8월 3일 00시,토요일,경상북도 안동시 옥동,중상사고,0,1,0,0,차대차 - 측면직각충돌,신호위반,건조,맑음,교차로 - 교차로안,승용,남,26세,상해없음,승용,남,22세,중상
2013080300100017,2013년 8월 3일 00시,토요일,경상북도 구미시 진평동,경상사고,0,0,1,0,차대차 - 기타,안전운전불이행,건조,맑음,교차로 - 교차로안,승용,남,30세,상해없음,승용,남,36세,경상
2013080300100035,2013년 8월 3일 01시,토요일,경상북도 구미시 진평동,경상사고,0,0,1,0,차대차 - 추돌 - 주정차중,안전운전불이행,건조,맑음,단일로 - 기타,승용,여,44세,경상,승용,남,29세,상해없음
2013080300100091,2013년 8월 3일 05시,토요일,경상북도 성주군 선남면,경상사고,0,0,1,0,차대차 - 측면직각충돌,안전운전불이행,건조,맑음,교차로 - 교차로안,원동기,남,50세,경상,화물,남,61세,상해없음
2013080300100103,2013년 8월 3일 06시,토요일,경상북도 안동시 용상동,부상신고사고,0,0,0,1,차대차 - 정면충돌,안전운전불이행,건조,맑음,단일로 - 기타,자전거,남,8세,부상신고,화물,남,65세,상해없음
2013080300100104,2013년 8월 3일 06시,토요일,경상북도 칠곡군 약목면,부상신고사고,0,0,0,1,차량단독 - 공작물충돌,안전운전불이행,건조,흐림,단일로 - 기타,승용,남,27세,부상신고,,,,
2013080300100105,2013년 8월 3일 06시,토요일,경상북도 문경시 문경읍,중상사고,0,3,1,0,차량단독 - 공작물충돌,안전운전불이행,습기,흐림,단일로 - 기타,승용,남,30세,경상,,,,
2013080300100106,2013년 8월 3일 06시,토요일,경상북도 고령군 성산면,경상사고,0,0,3,0,차대차 - 추돌 - 진행중,안전거리미확보,건조,맑음,단일로 - 기타,승용,남,36세,상해없음,승용,남,21세,경상
2013080300100158,2013년 8월 3일 09시,토요일,경상북도 안동시 태화동,경상사고,0,0,3,0,차대차 - 측면직각충돌,안전운전불이행,건조,맑음,단일로 - 기타,승용,남,70세,상해없음,승용,남,21세,경상