사고번호,사고일시,요일,시군구,사고내용,사망자수,중상자수,경상자수,부상신고자수,사고유형,법규위반,노면상태,기상상태,도로형태,가해운전자 차종,가해운전자 성별,가해운전자 연령,가해운전자 상해정도,피해운전자 차종,피해운전자 성별,피해운전자 연령,피해운전자 상해정도
2013080500100544,2013년 8월 5일 21시,월요일,경상북도 구미시 인의동,중상사고,0,1,0,0,차대차 - 기타,신호위반,건조,맑음,단일로 - 기타,이륜,남,37세,중상,승용,남,23세,상해없음
2013080500100572,2013년 8월 5일 22시,월요일,경상북도 경주시 동천동,중상사고,0,3,1,0,차대차 - 기타,안전운전불이행,건조,맑음,단일로 - 기타,승용,여,46세,중상,승용,여,64세,중상
2013080600100028,2013년 8월 6일 01시,화요일,경상북도 경주시 인왕동,중상사고,0,1,0,0,차대사람 - 기타,안전운전불이행,건조,맑음,단일로 - 교량,기타불명,기타불명,기타불명,기타불명,보행자,남,49세,중상
2013080600100029,2013년 8월 6일 01시,화요일,경상북도 포항시 북구 청하면,경상사고,0,0,1,0,차대사람 - 기타,안전운전불이행,건조,맑음,단일로 - 기타,승용,남,23세,상해없음,보행자,남,25세,경상
2013080600100030,2013년 8월 6일 01시,화요일,경상북도 영천시 금노동,중상사고,0,1,0,0,차대사람 - 기타,안전운전불이행,건조,맑음,단일로 - 기타,이륜,남,47세,상해없음,보행자,남,30세,중상
2013080600100096,2013년 8월 6일 07시,화요일,경상북도 경주시 시래동,중상사고,0,1,0,0,차대차 - 기타,안전운전불이행,건조,맑음,교차로 - 교차로안,이륜,여,79세,중상,승용,여,46세,상해없음
2013080600100097,2013년 8월 6일 07시,화요일,경상북도 구미시 임수동,경상사고,0,0,1,0,차대차 - 측면직각충돌,직진우회전진행방해,건조,맑음,교차로 - 교차로안,승합,남,54세,상해없음,승용,여,53세,경상
2013080600100124,2013년 8월 6일 08시,화요일,경상북도 포항시 북구 양덕동,경상사고,0,0,2,0,차대차 - 기타,신호위반,건조,맑음,교차로 - 교차로안,승용,여,55세,상해없음,승용,여,32세,경상
2013080600100125,2013년 8월 6일 08시,화요일,경상북도 영천시 금호읍,경상사고,0,0,1,0,차대차 - 기타,안전운전불이행,건조,맑음,단일로 - 기타,화물,남,46세,상해없음,승용,여,37세,경상
2013080600100126,2013년 8월 6일 08시,화요일,경상북도 예천군 개포면,중상사고,0,1,0,0,차량단독 - 공작물충돌,안전운전불이행,건조,맑음,단일로 - 기타,화물,남,54세,기타불명,,,,
2013080600100127,2013년 8월 6일 08시,화요일,경상북도 고령군 성산면,경상사고,0,0,3,0,차대차 - 추돌 - 주정차중,안전운전불이행,건조,맑음,교차로 - 교차로안,승용,여,40세,경상,승용,여,25세,경상
2013080600100128,2013년 8월 6일 08시,화요일,경상북도 구미시 공단동,경상사고,0,0,1,0,차대차 - 측면직각충돌,안전운전불이행,건조,맑음,교차로 - 교차로안,승용,남,39세,상해없음,승용,여,39세,경상
2013080600100129,2013년 8월 6일 08시,화요일,경상북도 포항시 남구 연일읍,중상사고,0,1,0,0,차대차 - 측면직각충돌,안전운전불이행,건조,맑음,단일로 - 기타,승용,남,63세,상해없음,원동기,여,49세,중상
2013080600100153,2013년 8월 6일 09시,화요일,경상북도 영천시 야사동,중상사고,0,1,0,0,차대사람 - 기타,안전운전불이행,건조,맑음,기타 - 기타,자전거,남,55세,상해없음,보행자,여,87세,중상
2013080600100154,2013년 8월 6일 09시,화요일,경상북도 영천시 청통면,중상사고,0,1,0,0,차대차 - 측면직각충돌,안전운전불이행,건조,맑음,단일로 - 기타,화물,남,63세,상해없음,자전거,남,62세,중상
2013080600100180,2013년 8월 6일 10시,화요일,경상북도 경산시 자인면,부상신고사고,0,0,0,1,차대차 - 기타,신호위반,건조,맑음,교차로 - 교차로안,승용,남,26세,상해없음,이륜,남,74세,부상신고
2013080600100181,2013년 8월 6일 10시,화요일,경상북도 성주군 초전면,경상사고,0,0,1,0,차대차 - 추돌 - 진행중,안전운전불이행,건조,맑음,기타 - 기타,건설기계,남,34세,상해없음,화물,남,71세,경상
2013080600100216,2013년 8월 6일 11시,화요일,경상북도 포항시 북구 죽도동,경상사고,0,0,2,0,차대차 - 기타,중앙선침범,건조,맑음,단일로 - 기타,원동기,남,49세,상해없음,승용,여,38세,경상
2013080600100217,2013년 8월 6일 11시,화요일,경상북도 포항시 북구 죽도동,경상사고,0,0,1,0,차대차 - 측면직각충돌,안전거리미확보,건조,맑음,단일로 - 기타,승용,남,50세,상해없음,승용,남,36세,경상
2013080600100218,2013년 8월 6일 11시,화요일,경상북도 성주군 성주읍,경상사고,0,0,1,0,차대차 - 기타,불법유턴,건조,맑음,기타 - 기타,화물,여,60세,상해없음,화물,남,52세,경상
2013080600100219,2013년 8월 6일 11시,화요일,경상북도 포항시 남구 해도동,경상사고,0,0,1,0,차대차 - 측면직각충돌,안전운전불이행,건조,맑음,단일로 - 기타,승용,여,28세,상해없음,자전거,남,80세,경상
2013080600100242,2013년 8월 6일 12시,화요일,경상북도 김천시 어모면,경상사고,0,0,2,0,차대차 - 측면직각충돌,교차로운행방법위반,건조,맑음,교차로 - 교차로안,승용,남,28세,상해없음,승용,남,21세,경상
2013080600100243,2013년 8월 6일 12시,화요일,경상북도 영주시 풍기읍,중상사고,0,1,0,0,차대차 - 측면직각충돌,안전운전불이행,건조,맑음,단일로 - 횡단보도상,승용,여,46세,상해없음,원동기,남,81세,중상
2013080600100281,2013년 8월 6일 13시,화요일,경상북도 경주시 용강동,중상사고,0,1,0,0,차대사람 - 기타,신호위반,건조,맑음,교차로 - 교차로안,이륜,여,49세,상해없음,보행자,여,40세,중상
2013080600100282,2013년 8월 6일 13시,화요일,경상북도 포항시 북구 상원동,경상사고,0,0,1,0,차대사람 - 기타,신호위반,건조,맑음,단일로 - 기타,승용,남,23세,상해없음,보행자,여,48세,경상
2013080600100283,2013년 8월 6일 13시,화요일,경상북도 경산시 옥산동,경상사고,0,0,1,0,차대차 - 추돌 - 진행중,안전운전불이행,건조,맑음,단일로 - 기타,승용,남,21세,상해없음,화물,남,52세,경상
2013080600100317,2013년 8월 6일 14시,화요일,경상북도 청송군 파천면,경상사고,0,0,2,0,차대차 - 추돌 - 주정차중,안전운전불이행,건조,맑음,단일로 - 기타,화물,남,63세,상해없음,승합,남,50세,상해없음
2013080600100318,2013년 8월 6일 14시,화요일,경상북도 구미시 진평동,중상사고,0,1,0,0,차대사람 - 기타,안전운전불이행,건조,맑음,교차로 - 교차로부근,승용,남,45세,상해없음,보행자,여,10세,중상
2013080600100319,2013년 8월 6일 14시,화요일,경상북도 포항시 남구 이동,경상사고,0,0,1,0,차대사람 - 기타,신호위반,건조,맑음,교차로 - 교차로안,승합,남,37세,상해없음,보행자,여,37세,경상
2013080600100351,2013년 8월 6일 15시,화요일,경상북도 경주시 감포읍,경상사고,0,0,1,0,차대사람 - 기타,안전운전불이행,건조,맑음,교차로 - 교차로부근,승용,여,35세,상해없음,보행자,여,67세,경상
2013080600100352,2013년 8월 6일 15시,화요일,경상북도 경주시 사정동,중상사고,0,1,0,0,차량단독 - 공작물충돌,안전운전불이행,건조,맑음,단일로 - 기타,화물,남,48세,중상,,,,
2013080600100353,2013년 8월 6일 15시,화요일,경상북도 칠곡군 동명면,중상사고,0,1,0,0,차대차 - 기타,안전운전불이행,건조,맑음,단일로 - 기타,승용,남,19세,상해없음,원동기,남,68세,중상
2013080600100354,2013년 8월 6일 15시,화요일,경상북도 구미시 인의동,중상사고,0,1,3,0,차대차 - 측면직각충돌,직진우회전진행방해,건조,맑음,교차로 - 교차로안,승용,여,38세,경상,승용,남,24세,중상
2013080600100387,2013년 8월 6일 16시,화요일,경상북도 김천시 개령면,중상사고,0,1,1,0,차대차 - 측면직각충돌,중앙선침범,습기,비,단일로 - 기타,승용,남,47세,상해없음,건설기계,남,59세,경상
2013080600100388,2013년 8월 6일 16시,화요일,경상북도 상주시 무양동,경상사고,0,0,1,0,차대차 - 기타,안전운전불이행,건조,맑음,교차로 - 교차로부근,화물,남,57세,기타불명,자전거,남,81세,경상
2013080600100389,2013년 8월 6일 16시,화요일,경상북도 포항시 남구 대잠동,중상사고,0,2,3,0,차대차 - 측면직각충돌,중앙선침범,건조,맑음,교차로 - 교차로부근,승용,남,66세,상해없음,승용,남,60세,경상
2013080600100433,2013년 8월 6일 17시,화요일,경상북도 의성군 비안면,중상사고,0,2,0,0,차대차 - 측면직각충돌,안전운전불이행,습기,비,교차로 - 교차로부근,농기계,남,77세,중상,승용,남,30세,중상
2013080600100434,2013년 8월 6일 17시,화요일,경상북도 문경시 산양면,경상사고,0,0,1,0,차대차 - 기타,기타,습기,비,교차로 - 교차로안,승합,남,54세,상해없음,이륜,여,70세,경상
2013080600100435,2013년 8월 6일 17시,화요일,경상북도 경산시 평산동,중상사고,0,1,3,0,차대차 - 기타,안전운전불이행,건조,흐림,교차로 - 교차로부근,화물,남,31세,상해없음,승합,남,57세,상해없음
2013080600100477,2013년 8월 6일 18시,화요일,경상북도 경주시 시래동,경상사고,0,0,1,0,차대차 - 기타,안전운전불이행,습기,맑음,교차로 - 교차로안,승용,남,33세,상해없음,원동기,남,40세,경상
2013080600100478,2013년 8월 6일 18시,화요일,경상북도 경주시 천군동,중상사고,0,1,0,1,차량단독 - 전도전복,안전운전불이행,건조,맑음,단일로 - 기타,원동기,남,19세,부상신고,,,,
2013080600100479,2013년 8월 6일 18시,화요일,경상북도 안동시 태화동,중상사고,0,1,2,3,차대차 - 추돌 - 주정차중,안전거리미확보,습기,흐림,단일로 - 기타,승용,남,59세,상해없음,승용,여,39세,중상
2013080600100480,2013년 8월 6일 18시,화요일,경상북도 안동시 태화동,경상사고,0,0,1,0,차대차 - 추돌 - 진행중,안전운전불이행,기타,비,단일로 - 기타,승용,남,35세,상해없음,승용,남,41세,경상
2013080600100553,2013년 8월 6일 20시,화요일,경상북도 경주시 용강동,부상신고사고,0,0,0,1,차대차 - 기타,안전운전불이행,습기,비,교차로 - 교차로안,원동기,남,23세,부상신고,승용,남,38세,상해없음
2013080600100554,2013년 8월 6일 20시,화요일,경상북도 경주시 신평동,경상사고,0,0,2,0,차대차 - 추돌 - 주정차중,안전운전불이행,습기,비,단일로 - 기타,승용,남,68세,상해없음,승용,여,25세,경상
2013080600100555,2013년 8월 6일 20시,화요일,경상북도 경산시 조영동,경상사고,0,0,1,0,차대차 - 기타,안전운전불이행,건조,맑음,교차로 - 교차로부근,화물,남,50세,상해없음,승용,남,47세,경상
2013080600100556,2013년 8월 6일 20시,화요일,경상북도 구미시 사곡동,경상사고,0,0,4,0,차대차 - 측면직각충돌,안전운전불이행,습기,비,단일로 - 기타,승용,남,66세,상해없음,승용,남,35세,경상
2013080600100582,2013년 8월 6일 21시,화요일,경상북도 포항시 북구 죽도동,중상사고,0,1,0,0,차대차 - 기타,중앙선침범,건조,맑음,단일로 - 기타,승용,남,24세,상해없음,원동기,남,44세,중상
2013080600100583,2013년 8월 6일 21시,화요일,경상북도 안동시 운흥동,경상사고,0,0,1,0,차대차 - 측면직각충돌,안전운전불이행,건조,맑음,교차로 - 교차로안,승용,남,28세,상해없음,이륜,남,19세,경상
2013080600100584,2013년 8월 6일 21시,화요일,경상북도 문경시 모전동,중상사고,0,1,0,0,차대차 - 측면직각충돌,안전운전불이행,건조,맑음,교차로 - 교차로안,승용,남,31세,상해없음,승용,여,56세,중상
2013080600100585,2013년 8월 6일 21시,화요일,경상북도 경산시 정평동,중상사고,0,1,0,0,차대차 - 기타,안전거리미확보,습기,비,교차로 - 교차로부근,화물,남,51세,상해없음,승용,여,52세,중상
2013080600100615,2013년 8월 6일 22시,화요일,경상북도 김천시 평화동,경상사고,0,0,1,0,차대사람 - 기타,안전운전불이행,건조,맑음,단일로 - 기타,승용,남,22세,상해없음,보행자,남,37세,경상
2013080600100646,2013년 8월 6일 23시,화요일,경상북도 경주시 안강읍,중상사고,0,1,0,0,차대차 - 기타,안전운전불이행,건조,맑음,단일로 - 기타,화물,남,52세,상해없음,화물,남,34세,중상
2013080700100029,2013년 8월 7일 02시,수요일,경상북도 구미시 인의동,경상사고,0,0,1,0,차대차 - 추돌 - 주정차중,안전운전불이행,건조,맑음,교차로 - 교차로부근,승용,남,31세,상해없음,승용,남,34세,경상
2013080700100049,2013년 8월 7일 04시,수요일,경상북도 청도군 청도읍,중상사고,0,1,1,0,차대차 - 측면직각충돌,교차로운행방법위반,건조,맑음,교차로 - 교차로안,승용,남,35세,경상,승용,남,32세,중상
2013080700100086,2013년 8월 7일 07시,수요일,경상북도 칠곡군 기산면,부상신고사고,0,0,0,1,차량단독 - 도로외이탈 - 추락,안전운전불이행,습기,흐림,단일로 - 교량,승용,남,26세,부상신고,,,,
2013080700100087,2013년 8월 7일 07시,수요일,경상북도 포항시 남구 해도동,중상사고,0,1,0,0,차대차 - 측면직각충돌,직진우회전진행방해,건조,맑음,교차로 - 교차로안,승용,남,61세,상해없음,자전거,남,57세,중상
2013080700100116,2013년 8월 7일 08시,수요일,경상북도 칠곡군 왜관읍,중상사고,0,1,0,0,차대차 - 기타,안전운전불이행,건조,맑음,단일로 - 기타,화물,남,56세,상해없음,자전거,남,61세,중상
2013080700100117,2013년 8월 7일 08시,수요일,경상북도 구미시 진평동,중상사고,0,1,0,0,차대차 - 기타,교차로운행방법위반,건조,맑음,교차로 - 교차로부근,승용,여,44세,상해없음,자전거,남,39세,중상
2013080700100162,2013년 8월 7일 10시,수요일,경상북도 칠곡군 왜관읍,사망사고,1,0,2,0,차대차 - 측면직각충돌,신호위반,건조,맑음,교차로 - 교차로안,원동기,남,62세,사망,승용,남,36세,경상
2013080700100195,2013년 8월 7일 11시,수요일,경상북도 영덕군 남정면,중상사고,0,2,1,0,차대차 - 측면직각충돌,교차로운행방법위반,건조,맑음,교차로 - 교차로안,승합,남,41세,상해없음,승용,남,27세,중상
2013080700100196,2013년 8월 7일 11시,수요일,경상북도 영덕군 강구면,중상사고,0,1,2,0,차대차 - 기타,안전운전불이행,건조,기타,교차로 - 교차로안,승용,남,63세,상해없음,승용,남,27세,경상
2013080700100223,2013년 8월 7일 12시,수요일,경상북도 경주시 구황동,중상사고,0,1,0,0,차대사람 - 기타,안전운전불이행,건조,맑음,단일로 - 기타,승용,남,60세,상해없음,보행자,남,11세,중상
2013080700100224,2013년 8월 7일 12시,수요일,경상북도 포항시 북구 흥해읍,중상사고,0,1,0,0,차대차 - 기타,안전운전불이행,건조,맑음,단일로 - 기타,화물,남,66세,상해없음,원동기,남,70세,중상
2013080700100248,2013년 8월 7일 13시,수요일,경상북도 의성군 단북면,중상사고,0,2,0,0,차대차 - 기타,안전운전불이행,건조,맑음,단일로 - 기타,원동기,남,70세,상해없음,원동기,남,71세,중상
2013080700100249,2013년 8월 7일 13시,수요일,경상북도 성주군 성주읍,중상사고,0,1,0,0,차대사람 - 기타,안전운전불이행,기타,맑음,단일로 - 기타,승용,여,44세,상해없음,보행자,여,24세,중상
2013080700100250,2013년 8월 7일 13시,수요일,경상북도 성주군 월항면,경상사고,0,0,1,0,차대차 - 측면직각충돌,교차로운행방법위반,기타,맑음,교차로 - 교차로안,화물,남,32세,상해없음,승용,남,67세,경상
2013080700100251,2013년 8월 7일 13시,수요일,경상북도 김천시 아포읍,중상사고,0,1,0,0,차대차 - 기타,안전거리미확보,건조,맑음,교차로 - 교차로부근,승용,남,62세,상해없음,화물,남,59세,중상
2013080700100271,2013년 8월 7일 14시,수요일,경상북도 포항시 북구 장성동,경상사고,0,0,1,0,차대차 - 측면직각충돌,기타,건조,맑음,교차로 - 교차로안,승합,남,58세,상해없음,원동기,남,71세,경상
2013080700100272,2013년 8월 7일 14시,수요일,경상북도 청송군 진보면,중상사고,0,1,0,0,차대차 - 추돌 - 진행중,안전운전불이행,건조,맑음,단일로 - 기타,승용,남,57세,상해없음,건설기계,남,51세,중상
2013080700100273,2013년 8월 7일 14시,수요일,경상북도 구미시 고아읍,사망사고,1,2,0,0,차대차 - 정면충돌,중앙선침범,건조,맑음,단일로 - 기타,이륜,남,71세,사망,화물,남,53세,중상
2013080700100274,2013년 8월 7일 14시,수요일,경상북도 포항시 남구 대송면,중상사고,0,1,1,0,차대차 - 측면직각충돌,안전운전불이행,건조,맑음,단일로 - 기타,승용,남,36세,상해없음,화물,남,53세,경상
2013080700100299,2013년 8월 7일 15시,수요일,경상북도 영천시 화북면,중상사고,0,1,0,0,차대차 - 기타,안전운전불이행,건조,맑음,기타 - 기타,이륜,여,53세,중상,화물,남,37세,상해없음
2013080700100300,2013년 8월 7일 15시,수요일,경상북도 영천시 화산면,경상사고,0,0,3,0,차대차 - 기타,교차로운행방법위반,건조,맑음,교차로 - 교차로안,승용,여,18세,경상,화물,남,50세,경상
2013080700100341,2013년 8월 7일 16시,수요일,경상북도 경산시 중방동,경상사고,0,0,1,0,차대사람 - 기타,안전운전불이행,건조,맑음,교차로 - 교차로부근,승용,남,47세,상해없음,보행자,여,92세,경상
2013080700100374,2013년 8월 7일 17시,수요일,경상북도 영주시 가흥동,경상사고,0,0,1,0,차대차 - 측면직각충돌,안전운전불이행,건조,맑음,교차로 - 교차로안,승합,남,53세,상해없음,승용,남,48세,경상
2013080700100375,2013년 8월 7일 17시,수요일,경상북도 봉화군 봉화읍,중상사고,0,2,0,0,차량단독 - 공작물충돌,안전운전불이행,건조,맑음,단일로 - 기타,화물,남,60세,상해없음,,,,
2013080700100410,2013년 8월 7일 18시,수요일,경상북도 포항시 북구 대신동,중상사고,0,1,3,0,차대차 - 기타,신호위반,건조,맑음,교차로 - 교차로안,승합,남,48세,상해없음,승합,남,53세,상해없음
2013080700100411,2013년 8월 7일 18시,수요일,경상북도 구미시 공단동,경상사고,0,0,4,0,차대차 - 기타,교차로운행방법위반,건조,맑음,교차로 - 교차로안,승용,남,28세,상해없음,승용,여,39세,경상
2013080700100481,2013년 8월 7일 20시,수요일,경상북도 구미시 선산읍,경상사고,0,0,1,0,차대차 - 기타,안전운전불이행,건조,맑음,기타 - 기타,기타불명,기타불명,기타불명,기타불명,승용,남,49세,경상
2013080700100510,2013년 8월 7일 21시,수요일,경상북도 김천시 평화동,중상사고,0,1,0,0,차대차 - 측면직각충돌,신호위반,건조,맑음,교차로 - 교차로안,이륜,남,17세,중상,이륜,남,17세,상해없음
2013080700100511,2013년 8월 7일 21시,수요일,경상북도 포항시 남구 지곡동,중상사고,0,1,0,0,차대사람 - 기타,보행자보호의무위반,건조,맑음,교차로 - 교차로부근,승합,남,52세,상해없음,보행자,여,49세,중상
2013080700100578,2013년 8월 7일 23시,수요일,경상북도 구미시 옥계동,경상사고,0,0,1,0,차대차 - 기타,안전운전불이행,건조,맑음,교차로 - 교차로안,승용,남,54세,상해없음,원동기,남,19세,경상
2013080800100007,2013년 8월 8일 00시,목요일,경상북도 포항시 북구 용흥동,경상사고,0,0,3,0,차대차 - 기타,안전운전불이행,건조,맑음,단일로 - 기타,승용,여,49세,상해없음,승용,남,34세,경상
2013080800100034,2013년 8월 8일 02시,목요일,경상북도 포항시 북구 용흥동,경상사고,0,0,1,0,차대차 - 측면직각충돌,신호위반,건조,맑음,교차로 - 교차로안,승용,남,44세,상해없음,승용,남,25세,경상
2013080800100035,2013년 8월 8일 02시,목요일,경상북도 영주시 영주동,경상사고,0,0,2,0,차량단독 - 기타,안전운전불이행,건조,맑음,단일로 - 기타,원동기,남,18세,경상,,,,
2013080800100054,2013년 8월 8일 04시,목요일,경상북도 청도군 청도읍,중상사고,0,1,0,0,차대차 - 추돌 - 진행중,안전운전불이행,건조,맑음,단일로 - 기타,승용,남,45세,상해없음,농기계,남,61세,중상
2013080800100102,2013년 8월 8일 07시,목요일,경상북도 경주시 동천동,경상사고,0,0,1,0,차대차 - 기타,안전운전불이행,건조,맑음,교차로 - 교차로부근,승용,여,62세,상해없음,승용,남,58세,경상
2013080800100103,2013년 8월 8일 07시,목요일,경상북도 경산시 계양동,중상사고,0,2,0,0,차대차 - 기타,안전운전불이행,건조,맑음,단일로 - 기타,승용,남,67세,상해없음,승용,여,40세,중상
2013080800100127,2013년 8월 8일 08시,목요일,경상북도 영양군 영양읍,중상사고,0,1,0,0,차대사람 - 기타,안전운전불이행,건조,맑음,단일로 - 기타,승용,여,52세,상해없음,보행자,여,82세,중상
2013080800100128,2013년 8월 8일 08시,목요일,경상북도 포항시 남구 연일읍,중상사고,0,1,0,0,차대차 - 측면직각충돌,안전운전불이행,건조,맑음,교차로 - 교차로안,화물,남,45세,상해없음,원동기,여,67세,중상
2013080800100129,2013년 8월 8일 08시,목요일,경상북도 포항시 남구 연일읍,중상사고,0,1,0,0,차대차 - 측면직각충돌,안전운전불이행,건조,맑음,교차로 - 교차로안,특수,남,68세,상해없음,승용,여,35세,중상
2013080800100157,2013년 8월 8일 09시,목요일,경상북도 포항시 북구 죽도동,경상사고,0,0,2,0,차대차 - 측면직각충돌,교차로운행방법위반,건조,맑음,교차로 - 교차로안,승용,여,40세,상해없음,승용,남,44세,경상
2013080800100158,2013년 8월 8일 09시,목요일,경상북도 포항시 북구 장성동,중상사고,0,1,0,0,차대차 - 추돌 - 진행중,안전운전불이행,건조,맑음,교차로 - 교차로안,승용,남,39세,상해없음,승용,남,67세,중상
2013080800100159,2013년 8월 8일 09시,목요일,경상북도 상주시 사벌면,경상사고,0,0,3,0,차대차 - 기타,교차로운행방법위반,건조,맑음,교차로 - 교차로안,화물,남,52세,상해없음,승용,남,45세,경상
2013080800100219,2013년 8월 8일 11시,목요일,경상북도 안동시 운흥동,경상사고,0,0,2,0,차대차 - 측면직각충돌,안전운전불이행,건조,맑음,교차로 - 교차로안,화물,남,43세,경상,화물,남,57세,경상
2013080800100220,2013년 8월 8일 11시,목요일,경상북도 상주시 중동면,중상사고,0,3,0,0,차대차 - 추돌 - 진행중,안전운전불이행,건조,맑음,단일로 - 기타,승용,여,52세,상해없음,승용,남,73세,중상
2013080800100252,2013년 8월 8일 12시,목요일,경상북도 포항시 북구 죽도동,중상사고,0,1,1,0,차대차 - 기타,안전운전불이행,건조,맑음,단일로 - 기타,승용,남,61세,상해없음,승용,남,68세,중상
2013080800100253,2013년 8월 8일 12시,목요일,경상북도 성주군 성주읍,중상사고,0,2,0,0,차대차 - 측면직각충돌,안전운전불이행,건조,맑음,교차로 - 교차로안,승용,남,58세,상해없음,이륜,남,60세,중상
2013080800100254,2013년 8월 8일 12시,목요일,경상북도 울진군 평해읍,중상사고,0,1,0,0,차대차 - 기타,중앙선침범,건조,맑음,교차로 - 교차로부근,원동기,남,63세,중상,승용,남,71세,상해없음
2013080800100272,2013년 8월 8일 13시,목요일,경상북도 경주시 성건동,경상사고,0,0,1,0,차대차 - 기타,안전운전불이행,건조,맑음,교차로 - 교차로안,승용,남,48세,상해없음,승합,남,38세,상해없음
2013080800100300,2013년 8월 8일 14시,목요일,경상북도 포항시 북구 송라면,경상사고,0,0,1,0,차대차 - 기타,안전운전불이행,건조,맑음,단일로 - 기타,승용,남,35세,상해없음,원동기,남,76세,경상
2013080800100301,2013년 8월 8일 14시,목요일,경상북도 예천군 예천읍,중상사고,0,1,1,0,차대차 - 측면직각충돌,안전운전불이행,건조,맑음,단일로 - 기타,화물,남,52세,상해없음,승용,여,24세,경상
2013080800100302,2013년 8월 8일 14시,목요일,경상북도 군위군 우보면,사망사고,1,0,0,0,차량단독 - 도로외이탈 - 추락,안전운전불이행,건조,맑음,단일로 - 교량,이륜,여,71세,사망,,,,
2013080800100370,2013년 8월 8일 16시,목요일,경상북도 경주시 성건동,경상사고,0,0,1,0,차대차 - 측면직각충돌,안전운전불이행,건조,맑음,교차로 - 교차로부근,승용,남,72세,경상,승용,남,45세,상해없음
2013080800100371,2013년 8월 8일 16시,목요일,경상북도 포항시 북구 흥해읍,경상사고,0,0,1,0,차대차 - 측면직각충돌,교차로운행방법위반,건조,맑음,교차로 - 교차로안,승용,여,53세,상해없음,승용,여,45세,경상
2013080800100393,2013년 8월 8일 17시,목요일,경상북도 영주시 평은면,중상사고,0,2,0,0,차대차 - 기타,안전운전불이행,건조,맑음,단일로 - 기타,승용,남,58세,상해없음,농기계,여,73세,중상
2013080800100394,2013년 8월 8일 17시,목요일,경상북도 문경시 모전동,중상사고,0,1,0,0,차대차 - 측면직각충돌,안전운전불이행,건조,맑음,단일로 - 기타,승용,남,38세,상해없음,원동기,남,18세,중상
2013080800100395,2013년 8월 8일 17시,목요일,경상북도 문경시 마성면,경상사고,0,0,2,0,차대차 - 기타,안전운전불이행,건조,맑음,단일로 - 기타,승용,여,41세,상해없음,원동기,남,76세,경상
2013080800100396,2013년 8월 8일 17시,목요일,경상북도 포항시 남구 오천읍,중상사고,0,1,3,0,차대차 - 기타,안전운전불이행,건조,맑음,교차로 - 교차로안,승용,여,33세,상해없음,승용,여,60세,경상
2013080800100441,2013년 8월 8일 18시,목요일,경상북도 포항시 북구 죽도동,경상사고,0,0,1,0,차대차 - 기타,차로위반,건조,맑음,교차로 - 교차로안,승용,기타불명,기타불명,기타불명,승합,남,49세,경상
2013080800100442,2013년 8월 8일 18시,목요일,경상북도 구미시 황상동,경상사고,0,0,1,0,차대차 - 측면직각충돌,안전운전불이행,건조,맑음,단일로 - 기타,승용,여,44세,상해없음,이륜,남,24세,경상
2013080800100443,2013년 8월 8일 18시,목요일,경상북도 포항시 남구 대도동,중상사고,0,1,1,0,차대차 - 기타,안전운전불이행,건조,맑음,교차로 - 교차로안,승용,여,70세,상해없음,승용,남,53세,경상
2013080800100520,2013년 8월 8일 20시,목요일,경상북도 포항시 북구 죽도동,부상신고사고,0,0,0,1,차대차 - 추돌 - 진행중,안전운전불이행,건조,맑음,단일로 - 기타,승용,여,54세,상해없음,승용,남,29세,부상신고
2013080800100521,2013년 8월 8일 20시,목요일,경상북도 안동시 풍산읍,중상사고,0,1,0,0,차대차 - 측면직각충돌,안전운전불이행,건조,맑음,단일로 - 기타,승용,남,75세,상해없음,원동기,남,67세,중상
2013080800100522,2013년 8월 8일 20시,목요일,경상북도 포항시 남구 송도동,경상사고,0,0,1,0,차대사람 - 기타,안전운전불이행,건조,맑음,단일로 - 기타,승용,여,30세,상해없음,보행자,남,73세,경상
2013080800100554,2013년 8월 8일 21시,목요일,경상북도 상주시 서성동,경상사고,0,0,1,0,차대차 - 기타,안전운전불이행,건조,맑음,교차로 - 교차로안,이륜,남,39세,경상,승용,남,23세,상해없음
2013080800100555,2013년 8월 8일 21시,목요일,경상북도 울진군 후포면,경상사고,0,0,1,0,차대차 - 추돌 - 진행중,안전운전불이행,건조,맑음,단일로 - 기타,승용,남,29세,상해없음,원동기,남,44세,경상
2013080800100556,2013년 8월 8일 21시,목요일,경상북도 군위군 우보면,경상사고,0,0,2,0,차대차 - 정면충돌,중앙선침범,건조,맑음,단일로 - 기타,화물,남,43세,상해없음,화물,남,67세,경상
2013080800100557,2013년 8월 8일 21시,목요일,경상북도 포항시 남구 지곡동,경상사고,0,0,1,0,차대사람 - 횡단중,보행자보호의무위반,건조,맑음,교차로 - 교차로부근,기타불명,기타불명,기타불명,기타불명,보행자,남,14세,경상
2013080800100585,2013년 8월 8일 22시,목요일,경상북도 포항시 북구 양덕동,중상사고,0,1,0,0,차대차 - 측면직각충돌,안전운전불이행,건조,맑음,교차로 - 교차로안,승용,여,20세,상해없음,승용,여,38세,중상
2013080800100586,2013년 8월 8일 22시,목요일,경상북도 김천시 신음동,경상사고,0,0,1,0,차대차 - 측면직각충돌,중앙선침범,건조,맑음,단일로 - 횡단보도상,승용,남,50세,상해없음,자전거,남,16세,경상
2013080800100587,2013년 8월 8일 22시,목요일,경상북도 구미시 구평동,경상사고,0,0,1,0,차대차 - 측면직각충돌,안전거리미확보,건조,맑음,단일로 - 기타,승용,남,26세,상해없음,이륜,남,22세,경상
2013080800100610,2013년 8월 8일 23시,목요일,경상북도 칠곡군 가산면,중상사고,0,1,0,0,차대차 - 기타,신호위반,건조,맑음,교차로 - 교차로안,화물,남,38세,상해없음,이륜,남,22세,중상