사고번호,사고일시,요일,시군구,사고내용,사망자수,중상자수,경상자수,부상신고자수,사고유형,법규위반,노면상태,기상상태,도로형태,가해운전자 차종,가해운전자 성별,가해운전자 연령,가해운전자 상해정도,피해운전자 차종,피해운전자 성별,피해운전자 연령,피해운전자 상해정도
2013080800100611,2013년 8월 8일 23시,목요일,경상북도 영천시 조교동,중상사고,0,1,0,0,차대사람 - 길가장자리구역통행중,안전운전불이행,건조,맑음,단일로 - 기타,이륜,남,16세,상해없음,보행자,남,15세,중상
2013080900100016,2013년 8월 9일 00시,금요일,경상북도 경산시 중산동,중상사고,0,1,0,0,차대차 - 기타,신호위반,건조,맑음,교차로 - 교차로부근,승용,남,21세,상해없음,승용,남,35세,중상
2013080900100033,2013년 8월 9일 01시,금요일,경상북도 칠곡군 석적읍,사망사고,1,0,0,0,차량단독 - 기타,안전운전불이행,건조,맑음,단일로 - 기타,승용,남,28세,사망,,,,
2013080900100034,2013년 8월 9일 01시,금요일,경상북도 경산시 진량읍,경상사고,0,0,3,0,차대차 - 기타,안전운전불이행,건조,맑음,교차로 - 교차로부근,승용,남,47세,경상,승용,남,46세,경상
2013080900100050,2013년 8월 9일 03시,금요일,경상북도 경주시 성건동,경상사고,0,0,1,0,차대사람 - 기타,안전운전불이행,건조,맑음,교차로 - 교차로안,승용,남,19세,상해없음,보행자,남,46세,경상
2013080900100055,2013년 8월 9일 04시,금요일,경상북도 안동시 운안동,중상사고,0,1,0,0,차대사람 - 차도통행중,안전운전불이행,건조,맑음,교차로 - 교차로부근,승용,남,50세,상해없음,보행자,여,75세,중상
2013080900100056,2013년 8월 9일 04시,금요일,경상북도 청도군 청도읍,사망사고,1,0,0,0,차량단독 - 공작물충돌,안전운전불이행,건조,맑음,단일로 - 기타,이륜,남,22세,사망,,,,
2013080900100064,2013년 8월 9일 05시,금요일,경상북도 경주시 양북면,부상신고사고,0,0,0,1,차량단독 - 공작물충돌,안전운전불이행,건조,맑음,단일로 - 기타,승용,남,19세,부상신고,,,,
2013080900100073,2013년 8월 9일 06시,금요일,경상북도 안동시 길안면,경상사고,0,0,2,0,차대차 - 측면직각충돌,중앙선침범,건조,맑음,단일로 - 기타,화물,남,47세,상해없음,승용,남,60세,경상
2013080900100074,2013년 8월 9일 06시,금요일,경상북도 안동시 운흥동,중상사고,0,1,1,0,차대차 - 측면직각충돌,안전운전불이행,건조,맑음,교차로 - 교차로안,승합,남,54세,상해없음,승용,남,53세,중상
2013080900100089,2013년 8월 9일 07시,금요일,경상북도 울진군 기성면,부상신고사고,0,0,0,1,차량단독 - 공작물충돌,안전운전불이행,건조,맑음,단일로 - 기타,승용,남,26세,기타불명,,,,
2013080900100115,2013년 8월 9일 08시,금요일,경상북도 구미시 지산동,사망사고,1,0,0,0,차대차 - 기타,차로위반,건조,맑음,단일로 - 횡단보도부근,자전거,여,79세,사망,승합,여,40세,상해없음
2013080900100116,2013년 8월 9일 08시,금요일,경상북도 구미시 구포동,경상사고,0,0,1,0,차대차 - 기타,안전거리미확보,건조,맑음,교차로 - 교차로안,승합,남,50세,기타불명,승용,남,59세,경상
2013080900100148,2013년 8월 9일 09시,금요일,경상북도 문경시 영순면,경상사고,0,0,1,0,차대차 - 기타,기타,건조,맑음,단일로 - 기타,승용,여,58세,상해없음,승용,여,53세,경상
2013080900100149,2013년 8월 9일 09시,금요일,경상북도 성주군 성주읍,경상사고,0,0,1,0,차대차 - 기타,중앙선침범,건조,맑음,기타 - 기타,화물,남,80세,상해없음,승용,남,61세,경상
2013080900100169,2013년 8월 9일 10시,금요일,경상북도 경주시 외동읍,중상사고,0,1,0,0,차대차 - 측면직각충돌,안전운전불이행,건조,맑음,단일로 - 기타,화물,남,61세,상해없음,이륜,여,79세,중상
2013080900100170,2013년 8월 9일 10시,금요일,경상북도 포항시 북구 흥해읍,중상사고,0,1,0,0,차대차 - 기타,안전운전불이행,건조,맑음,교차로 - 교차로안,승용,여,41세,상해없음,원동기,남,67세,중상
2013080900100171,2013년 8월 9일 10시,금요일,경상북도 김천시 구성면,중상사고,0,2,1,0,차대차 - 측면직각충돌,중앙선침범,건조,맑음,단일로 - 기타,화물,남,76세,상해없음,승용,남,54세,중상
2013080900100204,2013년 8월 9일 11시,금요일,경상북도 안동시 풍산읍,경상사고,0,0,1,0,차대차 - 추돌 - 진행중,안전거리미확보,건조,맑음,단일로 - 기타,화물,남,61세,상해없음,화물,남,58세,경상
2013080900100205,2013년 8월 9일 11시,금요일,경상북도 상주시 사벌면,중상사고,0,1,0,0,차대차 - 기타,교차로운행방법위반,건조,맑음,교차로 - 교차로안,화물,남,22세,상해없음,원동기,남,54세,중상
2013080900100241,2013년 8월 9일 12시,금요일,경상북도 경주시 안강읍,경상사고,0,0,2,0,차대차 - 기타,안전운전불이행,건조,맑음,기타 - 기타,화물,남,48세,상해없음,화물,남,75세,경상
2013080900100242,2013년 8월 9일 12시,금요일,경상북도 예천군 예천읍,경상사고,0,0,1,0,차대차 - 기타,안전운전불이행,건조,맑음,단일로 - 기타,승용,남,44세,상해없음,이륜,여,65세,경상
2013080900100243,2013년 8월 9일 12시,금요일,경상북도 봉화군 물야면,경상사고,0,0,1,0,차량단독 - 기타,안전운전불이행,건조,맑음,단일로 - 기타,원동기,남,72세,경상,,,,
2013080900100272,2013년 8월 9일 13시,금요일,경상북도 경주시 외동읍,중상사고,0,1,0,0,차대차 - 기타,안전운전불이행,건조,맑음,단일로 - 기타,승용,남,24세,상해없음,승용,여,28세,중상
2013080900100273,2013년 8월 9일 13시,금요일,경상북도 경주시 동천동,중상사고,0,1,0,0,차대차 - 기타,안전운전불이행,건조,맑음,교차로 - 교차로안,승용,남,39세,상해없음,승용,남,50세,상해없음
2013080900100274,2013년 8월 9일 13시,금요일,경상북도 포항시 북구 용흥동,경상사고,0,0,1,0,차대차 - 측면직각충돌,차로위반,건조,맑음,단일로 - 기타,승용,여,56세,상해없음,원동기,남,58세,경상
2013080900100303,2013년 8월 9일 14시,금요일,경상북도 경주시 천북면,경상사고,0,0,1,1,차대차 - 기타,안전운전불이행,건조,맑음,단일로 - 기타,화물,남,47세,부상신고,화물,남,50세,상해없음
2013080900100304,2013년 8월 9일 14시,금요일,경상북도 경주시 노동동,경상사고,0,0,1,0,차대사람 - 기타,안전운전불이행,건조,맑음,단일로 - 기타,원동기,남,18세,상해없음,보행자,남,12세,경상
2013080900100305,2013년 8월 9일 14시,금요일,경상북도 군위군 고로면,중상사고,0,2,1,0,차량단독 - 공작물충돌,안전운전불이행,건조,맑음,단일로 - 기타,승합,남,59세,상해없음,,,,
2013080900100339,2013년 8월 9일 15시,금요일,경상북도 경주시 용강동,경상사고,0,0,1,0,차대차 - 기타,안전운전불이행,건조,맑음,교차로 - 교차로부근,승용,여,39세,상해없음,승합,남,27세,상해없음
2013080900100340,2013년 8월 9일 15시,금요일,경상북도 경주시 외동읍,경상사고,0,0,1,0,차대차 - 기타,안전운전불이행,건조,맑음,교차로 - 교차로안,화물,남,56세,상해없음,승용,여,57세,경상
2013080900100341,2013년 8월 9일 15시,금요일,경상북도 영천시 화북면,중상사고,0,2,0,0,차량단독 - 공작물충돌,안전운전불이행,건조,맑음,단일로 - 기타,화물,남,53세,중상,,,,
2013080900100342,2013년 8월 9일 15시,금요일,경상북도 울릉군 울릉읍,경상사고,0,0,1,0,차대사람 - 길가장자리구역통행중,안전운전불이행,건조,맑음,교차로 - 교차로부근,화물,남,45세,상해없음,보행자,남,60세,경상
2013080900100343,2013년 8월 9일 15시,금요일,경상북도 구미시 구평동,경상사고,0,0,1,0,차대차 - 기타,교차로운행방법위반,건조,맑음,교차로 - 교차로안,승용,남,25세,상해없음,화물,남,43세,경상
2013080900100374,2013년 8월 9일 16시,금요일,경상북도 포항시 북구 기계면,중상사고,0,1,0,0,차량단독 - 전도전복,안전운전불이행,건조,맑음,기타 - 기타,승용,남,53세,상해없음,,,,
2013080900100375,2013년 8월 9일 16시,금요일,경상북도 김천시 구성면,중상사고,0,1,0,0,차대차 - 측면직각충돌,안전운전불이행,건조,맑음,단일로 - 기타,화물,남,60세,상해없음,화물,남,59세,상해없음
2013080900100376,2013년 8월 9일 16시,금요일,경상북도 영천시 신령면,사망사고,1,0,0,1,차량단독 - 전도전복,안전운전불이행,건조,맑음,기타 - 기타,농기계,남,54세,사망,,,,
2013080900100377,2013년 8월 9일 16시,금요일,경상북도 영천시 화룡동,경상사고,0,0,1,0,차대차 - 추돌 - 주정차중,안전운전불이행,건조,맑음,단일로 - 기타,승용,남,55세,상해없음,승용,여,32세,경상
2013080900100409,2013년 8월 9일 17시,금요일,경상북도 영주시 휴천동,중상사고,0,1,0,0,차대사람 - 횡단중,안전운전불이행,건조,맑음,단일로 - 기타,승용,여,44세,상해없음,보행자,남,8세,중상
2013080900100410,2013년 8월 9일 17시,금요일,경상북도 영주시 상줄동,경상사고,0,0,1,0,차대차 - 측면직각충돌,신호위반,건조,맑음,교차로 - 교차로안,원동기,남,70세,경상,승용,남,34세,상해없음
2013080900100452,2013년 8월 9일 18시,금요일,경상북도 영주시 조암동,경상사고,0,0,3,0,차대차 - 추돌 - 주정차중,안전운전불이행,건조,맑음,단일로 - 기타,승용,남,42세,상해없음,승용,남,44세,경상
2013080900100495,2013년 8월 9일 19시,금요일,경상북도 경주시 현곡면,경상사고,0,0,1,0,차대차 - 기타,중앙선침범,건조,맑음,단일로 - 기타,승합,남,60세,상해없음,원동기,남,24세,경상
2013080900100496,2013년 8월 9일 19시,금요일,경상북도 포항시 북구 죽도동,경상사고,0,0,1,0,차대차 - 추돌 - 진행중,안전운전불이행,건조,맑음,교차로 - 교차로부근,승용,여,25세,상해없음,승용,남,32세,경상
2013080900100497,2013년 8월 9일 19시,금요일,경상북도 영덕군 강구면,중상사고,0,1,2,0,차대차 - 추돌 - 진행중,교차로운행방법위반,건조,맑음,교차로 - 교차로부근,화물,남,71세,경상,화물,남,41세,경상
2013080900100536,2013년 8월 9일 20시,금요일,경상북도 영천시 완산동,경상사고,0,0,1,0,차대차 - 측면직각충돌,안전운전불이행,건조,맑음,교차로 - 교차로안,승용,여,44세,상해없음,승용,남,46세,경상
2013080900100537,2013년 8월 9일 20시,금요일,경상북도 구미시 옥계동,중상사고,0,1,0,0,차대차 - 기타,안전운전불이행,건조,맑음,교차로 - 교차로안,승용,남,37세,상해없음,이륜,남,22세,중상
2013080900100538,2013년 8월 9일 20시,금요일,경상북도 포항시 남구 대도동,경상사고,0,0,1,0,차대차 - 측면직각충돌,교차로운행방법위반,건조,맑음,교차로 - 교차로부근,승용,남,51세,상해없음,승용,남,24세,경상
2013080900100539,2013년 8월 9일 20시,금요일,경상북도 포항시 남구 이동,경상사고,0,0,1,0,차대차 - 측면직각충돌,안전운전불이행,건조,맑음,단일로 - 기타,원동기,남,29세,경상,승용,남,31세,상해없음
2013080900100569,2013년 8월 9일 21시,금요일,경상북도 경주시 성건동,경상사고,0,0,1,0,차대차 - 기타,중앙선침범,건조,맑음,단일로 - 기타,승용,남,24세,상해없음,원동기,남,17세,경상
2013080900100597,2013년 8월 9일 22시,금요일,경상북도 칠곡군 석적읍,부상신고사고,0,0,0,1,차대사람 - 기타,안전운전불이행,건조,맑음,단일로 - 기타,승용,남,48세,상해없음,보행자,여,19세,부상신고
2013080900100598,2013년 8월 9일 22시,금요일,경상북도 칠곡군 북삼읍,경상사고,0,0,1,0,차대차 - 기타,교차로운행방법위반,건조,맑음,교차로 - 교차로부근,승용,남,39세,상해없음,이륜,남,17세,경상
2013080900100622,2013년 8월 9일 23시,금요일,경상북도 경산시 사동,경상사고,0,0,1,0,차대차 - 기타,안전운전불이행,건조,맑음,교차로 - 교차로안,승용,남,40세,상해없음,이륜,남,21세,경상
2013080900100623,2013년 8월 9일 23시,금요일,경상북도 경산시 옥곡동,경상사고,0,0,1,0,차대사람 - 기타,안전운전불이행,건조,맑음,단일로 - 기타,승용,남,47세,상해없음,보행자,여,49세,경상
2013080900100624,2013년 8월 9일 23시,금요일,경상북도 포항시 남구 대잠동,경상사고,0,0,1,0,차대차 - 측면직각충돌,중앙선침범,건조,맑음,단일로 - 기타,기타불명,기타불명,기타불명,기타불명,승용,남,48세,경상
2013081000100067,2013년 8월 10일 02시,토요일,경상북도 구미시 상모동,경상사고,0,0,1,0,차대차 - 측면직각충돌,안전운전불이행,건조,맑음,교차로 - 교차로부근,승합,여,44세,상해없음,승용,남,62세,경상
2013081000100092,2013년 8월 10일 04시,토요일,경상북도 구미시 옥성면,중상사고,0,1,0,0,차대차 - 추돌 - 진행중,안전운전불이행,건조,맑음,단일로 - 기타,화물,남,49세,상해없음,화물,남,67세,중상
2013081000100109,2013년 8월 10일 05시,토요일,경상북도 칠곡군 지천면,경상사고,0,0,7,0,차대차 - 기타,안전운전불이행,건조,맑음,단일로 - 기타,화물,남,36세,상해없음,승용,남,49세,경상
2013081000100132,2013년 8월 10일 06시,토요일,경상북도 김천시 아포읍,경상사고,0,0,1,0,차대차 - 측면직각충돌,안전운전불이행,건조,맑음,단일로 - 기타,승용,남,40세,상해없음,자전거,여,60세,경상
2013081000100151,2013년 8월 10일 07시,토요일,경상북도 구미시 장천면,중상사고,0,1,0,1,차대차 - 측면직각충돌,직진우회전진행방해,건조,맑음,교차로 - 교차로안,승용,남,44세,부상신고,화물,남,41세,중상
2013081000100152,2013년 8월 10일 07시,토요일,경상북도 포항시 남구 해도동,경상사고,0,0,2,0,차대차 - 추돌 - 주정차중,안전운전불이행,건조,맑음,단일로 - 기타,승용,남,32세,상해없음,승용,여,51세,경상
2013081000100195,2013년 8월 10일 09시,토요일,경상북도 포항시 남구 오천읍,중상사고,0,1,0,0,차대차 - 측면직각충돌,안전거리미확보,건조,맑음,단일로 - 기타,원동기,남,72세,중상,승용,여,28세,상해없음
2013081000100219,2013년 8월 10일 10시,토요일,경상북도 포항시 남구 구룡포읍,중상사고,0,2,0,0,차량단독 - 공작물충돌,안전운전불이행,건조,맑음,단일로 - 기타,승용,남,58세,중상,,,,
2013081000100248,2013년 8월 10일 11시,토요일,경상북도 포항시 북구 죽도동,중상사고,0,1,0,0,차대차 - 측면직각충돌,교차로운행방법위반,건조,맑음,교차로 - 교차로안,승용,여,44세,상해없음,자전거,남,64세,중상
2013081000100249,2013년 8월 10일 11시,토요일,경상북도 포항시 남구 이동,경상사고,0,0,1,0,차대차 - 측면직각충돌,안전운전불이행,건조,맑음,단일로 - 기타,승용,남,56세,상해없음,화물,남,47세,상해없음
2013081000100250,2013년 8월 10일 11시,토요일,경상북도 포항시 남구 오천읍,사망사고,1,0,0,0,차대차 - 추돌 - 주정차중,안전운전불이행,건조,맑음,단일로 - 기타,승용,남,58세,사망,특수,남,61세,기타불명
2013081000100274,2013년 8월 10일 12시,토요일,경상북도 김천시 성내동,중상사고,0,1,0,0,차대차 - 측면직각충돌,교차로운행방법위반,건조,맑음,교차로 - 교차로안,승합,남,49세,상해없음,이륜,남,50세,중상
2013081000100275,2013년 8월 10일 12시,토요일,경상북도 영주시 영주동,경상사고,0,0,1,0,차대차 - 측면직각충돌,직진우회전진행방해,건조,맑음,교차로 - 교차로안,승용,여,50세,상해없음,원동기,남,50세,경상
2013081000100276,2013년 8월 10일 12시,토요일,경상북도 칠곡군 석적읍,부상신고사고,0,0,0,1,차대차 - 기타,교차로운행방법위반,건조,맑음,교차로 - 교차로안,원동기,남,39세,부상신고,승용,여,44세,상해없음
2013081000100277,2013년 8월 10일 12시,토요일,경상북도 경산시 압량면,중상사고,0,1,0,0,차대사람 - 기타,보행자보호의무위반,건조,맑음,단일로 - 기타,승용,여,27세,상해없음,보행자,남,7세,중상
2013081000100278,2013년 8월 10일 12시,토요일,경상북도 봉화군 춘양면,중상사고,0,1,0,0,차대사람 - 기타,안전운전불이행,건조,맑음,교차로 - 교차로안,승용,여,38세,상해없음,보행자,여,76세,중상
2013081000100279,2013년 8월 10일 12시,토요일,경상북도 청도군 운문면,중상사고,0,2,0,0,차대차 - 정면충돌,중앙선침범,건조,맑음,단일로 - 기타,승용,남,72세,중상,승용,남,25세,중상
2013081000100280,2013년 8월 10일 12시,토요일,경상북도 포항시 남구 오천읍,경상사고,0,0,3,0,차대차 - 측면직각충돌,직진우회전진행방해,건조,맑음,교차로 - 교차로안,승용,여,49세,경상,승용,여,41세,경상
2013081000100313,2013년 8월 10일 13시,토요일,경상북도 안동시 당북동,중상사고,0,1,1,0,차대차 - 기타,직진우회전진행방해,건조,흐림,교차로 - 교차로부근,승용,여,51세,상해없음,특수,남,34세,경상
2013081000100314,2013년 8월 10일 13시,토요일,경상북도 안동시 서후면,중상사고,0,1,0,0,차대차 - 기타,안전운전불이행,습기,비,교차로 - 교차로부근,농기계,남,73세,상해없음,승용,남,36세,상해없음
2013081000100315,2013년 8월 10일 13시,토요일,경상북도 봉화군 봉화읍,중상사고,0,1,1,0,차대차 - 정면충돌,중앙선침범,건조,맑음,단일로 - 기타,승합,남,56세,상해없음,승용,남,32세,경상
2013081000100316,2013년 8월 10일 13시,토요일,경상북도 울진군 서면,경상사고,0,0,2,0,차대차 - 기타,중앙선침범,습기,비,단일로 - 기타,승합,여,51세,상해없음,승용,남,49세,경상
2013081000100354,2013년 8월 10일 14시,토요일,경상북도 경주시 동천동,경상사고,0,0,1,0,차대차 - 기타,안전운전불이행,건조,맑음,단일로 - 기타,승용,남,50세,상해없음,승용,여,32세,경상
2013081000100355,2013년 8월 10일 14시,토요일,경상북도 경주시 양남면,중상사고,0,1,0,0,차량단독 - 공작물충돌,안전운전불이행,건조,맑음,단일로 - 기타,승용,남,50세,중상,,,,
2013081000100356,2013년 8월 10일 14시,토요일,경상북도 경주시 천군동,부상신고사고,0,0,0,2,차량단독 - 공작물충돌,안전운전불이행,건조,맑음,기타 - 기타,이륜,여,27세,부상신고,,,,
2013081000100357,2013년 8월 10일 14시,토요일,경상북도 문경시 호계면,중상사고,0,1,0,0,차대사람 - 횡단중,안전운전불이행,건조,맑음,단일로 - 기타,승합,남,48세,상해없음,보행자,여,52세,중상
2013081000100358,2013년 8월 10일 14시,토요일,경상북도 경산시 와촌면,경상사고,0,0,1,0,차대차 - 기타,안전운전불이행,건조,맑음,교차로 - 교차로부근,승용,여,62세,상해없음,승용,여,46세,경상
2013081000100359,2013년 8월 10일 14시,토요일,경상북도 울진군 죽변면,중상사고,0,1,0,0,차량단독 - 기타,안전운전불이행,건조,맑음,단일로 - 기타,이륜,남,65세,중상,,,,
2013081000100360,2013년 8월 10일 14시,토요일,경상북도 고령군 쌍림면,중상사고,0,1,0,0,차대차 - 추돌 - 진행중,안전운전불이행,건조,맑음,단일로 - 기타,화물,남,48세,상해없음,승용,남,40세,상해없음
2013081000100361,2013년 8월 10일 14시,토요일,경상북도 구미시 원평동,경상사고,0,0,2,0,차대차 - 추돌 - 주정차중,안전운전불이행,습기,흐림,단일로 - 기타,승용,남,56세,상해없음,승용,남,31세,경상
2013081000100362,2013년 8월 10일 14시,토요일,경상북도 포항시 남구 연일읍,경상사고,0,0,3,0,차대차 - 측면직각충돌,안전운전불이행,건조,맑음,교차로 - 교차로안,승용,남,55세,상해없음,승용,남,62세,경상
2013081000100392,2013년 8월 10일 15시,토요일,경상북도 경주시 용강동,경상사고,0,0,1,0,차대차 - 기타,안전운전불이행,습기,비,단일로 - 횡단보도부근,승용,남,44세,상해없음,자전거,남,16세,경상
2013081000100393,2013년 8월 10일 15시,토요일,경상북도 경주시 율동,경상사고,0,0,4,3,차대차 - 기타,안전운전불이행,건조,맑음,단일로 - 기타,승용,여,38세,부상신고,승용,남,65세,경상
2013081000100394,2013년 8월 10일 15시,토요일,경상북도 포항시 북구 장성동,경상사고,0,0,1,0,차대차 - 기타,교차로운행방법위반,습기,비,교차로 - 교차로부근,승용,남,40세,상해없음,원동기,남,31세,경상
2013081000100395,2013년 8월 10일 15시,토요일,경상북도 봉화군 소천면,경상사고,0,0,1,0,차대차 - 측면직각충돌,중앙선침범,습기,비,단일로 - 기타,승용,여,33세,상해없음,승용,남,31세,경상
2013081000100396,2013년 8월 10일 15시,토요일,경상북도 영양군 일월면,중상사고,0,1,1,0,차대차 - 측면직각충돌,안전운전불이행,건조,맑음,단일로 - 기타,화물,남,53세,경상,화물,남,36세,중상
2013081000100420,2013년 8월 10일 16시,토요일,경상북도 경주시 성건동,경상사고,0,0,1,0,차대차 - 기타,안전운전불이행,건조,맑음,교차로 - 교차로부근,승용,남,41세,상해없음,승용,남,52세,경상
2013081000100421,2013년 8월 10일 16시,토요일,경상북도 포항시 북구 두호동,중상사고,0,1,0,0,차대차 - 기타,안전운전불이행,건조,맑음,단일로 - 기타,승용,남,22세,상해없음,원동기,남,26세,중상
2013081000100422,2013년 8월 10일 16시,토요일,경상북도 김천시 성내동,경상사고,0,0,1,0,차대차 - 측면직각충돌,교차로운행방법위반,건조,맑음,교차로 - 교차로부근,승용,여,45세,상해없음,이륜,남,17세,경상
2013081000100423,2013년 8월 10일 16시,토요일,경상북도 봉화군 소천면,경상사고,0,0,2,0,차대차 - 추돌 - 진행중,안전운전불이행,습기,비,단일로 - 기타,승용,남,52세,상해없음,승용,남,45세,경상
2013081000100453,2013년 8월 10일 17시,토요일,경상북도 김천시 지좌동,경상사고,0,0,1,0,차대차 - 측면직각충돌,안전운전불이행,건조,맑음,단일로 - 기타,승용,남,42세,상해없음,승용,여,41세,상해없음
2013081000100454,2013년 8월 10일 17시,토요일,경상북도 영주시 영주동,경상사고,0,0,2,0,차대차 - 측면직각충돌,직진우회전진행방해,건조,맑음,교차로 - 교차로안,승용,남,77세,상해없음,승용,남,49세,경상
2013081000100455,2013년 8월 10일 17시,토요일,경상북도 구미시 인의동,경상사고,0,0,5,0,차대차 - 측면직각충돌,직진우회전진행방해,건조,맑음,교차로 - 교차로안,승용,남,41세,상해없음,승용,여,54세,경상
2013081000100496,2013년 8월 10일 18시,토요일,경상북도 영천시 문외동,중상사고,0,1,0,0,차대차 - 측면직각충돌,교차로운행방법위반,건조,맑음,교차로 - 교차로안,승용,남,45세,상해없음,이륜,남,63세,중상
2013081000100497,2013년 8월 10일 18시,토요일,경상북도 경산시 하양읍,중상사고,0,1,0,0,차대차 - 기타,안전운전불이행,건조,맑음,단일로 - 기타,승용,남,26세,상해없음,이륜,남,57세,중상
2013081000100557,2013년 8월 10일 20시,토요일,경상북도 포항시 북구 득량동,중상사고,0,1,0,0,차대사람 - 기타,신호위반,건조,맑음,교차로 - 교차로안,원동기,남,41세,상해없음,보행자,여,50세,중상
2013081000100558,2013년 8월 10일 20시,토요일,경상북도 의성군 안평면,중상사고,0,1,0,0,차량단독 - 전도전복,안전운전불이행,건조,맑음,단일로 - 기타,원동기,남,57세,중상,,,,
2013081000100559,2013년 8월 10일 20시,토요일,경상북도 성주군 선남면,경상사고,0,0,1,0,차대차 - 기타,안전거리미확보,건조,맑음,단일로 - 기타,원동기,남,44세,경상,승합,남,33세,상해없음
2013081000100594,2013년 8월 10일 21시,토요일,경상북도 경주시 성동동,경상사고,0,0,2,0,차대차 - 측면직각충돌,신호위반,건조,맑음,교차로 - 교차로안,승용,남,43세,상해없음,원동기,남,28세,경상
2013081000100595,2013년 8월 10일 21시,토요일,경상북도 영양군 영양읍,경상사고,0,0,3,0,차대차 - 추돌 - 진행중,안전운전불이행,건조,맑음,단일로 - 기타,승용,남,37세,경상,승용,남,46세,경상
2013081000100623,2013년 8월 10일 22시,토요일,경상북도 청도군 청도읍,경상사고,0,0,1,0,차대사람 - 기타,안전운전불이행,건조,맑음,단일로 - 기타,승용,여,43세,상해없음,보행자,남,42세,경상
2013081000100624,2013년 8월 10일 22시,토요일,경상북도 구미시 신평동,경상사고,0,0,1,0,차대차 - 추돌 - 진행중,안전운전불이행,건조,맑음,단일로 - 기타,승용,남,29세,기타불명,승용,남,40세,경상
2013081000100643,2013년 8월 10일 23시,토요일,경상북도 영천시 금호읍,경상사고,0,0,1,0,차대차 - 측면직각충돌,안전운전불이행,건조,맑음,교차로 - 교차로안,승용,남,48세,상해없음,승용,여,49세,경상
2013081100100027,2013년 8월 11일 01시,일요일,경상북도 상주시 이안면,경상사고,0,0,4,0,차대차 - 기타,교차로운행방법위반,건조,맑음,교차로 - 교차로안,승용,여,30세,기타불명,화물,남,18세,경상
2013081100100042,2013년 8월 11일 02시,일요일,경상북도 포항시 북구 대흥동,중상사고,0,1,0,0,차대차 - 기타,안전운전불이행,건조,맑음,단일로 - 기타,승용,남,22세,상해없음,승용,남,23세,상해없음
2013081100100083,2013년 8월 11일 06시,일요일,경상북도 포항시 북구 송라면,경상사고,0,0,1,0,차량단독 - 도로외이탈 - 기타,안전운전불이행,건조,맑음,단일로 - 기타,농기계,남,75세,상해없음,,,,
2013081100100084,2013년 8월 11일 06시,일요일,경상북도 안동시 풍천면,경상사고,0,0,1,0,차량단독 - 기타,안전운전불이행,건조,맑음,교차로 - 교차로부근,승용,여,23세,경상,,,,
2013081100100090,2013년 8월 11일 07시,일요일,경상북도 경주시 천북면,중상사고,0,1,1,0,차대사람 - 기타,안전운전불이행,건조,맑음,기타 - 기타,승합,남,41세,상해없음,보행자,남,66세,경상
2013081100100108,2013년 8월 11일 08시,일요일,경상북도 구미시 인의동,경상사고,0,0,1,0,차대차 - 기타,안전운전불이행,건조,맑음,교차로 - 교차로부근,승용,남,66세,상해없음,승용,남,49세,상해없음
2013081100100109,2013년 8월 11일 08시,일요일,경상북도 포항시 남구 지곡동,경상사고,0,0,1,0,차대차 - 측면직각충돌,교차로운행방법위반,건조,맑음,교차로 - 교차로안,승용,여,37세,상해없음,승용,남,48세,경상
2013081100100122,2013년 8월 11일 09시,일요일,경상북도 경주시 성건동,부상신고사고,0,0,0,1,차량단독 - 기타,안전운전불이행,건조,맑음,단일로 - 기타,승용,남,22세,부상신고,,,,
2013081100100123,2013년 8월 11일 09시,일요일,경상북도 경산시 중방동,중상사고,0,1,0,0,차대차 - 기타,안전운전불이행,건조,맑음,교차로 - 교차로안,화물,남,58세,상해없음,자전거,남,60세,중상
2013081100100124,2013년 8월 11일 09시,일요일,경상북도 경산시 옥산동,경상사고,0,0,2,0,차대차 - 기타,안전운전불이행,건조,맑음,교차로 - 교차로부근,승용,여,40세,상해없음,승용,남,48세,경상
2013081100100125,2013년 8월 11일 09시,일요일,경상북도 구미시 형곡동,경상사고,0,0,3,0,차대차 - 기타,안전운전불이행,건조,맑음,단일로 - 기타,승용,남,38세,상해없음,승합,남,59세,경상
2013081100100126,2013년 8월 11일 09시,일요일,경상북도 포항시 남구 오천읍,중상사고,0,1,0,0,차대차 - 측면직각충돌,안전운전불이행,건조,맑음,교차로 - 교차로부근,승용,남,48세,상해없음,자전거,여,36세,중상
2013081100100163,2013년 8월 11일 11시,일요일,경상북도 울진군 기성면,중상사고,0,3,1,0,차량단독 - 전도전복,안전운전불이행,건조,맑음,단일로 - 터널,승용,남,43세,상해없음,,,,
2013081100100177,2013년 8월 11일 12시,일요일,경상북도 포항시 북구 죽도동,경상사고,0,0,2,0,차대차 - 측면직각충돌,교차로운행방법위반,건조,맑음,교차로 - 교차로안,승용,남,64세,상해없음,승용,여,59세,경상
2013081100100178,2013년 8월 11일 12시,일요일,경상북도 김천시 평화동,중상사고,0,1,0,0,차대차 - 측면직각충돌,중앙선침범,건조,맑음,단일로 - 기타,승용,남,29세,상해없음,이륜,남,43세,중상
2013081100100179,2013년 8월 11일 12시,일요일,경상북도 경산시 자인면,중상사고,0,1,3,0,차대차 - 기타,안전운전불이행,건조,맑음,교차로 - 교차로안,승용,여,41세,경상,승용,남,58세,경상
2013081100100198,2013년 8월 11일 13시,일요일,경상북도 경주시 건천읍,경상사고,0,0,2,0,차대차 - 기타,안전운전불이행,건조,맑음,교차로 - 교차로안,승용,남,28세,상해없음,승용,여,32세,경상