사고번호,사고일시,요일,시군구,사고내용,사망자수,중상자수,경상자수,부상신고자수,사고유형,법규위반,노면상태,기상상태,도로형태,가해운전자 차종,가해운전자 성별,가해운전자 연령,가해운전자 상해정도,피해운전자 차종,피해운전자 성별,피해운전자 연령,피해운전자 상해정도
2013081100100199,2013년 8월 11일 13시,일요일,경상북도 영천시 화남면,경상사고,0,0,3,0,차대차 - 추돌 - 진행중,안전운전불이행,건조,맑음,기타 - 기타,화물,남,25세,상해없음,화물,남,51세,경상
2013081100100200,2013년 8월 11일 13시,일요일,경상북도 문경시 문경읍,경상사고,0,0,1,0,차대차 - 측면직각충돌,직진우회전진행방해,건조,맑음,교차로 - 교차로안,원동기,남,69세,경상,승용,남,41세,상해없음
2013081100100229,2013년 8월 11일 14시,일요일,경상북도 고령군 덕곡면,경상사고,0,0,1,0,차대차 - 추돌 - 주정차중,안전운전불이행,건조,맑음,단일로 - 기타,승용,남,57세,상해없음,원동기,남,52세,경상
2013081100100256,2013년 8월 11일 15시,일요일,경상북도 영천시 신령면,경상사고,0,0,2,0,차대차 - 기타,중앙선침범,건조,맑음,기타 - 기타,승용,여,44세,상해없음,승합,남,55세,경상
2013081100100289,2013년 8월 11일 16시,일요일,경상북도 포항시 북구 흥해읍,중상사고,0,2,5,0,차대차 - 추돌 - 주정차중,안전운전불이행,건조,맑음,교차로 - 교차로안,승용,남,64세,상해없음,승용,남,59세,경상
2013081100100290,2013년 8월 11일 16시,일요일,경상북도 청도군 운문면,경상사고,0,0,1,0,차대차 - 측면직각충돌,교차로운행방법위반,건조,맑음,교차로 - 교차로안,승용,남,57세,상해없음,승용,남,29세,상해없음
2013081100100291,2013년 8월 11일 16시,일요일,경상북도 포항시 남구 대잠동,경상사고,0,0,1,0,차대차 - 추돌 - 주정차중,안전운전불이행,건조,맑음,교차로 - 교차로부근,승용,남,63세,상해없음,승용,여,44세,경상
2013081100100317,2013년 8월 11일 17시,일요일,경상북도 안동시 풍산읍,경상사고,0,0,1,0,차대차 - 기타,신호위반,건조,맑음,교차로 - 교차로안,승용,여,51세,상해없음,화물,남,57세,상해없음
2013081100100318,2013년 8월 11일 17시,일요일,경상북도 안동시 옥동,경상사고,0,0,2,0,차대차 - 기타,안전운전불이행,건조,맑음,단일로 - 기타,승용,여,42세,상해없음,승용,남,25세,경상
2013081100100319,2013년 8월 11일 17시,일요일,경상북도 상주시 이안면,중상사고,0,1,0,0,차대차 - 기타,교차로운행방법위반,건조,맑음,교차로 - 교차로안,원동기,남,81세,중상,화물,남,42세,상해없음
2013081100100377,2013년 8월 11일 19시,일요일,경상북도 의성군 의성읍,중상사고,0,1,2,0,차대차 - 측면직각충돌,안전운전불이행,건조,맑음,교차로 - 교차로안,승용,남,47세,상해없음,승용,남,47세,경상
2013081100100378,2013년 8월 11일 19시,일요일,경상북도 구미시 인의동,경상사고,0,0,4,0,차대차 - 기타,교차로운행방법위반,건조,맑음,교차로 - 교차로안,승용,남,44세,경상,승용,남,31세,경상
2013081100100406,2013년 8월 11일 20시,일요일,경상북도 김천시 성내동,경상사고,0,0,1,0,차대사람 - 기타,안전운전불이행,건조,맑음,단일로 - 기타,승용,여,30세,상해없음,보행자,여,58세,경상
2013081100100407,2013년 8월 11일 20시,일요일,경상북도 경산시 남방동,경상사고,0,0,2,0,차대차 - 측면직각충돌,신호위반,건조,맑음,교차로 - 교차로안,승용,남,56세,상해없음,화물,여,54세,경상
2013081100100431,2013년 8월 11일 21시,일요일,경상북도 포항시 북구 죽도동,중상사고,0,1,0,0,차대차 - 기타,중앙선침범,건조,맑음,단일로 - 기타,승용,남,60세,상해없음,원동기,여,60세,중상
2013081100100432,2013년 8월 11일 21시,일요일,경상북도 구미시 도량동,경상사고,0,0,1,0,차대차 - 기타,차로위반,건조,맑음,단일로 - 기타,승용,남,41세,상해없음,승용,남,53세,경상
2013081100100433,2013년 8월 11일 21시,일요일,경상북도 영주시 풍기읍,사망사고,1,0,0,0,차대차 - 추돌 - 진행중,안전운전불이행,건조,맑음,단일로 - 기타,화물,남,52세,사망,화물,남,57세,상해없음
2013081100100484,2013년 8월 11일 23시,일요일,경상북도 문경시 점촌동,중상사고,0,1,0,0,차대차 - 측면직각충돌,직진우회전진행방해,건조,맑음,교차로 - 교차로안,원동기,남,40세,상해없음,승용,남,57세,상해없음
2013081200100040,2013년 8월 12일 04시,월요일,경상북도 안동시 송현동,경상사고,0,0,1,0,차대차 - 기타,안전운전불이행,건조,맑음,교차로 - 교차로부근,승용,남,38세,상해없음,승용,여,41세,경상
2013081200100041,2013년 8월 12일 04시,월요일,경상북도 포항시 남구 동촌동,경상사고,0,0,2,0,차대차 - 측면직각충돌,직진우회전진행방해,습기,맑음,교차로 - 교차로안,화물,남,31세,경상,건설기계,남,48세,경상
2013081200100050,2013년 8월 12일 05시,월요일,경상북도 포항시 남구 송도동,중상사고,0,1,1,0,차대차 - 측면직각충돌,안전운전불이행,건조,맑음,교차로 - 교차로안,원동기,남,58세,경상,승용,남,47세,상해없음
2013081200100063,2013년 8월 12일 06시,월요일,경상북도 영양군 입암면,경상사고,0,0,1,0,차대차 - 측면직각충돌,중앙선침범,기타,안개,단일로 - 기타,농기계,남,66세,경상,승합,남,48세,상해없음
2013081200100081,2013년 8월 12일 07시,월요일,경상북도 경주시 양북면,중상사고,0,1,0,0,차대차 - 기타,안전운전불이행,건조,맑음,단일로 - 터널,승용,남,32세,상해없음,승용,여,44세,중상
2013081200100138,2013년 8월 12일 09시,월요일,경상북도 성주군 성주읍,경상사고,0,0,1,0,차대차 - 측면직각충돌,안전운전불이행,건조,맑음,교차로 - 교차로안,화물,남,74세,상해없음,이륜,남,43세,경상
2013081200100139,2013년 8월 12일 09시,월요일,경상북도 포항시 남구 해도동,경상사고,0,0,1,0,차대차 - 기타,안전운전불이행,건조,맑음,단일로 - 기타,원동기,남,65세,경상,승용,남,52세,상해없음
2013081200100176,2013년 8월 12일 10시,월요일,경상북도 경주시 외동읍,중상사고,0,1,0,1,차대차 - 기타,중앙선침범,건조,맑음,단일로 - 기타,승용,남,38세,부상신고,건설기계,남,48세,중상
2013081200100177,2013년 8월 12일 10시,월요일,경상북도 경주시 산내면,부상신고사고,0,0,0,1,차대차 - 기타,안전운전불이행,건조,맑음,단일로 - 기타,농기계,여,66세,부상신고,승용,남,52세,상해없음
2013081200100209,2013년 8월 12일 11시,월요일,경상북도 의성군 금성면,사망사고,1,0,0,0,차대차 - 측면직각충돌,안전운전불이행,건조,맑음,교차로 - 교차로안,이륜,남,65세,상해없음,화물,남,55세,상해없음
2013081200100210,2013년 8월 12일 11시,월요일,경상북도 문경시 점촌동,중상사고,0,1,1,0,차대사람 - 기타,보행자보호의무위반,건조,맑음,교차로 - 교차로부근,승용,남,61세,상해없음,보행자,남,61세,중상
2013081200100211,2013년 8월 12일 11시,월요일,경상북도 문경시 농암면,경상사고,0,0,1,0,차대차 - 측면직각충돌,중앙선침범,건조,맑음,단일로 - 기타,자전거,남,14세,경상,화물,남,52세,상해없음
2013081200100212,2013년 8월 12일 11시,월요일,경상북도 영덕군 창수면,경상사고,0,0,2,0,차대차 - 기타,안전운전불이행,건조,맑음,단일로 - 기타,건설기계,남,53세,상해없음,승합,남,35세,상해없음
2013081200100213,2013년 8월 12일 11시,월요일,경상북도 영양군 청기면,중상사고,0,1,0,0,차량단독 - 전도전복,안전운전불이행,건조,맑음,기타 - 기타,승용,남,49세,중상,,,,
2013081200100240,2013년 8월 12일 12시,월요일,경상북도 영주시 문정동,중상사고,0,2,1,0,차대차 - 측면직각충돌,신호위반,건조,맑음,교차로 - 교차로안,승용,남,73세,경상,승용,여,40세,중상
2013081200100241,2013년 8월 12일 12시,월요일,경상북도 포항시 남구 해도동,경상사고,0,0,1,0,차대차 - 기타,교차로운행방법위반,건조,맑음,교차로 - 교차로안,승용,남,62세,상해없음,원동기,남,32세,경상
2013081200100272,2013년 8월 12일 13시,월요일,경상북도 포항시 북구 학산동,중상사고,0,1,0,0,차대차 - 측면직각충돌,안전운전불이행,건조,맑음,교차로 - 교차로부근,화물,남,57세,상해없음,원동기,남,15세,중상
2013081200100303,2013년 8월 12일 14시,월요일,경상북도 안동시 삼산동,경상사고,0,0,1,0,차대사람 - 기타,안전운전불이행,건조,맑음,단일로 - 기타,화물,남,47세,상해없음,보행자,남,38세,경상
2013081200100344,2013년 8월 12일 15시,월요일,경상북도 영천시 금노동,경상사고,0,0,2,0,차대차 - 기타,안전운전불이행,건조,맑음,기타 - 기타,화물,남,55세,상해없음,승용,남,58세,경상
2013081200100345,2013년 8월 12일 15시,월요일,경상북도 경산시 진량읍,중상사고,0,1,0,0,차대차 - 기타,교차로운행방법위반,건조,맑음,교차로 - 교차로안,이륜,남,59세,중상,승용,남,53세,상해없음
2013081200100346,2013년 8월 12일 15시,월요일,경상북도 군위군 효령면,경상사고,0,0,2,0,차대차 - 측면직각충돌,안전거리미확보,건조,맑음,교차로 - 교차로부근,화물,남,53세,상해없음,승용,남,52세,경상
2013081200100347,2013년 8월 12일 15시,월요일,경상북도 구미시 고아읍,중상사고,0,1,0,0,차대차 - 추돌 - 진행중,안전운전불이행,건조,맑음,단일로 - 기타,화물,남,74세,상해없음,승용,남,50세,중상
2013081200100348,2013년 8월 12일 15시,월요일,경상북도 포항시 남구 해도동,중상사고,0,1,0,0,차대사람 - 기타,안전운전불이행,건조,맑음,단일로 - 기타,승용,여,56세,상해없음,보행자,남,66세,중상
2013081200100379,2013년 8월 12일 16시,월요일,경상북도 포항시 북구 대흥동,경상사고,0,0,1,0,차대사람 - 기타,신호위반,건조,맑음,단일로 - 횡단보도상,승용,여,53세,상해없음,보행자,남,48세,경상
2013081200100380,2013년 8월 12일 16시,월요일,경상북도 영천시 금호읍,중상사고,0,2,4,0,차대차 - 추돌 - 주정차중,안전운전불이행,건조,맑음,단일로 - 기타,화물,남,47세,상해없음,승용,남,35세,경상
2013081200100381,2013년 8월 12일 16시,월요일,경상북도 구미시 해평면,중상사고,0,1,0,0,차대차 - 기타,안전운전불이행,건조,맑음,단일로 - 기타,기타불명,기타불명,기타불명,기타불명,원동기,여,67세,중상
2013081200100416,2013년 8월 12일 17시,월요일,경상북도 포항시 북구 양덕동,경상사고,0,0,1,0,차대차 - 기타,안전운전불이행,건조,맑음,교차로 - 교차로부근,승용,남,63세,상해없음,자전거,여,30세,경상
2013081200100417,2013년 8월 12일 17시,월요일,경상북도 안동시 옥동,경상사고,0,0,2,0,차대차 - 추돌 - 진행중,안전운전불이행,건조,맑음,기타 - 기타,승용,남,45세,상해없음,승용,남,30세,경상
2013081200100418,2013년 8월 12일 17시,월요일,경상북도 의성군 봉양면,경상사고,0,0,1,0,차대차 - 측면직각충돌,직진우회전진행방해,건조,맑음,교차로 - 교차로안,승용,여,53세,상해없음,승용,남,38세,경상
2013081200100419,2013년 8월 12일 17시,월요일,경상북도 문경시 모전동,경상사고,0,0,2,0,차대차 - 추돌 - 주정차중,안전운전불이행,건조,맑음,교차로 - 교차로부근,승용,여,44세,상해없음,승용,여,44세,경상
2013081200100469,2013년 8월 12일 18시,월요일,경상북도 구미시 원평동,경상사고,0,0,1,0,차대차 - 기타,안전운전불이행,건조,맑음,교차로 - 교차로부근,승용,남,48세,상해없음,승용,남,41세,경상
2013081200100502,2013년 8월 12일 19시,월요일,경상북도 포항시 북구 기계면,사망사고,1,0,0,0,차대사람 - 횡단중,중앙선침범,건조,맑음,교차로 - 교차로부근,승용,남,74세,상해없음,보행자,남,62세,사망
2013081200100503,2013년 8월 12일 19시,월요일,경상북도 경산시 중방동,중상사고,0,1,0,0,차대사람 - 기타,보행자보호의무위반,건조,맑음,교차로 - 교차로안,화물,남,57세,상해없음,보행자,여,34세,중상
2013081200100543,2013년 8월 12일 20시,월요일,경상북도 경주시 동천동,경상사고,0,0,1,0,차대차 - 기타,안전운전불이행,건조,맑음,교차로 - 교차로부근,승용,여,37세,상해없음,승용,남,51세,경상
2013081200100545,2013년 8월 12일 20시,월요일,경상북도 영덕군 영해면,경상사고,0,0,1,0,차대차 - 기타,안전운전불이행,건조,맑음,단일로 - 기타,화물,남,48세,상해없음,자전거,여,61세,경상
2013081200100574,2013년 8월 12일 21시,월요일,경상북도 경산시 하양읍,경상사고,0,0,1,0,차대사람 - 기타,안전운전불이행,건조,맑음,단일로 - 기타,승용,남,22세,상해없음,보행자,여,74세,경상
2013081200100602,2013년 8월 12일 22시,월요일,경상북도 포항시 남구 대잠동,경상사고,0,0,1,0,차대차 - 측면직각충돌,직진우회전진행방해,건조,맑음,교차로 - 교차로안,승용,남,37세,상해없음,원동기,남,18세,경상
2013081200100622,2013년 8월 12일 23시,월요일,경상북도 안동시 수상동,중상사고,0,1,1,4,차대차 - 측면직각충돌,안전거리미확보,건조,맑음,단일로 - 기타,승용,남,69세,상해없음,승용,남,60세,부상신고
2013081300100019,2013년 8월 13일 00시,화요일,경상북도 영주시 봉현면,중상사고,0,2,0,0,차대차 - 측면직각충돌,안전운전불이행,건조,맑음,교차로 - 교차로안,승용,남,30세,중상,승용,남,37세,중상
2013081300100050,2013년 8월 13일 04시,화요일,경상북도 포항시 북구 흥해읍,중상사고,0,1,0,0,차대차 - 측면직각충돌,안전운전불이행,건조,맑음,단일로 - 기타,승용,여,33세,상해없음,승용,여,46세,중상
2013081300100060,2013년 8월 13일 05시,화요일,경상북도 안동시 길안면,사망사고,1,0,0,0,차량단독 - 기타,안전운전불이행,건조,맑음,교차로 - 교차로부근,원동기,남,28세,상해없음,,,,
2013081300100061,2013년 8월 13일 05시,화요일,경상북도 구미시 송정동,경상사고,0,0,1,0,차대차 - 기타,중앙선침범,건조,맑음,단일로 - 기타,승용,여,47세,상해없음,승합,남,47세,경상
2013081300100070,2013년 8월 13일 06시,화요일,경상북도 안동시 풍산읍,중상사고,0,1,0,0,차대사람 - 기타,안전운전불이행,건조,맑음,단일로 - 기타,승용,남,28세,상해없음,보행자,남,72세,중상
2013081300100117,2013년 8월 13일 08시,화요일,경상북도 경주시 성건동,중상사고,0,1,0,0,차대차 - 기타,안전운전불이행,건조,맑음,교차로 - 교차로안,원동기,남,71세,중상,승용,여,52세,상해없음
2013081300100143,2013년 8월 13일 09시,화요일,경상북도 영양군 영양읍,중상사고,0,2,0,0,차대차 - 정면충돌,중앙선침범,건조,맑음,단일로 - 기타,이륜,남,73세,중상,승용,남,68세,상해없음
2013081300100144,2013년 8월 13일 09시,화요일,경상북도 포항시 남구 송도동,경상사고,0,0,1,0,차대차 - 기타,안전운전불이행,건조,맑음,단일로 - 기타,승용,여,44세,상해없음,승용,여,38세,경상
2013081300100184,2013년 8월 13일 10시,화요일,경상북도 안동시 안기동,중상사고,0,2,1,1,차대차 - 측면직각충돌,안전거리미확보,건조,맑음,단일로 - 기타,승용,여,46세,상해없음,승합,남,75세,경상
2013081300100185,2013년 8월 13일 10시,화요일,경상북도 성주군 월항면,경상사고,0,0,1,0,차대차 - 기타,안전운전불이행,건조,맑음,기타 - 기타,화물,남,48세,상해없음,이륜,남,72세,경상
2013081300100207,2013년 8월 13일 11시,화요일,경상북도 경주시 황성동,중상사고,0,1,0,0,차대차 - 기타,안전운전불이행,건조,맑음,교차로 - 교차로안,승용,남,27세,상해없음,자전거,남,16세,중상
2013081300100208,2013년 8월 13일 11시,화요일,경상북도 경산시 옥곡동,경상사고,0,0,1,0,차대차 - 기타,안전거리미확보,건조,맑음,단일로 - 기타,이륜,남,53세,경상,승용,여,45세,상해없음
2013081300100272,2013년 8월 13일 13시,화요일,경상북도 경주시 용강동,경상사고,0,0,1,0,차대차 - 기타,안전운전불이행,건조,맑음,교차로 - 교차로안,승용,여,45세,상해없음,원동기,남,46세,경상
2013081300100273,2013년 8월 13일 13시,화요일,경상북도 경주시 동천동,경상사고,0,0,1,0,차대차 - 기타,안전운전불이행,건조,맑음,교차로 - 교차로안,승용,여,49세,상해없음,승용,남,47세,상해없음
2013081300100274,2013년 8월 13일 13시,화요일,경상북도 영천시 도림동,중상사고,0,2,0,0,차대차 - 측면직각충돌,안전운전불이행,건조,맑음,교차로 - 교차로안,승용,남,25세,상해없음,화물,남,51세,중상
2013081300100275,2013년 8월 13일 13시,화요일,경상북도 구미시 옥계동,경상사고,0,0,1,0,차대사람 - 기타,안전운전불이행,건조,맑음,기타 - 기타,이륜,남,52세,상해없음,보행자,남,74세,경상
2013081300100276,2013년 8월 13일 13시,화요일,경상북도 포항시 남구 장기면,중상사고,0,1,0,0,차대사람 - 기타,안전운전불이행,건조,맑음,단일로 - 기타,승용,남,50세,상해없음,보행자,여,5세,중상
2013081300100319,2013년 8월 13일 14시,화요일,경상북도 김천시 평화동,중상사고,0,1,0,0,차대차 - 측면직각충돌,안전운전불이행,건조,맑음,단일로 - 기타,화물,남,54세,상해없음,승용,여,52세,중상
2013081300100362,2013년 8월 13일 15시,화요일,경상북도 포항시 북구 창포동,중상사고,0,1,0,0,차대차 - 측면직각충돌,안전운전불이행,건조,맑음,단일로 - 기타,원동기,남,27세,중상,승용,남,41세,상해없음
2013081300100363,2013년 8월 13일 15시,화요일,경상북도 포항시 남구 대송면,경상사고,0,0,1,0,차대차 - 기타,안전운전불이행,건조,맑음,단일로 - 기타,특수,남,37세,상해없음,승용,여,34세,경상
2013081300100397,2013년 8월 13일 16시,화요일,경상북도 칠곡군 왜관읍,경상사고,0,0,1,0,차대차 - 기타,교차로운행방법위반,건조,맑음,교차로 - 교차로안,승용,여,39세,경상,승용,남,68세,상해없음
2013081300100398,2013년 8월 13일 16시,화요일,경상북도 포항시 남구 오천읍,경상사고,0,0,2,0,차대차 - 기타,안전운전불이행,건조,맑음,교차로 - 교차로안,승용,여,49세,경상,승용,여,32세,경상
2013081300100441,2013년 8월 13일 17시,화요일,경상북도 상주시 계산동,중상사고,0,1,0,0,차대차 - 기타,교차로운행방법위반,건조,맑음,교차로 - 교차로안,이륜,남,77세,상해없음,이륜,남,63세,중상
2013081300100442,2013년 8월 13일 17시,화요일,경상북도 구미시 원평동,경상사고,0,0,2,0,차대차 - 기타,교차로운행방법위반,건조,맑음,교차로 - 교차로안,승용,남,52세,상해없음,승용,남,63세,경상
2013081300100443,2013년 8월 13일 17시,화요일,경상북도 구미시 봉곡동,경상사고,0,0,2,0,차대차 - 기타,안전운전불이행,건조,맑음,기타 - 기타,승용,남,48세,상해없음,승용,남,54세,상해없음
2013081300100480,2013년 8월 13일 18시,화요일,경상북도 경산시 압량면,경상사고,0,0,1,0,차대차 - 기타,안전운전불이행,건조,맑음,단일로 - 기타,승합,남,65세,상해없음,승용,여,53세,경상
2013081300100481,2013년 8월 13일 18시,화요일,경상북도 구미시 옥계동,경상사고,0,0,1,0,차대차 - 기타,교차로운행방법위반,건조,맑음,교차로 - 교차로안,원동기,남,18세,경상,승용,남,26세,상해없음
2013081300100482,2013년 8월 13일 18시,화요일,경상북도 포항시 남구 상도동,중상사고,0,1,2,0,차대차 - 측면직각충돌,신호위반,건조,맑음,교차로 - 교차로안,승용,남,25세,경상,승용,남,33세,경상
2013081300100511,2013년 8월 13일 19시,화요일,경상북도 경주시 서면,중상사고,0,1,0,0,차대차 - 기타,안전운전불이행,건조,맑음,단일로 - 기타,승용,남,31세,상해없음,승용,여,47세,중상
2013081300100512,2013년 8월 13일 19시,화요일,경상북도 영천시 화룡동,경상사고,0,0,1,0,차대사람 - 기타,보행자보호의무위반,건조,맑음,기타 - 기타,원동기,남,45세,상해없음,보행자,여,65세,경상
2013081300100547,2013년 8월 13일 20시,화요일,경상북도 포항시 북구 대흥동,경상사고,0,0,1,0,차대차 - 기타,안전거리미확보,건조,맑음,교차로 - 교차로부근,승용,남,30세,상해없음,승용,남,26세,경상
2013081300100548,2013년 8월 13일 20시,화요일,경상북도 청송군 현동면,경상사고,0,0,2,0,차대차 - 측면직각충돌,교차로운행방법위반,건조,맑음,교차로 - 교차로안,화물,남,37세,상해없음,승용,남,58세,경상
2013081300100549,2013년 8월 13일 20시,화요일,경상북도 구미시 옥계동,경상사고,0,0,1,0,차대차 - 기타,안전운전불이행,건조,맑음,단일로 - 기타,승용,남,45세,상해없음,승합,남,49세,경상
2013081300100550,2013년 8월 13일 20시,화요일,경상북도 구미시 공단동,경상사고,0,0,1,0,차대차 - 기타,안전거리미확보,건조,맑음,교차로 - 교차로부근,화물,남,39세,상해없음,승용,남,30세,경상
2013081300100580,2013년 8월 13일 21시,화요일,경상북도 포항시 북구 창포동,중상사고,0,1,0,0,차대사람 - 기타,안전운전불이행,건조,맑음,단일로 - 기타,승용,남,42세,상해없음,보행자,남,43세,중상
2013081300100581,2013년 8월 13일 21시,화요일,경상북도 김천시 신음동,경상사고,0,0,1,0,차대차 - 측면직각충돌,교차로운행방법위반,건조,맑음,교차로 - 교차로안,승용,여,45세,상해없음,화물,남,52세,경상
2013081300100582,2013년 8월 13일 21시,화요일,경상북도 경산시 조영동,중상사고,0,1,0,0,차대차 - 기타,안전운전불이행,건조,맑음,단일로 - 기타,승용,여,25세,상해없음,승용,남,26세,중상
2013081300100583,2013년 8월 13일 21시,화요일,경상북도 경산시 압량면,경상사고,0,0,2,0,차대차 - 기타,안전운전불이행,건조,맑음,교차로 - 교차로부근,승용,남,31세,상해없음,승용,여,45세,경상
2013081300100611,2013년 8월 13일 22시,화요일,경상북도 구미시 상모동,중상사고,0,2,4,0,차대차 - 기타,안전운전불이행,건조,맑음,단일로 - 기타,승용,남,23세,경상,승용,남,46세,경상
2013081300100638,2013년 8월 13일 23시,화요일,경상북도 포항시 북구 덕산동,경상사고,0,0,1,0,차대차 - 기타,교차로운행방법위반,기타,맑음,교차로 - 교차로안,승용,남,56세,상해없음,승용,남,40세,상해없음
2013081400100010,2013년 8월 14일 00시,수요일,경상북도 포항시 북구 죽도동,중상사고,0,1,0,0,차대차 - 측면직각충돌,안전운전불이행,건조,맑음,단일로 - 기타,승용,남,55세,상해없음,원동기,남,16세,중상
2013081400100053,2013년 8월 14일 04시,수요일,경상북도 포항시 북구 장성동,중상사고,0,1,0,0,차대사람 - 기타,안전운전불이행,건조,맑음,교차로 - 교차로부근,승용,남,26세,상해없음,보행자,남,40세,중상
2013081400100119,2013년 8월 14일 08시,수요일,경상북도 경주시 안강읍,중상사고,0,1,0,0,차대차 - 기타,안전운전불이행,건조,맑음,교차로 - 교차로안,승용,남,37세,상해없음,자전거,여,40세,중상
2013081400100120,2013년 8월 14일 08시,수요일,경상북도 안동시 상아동,경상사고,0,0,2,0,차대차 - 측면직각충돌,안전운전불이행,건조,맑음,단일로 - 기타,화물,남,59세,경상,승용,남,63세,경상
2013081400100121,2013년 8월 14일 08시,수요일,경상북도 구미시 옥계동,경상사고,0,0,1,0,차대차 - 추돌 - 주정차중,안전거리미확보,건조,맑음,단일로 - 기타,승용,남,30세,상해없음,승용,남,51세,경상
2013081400100146,2013년 8월 14일 09시,수요일,경상북도 경주시 양남면,경상사고,0,0,1,1,차량단독 - 공작물충돌,안전운전불이행,건조,맑음,단일로 - 기타,승용,여,25세,경상,,,,
2013081400100179,2013년 8월 14일 10시,수요일,경상북도 포항시 북구 장성동,중상사고,0,1,0,0,차대차 - 기타,신호위반,건조,맑음,교차로 - 교차로안,승용,남,70세,상해없음,원동기,여,40세,중상
2013081400100206,2013년 8월 14일 11시,수요일,경상북도 안동시 임동면,경상사고,0,0,2,0,차대차 - 측면직각충돌,안전운전불이행,건조,맑음,단일로 - 기타,승용,남,49세,상해없음,화물,남,32세,경상
2013081400100207,2013년 8월 14일 11시,수요일,경상북도 영주시 영주동,중상사고,0,1,0,0,차대차 - 측면직각충돌,안전운전불이행,건조,맑음,교차로 - 교차로안,승용,남,63세,상해없음,자전거,여,61세,중상
2013081400100208,2013년 8월 14일 11시,수요일,경상북도 칠곡군 석적읍,경상사고,0,0,1,0,차대차 - 기타,교차로운행방법위반,건조,맑음,교차로 - 교차로안,승용,남,46세,상해없음,이륜,남,21세,경상
2013081400100227,2013년 8월 14일 12시,수요일,경상북도 봉화군 법전면,중상사고,0,1,0,0,차대사람 - 기타,안전운전불이행,건조,맑음,교차로 - 교차로안,농기계,남,55세,상해없음,보행자,남,86세,중상
2013081400100261,2013년 8월 14일 13시,수요일,경상북도 칠곡군 왜관읍,경상사고,0,0,1,0,차대차 - 측면직각충돌,교차로운행방법위반,건조,맑음,교차로 - 교차로안,승용,남,53세,상해없음,이륜,남,42세,경상
2013081400100282,2013년 8월 14일 14시,수요일,경상북도 경주시 외동읍,경상사고,0,0,1,0,차대차 - 기타,중앙선침범,건조,맑음,단일로 - 기타,화물,남,53세,상해없음,승용,남,23세,경상
2013081400100283,2013년 8월 14일 14시,수요일,경상북도 경산시 하양읍,경상사고,0,0,1,0,차량단독 - 기타,기타,건조,맑음,단일로 - 기타,기타불명,기타불명,기타불명,기타불명,,,,
2013081400100284,2013년 8월 14일 14시,수요일,경상북도 영덕군 강구면,부상신고사고,0,0,0,1,차대차 - 정면충돌,중앙선침범,건조,맑음,교차로 - 교차로부근,이륜,남,56세,부상신고,승용,남,48세,상해없음
2013081400100285,2013년 8월 14일 14시,수요일,경상북도 봉화군 봉화읍,중상사고,0,1,0,0,차대차 - 측면직각충돌,안전운전불이행,건조,맑음,교차로 - 교차로안,화물,남,57세,상해없음,원동기,남,33세,중상
2013081400100323,2013년 8월 14일 15시,수요일,경상북도 경주시 천군동,경상사고,0,0,1,0,차대차 - 기타,안전운전불이행,건조,맑음,단일로 - 기타,승용,여,25세,상해없음,승용,여,39세,경상
2013081400100324,2013년 8월 14일 15시,수요일,경상북도 안동시 임하면,경상사고,0,0,1,0,차대차 - 정면충돌,중앙선침범,건조,맑음,단일로 - 기타,승용,남,70세,상해없음,화물,남,45세,상해없음
2013081400100357,2013년 8월 14일 16시,수요일,경상북도 포항시 북구 장성동,경상사고,0,0,1,0,차대차 - 추돌 - 진행중,안전거리미확보,건조,맑음,단일로 - 기타,승합,남,30세,상해없음,승용,여,50세,경상
2013081400100358,2013년 8월 14일 16시,수요일,경상북도 청도군 풍각면,중상사고,0,1,0,0,차대차 - 추돌 - 진행중,안전운전불이행,건조,맑음,단일로 - 기타,화물,남,32세,상해없음,원동기,남,52세,중상
2013081400100397,2013년 8월 14일 17시,수요일,경상북도 경산시 하양읍,경상사고,0,0,1,0,차대차 - 기타,교차로운행방법위반,건조,맑음,교차로 - 교차로안,승용,남,26세,상해없음,승용,여,23세,경상
2013081400100398,2013년 8월 14일 17시,수요일,경상북도 울진군 울진읍,경상사고,0,0,1,0,차대차 - 측면직각충돌,안전운전불이행,건조,맑음,단일로 - 기타,승용,여,35세,상해없음,원동기,남,80세,경상
2013081400100434,2013년 8월 14일 18시,수요일,경상북도 안동시 정하동,경상사고,0,0,1,0,차대차 - 기타,안전운전불이행,건조,맑음,단일로 - 기타,승용,남,39세,상해없음,승용,여,32세,경상
2013081400100435,2013년 8월 14일 18시,수요일,경상북도 경산시 신천동,중상사고,0,1,2,0,차대차 - 기타,안전운전불이행,건조,맑음,단일로 - 기타,원동기,남,62세,중상,승용,여,41세,경상
2013081400100436,2013년 8월 14일 18시,수요일,경상북도 포항시 남구 대잠동,경상사고,0,0,1,0,차대차 - 측면직각충돌,교차로운행방법위반,건조,맑음,교차로 - 교차로안,승합,남,46세,상해없음,원동기,남,26세,경상
2013081400100469,2013년 8월 14일 19시,수요일,경상북도 경주시 외동읍,경상사고,0,0,1,0,차대차 - 기타,안전운전불이행,건조,맑음,단일로 - 기타,승용,여,58세,상해없음,승용,여,40세,경상
2013081400100470,2013년 8월 14일 19시,수요일,경상북도 포항시 북구 덕산동,경상사고,0,0,2,0,차대차 - 기타,교차로운행방법위반,건조,맑음,교차로 - 교차로안,승용,여,58세,상해없음,승용,남,71세,경상