사고번호,사고일시,요일,시군구,사고내용,사망자수,중상자수,경상자수,부상신고자수,사고유형,법규위반,노면상태,기상상태,도로형태,가해운전자 차종,가해운전자 성별,가해운전자 연령,가해운전자 상해정도,피해운전자 차종,피해운전자 성별,피해운전자 연령,피해운전자 상해정도
2013081400100471,2013년 8월 14일 19시,수요일,경상북도 안동시 법흥동,중상사고,0,1,0,0,차대차 - 측면직각충돌,신호위반,건조,맑음,단일로 - 횡단보도상,화물,남,67세,상해없음,자전거,여,62세,중상
2013081400100472,2013년 8월 14일 19시,수요일,경상북도 영주시 하망동,중상사고,0,1,0,0,차량단독 - 공작물충돌,안전운전불이행,건조,맑음,미분류 - 미분류,화물,남,64세,상해없음,,,,
2013081400100473,2013년 8월 14일 19시,수요일,경상북도 경산시 진량읍,경상사고,0,0,2,0,차대차 - 기타,안전운전불이행,건조,맑음,단일로 - 기타,승용,남,48세,상해없음,기타불명,기타불명,기타불명,기타불명
2013081400100474,2013년 8월 14일 19시,수요일,경상북도 경산시 와촌면,중상사고,0,1,0,0,차대차 - 기타,안전운전불이행,건조,맑음,단일로 - 기타,화물,남,52세,상해없음,자전거,여,69세,중상
2013081400100475,2013년 8월 14일 19시,수요일,경상북도 구미시 선산읍,경상사고,0,0,1,0,차대차 - 기타,중앙선침범,건조,맑음,교차로 - 교차로부근,화물,남,52세,상해없음,승용,남,36세,경상
2013081400100510,2013년 8월 14일 20시,수요일,경상북도 경주시 구황동,경상사고,0,0,5,0,차대차 - 기타,안전운전불이행,건조,맑음,단일로 - 기타,승용,남,34세,상해없음,화물,남,21세,경상
2013081400100511,2013년 8월 14일 20시,수요일,경상북도 포항시 북구 두호동,중상사고,0,1,0,0,차대차 - 측면직각충돌,안전운전불이행,건조,맑음,단일로 - 기타,승용,여,40세,상해없음,원동기,남,16세,중상
2013081400100512,2013년 8월 14일 20시,수요일,경상북도 상주시 무양동,중상사고,0,1,1,0,차대차 - 기타,안전운전불이행,건조,맑음,교차로 - 교차로부근,승용,여,45세,상해없음,승용,여,45세,중상
2013081400100513,2013년 8월 14일 20시,수요일,경상북도 영천시 망정동,경상사고,0,0,1,0,차대차 - 기타,안전운전불이행,건조,맑음,단일로 - 기타,화물,남,27세,상해없음,이륜,남,53세,경상
2013081400100552,2013년 8월 14일 21시,수요일,경상북도 경주시 배반동,경상사고,0,0,1,0,차대차 - 추돌 - 주정차중,안전운전불이행,건조,맑음,기타 - 기타,승용,남,52세,상해없음,승용,남,42세,경상
2013081400100553,2013년 8월 14일 21시,수요일,경상북도 포항시 북구 장성동,중상사고,0,1,2,1,차대차 - 기타,신호위반,건조,맑음,교차로 - 교차로안,원동기,남,21세,중상,승용,남,48세,상해없음
2013081400100575,2013년 8월 14일 22시,수요일,경상북도 포항시 남구 상도동,경상사고,0,0,1,1,차대차 - 측면직각충돌,신호위반,건조,맑음,교차로 - 교차로안,승용,남,21세,상해없음,승용,남,42세,경상
2013081400100576,2013년 8월 14일 22시,수요일,경상북도 영천시 본촌동,중상사고,0,3,0,0,차대차 - 추돌 - 진행중,안전운전불이행,건조,맑음,단일로 - 기타,승용,남,52세,상해없음,화물,여,37세,중상
2013081400100605,2013년 8월 14일 23시,수요일,경상북도 경주시 동천동,경상사고,0,0,1,0,차대차 - 추돌 - 주정차중,안전운전불이행,건조,맑음,교차로 - 교차로부근,승용,여,56세,상해없음,승용,남,40세,경상
2013081500100020,2013년 8월 15일 00시,목요일,경상북도 문경시 공평동,중상사고,0,1,1,0,차대차 - 기타,안전운전불이행,건조,맑음,교차로 - 교차로안,승용,여,40세,상해없음,원동기,남,62세,경상
2013081500100062,2013년 8월 15일 02시,목요일,경상북도 포항시 북구 죽도동,중상사고,0,1,0,0,차대사람 - 기타,안전운전불이행,건조,맑음,교차로 - 교차로부근,기타불명,기타불명,기타불명,기타불명,보행자,남,50세,중상
2013081500100074,2013년 8월 15일 03시,목요일,경상북도 포항시 남구 상도동,중상사고,0,1,0,0,차대차 - 측면직각충돌,안전운전불이행,건조,맑음,교차로 - 교차로안,승용,남,23세,상해없음,승용,남,63세,중상
2013081500100083,2013년 8월 15일 04시,목요일,경상북도 김천시 성내동,중상사고,0,1,0,0,차대사람 - 기타,안전운전불이행,건조,맑음,단일로 - 기타,원동기,남,15세,상해없음,보행자,남,79세,중상
2013081500100110,2013년 8월 15일 06시,목요일,경상북도 상주시 남성동,중상사고,0,1,0,0,차대차 - 기타,안전운전불이행,건조,맑음,단일로 - 기타,승용,여,51세,상해없음,이륜,남,73세,중상
2013081500100127,2013년 8월 15일 07시,목요일,경상북도 포항시 북구 신광면,경상사고,0,0,2,0,차대차 - 측면직각충돌,안전운전불이행,건조,맑음,교차로 - 교차로안,농기계,남,79세,경상,화물,남,50세,경상
2013081500100173,2013년 8월 15일 09시,목요일,경상북도 경주시 양북면,중상사고,0,4,0,0,차대차 - 측면직각충돌,안전운전불이행,건조,맑음,교차로 - 교차로안,승용,남,21세,상해없음,승용,남,34세,중상
2013081500100174,2013년 8월 15일 09시,목요일,경상북도 성주군 벽진면,중상사고,0,1,0,0,차대차 - 측면직각충돌,교차로운행방법위반,건조,맑음,교차로 - 교차로안,화물,남,58세,상해없음,이륜,남,70세,중상
2013081500100196,2013년 8월 15일 10시,목요일,경상북도 포항시 북구 청하면,경상사고,0,0,1,0,차대차 - 기타,안전운전불이행,건조,맑음,교차로 - 교차로안,승용,여,51세,상해없음,승용,남,37세,경상
2013081500100197,2013년 8월 15일 10시,목요일,경상북도 안동시 일직면,경상사고,0,0,1,0,차대차 - 기타,차로위반,건조,맑음,기타 - 기타,승용,남,65세,상해없음,화물,남,52세,경상
2013081500100198,2013년 8월 15일 10시,목요일,경상북도 칠곡군 왜관읍,부상신고사고,0,0,0,1,차대차 - 측면직각충돌,교차로운행방법위반,건조,맑음,교차로 - 교차로안,원동기,남,21세,부상신고,화물,남,53세,상해없음
2013081500100199,2013년 8월 15일 10시,목요일,경상북도 문경시 가은읍,경상사고,0,0,4,0,차대차 - 추돌 - 진행중,안전운전불이행,건조,맑음,단일로 - 기타,승용,남,63세,경상,승용,여,50세,경상
2013081500100229,2013년 8월 15일 11시,목요일,경상북도 안동시 용상동,부상신고사고,0,0,0,1,차대차 - 기타,안전운전불이행,건조,맑음,단일로 - 기타,승용,남,70세,상해없음,승용,남,39세,상해없음
2013081500100230,2013년 8월 15일 11시,목요일,경상북도 안동시 용상동,중상사고,0,2,0,0,차대차 - 기타,직진우회전진행방해,건조,맑음,교차로 - 교차로안,승용,남,58세,상해없음,화물,남,78세,중상
2013081500100231,2013년 8월 15일 11시,목요일,경상북도 문경시 농암면,경상사고,0,0,4,0,차대차 - 측면직각충돌,중앙선침범,건조,맑음,단일로 - 기타,승용,남,18세,상해없음,승용,남,48세,경상
2013081500100255,2013년 8월 15일 12시,목요일,경상북도 포항시 북구 용흥동,중상사고,0,1,1,0,차대차 - 측면직각충돌,중앙선침범,건조,맑음,단일로 - 기타,승용,남,66세,상해없음,승용,여,53세,경상
2013081500100256,2013년 8월 15일 12시,목요일,경상북도 영주시 풍기읍,중상사고,0,1,0,0,차대차 - 기타,직진우회전진행방해,건조,맑음,교차로 - 교차로안,승용,남,34세,상해없음,원동기,남,18세,중상
2013081500100286,2013년 8월 15일 13시,목요일,경상북도 구미시 해평면,중상사고,0,1,0,0,차대차 - 측면직각충돌,중앙선침범,건조,맑음,단일로 - 기타,이륜,남,68세,중상,승용,남,52세,상해없음
2013081500100314,2013년 8월 15일 14시,목요일,경상북도 울릉군 울릉읍,경상사고,0,0,1,0,차대사람 - 길가장자리구역통행중,안전운전불이행,건조,맑음,단일로 - 기타,승용,남,44세,상해없음,보행자,여,49세,경상
2013081500100338,2013년 8월 15일 15시,목요일,경상북도 안동시 태화동,경상사고,0,0,2,0,차대차 - 측면직각충돌,안전운전불이행,건조,맑음,교차로 - 교차로안,원동기,남,18세,경상,승용,남,42세,경상
2013081500100339,2013년 8월 15일 15시,목요일,경상북도 상주시 화서면,중상사고,0,1,0,0,차대차 - 기타,안전운전불이행,건조,맑음,단일로 - 기타,승용,여,36세,상해없음,자전거,남,67세,중상
2013081500100375,2013년 8월 15일 16시,목요일,경상북도 경주시 양남면,중상사고,0,2,2,0,차대차 - 정면충돌,중앙선침범,건조,맑음,단일로 - 기타,승용,남,22세,상해없음,승용,남,53세,경상
2013081500100376,2013년 8월 15일 16시,목요일,경상북도 경산시 대평동,경상사고,0,0,1,0,차대차 - 기타,안전운전불이행,건조,맑음,단일로 - 기타,원동기,남,15세,경상,승용,남,61세,상해없음
2013081500100377,2013년 8월 15일 16시,목요일,경상북도 영덕군 강구면,중상사고,0,3,5,0,차대차 - 정면충돌,중앙선침범,건조,맑음,단일로 - 기타,승용,남,20세,경상,승용,남,30세,경상
2013081500100378,2013년 8월 15일 16시,목요일,경상북도 청도군 매전면,경상사고,0,0,2,0,차대차 - 추돌 - 진행중,안전거리미확보,건조,맑음,단일로 - 기타,원동기,남,27세,경상,원동기,남,27세,경상
2013081500100414,2013년 8월 15일 17시,목요일,경상북도 고령군 다산면,경상사고,0,0,2,0,차대차 - 측면직각충돌,안전운전불이행,건조,맑음,단일로 - 기타,승용,여,43세,상해없음,이륜,남,16세,경상
2013081500100415,2013년 8월 15일 17시,목요일,경상북도 구미시 해평면,중상사고,0,2,1,0,차량단독 - 도로외이탈 - 추락,안전운전불이행,건조,맑음,단일로 - 기타,승용,여,57세,경상,,,,
2013081500100446,2013년 8월 15일 18시,목요일,경상북도 구미시 고아읍,중상사고,0,1,0,0,차대차 - 기타,안전운전불이행,건조,맑음,기타 - 기타,원동기,남,46세,상해없음,자전거,여,61세,중상
2013081500100475,2013년 8월 15일 19시,목요일,경상북도 포항시 북구 용흥동,경상사고,0,0,1,0,차량단독 - 기타,안전운전불이행,건조,맑음,단일로 - 기타,승합,남,53세,상해없음,,,,
2013081500100476,2013년 8월 15일 19시,목요일,경상북도 울진군 후포면,중상사고,0,1,0,0,차대차 - 추돌 - 주정차중,안전운전불이행,건조,맑음,단일로 - 횡단보도부근,승용,남,42세,상해없음,승용,여,31세,중상
2013081500100500,2013년 8월 15일 20시,목요일,경상북도 경주시 성건동,경상사고,0,0,1,0,차대사람 - 기타,안전운전불이행,건조,맑음,단일로 - 기타,자전거,남,15세,상해없음,보행자,여,40세,경상
2013081500100501,2013년 8월 15일 20시,목요일,경상북도 포항시 북구 청하면,경상사고,0,0,1,0,차대차 - 기타,안전거리미확보,건조,맑음,단일로 - 기타,승용,남,42세,상해없음,승용,남,45세,상해없음
2013081500100502,2013년 8월 15일 20시,목요일,경상북도 구미시 상모동,중상사고,0,1,4,0,차대차 - 추돌 - 주정차중,안전운전불이행,건조,맑음,교차로 - 교차로부근,승용,남,43세,상해없음,승용,남,40세,경상
2013081500100503,2013년 8월 15일 20시,목요일,경상북도 구미시 인의동,경상사고,0,0,2,0,차대차 - 추돌 - 주정차중,안전운전불이행,건조,맑음,단일로 - 기타,승용,여,44세,상해없음,승용,여,28세,경상
2013081500100504,2013년 8월 15일 20시,목요일,경상북도 칠곡군 석적읍,사망사고,1,0,1,0,차대사람 - 기타,안전운전불이행,건조,맑음,단일로 - 기타,승용,남,43세,상해없음,보행자,남,33세,사망
2013081500100529,2013년 8월 15일 21시,목요일,경상북도 안동시 옥동,경상사고,0,0,1,0,차대차 - 기타,직진우회전진행방해,건조,맑음,교차로 - 교차로안,원동기,남,16세,경상,승용,남,27세,상해없음
2013081500100530,2013년 8월 15일 21시,목요일,경상북도 문경시 모전동,경상사고,0,0,2,0,차대차 - 측면직각충돌,직진우회전진행방해,건조,맑음,교차로 - 교차로안,승용,여,44세,상해없음,승용,여,54세,경상
2013081500100531,2013년 8월 15일 21시,목요일,경상북도 예천군 호명면,경상사고,0,0,1,0,차량단독 - 전도전복,안전운전불이행,습기,흐림,단일로 - 기타,이륜,남,72세,경상,,,,
2013081500100532,2013년 8월 15일 21시,목요일,경상북도 영천시 금호읍,중상사고,0,2,3,0,차대차 - 측면직각충돌,안전거리미확보,건조,맑음,단일로 - 기타,승용,여,53세,중상,승용,남,55세,경상
2013081500100544,2013년 8월 15일 22시,목요일,경상북도 영주시 가흥동,중상사고,0,1,1,0,차대차 - 측면직각충돌,직진우회전진행방해,건조,맑음,교차로 - 교차로안,승용,남,32세,경상,승용,여,37세,중상
2013081500100545,2013년 8월 15일 22시,목요일,경상북도 칠곡군 석적읍,부상신고사고,0,0,0,1,차대차 - 측면직각충돌,교차로운행방법위반,건조,맑음,교차로 - 교차로안,승용,남,33세,상해없음,원동기,남,16세,부상신고
2013081500100559,2013년 8월 15일 23시,목요일,경상북도 영천시 문외동,경상사고,0,0,1,0,차대사람 - 기타,안전운전불이행,건조,맑음,단일로 - 기타,승용,남,23세,기타불명,보행자,남,34세,경상
2013081500100560,2013년 8월 15일 23시,목요일,경상북도 울진군 후포면,경상사고,0,0,1,0,차대차 - 기타,안전운전불이행,건조,맑음,교차로 - 교차로안,승용,여,36세,상해없음,승용,남,28세,상해없음
2013081600100066,2013년 8월 16일 06시,금요일,경상북도 포항시 북구 송라면,중상사고,0,1,1,0,차대차 - 측면직각충돌,신호위반,건조,맑음,교차로 - 교차로안,화물,남,62세,상해없음,승용,여,50세,중상
2013081600100087,2013년 8월 16일 07시,금요일,경상북도 경주시 노서동,경상사고,0,0,1,0,차대차 - 기타,안전운전불이행,건조,맑음,단일로 - 기타,승용,여,60세,상해없음,승용,남,57세,경상
2013081600100107,2013년 8월 16일 08시,금요일,경상북도 경주시 성건동,중상사고,0,1,0,0,차대차 - 기타,안전운전불이행,건조,맑음,기타 - 기타,자전거,남,22세,중상,승용,남,44세,상해없음
2013081600100108,2013년 8월 16일 08시,금요일,경상북도 고령군 다산면,중상사고,0,1,0,0,차대차 - 측면직각충돌,교차로운행방법위반,건조,맑음,교차로 - 교차로안,화물,남,58세,상해없음,이륜,남,39세,중상
2013081600100143,2013년 8월 16일 09시,금요일,경상북도 안동시 북후면,경상사고,0,0,1,0,차대차 - 기타,안전운전불이행,건조,맑음,단일로 - 기타,자전거,남,13세,경상,원동기,남,68세,상해없음
2013081600100144,2013년 8월 16일 09시,금요일,경상북도 김천시 개령면,중상사고,0,1,0,0,차대차 - 측면직각충돌,안전운전불이행,건조,맑음,교차로 - 교차로안,승용,여,54세,상해없음,이륜,여,75세,중상
2013081600100145,2013년 8월 16일 09시,금요일,경상북도 경산시 하양읍,중상사고,0,1,0,0,차량단독 - 전도전복,안전운전불이행,건조,맑음,단일로 - 교량,승용,여,22세,중상,,,,
2013081600100146,2013년 8월 16일 09시,금요일,경상북도 봉화군 석포면,경상사고,0,0,1,0,차대사람 - 기타,안전운전불이행,건조,맑음,단일로 - 기타,화물,남,29세,상해없음,보행자,남,36세,경상
2013081600100178,2013년 8월 16일 10시,금요일,경상북도 포항시 북구 청하면,중상사고,0,1,0,0,차대사람 - 기타,안전운전불이행,건조,맑음,단일로 - 기타,화물,여,46세,상해없음,보행자,여,53세,중상
2013081600100179,2013년 8월 16일 10시,금요일,경상북도 안동시 풍천면,중상사고,0,1,0,0,차대차 - 측면직각충돌,교차로운행방법위반,건조,맑음,교차로 - 교차로안,승합,남,53세,상해없음,승용,여,46세,중상
2013081600100180,2013년 8월 16일 10시,금요일,경상북도 경산시 정평동,경상사고,0,0,2,0,차대차 - 기타,안전운전불이행,건조,맑음,교차로 - 교차로안,승용,여,50세,경상,승용,남,41세,경상
2013081600100181,2013년 8월 16일 10시,금요일,경상북도 성주군 성주읍,경상사고,0,0,1,0,차대사람 - 기타,안전운전불이행,기타,맑음,교차로 - 교차로안,승용,여,60세,상해없음,보행자,여,77세,경상
2013081600100182,2013년 8월 16일 10시,금요일,경상북도 군위군 군위읍,사망사고,1,0,0,0,차대사람 - 횡단중,안전운전불이행,건조,맑음,교차로 - 교차로안,화물,남,38세,상해없음,보행자,여,73세,사망
2013081600100210,2013년 8월 16일 11시,금요일,경상북도 안동시 송천동,중상사고,0,1,1,0,차대차 - 측면직각충돌,직진우회전진행방해,건조,맑음,교차로 - 교차로안,승용,남,65세,상해없음,승합,남,74세,경상
2013081600100211,2013년 8월 16일 11시,금요일,경상북도 상주시 남성동,중상사고,0,1,0,0,차대차 - 측면직각충돌,안전운전불이행,건조,맑음,교차로 - 교차로안,승용,여,46세,상해없음,승용,여,57세,중상
2013081600100212,2013년 8월 16일 11시,금요일,경상북도 포항시 남구 해도동,경상사고,0,0,1,0,차대차 - 측면직각충돌,신호위반,건조,맑음,교차로 - 교차로안,화물,남,58세,상해없음,승용,남,53세,경상
2013081600100244,2013년 8월 16일 12시,금요일,경상북도 영천시 완산동,경상사고,0,0,1,0,차대차 - 측면직각충돌,직진우회전진행방해,건조,맑음,교차로 - 교차로안,승용,남,69세,상해없음,승용,남,57세,경상
2013081600100245,2013년 8월 16일 12시,금요일,경상북도 청도군 이서면,중상사고,0,1,0,0,차대차 - 측면직각충돌,교차로운행방법위반,건조,맑음,교차로 - 교차로안,원동기,남,75세,중상,승용,남,52세,상해없음
2013081600100246,2013년 8월 16일 12시,금요일,경상북도 안동시 일직면,경상사고,0,0,2,0,차대차 - 측면직각충돌,안전거리미확보,건조,맑음,단일로 - 기타,승용,남,70세,상해없음,승용,남,58세,경상
2013081600100270,2013년 8월 16일 13시,금요일,경상북도 경주시 노서동,경상사고,0,0,1,0,차대차 - 기타,안전운전불이행,건조,맑음,기타 - 기타,승용,남,57세,상해없음,승합,남,48세,상해없음
2013081600100271,2013년 8월 16일 13시,금요일,경상북도 안동시 임하면,경상사고,0,0,4,0,차대차 - 추돌 - 진행중,안전거리미확보,건조,맑음,단일로 - 기타,화물,남,74세,상해없음,승용,남,54세,경상
2013081600100272,2013년 8월 16일 13시,금요일,경상북도 상주시 만산동,중상사고,0,1,0,0,차대차 - 측면직각충돌,차로위반,건조,맑음,단일로 - 기타,승용,남,61세,상해없음,승용,남,32세,중상
2013081600100273,2013년 8월 16일 13시,금요일,경상북도 청도군 운문면,중상사고,0,2,0,0,차대차 - 추돌 - 진행중,안전운전불이행,건조,맑음,교차로 - 교차로안,승용,남,52세,상해없음,농기계,남,73세,중상
2013081600100274,2013년 8월 16일 13시,금요일,경상북도 구미시 공단동,경상사고,0,0,1,0,차대차 - 기타,신호위반,건조,맑음,교차로 - 교차로안,승용,여,37세,상해없음,승용,남,43세,경상
2013081600100275,2013년 8월 16일 13시,금요일,경상북도 구미시 인의동,경상사고,0,0,1,0,차대차 - 기타,직진우회전진행방해,건조,맑음,교차로 - 교차로안,승용,남,47세,상해없음,이륜,남,18세,경상
2013081600100310,2013년 8월 16일 14시,금요일,경상북도 경주시 동천동,중상사고,0,1,0,0,차대사람 - 기타,보행자보호의무위반,건조,맑음,단일로 - 기타,승용,남,61세,상해없음,보행자,남,5세,중상
2013081600100311,2013년 8월 16일 14시,금요일,경상북도 경주시 배반동,경상사고,0,0,1,0,차대차 - 기타,안전운전불이행,건조,맑음,단일로 - 기타,화물,남,50세,상해없음,승용,남,64세,경상
2013081600100312,2013년 8월 16일 14시,금요일,경상북도 경산시 진량읍,중상사고,0,1,0,0,차대차 - 기타,안전운전불이행,건조,맑음,단일로 - 기타,승합,남,42세,상해없음,화물,남,32세,중상
2013081600100313,2013년 8월 16일 14시,금요일,경상북도 포항시 남구 연일읍,경상사고,0,0,2,0,차대차 - 측면직각충돌,안전거리미확보,건조,맑음,단일로 - 기타,승용,여,39세,상해없음,화물,남,36세,경상
2013081600100340,2013년 8월 16일 15시,금요일,경상북도 경주시 탑동,중상사고,0,1,1,0,차대차 - 기타,안전운전불이행,건조,맑음,교차로 - 교차로안,승용,남,35세,상해없음,화물,남,40세,중상
2013081600100341,2013년 8월 16일 15시,금요일,경상북도 안동시 용상동,부상신고사고,0,0,0,2,차대차 - 기타,직진우회전진행방해,건조,맑음,교차로 - 교차로안,승용,여,35세,부상신고,승용,남,48세,부상신고
2013081600100342,2013년 8월 16일 15시,금요일,경상북도 상주시 병성동,경상사고,0,0,2,0,차대차 - 추돌 - 진행중,안전운전불이행,건조,맑음,단일로 - 기타,화물,남,46세,상해없음,화물,남,70세,상해없음
2013081600100343,2013년 8월 16일 15시,금요일,경상북도 영주시 부석면,중상사고,0,1,4,0,차대차 - 정면충돌,안전운전불이행,건조,맑음,교차로 - 교차로안,승용,남,46세,상해없음,승용,남,47세,경상
2013081600100344,2013년 8월 16일 15시,금요일,경상북도 울진군 근남면,경상사고,0,0,3,0,차대차 - 기타,안전운전불이행,건조,맑음,교차로 - 교차로안,승용,남,44세,기타불명,승용,여,56세,경상
2013081600100390,2013년 8월 16일 16시,금요일,경상북도 상주시 복룡동,중상사고,0,1,0,0,차대차 - 기타,안전운전불이행,건조,맑음,단일로 - 기타,승용,여,45세,상해없음,승용,남,61세,중상
2013081600100391,2013년 8월 16일 16시,금요일,경상북도 영주시 적서동,중상사고,0,1,0,0,차대차 - 측면직각충돌,안전운전불이행,건조,맑음,교차로 - 교차로부근,승용,남,59세,상해없음,승용,남,39세,중상
2013081600100392,2013년 8월 16일 16시,금요일,경상북도 문경시 문경읍,경상사고,0,0,3,0,차대차 - 측면직각충돌,직진우회전진행방해,건조,맑음,교차로 - 교차로안,승용,남,43세,상해없음,화물,남,48세,경상
2013081600100393,2013년 8월 16일 16시,금요일,경상북도 문경시 영신동,경상사고,0,0,1,0,차대차 - 측면직각충돌,안전운전불이행,건조,맑음,교차로 - 교차로안,자전거,남,19세,경상,승용,남,49세,상해없음
2013081600100394,2013년 8월 16일 16시,금요일,경상북도 성주군 성주읍,경상사고,0,0,1,1,차대차 - 측면직각충돌,안전운전불이행,기타,맑음,단일로 - 기타,승용,여,43세,상해없음,자전거,여,12세,부상신고
2013081600100395,2013년 8월 16일 16시,금요일,경상북도 울진군 평해읍,경상사고,0,0,1,0,차대사람 - 횡단중,보행자보호의무위반,건조,맑음,교차로 - 교차로안,승용,여,43세,상해없음,보행자,남,61세,경상
2013081600100428,2013년 8월 16일 17시,금요일,경상북도 경주시 탑동,경상사고,0,0,2,0,차대차 - 기타,안전운전불이행,건조,맑음,교차로 - 교차로안,승용,여,55세,상해없음,승용,여,26세,경상
2013081600100429,2013년 8월 16일 17시,금요일,경상북도 상주시 무양동,중상사고,0,1,0,0,차대사람 - 차도통행중,안전운전불이행,건조,맑음,단일로 - 기타,화물,남,65세,상해없음,보행자,남,61세,중상
2013081600100430,2013년 8월 16일 17시,금요일,경상북도 영천시 문내동,경상사고,0,0,1,0,차대차 - 기타,안전운전불이행,건조,맑음,기타 - 기타,승용,남,62세,상해없음,화물,남,42세,상해없음
2013081600100431,2013년 8월 16일 17시,금요일,경상북도 문경시 흥덕동,중상사고,0,1,0,0,차대차 - 기타,교차로운행방법위반,건조,맑음,교차로 - 교차로안,승용,남,32세,상해없음,원동기,남,76세,중상
2013081600100472,2013년 8월 16일 18시,금요일,경상북도 경주시 노서동,중상사고,0,1,0,0,차대사람 - 횡단중,보행자보호의무위반,건조,맑음,단일로 - 횡단보도상,화물,남,66세,상해없음,보행자,여,56세,중상
2013081600100473,2013년 8월 16일 18시,금요일,경상북도 경주시 황남동,경상사고,0,0,2,0,차대차 - 측면직각충돌,안전운전불이행,건조,맑음,교차로 - 교차로안,승용,남,37세,경상,화물,남,51세,경상
2013081600100474,2013년 8월 16일 18시,금요일,경상북도 김천시 평화동,중상사고,0,1,0,0,차대사람 - 기타,안전운전불이행,건조,맑음,교차로 - 교차로부근,승용,남,22세,상해없음,보행자,여,72세,중상
2013081600100475,2013년 8월 16일 18시,금요일,경상북도 영천시 금호읍,중상사고,0,1,0,0,차대차 - 기타,안전운전불이행,건조,맑음,단일로 - 기타,자전거,여,74세,중상,승용,남,33세,상해없음
2013081600100476,2013년 8월 16일 18시,금요일,경상북도 영천시 신령면,중상사고,0,1,0,0,차대차 - 측면직각충돌,안전운전불이행,건조,맑음,단일로 - 기타,승용,남,18세,상해없음,이륜,남,16세,중상
2013081600100477,2013년 8월 16일 18시,금요일,경상북도 포항시 남구 송내동,중상사고,0,2,0,0,차대차 - 추돌 - 주정차중,안전거리미확보,건조,맑음,단일로 - 기타,원동기,남,52세,중상,승용,여,29세,상해없음
2013081600100516,2013년 8월 16일 19시,금요일,경상북도 구미시 봉곡동,경상사고,0,0,1,0,차대사람 - 길가장자리구역통행중,안전운전불이행,건조,맑음,단일로 - 기타,이륜,남,17세,상해없음,보행자,남,43세,경상
2013081600100517,2013년 8월 16일 19시,금요일,경상북도 포항시 남구 이동,경상사고,0,0,1,0,차대사람 - 기타,안전운전불이행,건조,맑음,단일로 - 기타,승용,여,47세,상해없음,보행자,여,48세,경상
2013081600100543,2013년 8월 16일 20시,금요일,경상북도 경주시 노서동,중상사고,0,1,0,0,차대차 - 기타,안전운전불이행,건조,맑음,교차로 - 교차로안,승합,남,53세,상해없음,자전거,남,74세,중상
2013081600100577,2013년 8월 16일 21시,금요일,경상북도 경주시 노서동,경상사고,0,0,2,0,차대차 - 기타,안전운전불이행,건조,맑음,단일로 - 기타,승용,남,66세,상해없음,승용,남,43세,경상
2013081600100578,2013년 8월 16일 21시,금요일,경상북도 안동시 당북동,경상사고,0,0,2,0,차대차 - 정면충돌,안전거리미확보,건조,맑음,기타 - 기타,승용,남,23세,경상,승용,남,44세,상해없음
2013081600100579,2013년 8월 16일 21시,금요일,경상북도 김천시 성내동,경상사고,0,0,3,0,차대차 - 측면직각충돌,교차로운행방법위반,건조,맑음,교차로 - 교차로안,승용,여,36세,상해없음,승합,여,23세,경상
2013081600100606,2013년 8월 16일 22시,금요일,경상북도 경주시 성건동,경상사고,0,0,1,0,차대사람 - 기타,안전운전불이행,건조,맑음,교차로 - 교차로안,승용,여,59세,상해없음,보행자,여,42세,경상
2013081600100607,2013년 8월 16일 22시,금요일,경상북도 포항시 북구 두호동,경상사고,0,0,1,0,차대사람 - 기타,안전운전불이행,건조,맑음,단일로 - 기타,승용,여,22세,상해없음,보행자,남,33세,경상
2013081600100630,2013년 8월 16일 23시,금요일,경상북도 경주시 안강읍,경상사고,0,0,2,0,차대차 - 기타,안전운전불이행,건조,맑음,교차로 - 교차로안,승용,남,51세,경상,승용,여,30세,경상
2013081600100631,2013년 8월 16일 23시,금요일,경상북도 김천시 평화동,중상사고,0,2,2,0,차대차 - 측면직각충돌,안전운전불이행,건조,맑음,단일로 - 기타,승용,여,47세,상해없음,승합,남,31세,경상
2013081600100632,2013년 8월 16일 23시,금요일,경상북도 영주시 가흥동,중상사고,0,1,1,0,차량단독 - 공작물충돌,안전운전불이행,건조,맑음,단일로 - 기타,승용,여,39세,경상,,,,
2013081700100033,2013년 8월 17일 01시,토요일,경상북도 포항시 북구 득량동,경상사고,0,0,1,0,차대사람 - 길가장자리구역통행중,안전운전불이행,건조,맑음,교차로 - 교차로안,승용,남,45세,상해없음,보행자,남,30세,경상
2013081700100034,2013년 8월 17일 01시,토요일,경상북도 문경시 점촌동,사망사고,1,2,2,0,차대차 - 추돌 - 주정차중,안전운전불이행,건조,맑음,단일로 - 기타,승용,남,22세,중상,건설기계,남,53세,기타불명
2013081700100035,2013년 8월 17일 01시,토요일,경상북도 구미시 임수동,중상사고,0,1,0,0,차대차 - 추돌 - 진행중,안전운전불이행,건조,맑음,단일로 - 교량,승용,남,23세,상해없음,승용,여,24세,중상
2013081700100051,2013년 8월 17일 02시,토요일,경상북도 포항시 남구 상도동,중상사고,0,1,1,0,차대차 - 측면직각충돌,안전운전불이행,건조,맑음,단일로 - 기타,승용,남,33세,상해없음,원동기,남,21세,경상