사고번호,사고일시,요일,시군구,사고내용,사망자수,중상자수,경상자수,부상신고자수,사고유형,법규위반,노면상태,기상상태,도로형태,가해운전자 차종,가해운전자 성별,가해운전자 연령,가해운전자 상해정도,피해운전자 차종,피해운전자 성별,피해운전자 연령,피해운전자 상해정도
2013081700100057,2013년 8월 17일 03시,토요일,경상북도 김천시 부곡동,경상사고,0,0,4,0,차대차 - 측면직각충돌,안전운전불이행,건조,맑음,교차로 - 교차로부근,승용,남,57세,상해없음,승합,남,29세,경상
2013081700100083,2013년 8월 17일 05시,토요일,경상북도 영주시 영주동,경상사고,0,0,1,0,차대차 - 기타,기타,건조,맑음,교차로 - 교차로부근,승용,남,15세,상해없음,승용,남,44세,경상
2013081700100084,2013년 8월 17일 05시,토요일,경상북도 경산시 와촌면,경상사고,0,0,2,0,차대차 - 기타,안전운전불이행,건조,맑음,단일로 - 기타,화물,남,60세,상해없음,농기계,남,55세,경상
2013081700100098,2013년 8월 17일 06시,토요일,경상북도 안동시 태화동,중상사고,0,1,0,0,차대차 - 기타,안전운전불이행,건조,맑음,교차로 - 교차로안,승용,남,40세,상해없음,이륜,남,74세,중상
2013081700100099,2013년 8월 17일 06시,토요일,경상북도 고령군 다산면,경상사고,0,0,4,0,차대차 - 추돌 - 진행중,안전거리미확보,건조,맑음,교차로 - 교차로부근,승용,남,19세,경상,화물,남,59세,경상
2013081700100115,2013년 8월 17일 07시,토요일,경상북도 경주시 마동,중상사고,0,1,0,0,차대차 - 기타,안전운전불이행,건조,맑음,교차로 - 교차로안,화물,남,54세,상해없음,자전거,남,75세,중상
2013081700100116,2013년 8월 17일 07시,토요일,경상북도 경산시 진량읍,중상사고,0,1,0,0,차대차 - 기타,안전운전불이행,건조,맑음,교차로 - 교차로안,승용,남,47세,상해없음,승용,남,23세,중상
2013081700100117,2013년 8월 17일 07시,토요일,경상북도 예천군 호명면,중상사고,0,1,2,0,차대사람 - 기타,안전운전불이행,건조,맑음,단일로 - 기타,화물,남,40세,경상,보행자,남,58세,중상
2013081700100118,2013년 8월 17일 07시,토요일,경상북도 포항시 남구 연일읍,경상사고,0,0,2,0,차대차 - 기타,안전운전불이행,건조,맑음,교차로 - 교차로안,화물,남,60세,상해없음,승용,남,56세,경상
2013081700100134,2013년 8월 17일 08시,토요일,경상북도 포항시 남구 오천읍,경상사고,0,0,3,0,차대차 - 측면직각충돌,교차로운행방법위반,건조,맑음,교차로 - 교차로안,승용,여,53세,경상,승용,남,61세,경상
2013081700100158,2013년 8월 17일 09시,토요일,경상북도 포항시 북구 장성동,경상사고,0,0,1,0,차대차 - 기타,교차로운행방법위반,건조,맑음,교차로 - 교차로안,승용,남,26세,상해없음,승용,여,31세,경상
2013081700100159,2013년 8월 17일 09시,토요일,경상북도 포항시 북구 흥해읍,중상사고,0,1,0,0,차대사람 - 기타,안전운전불이행,건조,맑음,기타 - 기타,기타불명,기타불명,기타불명,기타불명,보행자,여,79세,중상
2013081700100160,2013년 8월 17일 09시,토요일,경상북도 봉화군 소천면,경상사고,0,0,1,0,차대차 - 측면직각충돌,중앙선침범,건조,맑음,단일로 - 기타,이륜,남,70세,경상,승용,남,55세,상해없음
2013081700100187,2013년 8월 17일 10시,토요일,경상북도 경주시 동방동,경상사고,0,0,1,0,차대차 - 기타,안전운전불이행,건조,맑음,단일로 - 기타,승용,남,52세,상해없음,승용,남,46세,상해없음
2013081700100188,2013년 8월 17일 10시,토요일,경상북도 영주시 휴천동,중상사고,0,1,0,0,차량단독 - 공작물충돌,안전운전불이행,건조,맑음,교차로 - 교차로부근,화물,남,60세,중상,,,,
2013081700100220,2013년 8월 17일 11시,토요일,경상북도 영천시 문외동,경상사고,0,0,2,0,차대차 - 기타,안전운전불이행,건조,맑음,기타 - 기타,승용,남,28세,상해없음,승용,남,34세,상해없음
2013081700100221,2013년 8월 17일 11시,토요일,경상북도 구미시 원평동,중상사고,0,1,0,0,차대차 - 기타,안전운전불이행,건조,맑음,기타 - 기타,승용,남,27세,상해없음,자전거,여,61세,중상
2013081700100246,2013년 8월 17일 12시,토요일,경상북도 경주시 성동동,중상사고,0,3,1,0,차대차 - 측면직각충돌,신호위반,건조,맑음,교차로 - 교차로안,승용,남,64세,경상,승용,여,32세,중상
2013081700100247,2013년 8월 17일 12시,토요일,경상북도 안동시 수상동,중상사고,0,1,0,0,차대차 - 기타,안전운전불이행,건조,맑음,단일로 - 기타,화물,남,45세,상해없음,농기계,남,65세,중상
2013081700100248,2013년 8월 17일 12시,토요일,경상북도 고령군 고령읍,중상사고,0,1,1,0,차대차 - 측면직각충돌,신호위반,건조,맑음,교차로 - 교차로안,화물,남,66세,경상,승용,남,60세,중상
2013081700100249,2013년 8월 17일 12시,토요일,경상북도 포항시 남구 인덕동,경상사고,0,0,1,0,차대차 - 기타,교차로운행방법위반,건조,맑음,단일로 - 기타,승용,여,44세,상해없음,승합,남,58세,상해없음
2013081700100285,2013년 8월 17일 13시,토요일,경상북도 포항시 남구 괴동동,경상사고,0,0,2,0,차대차 - 측면직각충돌,직진우회전진행방해,건조,맑음,교차로 - 교차로안,특수,남,61세,상해없음,승용,여,29세,경상
2013081700100315,2013년 8월 17일 14시,토요일,경상북도 경주시 황성동,중상사고,0,1,0,0,차대차 - 기타,안전운전불이행,건조,맑음,단일로 - 기타,승용,여,57세,상해없음,자전거,남,21세,중상
2013081700100316,2013년 8월 17일 14시,토요일,경상북도 안동시 북문동,중상사고,0,1,1,0,차대차 - 기타,안전운전불이행,건조,맑음,교차로 - 교차로안,승용,남,62세,상해없음,승용,남,50세,경상
2013081700100317,2013년 8월 17일 14시,토요일,경상북도 영덕군 영덕읍,중상사고,0,1,1,0,차대차 - 측면직각충돌,안전거리미확보,건조,맑음,교차로 - 교차로안,화물,여,44세,상해없음,이륜,남,58세,중상
2013081700100350,2013년 8월 17일 15시,토요일,경상북도 영양군 수비면,중상사고,0,6,2,0,차대차 - 정면충돌,중앙선침범,건조,맑음,단일로 - 기타,화물,남,54세,중상,화물,남,20세,중상
2013081700100351,2013년 8월 17일 15시,토요일,경상북도 포항시 남구 인덕동,중상사고,0,1,0,0,차대차 - 측면직각충돌,안전운전불이행,건조,맑음,교차로 - 교차로부근,특수,남,40세,상해없음,원동기,남,27세,중상
2013081700100383,2013년 8월 17일 16시,토요일,경상북도 포항시 북구 청하면,중상사고,0,3,0,0,차량단독 - 공작물충돌,안전운전불이행,건조,맑음,단일로 - 기타,승용,여,38세,상해없음,,,,
2013081700100384,2013년 8월 17일 16시,토요일,경상북도 안동시 길안면,경상사고,0,0,4,0,차대차 - 정면충돌,안전운전불이행,건조,맑음,단일로 - 기타,승용,남,46세,상해없음,승용,여,39세,경상
2013081700100385,2013년 8월 17일 16시,토요일,경상북도 김천시 평화동,경상사고,0,0,3,0,차대차 - 측면직각충돌,교차로운행방법위반,건조,맑음,교차로 - 교차로안,화물,남,46세,상해없음,승용,여,37세,경상
2013081700100386,2013년 8월 17일 16시,토요일,경상북도 의성군 금성면,중상사고,0,1,0,0,차대차 - 추돌 - 주정차중,안전운전불이행,건조,맑음,단일로 - 기타,기타불명,기타불명,기타불명,기타불명,농기계,남,79세,중상
2013081700100387,2013년 8월 17일 16시,토요일,경상북도 문경시 호계면,경상사고,0,0,3,0,차대차 - 추돌 - 주정차중,안전운전불이행,건조,맑음,교차로 - 교차로부근,화물,남,63세,상해없음,승용,남,37세,경상
2013081700100413,2013년 8월 17일 17시,토요일,경상북도 경주시 시래동,사망사고,1,0,0,0,차대차 - 기타,안전운전불이행,건조,맑음,교차로 - 교차로안,승용,남,51세,상해없음,원동기,남,83세,사망
2013081700100414,2013년 8월 17일 17시,토요일,경상북도 포항시 북구 두호동,부상신고사고,0,0,0,1,차대차 - 기타,안전거리미확보,건조,맑음,단일로 - 기타,승용,남,22세,상해없음,승용,남,55세,부상신고
2013081700100415,2013년 8월 17일 17시,토요일,경상북도 김천시 남면,경상사고,0,0,1,0,차대차 - 측면직각충돌,안전운전불이행,건조,맑음,단일로 - 기타,승용,남,27세,상해없음,승용,남,29세,상해없음
2013081700100416,2013년 8월 17일 17시,토요일,경상북도 영천시 북안면,경상사고,0,0,1,0,차대차 - 기타,안전운전불이행,건조,맑음,단일로 - 기타,승용,남,35세,상해없음,자전거,남,30세,경상
2013081700100417,2013년 8월 17일 17시,토요일,경상북도 문경시 모전동,경상사고,0,0,1,0,차대차 - 기타,안전운전불이행,건조,맑음,교차로 - 교차로부근,승용,남,37세,상해없음,이륜,남,50세,경상
2013081700100418,2013년 8월 17일 17시,토요일,경상북도 문경시 가은읍,중상사고,0,2,1,0,차량단독 - 공작물충돌,안전운전불이행,건조,맑음,단일로 - 기타,화물,남,71세,중상,,,,
2013081700100419,2013년 8월 17일 17시,토요일,경상북도 포항시 남구 지곡동,경상사고,0,0,1,0,차대차 - 측면직각충돌,교차로운행방법위반,건조,맑음,교차로 - 교차로안,승용,여,44세,경상,승용,남,52세,상해없음
2013081700100451,2013년 8월 17일 18시,토요일,경상북도 문경시 신기동,경상사고,0,0,1,0,차량단독 - 공작물충돌,안전운전불이행,건조,맑음,단일로 - 기타,승용,남,50세,경상,,,,
2013081700100452,2013년 8월 17일 18시,토요일,경상북도 경산시 하양읍,중상사고,0,2,0,0,차대차 - 기타,안전운전불이행,건조,맑음,단일로 - 기타,승용,남,45세,상해없음,승용,남,55세,중상
2013081700100453,2013년 8월 17일 18시,토요일,경상북도 성주군 초전면,중상사고,0,1,0,0,차대차 - 측면직각충돌,불법유턴,기타,맑음,단일로 - 기타,이륜,남,77세,중상,화물,남,70세,상해없음
2013081700100486,2013년 8월 17일 19시,토요일,경상북도 경주시 감포읍,경상사고,0,0,1,0,차대사람 - 기타,안전운전불이행,건조,맑음,교차로 - 교차로부근,승용,여,53세,상해없음,보행자,남,29세,경상
2013081700100487,2013년 8월 17일 19시,토요일,경상북도 김천시 모암동,경상사고,0,0,1,0,차대사람 - 기타,안전운전불이행,건조,맑음,교차로 - 교차로안,승용,남,76세,상해없음,보행자,여,69세,경상
2013081700100488,2013년 8월 17일 19시,토요일,경상북도 문경시 농암면,부상신고사고,0,0,0,1,차대차 - 측면직각충돌,안전운전불이행,건조,맑음,단일로 - 기타,원동기,남,36세,부상신고,승용,남,32세,상해없음
2013081700100489,2013년 8월 17일 19시,토요일,경상북도 경산시 하양읍,경상사고,0,0,1,0,차대차 - 기타,안전운전불이행,건조,맑음,교차로 - 교차로안,자전거,남,25세,경상,승용,남,46세,상해없음
2013081700100490,2013년 8월 17일 19시,토요일,경상북도 포항시 남구 효자동,중상사고,0,1,0,0,차대차 - 측면직각충돌,중앙선침범,건조,맑음,단일로 - 기타,승용,여,53세,상해없음,원동기,남,58세,중상
2013081700100517,2013년 8월 17일 20시,토요일,경상북도 김천시 성내동,경상사고,0,0,1,0,차대차 - 측면직각충돌,교차로운행방법위반,건조,맑음,교차로 - 교차로안,승용,여,54세,상해없음,이륜,남,67세,경상
2013081700100518,2013년 8월 17일 20시,토요일,경상북도 영주시 문수면,경상사고,0,0,4,0,차대차 - 기타,중앙선침범,건조,맑음,단일로 - 기타,승용,남,46세,상해없음,승용,여,30세,경상
2013081700100519,2013년 8월 17일 20시,토요일,경상북도 영천시 대창면,중상사고,0,1,1,0,차대차 - 정면충돌,안전운전불이행,건조,맑음,교차로 - 교차로안,승용,여,50세,경상,승용,남,45세,중상
2013081700100520,2013년 8월 17일 20시,토요일,경상북도 포항시 남구 대송면,중상사고,0,1,0,0,차대차 - 기타,안전운전불이행,건조,맑음,교차로 - 교차로부근,승용,남,45세,상해없음,자전거,남,69세,중상
2013081700100546,2013년 8월 17일 21시,토요일,경상북도 상주시 연원동,중상사고,0,1,0,0,차대사람 - 기타,안전운전불이행,건조,맑음,단일로 - 기타,승용,남,38세,상해없음,보행자,남,57세,중상
2013081700100547,2013년 8월 17일 21시,토요일,경상북도 영천시 금호읍,경상사고,0,0,1,1,차대차 - 추돌 - 주정차중,안전운전불이행,건조,맑음,단일로 - 기타,승용,남,33세,부상신고,승용,남,58세,경상
2013081700100548,2013년 8월 17일 21시,토요일,경상북도 군위군 의흥면,경상사고,0,0,1,0,차량단독 - 전도전복,안전운전불이행,건조,맑음,단일로 - 기타,이륜,남,52세,경상,,,,
2013081700100578,2013년 8월 17일 22시,토요일,경상북도 경주시 안강읍,부상신고사고,0,0,0,1,차량단독 - 기타,안전운전불이행,건조,맑음,단일로 - 기타,승용,여,46세,부상신고,,,,
2013081700100579,2013년 8월 17일 22시,토요일,경상북도 고령군 다산면,중상사고,0,1,1,0,차대차 - 추돌 - 주정차중,안전운전불이행,건조,맑음,교차로 - 교차로부근,승용,남,42세,상해없음,승용,여,56세,경상
2013081700100580,2013년 8월 17일 22시,토요일,경상북도 구미시 장천면,부상신고사고,0,0,0,1,차대차 - 기타,안전운전불이행,건조,맑음,단일로 - 교량,기타불명,기타불명,기타불명,기타불명,이륜,남,42세,부상신고
2013081800100017,2013년 8월 18일 00시,일요일,경상북도 상주시 남적동,사망사고,1,0,0,0,차대차 - 기타,안전운전불이행,건조,맑음,단일로 - 기타,승용,남,39세,상해없음,자전거,여,53세,사망
2013081800100018,2013년 8월 18일 00시,일요일,경상북도 봉화군 봉화읍,중상사고,0,1,1,0,차대차 - 추돌 - 주정차중,안전운전불이행,건조,맑음,단일로 - 기타,화물,남,45세,상해없음,승용,여,46세,중상
2013081800100019,2013년 8월 18일 00시,일요일,경상북도 고령군 고령읍,경상사고,0,0,1,0,차대차 - 기타,불법유턴,건조,맑음,단일로 - 기타,화물,남,35세,상해없음,승용,남,43세,경상
2013081800100058,2013년 8월 18일 02시,일요일,경상북도 김천시 대광동,중상사고,0,1,0,0,차량단독 - 전도전복,안전운전불이행,건조,맑음,교차로 - 교차로부근,승용,남,24세,상해없음,,,,
2013081800100068,2013년 8월 18일 03시,일요일,경상북도 포항시 북구 항구동,중상사고,0,1,0,0,차대사람 - 기타,안전운전불이행,건조,맑음,단일로 - 기타,승용,남,36세,상해없음,보행자,남,31세,중상
2013081800100103,2013년 8월 18일 06시,일요일,경상북도 영천시 야사동,중상사고,0,1,0,0,차량단독 - 기타,안전운전불이행,건조,맑음,단일로 - 기타,화물,여,52세,상해없음,,,,
2013081800100104,2013년 8월 18일 06시,일요일,경상북도 울진군 서면,중상사고,0,1,0,0,차대차 - 정면충돌,안전운전불이행,건조,맑음,단일로 - 기타,자전거,여,50세,중상,화물,남,65세,상해없음
2013081800100105,2013년 8월 18일 06시,일요일,경상북도 구미시 사곡동,중상사고,0,1,0,0,차대차 - 기타,중앙선침범,건조,맑음,교차로 - 교차로안,이륜,남,18세,상해없음,승용,남,61세,상해없음
2013081800100112,2013년 8월 18일 07시,일요일,경상북도 포항시 남구 호미곶면,경상사고,0,0,3,0,차대차 - 측면직각충돌,신호위반,건조,맑음,교차로 - 교차로안,승용,남,64세,상해없음,화물,남,64세,경상
2013081800100132,2013년 8월 18일 09시,일요일,경상북도 상주시 낙동면,경상사고,0,0,2,0,차대차 - 기타,교차로운행방법위반,건조,맑음,교차로 - 교차로안,승용,여,56세,상해없음,농기계,남,72세,경상
2013081800100133,2013년 8월 18일 09시,일요일,경상북도 영천시 고경면,경상사고,0,0,1,0,차대차 - 측면직각충돌,직진우회전진행방해,건조,맑음,교차로 - 교차로안,승용,남,63세,상해없음,화물,남,66세,경상
2013081800100135,2013년 8월 18일 09시,일요일,경상북도 포항시 남구 대잠동,경상사고,0,0,2,0,차대차 - 기타,안전운전불이행,건조,맑음,단일로 - 기타,화물,남,41세,상해없음,승용,여,24세,경상
2013081800100152,2013년 8월 18일 10시,일요일,경상북도 상주시 냉림동,경상사고,0,0,2,0,차대차 - 기타,교차로운행방법위반,건조,맑음,교차로 - 교차로안,승용,여,62세,상해없음,승용,남,39세,경상
2013081800100153,2013년 8월 18일 10시,일요일,경상북도 고령군 쌍림면,중상사고,0,1,0,1,차량단독 - 도로외이탈 - 추락,안전운전불이행,건조,맑음,단일로 - 기타,승합,남,27세,상해없음,,,,
2013081800100191,2013년 8월 18일 12시,일요일,경상북도 경주시 신평동,부상신고사고,0,0,0,1,차대차 - 측면직각충돌,안전운전불이행,건조,맑음,단일로 - 기타,승용,남,36세,상해없음,승용,남,31세,상해없음
2013081800100192,2013년 8월 18일 12시,일요일,경상북도 경주시 마동,경상사고,0,0,1,0,차대차 - 측면직각충돌,안전운전불이행,건조,맑음,교차로 - 교차로안,승용,남,26세,상해없음,원동기,남,69세,경상
2013081800100211,2013년 8월 18일 13시,일요일,경상북도 문경시 모전동,경상사고,0,0,1,0,차대차 - 측면직각충돌,교차로운행방법위반,건조,맑음,교차로 - 교차로부근,승용,여,42세,상해없음,이륜,남,33세,경상
2013081800100236,2013년 8월 18일 14시,일요일,경상북도 경주시 충효동,경상사고,0,0,1,0,차대차 - 측면직각충돌,안전운전불이행,건조,맑음,단일로 - 기타,승용,여,45세,상해없음,승용,남,40세,경상
2013081800100270,2013년 8월 18일 15시,일요일,경상북도 경주시 성건동,중상사고,0,1,0,0,차대차 - 측면직각충돌,안전운전불이행,건조,맑음,교차로 - 교차로안,승용,남,28세,상해없음,승용,남,58세,중상
2013081800100271,2013년 8월 18일 15시,일요일,경상북도 포항시 북구 득량동,경상사고,0,0,3,0,차대차 - 추돌 - 주정차중,안전운전불이행,건조,맑음,교차로 - 교차로부근,화물,남,46세,상해없음,승합,남,29세,경상
2013081800100272,2013년 8월 18일 15시,일요일,경상북도 문경시 모전동,부상신고사고,0,0,0,1,차대차 - 기타,안전운전불이행,건조,맑음,기타 - 기타,승용,남,35세,상해없음,승용,여,61세,부상신고
2013081800100292,2013년 8월 18일 16시,일요일,경상북도 문경시 점촌동,중상사고,0,3,1,0,차대차 - 측면직각충돌,직진우회전진행방해,건조,맑음,교차로 - 교차로안,승용,여,52세,중상,승용,남,47세,경상
2013081800100293,2013년 8월 18일 16시,일요일,경상북도 구미시 지산동,경상사고,0,0,1,0,차대차 - 기타,직진우회전진행방해,건조,맑음,교차로 - 교차로안,승용,여,43세,상해없음,승용,남,35세,경상
2013081800100345,2013년 8월 18일 18시,일요일,경상북도 포항시 북구 두호동,경상사고,0,0,2,0,차대차 - 추돌 - 주정차중,안전거리미확보,건조,맑음,교차로 - 교차로부근,승용,남,33세,상해없음,승용,남,33세,경상
2013081800100369,2013년 8월 18일 19시,일요일,경상북도 상주시 서문동,중상사고,0,1,0,0,차대사람 - 기타,신호위반,건조,맑음,단일로 - 횡단보도상,이륜,남,19세,상해없음,보행자,여,65세,중상
2013081800100370,2013년 8월 18일 19시,일요일,경상북도 구미시 도량동,중상사고,0,2,0,0,차대차 - 측면직각충돌,안전운전불이행,건조,맑음,교차로 - 교차로부근,승용,남,53세,상해없음,승용,여,55세,중상
2013081800100391,2013년 8월 18일 20시,일요일,경상북도 안동시 풍산읍,경상사고,0,0,1,0,차대차 - 측면직각충돌,교차로운행방법위반,건조,맑음,교차로 - 교차로안,자전거,남,52세,경상,승합,여,46세,상해없음
2013081800100426,2013년 8월 18일 21시,일요일,경상북도 경산시 압량면,경상사고,0,0,1,0,차대차 - 기타,안전운전불이행,기타,기타,교차로 - 교차로부근,승합,남,59세,상해없음,승용,남,51세,경상
2013081800100464,2013년 8월 18일 23시,일요일,경상북도 영주시 가흥동,경상사고,0,0,3,0,차대차 - 측면직각충돌,안전운전불이행,건조,맑음,교차로 - 교차로안,승용,남,57세,상해없음,승용,남,50세,경상
2013081900100033,2013년 8월 19일 02시,월요일,경상북도 구미시 원평동,경상사고,0,0,1,0,차대차 - 측면직각충돌,안전운전불이행,건조,맑음,교차로 - 교차로부근,승용,남,22세,상해없음,승용,남,26세,경상
2013081900100055,2013년 8월 19일 05시,월요일,경상북도 경주시 양북면,경상사고,0,0,1,0,차대차 - 기타,안전운전불이행,건조,맑음,교차로 - 교차로부근,화물,남,51세,상해없음,원동기,남,50세,경상
2013081900100086,2013년 8월 19일 07시,월요일,경상북도 김천시 성내동,중상사고,0,1,0,0,차대사람 - 기타,보행자보호의무위반,건조,맑음,단일로 - 횡단보도상,승용,남,62세,상해없음,보행자,여,70세,중상
2013081900100087,2013년 8월 19일 07시,월요일,경상북도 상주시 공성면,중상사고,0,1,0,0,차대차 - 기타,안전거리미확보,건조,맑음,단일로 - 기타,화물,남,78세,상해없음,원동기,여,71세,중상
2013081900100088,2013년 8월 19일 07시,월요일,경상북도 영천시 고경면,중상사고,0,1,1,0,차대차 - 기타,교차로운행방법위반,건조,맑음,교차로 - 교차로안,화물,남,71세,경상,승용,남,31세,중상
2013081900100089,2013년 8월 19일 07시,월요일,경상북도 영덕군 축산면,중상사고,0,1,2,0,차대차 - 측면직각충돌,교차로운행방법위반,건조,맑음,교차로 - 교차로안,화물,남,69세,경상,화물,남,56세,경상
2013081900100090,2013년 8월 19일 07시,월요일,경상북도 포항시 남구 상도동,중상사고,0,1,0,0,차대사람 - 기타,안전운전불이행,건조,맑음,단일로 - 기타,승용,남,60세,상해없음,보행자,남,51세,중상
2013081900100129,2013년 8월 19일 08시,월요일,경상북도 안동시 운안동,경상사고,0,0,1,0,차대차 - 추돌 - 진행중,안전운전불이행,건조,맑음,단일로 - 기타,승용,남,43세,상해없음,승용,남,62세,경상
2013081900100166,2013년 8월 19일 09시,월요일,경상북도 포항시 북구 장성동,경상사고,0,0,1,0,차대차 - 기타,안전거리미확보,건조,맑음,교차로 - 교차로안,승용,여,36세,상해없음,승용,남,46세,경상
2013081900100167,2013년 8월 19일 09시,월요일,경상북도 안동시 남부동,중상사고,0,1,1,0,차대차 - 기타,안전운전불이행,건조,맑음,단일로 - 기타,승용,여,37세,경상,승용,남,46세,중상
2013081900100168,2013년 8월 19일 09시,월요일,경상북도 고령군 고령읍,중상사고,0,1,1,0,차대차 - 측면직각충돌,직진우회전진행방해,건조,맑음,교차로 - 교차로안,화물,여,47세,상해없음,이륜,남,64세,중상
2013081900100200,2013년 8월 19일 10시,월요일,경상북도 영천시 문외동,경상사고,0,0,2,0,차대차 - 측면직각충돌,안전운전불이행,건조,맑음,교차로 - 교차로안,승용,남,40세,경상,승용,여,44세,경상
2013081900100201,2013년 8월 19일 10시,월요일,경상북도 포항시 남구 오천읍,경상사고,0,0,1,0,차대차 - 추돌 - 주정차중,안전운전불이행,건조,맑음,단일로 - 기타,승용,남,59세,경상,승용,남,60세,기타불명
2013081900100230,2013년 8월 19일 11시,월요일,경상북도 안동시 옥야동,경상사고,0,0,1,0,차대차 - 추돌 - 주정차중,안전운전불이행,건조,맑음,교차로 - 교차로부근,화물,남,65세,상해없음,원동기,남,42세,경상
2013081900100255,2013년 8월 19일 12시,월요일,경상북도 안동시 와룡면,중상사고,0,1,1,0,차대차 - 측면직각충돌,직진우회전진행방해,건조,맑음,단일로 - 기타,화물,남,63세,상해없음,승용,남,23세,중상
2013081900100256,2013년 8월 19일 12시,월요일,경상북도 영천시 신령면,경상사고,0,0,3,0,차대차 - 기타,안전운전불이행,건조,맑음,기타 - 기타,승용,남,27세,경상,화물,여,51세,상해없음
2013081900100257,2013년 8월 19일 12시,월요일,경상북도 성주군 선남면,경상사고,0,0,1,0,차대차 - 측면직각충돌,안전운전불이행,건조,맑음,단일로 - 기타,승용,여,49세,경상,승용,남,52세,상해없음
2013081900100286,2013년 8월 19일 13시,월요일,경상북도 안동시 옥동,경상사고,0,0,1,0,차대차 - 측면직각충돌,직진우회전진행방해,건조,맑음,교차로 - 교차로안,원동기,남,56세,경상,승합,남,52세,상해없음
2013081900100287,2013년 8월 19일 13시,월요일,경상북도 울진군 평해읍,중상사고,0,2,1,0,차대차 - 추돌 - 주정차중,안전운전불이행,건조,맑음,단일로 - 기타,승용,여,55세,중상,승용,남,35세,경상
2013081900100334,2013년 8월 19일 14시,월요일,경상북도 경주시 보문동,경상사고,0,0,1,0,차대차 - 기타,안전운전불이행,건조,맑음,단일로 - 기타,원동기,남,19세,상해없음,화물,남,44세,상해없음
2013081900100335,2013년 8월 19일 14시,월요일,경상북도 청도군 청도읍,중상사고,0,1,0,0,차대차 - 추돌 - 진행중,안전거리미확보,건조,맑음,교차로 - 교차로부근,원동기,남,71세,중상,화물,남,51세,상해없음
2013081900100364,2013년 8월 19일 15시,월요일,경상북도 문경시 동로면,경상사고,0,0,3,0,차대차 - 정면충돌,중앙선침범,건조,맑음,단일로 - 기타,승합,남,49세,경상,승용,남,42세,경상
2013081900100394,2013년 8월 19일 16시,월요일,경상북도 봉화군 법전면,부상신고사고,0,0,0,1,차대차 - 측면직각충돌,중앙선침범,습기,비,교차로 - 교차로부근,이륜,남,67세,부상신고,화물,남,33세,상해없음
2013081900100395,2013년 8월 19일 16시,월요일,경상북도 구미시 옥계동,중상사고,0,1,0,0,차대사람 - 기타,안전운전불이행,건조,맑음,단일로 - 기타,승용,남,31세,상해없음,보행자,남,11세,중상
2013081900100428,2013년 8월 19일 17시,월요일,경상북도 경주시 용강동,중상사고,0,1,0,0,차대차 - 측면직각충돌,안전운전불이행,건조,맑음,단일로 - 기타,화물,남,40세,상해없음,자전거,남,80세,중상
2013081900100429,2013년 8월 19일 17시,월요일,경상북도 칠곡군 왜관읍,경상사고,0,0,1,0,차대사람 - 기타,안전운전불이행,건조,맑음,단일로 - 기타,기타불명,기타불명,기타불명,기타불명,보행자,여,15세,경상
2013081900100430,2013년 8월 19일 17시,월요일,경상북도 구미시 지산동,경상사고,0,0,4,0,차대차 - 추돌 - 주정차중,안전운전불이행,건조,맑음,단일로 - 기타,승용,여,49세,상해없음,승용,여,48세,경상
2013081900100471,2013년 8월 19일 18시,월요일,경상북도 칠곡군 지천면,경상사고,0,0,1,0,차대차 - 기타,교차로운행방법위반,건조,맑음,교차로 - 교차로안,승합,남,44세,상해없음,원동기,남,40세,경상
2013081900100472,2013년 8월 19일 18시,월요일,경상북도 포항시 남구 인덕동,중상사고,0,1,0,0,차대차 - 기타,직진우회전진행방해,건조,맑음,교차로 - 교차로안,이륜,남,58세,중상,화물,남,63세,상해없음
2013081900100512,2013년 8월 19일 19시,월요일,경상북도 포항시 북구 장성동,중상사고,0,1,0,0,차대사람 - 횡단중,안전운전불이행,건조,맑음,교차로 - 교차로부근,승용,남,41세,상해없음,보행자,남,50세,중상
2013081900100513,2013년 8월 19일 19시,월요일,경상북도 영주시 가흥동,중상사고,0,1,0,0,차대차 - 측면직각충돌,안전운전불이행,건조,맑음,단일로 - 기타,승용,여,37세,상해없음,원동기,남,18세,중상
2013081900100514,2013년 8월 19일 19시,월요일,경상북도 영천시 임고면,경상사고,0,0,1,1,차대차 - 측면직각충돌,중앙선침범,건조,맑음,단일로 - 기타,농기계,남,76세,부상신고,승용,여,32세,경상
2013081900100515,2013년 8월 19일 19시,월요일,경상북도 예천군 예천읍,중상사고,0,1,0,0,차대차 - 기타,안전운전불이행,건조,맑음,기타 - 기타,이륜,남,64세,중상,화물,남,64세,상해없음
2013081900100516,2013년 8월 19일 19시,월요일,경상북도 청송군 현동면,중상사고,0,1,0,0,차대차 - 추돌 - 진행중,안전운전불이행,건조,맑음,단일로 - 기타,승용,남,52세,상해없음,농기계,남,59세,중상
2013081900100517,2013년 8월 19일 19시,월요일,경상북도 포항시 남구 지곡동,경상사고,0,0,2,0,차대차 - 기타,중앙선침범,건조,맑음,교차로 - 교차로부근,승용,여,47세,상해없음,승용,남,54세,경상
2013081900100561,2013년 8월 19일 20시,월요일,경상북도 포항시 북구 동빈1가,경상사고,0,0,2,0,차대차 - 정면충돌,중앙선침범,건조,흐림,단일로 - 기타,승용,여,65세,상해없음,승용,여,34세,경상
2013081900100562,2013년 8월 19일 20시,월요일,경상북도 포항시 남구 이동,경상사고,0,0,3,0,차대차 - 기타,안전운전불이행,건조,맑음,단일로 - 기타,이륜,남,15세,상해없음,승용,남,26세,경상