사고번호,사고일시,요일,시군구,사고내용,사망자수,중상자수,경상자수,부상신고자수,사고유형,법규위반,노면상태,기상상태,도로형태,가해운전자 차종,가해운전자 성별,가해운전자 연령,가해운전자 상해정도,피해운전자 차종,피해운전자 성별,피해운전자 연령,피해운전자 상해정도
2013081900100598,2013년 8월 19일 21시,월요일,경상북도 예천군 유천면,중상사고,0,1,0,0,차대사람 - 기타,안전운전불이행,건조,흐림,교차로 - 교차로안,화물,여,58세,상해없음,보행자,남,50세,중상
2013081900100599,2013년 8월 19일 21시,월요일,경상북도 구미시 선산읍,중상사고,0,1,0,0,차대차 - 기타,직진우회전진행방해,건조,맑음,교차로 - 교차로안,승용,남,42세,상해없음,이륜,여,64세,중상
2013081900100600,2013년 8월 19일 21시,월요일,경상북도 포항시 남구 해도동,경상사고,0,0,1,0,차대차 - 기타,안전운전불이행,습기,비,교차로 - 교차로부근,승용,남,30세,상해없음,승용,남,44세,상해없음
2013081900100601,2013년 8월 19일 21시,월요일,경상북도 포항시 남구 동해면,중상사고,0,1,0,0,차대사람 - 기타,안전운전불이행,건조,맑음,단일로 - 기타,기타불명,기타불명,기타불명,기타불명,보행자,여,53세,중상
2013081900100625,2013년 8월 19일 22시,월요일,경상북도 구미시 진평동,경상사고,0,0,1,0,차대차 - 기타,안전운전불이행,건조,맑음,교차로 - 교차로안,승용,남,30세,상해없음,승용,남,30세,경상
2013082000100028,2013년 8월 20일 01시,화요일,경상북도 김천시 대광동,사망사고,1,0,0,0,차대사람 - 기타,보행자보호의무위반,건조,맑음,교차로 - 교차로안,승용,남,52세,상해없음,보행자,남,70세,사망
2013082000100037,2013년 8월 20일 02시,화요일,경상북도 김천시 아포읍,사망사고,1,0,0,0,차량단독 - 전도전복,안전운전불이행,건조,맑음,단일로 - 기타,승용,남,26세,사망,,,,
2013082000100056,2013년 8월 20일 05시,화요일,경상북도 포항시 북구 청하면,중상사고,0,2,1,0,차대차 - 기타,중앙선침범,건조,맑음,단일로 - 기타,승용,남,72세,경상,승용,여,58세,중상
2013082000100064,2013년 8월 20일 06시,화요일,경상북도 포항시 남구 청림동,경상사고,0,0,1,1,차대차 - 측면직각충돌,안전운전불이행,건조,맑음,교차로 - 교차로부근,승용,남,51세,상해없음,승합,남,46세,상해없음
2013082000100088,2013년 8월 20일 07시,화요일,경상북도 영천시 북안면,중상사고,0,1,0,0,차대차 - 측면직각충돌,안전운전불이행,건조,맑음,단일로 - 기타,승용,여,53세,상해없음,화물,남,60세,상해없음
2013082000100116,2013년 8월 20일 08시,화요일,경상북도 경주시 용강동,중상사고,0,1,0,0,차대차 - 기타,안전운전불이행,건조,맑음,교차로 - 교차로부근,화물,남,51세,상해없음,승용,여,33세,중상
2013082000100117,2013년 8월 20일 08시,화요일,경상북도 상주시 서성동,중상사고,0,1,0,0,차대차 - 기타,안전운전불이행,건조,맑음,교차로 - 교차로부근,승용,남,58세,상해없음,자전거,여,69세,중상
2013082000100118,2013년 8월 20일 08시,화요일,경상북도 의성군 의성읍,중상사고,0,1,0,0,차대차 - 측면직각충돌,안전운전불이행,건조,맑음,교차로 - 교차로부근,승용,남,70세,상해없음,원동기,여,52세,중상
2013082000100119,2013년 8월 20일 08시,화요일,경상북도 구미시 원평동,중상사고,0,2,0,0,차대차 - 기타,신호위반,건조,맑음,교차로 - 교차로부근,이륜,남,30세,중상,승용,남,66세,중상
2013082000100143,2013년 8월 20일 09시,화요일,경상북도 경주시 안강읍,경상사고,0,0,2,0,차대차 - 기타,안전운전불이행,건조,맑음,교차로 - 교차로부근,승용,여,48세,상해없음,원동기,남,77세,경상
2013082000100145,2013년 8월 20일 09시,화요일,경상북도 구미시 원평동,경상사고,0,0,1,0,차대차 - 기타,교차로운행방법위반,건조,맑음,교차로 - 교차로안,승용,남,29세,상해없음,승용,남,25세,경상
2013082000100175,2013년 8월 20일 10시,화요일,경상북도 경주시 황오동,경상사고,0,0,3,1,차대차 - 기타,안전운전불이행,건조,맑음,단일로 - 기타,승용,남,54세,상해없음,승용,남,62세,부상신고
2013082000100176,2013년 8월 20일 10시,화요일,경상북도 영주시 가흥동,경상사고,0,0,4,0,차대차 - 추돌 - 진행중,안전운전불이행,건조,맑음,교차로 - 교차로안,화물,여,48세,경상,이륜,남,53세,경상
2013082000100177,2013년 8월 20일 10시,화요일,경상북도 성주군 성주읍,중상사고,0,1,0,0,차대차 - 측면직각충돌,안전운전불이행,건조,맑음,교차로 - 교차로안,승용,여,52세,상해없음,자전거,여,68세,중상
2013082000100215,2013년 8월 20일 11시,화요일,경상북도 경주시 성건동,중상사고,0,1,0,0,차대차 - 기타,안전운전불이행,건조,맑음,단일로 - 기타,승용,여,26세,상해없음,자전거,남,81세,중상
2013082000100216,2013년 8월 20일 11시,화요일,경상북도 포항시 북구 대신동,중상사고,0,1,0,0,차대차 - 측면직각충돌,차로위반,건조,맑음,단일로 - 기타,승용,여,44세,상해없음,원동기,남,47세,중상
2013082000100217,2013년 8월 20일 11시,화요일,경상북도 상주시 남성동,중상사고,0,1,0,0,차대차 - 기타,안전운전불이행,건조,맑음,단일로 - 기타,화물,남,42세,상해없음,자전거,남,62세,중상
2013082000100218,2013년 8월 20일 11시,화요일,경상북도 포항시 남구 상도동,중상사고,0,1,0,0,차대차 - 측면직각충돌,안전운전불이행,건조,맑음,단일로 - 기타,화물,남,26세,상해없음,자전거,여,69세,중상
2013082000100264,2013년 8월 20일 13시,화요일,경상북도 포항시 북구 죽도동,경상사고,0,0,2,0,차대차 - 측면직각충돌,안전거리미확보,건조,맑음,단일로 - 기타,승용,여,31세,상해없음,승용,남,30세,경상
2013082000100308,2013년 8월 20일 14시,화요일,경상북도 경주시 사정동,중상사고,0,1,0,0,차대차 - 기타,안전운전불이행,건조,맑음,단일로 - 기타,특수,남,36세,상해없음,승용,여,49세,중상
2013082000100309,2013년 8월 20일 14시,화요일,경상북도 영주시 가흥동,중상사고,0,1,0,0,차대사람 - 기타,보행자보호의무위반,건조,맑음,교차로 - 교차로부근,화물,남,31세,상해없음,보행자,여,54세,중상
2013082000100310,2013년 8월 20일 14시,화요일,경상북도 영천시 완산동,경상사고,0,0,5,0,차대차 - 측면직각충돌,교차로운행방법위반,건조,맑음,교차로 - 교차로안,승용,남,32세,경상,승용,여,54세,경상
2013082000100343,2013년 8월 20일 15시,화요일,경상북도 상주시 남성동,중상사고,0,1,0,0,차대차 - 기타,중앙선침범,건조,맑음,단일로 - 기타,자전거,남,14세,중상,승용,여,48세,상해없음
2013082000100345,2013년 8월 20일 15시,화요일,경상북도 경산시 정평동,중상사고,0,1,1,0,차대차 - 기타,안전운전불이행,건조,맑음,교차로 - 교차로부근,승용,여,27세,상해없음,자전거,남,14세,중상
2013082000100379,2013년 8월 20일 16시,화요일,경상북도 경주시 배동,경상사고,0,0,1,0,차대차 - 기타,안전운전불이행,건조,맑음,단일로 - 기타,승용,여,29세,상해없음,원동기,남,53세,경상
2013082000100380,2013년 8월 20일 16시,화요일,경상북도 경주시 천군동,중상사고,0,2,0,1,차량단독 - 전도전복,안전운전불이행,건조,맑음,기타 - 기타,승용,남,33세,부상신고,,,,
2013082000100381,2013년 8월 20일 16시,화요일,경상북도 포항시 북구 장성동,경상사고,0,0,1,0,차대차 - 기타,안전운전불이행,건조,맑음,단일로 - 기타,화물,남,40세,상해없음,자전거,남,32세,경상
2013082000100423,2013년 8월 20일 17시,화요일,경상북도 경주시 성동동,중상사고,0,1,0,0,차대사람 - 기타,안전운전불이행,건조,맑음,단일로 - 기타,화물,남,70세,상해없음,보행자,여,67세,중상
2013082000100424,2013년 8월 20일 17시,화요일,경상북도 영주시 가흥동,중상사고,0,1,1,0,차대차 - 기타,안전운전불이행,건조,맑음,교차로 - 교차로안,승용,여,53세,중상,승용,여,49세,경상
2013082000100463,2013년 8월 20일 18시,화요일,경상북도 경주시 충효동,중상사고,0,1,0,0,차대차 - 측면직각충돌,안전운전불이행,건조,흐림,교차로 - 교차로안,원동기,남,18세,중상,승용,남,33세,상해없음
2013082000100464,2013년 8월 20일 18시,화요일,경상북도 영덕군 영해면,사망사고,1,0,0,0,차대차 - 정면충돌,중앙선침범,건조,맑음,단일로 - 기타,이륜,남,70세,사망,화물,여,45세,상해없음
2013082000100465,2013년 8월 20일 18시,화요일,경상북도 포항시 남구 청림동,경상사고,0,0,1,0,차대차 - 측면직각충돌,안전운전불이행,건조,맑음,교차로 - 교차로부근,승용,남,64세,상해없음,원동기,남,18세,경상
2013082000100466,2013년 8월 20일 18시,화요일,경상북도 포항시 남구 대송면,경상사고,0,0,1,0,차대차 - 측면직각충돌,신호위반,건조,맑음,교차로 - 교차로안,승용,여,50세,상해없음,승용,남,30세,경상
2013082000100496,2013년 8월 20일 19시,화요일,경상북도 안동시 옥야동,중상사고,0,1,0,0,차대사람 - 기타,안전운전불이행,건조,맑음,단일로 - 기타,승합,남,41세,상해없음,보행자,여,79세,중상
2013082000100497,2013년 8월 20일 19시,화요일,경상북도 영주시 영주동,경상사고,0,0,3,0,차대차 - 추돌 - 주정차중,안전운전불이행,건조,맑음,단일로 - 기타,승용,남,15세,상해없음,승용,여,38세,경상
2013082000100498,2013년 8월 20일 19시,화요일,경상북도 칠곡군 왜관읍,경상사고,0,0,1,0,차대차 - 기타,교차로운행방법위반,건조,맑음,교차로 - 교차로안,승용,남,38세,상해없음,자전거,남,64세,경상
2013082000100527,2013년 8월 20일 20시,화요일,경상북도 김천시 신음동,경상사고,0,0,2,0,차대차 - 측면직각충돌,교차로운행방법위반,건조,맑음,교차로 - 교차로안,화물,남,49세,상해없음,승용,여,32세,경상
2013082000100528,2013년 8월 20일 20시,화요일,경상북도 김천시 평화동,중상사고,0,1,0,0,차대차 - 측면직각충돌,안전운전불이행,건조,맑음,교차로 - 교차로안,승용,남,61세,상해없음,자전거,여,70세,중상
2013082000100529,2013년 8월 20일 20시,화요일,경상북도 상주시 서문동,중상사고,0,1,0,0,차대차 - 기타,안전운전불이행,건조,맑음,교차로 - 교차로안,자전거,남,62세,중상,승용,남,27세,상해없음
2013082000100530,2013년 8월 20일 20시,화요일,경상북도 경산시 옥곡동,경상사고,0,0,1,0,차대사람 - 기타,안전운전불이행,습기,비,교차로 - 교차로안,원동기,남,19세,상해없음,보행자,남,25세,경상
2013082000100531,2013년 8월 20일 20시,화요일,경상북도 구미시 송정동,중상사고,0,1,0,0,차대차 - 기타,안전운전불이행,건조,맑음,단일로 - 기타,승용,남,51세,상해없음,이륜,남,51세,중상
2013082000100532,2013년 8월 20일 20시,화요일,경상북도 구미시 도량동,중상사고,0,1,0,0,차대차 - 기타,직진우회전진행방해,건조,맑음,교차로 - 교차로안,이륜,남,36세,상해없음,승용,남,31세,중상
2013082000100560,2013년 8월 20일 21시,화요일,경상북도 경산시 하양읍,경상사고,0,0,1,0,차대차 - 기타,안전운전불이행,건조,맑음,교차로 - 교차로부근,승용,남,48세,상해없음,승용,남,67세,상해없음
2013082000100593,2013년 8월 20일 22시,화요일,경상북도 경주시 천북면,중상사고,0,1,0,0,차량단독 - 도로외이탈 - 기타,안전운전불이행,습기,비,단일로 - 기타,승용,여,30세,중상,,,,
2013082000100594,2013년 8월 20일 22시,화요일,경상북도 영주시 풍기읍,중상사고,0,1,0,0,차량단독 - 기타,안전운전불이행,건조,맑음,교차로 - 교차로부근,승용,남,58세,상해없음,,,,
2013082000100595,2013년 8월 20일 22시,화요일,경상북도 포항시 남구 효자동,경상사고,0,0,3,0,차대차 - 측면직각충돌,안전운전불이행,습기,비,단일로 - 기타,화물,남,47세,상해없음,승용,남,33세,경상
2013082000100596,2013년 8월 20일 22시,화요일,경상북도 포항시 남구 대송면,경상사고,0,0,1,0,차대차 - 기타,안전운전불이행,습기,비,단일로 - 기타,승용,남,26세,경상,화물,남,42세,기타불명
2013082000100627,2013년 8월 20일 23시,화요일,경상북도 구미시 신평동,경상사고,0,0,2,0,차대차 - 추돌 - 주정차중,안전운전불이행,건조,맑음,교차로 - 교차로부근,승용,남,40세,상해없음,승용,남,27세,경상
2013082100100012,2013년 8월 21일 00시,수요일,경상북도 경산시 백천동,경상사고,0,0,1,0,차대차 - 기타,안전운전불이행,건조,맑음,단일로 - 기타,승용,여,37세,상해없음,자전거,여,46세,경상
2013082100100013,2013년 8월 21일 00시,수요일,경상북도 경산시 점촌동,경상사고,0,0,2,0,차대차 - 기타,교차로운행방법위반,습기,비,교차로 - 교차로안,승용,남,53세,상해없음,승용,남,32세,경상
2013082100100029,2013년 8월 21일 01시,수요일,경상북도 포항시 북구 상원동,중상사고,0,1,0,0,차대사람 - 기타,안전운전불이행,습기,비,단일로 - 횡단보도상,기타불명,기타불명,기타불명,기타불명,보행자,남,57세,중상
2013082100100030,2013년 8월 21일 01시,수요일,경상북도 안동시 정하동,중상사고,0,1,1,0,차대차 - 기타,안전운전불이행,건조,맑음,교차로 - 교차로부근,승용,남,35세,상해없음,승용,여,50세,경상
2013082100100111,2013년 8월 21일 07시,수요일,경상북도 구미시 비산동,중상사고,0,1,0,0,차대차 - 기타,안전거리미확보,건조,맑음,단일로 - 기타,승용,남,30세,상해없음,승용,남,58세,중상
2013082100100146,2013년 8월 21일 08시,수요일,경상북도 경주시 천북면,경상사고,0,0,1,1,차대차 - 기타,안전운전불이행,건조,맑음,단일로 - 기타,화물,남,56세,부상신고,화물,남,59세,경상
2013082100100147,2013년 8월 21일 08시,수요일,경상북도 김천시 대광동,경상사고,0,0,1,0,차대차 - 측면직각충돌,안전거리미확보,건조,맑음,교차로 - 교차로부근,승용,여,54세,상해없음,승용,남,54세,경상
2013082100100148,2013년 8월 21일 08시,수요일,경상북도 김천시 아포읍,경상사고,0,0,1,0,차대차 - 측면직각충돌,안전운전불이행,건조,맑음,단일로 - 기타,농기계,남,65세,상해없음,승합,여,44세,경상
2013082100100178,2013년 8월 21일 09시,수요일,경상북도 경주시 광명동,중상사고,0,2,0,0,차대차 - 기타,안전운전불이행,건조,맑음,단일로 - 기타,화물,남,45세,상해없음,승용,여,46세,중상
2013082100100179,2013년 8월 21일 09시,수요일,경상북도 포항시 북구 청하면,경상사고,0,0,1,0,차대차 - 측면직각충돌,안전운전불이행,건조,맑음,단일로 - 기타,승용,여,48세,상해없음,화물,남,35세,경상
2013082100100180,2013년 8월 21일 09시,수요일,경상북도 구미시 송정동,경상사고,0,0,1,0,차대사람 - 기타,보행자보호의무위반,건조,맑음,단일로 - 횡단보도상,승용,여,45세,상해없음,보행자,여,11세,경상
2013082100100181,2013년 8월 21일 09시,수요일,경상북도 구미시 임수동,경상사고,0,0,1,0,차대차 - 기타,안전운전불이행,습기,흐림,단일로 - 기타,화물,남,55세,상해없음,화물,남,27세,상해없음
2013082100100209,2013년 8월 21일 10시,수요일,경상북도 구미시 송정동,경상사고,0,0,1,0,차대차 - 측면직각충돌,안전운전불이행,건조,맑음,교차로 - 교차로안,특수,남,38세,상해없음,승용,여,33세,경상
2013082100100210,2013년 8월 21일 10시,수요일,경상북도 포항시 남구 연일읍,경상사고,0,0,1,0,차대차 - 측면직각충돌,신호위반,건조,맑음,교차로 - 교차로안,화물,남,53세,상해없음,승용,여,47세,경상
2013082100100241,2013년 8월 21일 11시,수요일,경상북도 상주시 남성동,중상사고,0,1,0,0,차대사람 - 기타,보행자보호의무위반,건조,맑음,단일로 - 횡단보도상,이륜,남,70세,상해없음,보행자,여,19세,중상
2013082100100266,2013년 8월 21일 12시,수요일,경상북도 경주시 황성동,부상신고사고,0,0,0,1,차량단독 - 기타,안전운전불이행,습기,비,단일로 - 기타,승용,남,64세,부상신고,,,,
2013082100100267,2013년 8월 21일 12시,수요일,경상북도 영주시 풍기읍,중상사고,0,1,0,0,차대차 - 정면충돌,중앙선침범,건조,맑음,단일로 - 기타,원동기,여,71세,중상,승용,남,23세,상해없음
2013082100100298,2013년 8월 21일 13시,수요일,경상북도 포항시 북구 상원동,중상사고,0,2,2,0,차대차 - 기타,신호위반,건조,맑음,교차로 - 교차로안,승용,여,49세,상해없음,승용,남,50세,경상
2013082100100299,2013년 8월 21일 13시,수요일,경상북도 구미시 송정동,경상사고,0,0,2,0,차대사람 - 기타,안전운전불이행,건조,맑음,단일로 - 기타,승용,여,47세,상해없음,보행자,남,7세,경상
2013082100100332,2013년 8월 21일 14시,수요일,경상북도 안동시 운흥동,경상사고,0,0,1,0,차대차 - 측면직각충돌,안전거리미확보,건조,맑음,기타 - 기타,승용,남,54세,상해없음,승합,남,42세,경상
2013082100100333,2013년 8월 21일 14시,수요일,경상북도 영천시 청통면,경상사고,0,0,1,0,차대차 - 기타,중앙선침범,건조,맑음,단일로 - 기타,승용,남,65세,상해없음,화물,남,33세,경상
2013082100100334,2013년 8월 21일 14시,수요일,경상북도 구미시 공단동,경상사고,0,0,1,0,차대차 - 측면직각충돌,안전운전불이행,건조,맑음,교차로 - 교차로부근,화물,남,54세,상해없음,승용,남,46세,경상
2013082100100372,2013년 8월 21일 15시,수요일,경상북도 봉화군 봉성면,경상사고,0,0,2,0,차대차 - 측면직각충돌,안전거리미확보,건조,맑음,단일로 - 기타,화물,남,63세,경상,화물,남,40세,경상
2013082100100396,2013년 8월 21일 16시,수요일,경상북도 포항시 북구 학잠동,중상사고,0,1,0,0,차량단독 - 공작물충돌,안전운전불이행,건조,맑음,교차로 - 교차로부근,원동기,남,56세,중상,,,,
2013082100100397,2013년 8월 21일 16시,수요일,경상북도 군위군 효령면,경상사고,0,0,1,1,차대차 - 기타,안전운전불이행,건조,맑음,교차로 - 교차로안,승용,남,80세,부상신고,승용,여,40세,경상
2013082100100398,2013년 8월 21일 16시,수요일,경상북도 구미시 옥계동,중상사고,0,1,0,0,차대차 - 기타,불법유턴,건조,맑음,교차로 - 교차로부근,승용,여,35세,상해없음,화물,남,46세,중상
2013082100100434,2013년 8월 21일 17시,수요일,경상북도 경주시 용강동,경상사고,0,0,1,0,차대차 - 기타,안전운전불이행,습기,비,단일로 - 기타,승용,남,22세,경상,화물,남,51세,상해없음
2013082100100435,2013년 8월 21일 17시,수요일,경상북도 울진군 서면,중상사고,0,1,0,0,차량단독 - 전도전복,안전운전불이행,습기,비,단일로 - 기타,화물,남,30세,상해없음,,,,
2013082100100436,2013년 8월 21일 17시,수요일,경상북도 영양군 영양읍,경상사고,0,0,1,0,차대사람 - 길가장자리구역통행중,안전운전불이행,건조,맑음,단일로 - 기타,승용,여,53세,상해없음,보행자,남,14세,경상
2013082100100437,2013년 8월 21일 17시,수요일,경상북도 포항시 남구 장흥동,중상사고,0,1,0,0,차대차 - 기타,안전운전불이행,건조,맑음,교차로 - 교차로안,화물,남,57세,상해없음,승용,남,29세,중상
2013082100100438,2013년 8월 21일 17시,수요일,경상북도 포항시 남구 오천읍,경상사고,0,0,1,0,차대차 - 기타,안전운전불이행,건조,맑음,교차로 - 교차로부근,화물,남,69세,상해없음,승용,남,50세,경상
2013082100100476,2013년 8월 21일 18시,수요일,경상북도 경주시 동천동,경상사고,0,0,2,1,차대차 - 기타,안전운전불이행,건조,맑음,교차로 - 교차로안,승용,남,56세,부상신고,승용,남,55세,경상
2013082100100501,2013년 8월 21일 19시,수요일,경상북도 포항시 북구 환호동,경상사고,0,0,1,0,차대사람 - 횡단중,안전운전불이행,건조,맑음,단일로 - 기타,승용,남,71세,상해없음,보행자,남,8세,경상
2013082100100530,2013년 8월 21일 20시,수요일,경상북도 포항시 북구 죽도동,경상사고,0,0,1,0,차대차 - 측면직각충돌,신호위반,건조,맑음,교차로 - 교차로안,승용,남,33세,상해없음,승용,여,55세,경상
2013082100100553,2013년 8월 21일 21시,수요일,경상북도 경주시 율동,부상신고사고,0,0,0,1,차량단독 - 기타,안전운전불이행,건조,맑음,단일로 - 기타,이륜,남,47세,부상신고,,,,
2013082100100554,2013년 8월 21일 21시,수요일,경상북도 포항시 남구 해도동,경상사고,0,0,3,0,차대차 - 추돌 - 진행중,안전운전불이행,건조,맑음,교차로 - 교차로부근,승용,남,56세,상해없음,승용,여,57세,경상
2013082100100586,2013년 8월 21일 22시,수요일,경상북도 청도군 풍각면,중상사고,0,1,0,0,차대차 - 측면직각충돌,중앙선침범,건조,맑음,단일로 - 교량,화물,여,42세,상해없음,승용,여,45세,중상
2013082100100587,2013년 8월 21일 22시,수요일,경상북도 구미시 봉곡동,중상사고,0,2,0,0,차대차 - 기타,안전운전불이행,건조,맑음,교차로 - 교차로부근,승용,남,39세,상해없음,승용,남,30세,중상
2013082100100609,2013년 8월 21일 23시,수요일,경상북도 포항시 북구 덕수동,중상사고,0,1,0,0,차량단독 - 전도전복,안전운전불이행,건조,맑음,교차로 - 교차로안,원동기,남,21세,상해없음,,,,
2013082100100610,2013년 8월 21일 23시,수요일,경상북도 고령군 우곡면,중상사고,0,1,0,0,차대차 - 측면직각충돌,안전운전불이행,건조,맑음,단일로 - 기타,승용,남,42세,상해없음,이륜,남,64세,중상
2013082200100015,2013년 8월 22일 00시,목요일,경상북도 경산시 옥산동,경상사고,0,0,1,0,차대사람 - 기타,안전운전불이행,건조,맑음,교차로 - 교차로부근,기타불명,기타불명,기타불명,기타불명,보행자,남,48세,경상
2013082200100127,2013년 8월 22일 08시,목요일,경상북도 경산시 압량면,경상사고,0,0,1,0,차대차 - 측면직각충돌,안전운전불이행,건조,맑음,교차로 - 교차로안,화물,남,57세,상해없음,승용,여,43세,경상
2013082200100160,2013년 8월 22일 09시,목요일,경상북도 영천시 고경면,중상사고,0,1,0,0,차량단독 - 전도전복,안전운전불이행,기타,비,기타 - 기타,이륜,여,74세,중상,,,,
2013082200100161,2013년 8월 22일 09시,목요일,경상북도 영천시 고경면,중상사고,0,1,0,0,차대사람 - 기타,안전운전불이행,건조,맑음,단일로 - 기타,이륜,여,35세,상해없음,보행자,여,55세,중상
2013082200100188,2013년 8월 22일 10시,목요일,경상북도 영천시 조교동,경상사고,0,0,3,0,차대차 - 추돌 - 진행중,안전운전불이행,건조,맑음,단일로 - 기타,승합,남,90세 이상,상해없음,승용,남,90세 이상,경상
2013082200100189,2013년 8월 22일 10시,목요일,경상북도 울진군 평해읍,사망사고,1,0,0,0,차대사람 - 기타,안전운전불이행,건조,맑음,단일로 - 기타,화물,남,64세,상해없음,보행자,여,58세,사망
2013082200100190,2013년 8월 22일 10시,목요일,경상북도 김천시 아포읍,경상사고,0,0,3,0,차대차 - 추돌 - 진행중,안전운전불이행,건조,맑음,단일로 - 기타,승용,남,53세,상해없음,승용,여,46세,경상
2013082200100219,2013년 8월 22일 11시,목요일,경상북도 경주시 외동읍,중상사고,0,1,0,0,차대차 - 기타,안전운전불이행,습기,비,단일로 - 기타,화물,남,50세,상해없음,원동기,남,45세,중상
2013082200100247,2013년 8월 22일 12시,목요일,경상북도 예천군 예천읍,경상사고,0,0,2,0,차대차 - 측면직각충돌,안전운전불이행,건조,맑음,교차로 - 교차로안,승용,남,27세,상해없음,승용,여,37세,경상
2013082200100269,2013년 8월 22일 13시,목요일,경상북도 청도군 매전면,중상사고,0,1,0,0,차대차 - 측면직각충돌,안전운전불이행,건조,맑음,단일로 - 기타,승용,여,57세,상해없음,원동기,남,76세,중상
2013082200100305,2013년 8월 22일 14시,목요일,경상북도 포항시 북구 창포동,경상사고,0,0,2,0,차대차 - 측면직각충돌,안전거리미확보,건조,맑음,단일로 - 기타,승용,남,44세,상해없음,승용,여,44세,경상
2013082200100306,2013년 8월 22일 14시,목요일,경상북도 포항시 북구 중앙동,중상사고,0,1,0,0,차대사람 - 횡단중,안전운전불이행,건조,맑음,단일로 - 기타,승용,여,58세,상해없음,보행자,여,25세,중상
2013082200100307,2013년 8월 22일 14시,목요일,경상북도 영주시 가흥동,중상사고,0,1,0,0,차대차 - 측면직각충돌,교차로운행방법위반,건조,맑음,교차로 - 교차로안,승용,여,52세,상해없음,이륜,남,69세,중상
2013082200100308,2013년 8월 22일 14시,목요일,경상북도 영천시 완산동,경상사고,0,0,1,0,차대사람 - 횡단중,보행자보호의무위반,건조,맑음,단일로 - 횡단보도상,화물,남,46세,상해없음,보행자,여,60세,경상
2013082200100335,2013년 8월 22일 15시,목요일,경상북도 경주시 산내면,중상사고,0,1,1,0,차대차 - 기타,안전운전불이행,건조,맑음,단일로 - 기타,원동기,남,67세,중상,승용,남,41세,경상
2013082200100336,2013년 8월 22일 15시,목요일,경상북도 예천군 지보면,중상사고,0,1,0,0,차량단독 - 공작물충돌,안전운전불이행,습기,비,단일로 - 기타,화물,남,34세,중상,,,,
2013082200100362,2013년 8월 22일 16시,목요일,경상북도 포항시 북구 장성동,중상사고,0,1,0,0,차대차 - 기타,차로위반,건조,맑음,단일로 - 기타,승용,남,41세,상해없음,원동기,남,45세,중상
2013082200100395,2013년 8월 22일 17시,목요일,경상북도 경주시 신평동,경상사고,0,0,1,0,차대사람 - 횡단중,보행자보호의무위반,건조,맑음,교차로 - 교차로안,화물,남,50세,상해없음,보행자,남,64세,경상
2013082200100429,2013년 8월 22일 18시,목요일,경상북도 포항시 북구 용흥동,경상사고,0,0,1,0,차대차 - 기타,안전운전불이행,건조,맑음,교차로 - 교차로부근,승용,남,22세,상해없음,자전거,남,17세,경상
2013082200100430,2013년 8월 22일 18시,목요일,경상북도 김천시 감호동,경상사고,0,0,1,0,차대차 - 측면직각충돌,교차로운행방법위반,건조,흐림,교차로 - 교차로안,승용,남,32세,상해없음,이륜,남,16세,경상
2013082200100431,2013년 8월 22일 18시,목요일,경상북도 구미시 상모동,중상사고,0,1,0,0,차량단독 - 기타,안전운전불이행,습기,비,교차로 - 교차로부근,이륜,남,18세,중상,,,,
2013082200100471,2013년 8월 22일 19시,목요일,경상북도 김천시 성내동,경상사고,0,0,1,0,차대차 - 측면직각충돌,안전운전불이행,건조,맑음,단일로 - 기타,승용,남,34세,상해없음,자전거,남,26세,경상
2013082200100472,2013년 8월 22일 19시,목요일,경상북도 경산시 삼북동,경상사고,0,0,1,0,차대차 - 기타,안전거리미확보,습기,비,단일로 - 기타,승용,남,63세,상해없음,원동기,남,17세,경상
2013082200100510,2013년 8월 22일 20시,목요일,경상북도 경주시 안강읍,경상사고,0,0,2,0,차대차 - 기타,안전운전불이행,습기,비,교차로 - 교차로안,승용,남,49세,상해없음,승용,여,38세,경상
2013082200100511,2013년 8월 22일 20시,목요일,경상북도 상주시 서문동,중상사고,0,1,0,0,차대차 - 기타,중앙선침범,습기,비,단일로 - 기타,승용,여,43세,상해없음,자전거,남,14세,중상
2013082200100512,2013년 8월 22일 20시,목요일,경상북도 포항시 남구 연일읍,중상사고,0,1,0,0,차대사람 - 기타,안전운전불이행,건조,흐림,교차로 - 교차로안,승용,남,49세,상해없음,보행자,남,72세,중상
2013082200100548,2013년 8월 22일 21시,목요일,경상북도 경주시 양남면,경상사고,0,0,1,0,차대사람 - 기타,안전운전불이행,건조,맑음,단일로 - 기타,승용,남,48세,상해없음,보행자,남,48세,경상
2013082200100549,2013년 8월 22일 21시,목요일,경상북도 경주시 외동읍,중상사고,0,1,0,0,차대차 - 기타,안전운전불이행,건조,맑음,교차로 - 교차로안,승용,남,63세,중상,승용,남,33세,상해없음
2013082200100550,2013년 8월 22일 21시,목요일,경상북도 안동시 옥동,경상사고,0,0,1,0,차량단독 - 기타,안전운전불이행,건조,맑음,단일로 - 기타,원동기,남,17세,경상,,,,
2013082200100551,2013년 8월 22일 21시,목요일,경상북도 영천시 문외동,경상사고,0,0,1,0,차대차 - 기타,중앙선침범,습기,비,교차로 - 교차로부근,승용,기타불명,기타불명,기타불명,승용,여,33세,경상
2013082200100552,2013년 8월 22일 21시,목요일,경상북도 예천군 예천읍,중상사고,0,3,0,0,차대차 - 추돌 - 주정차중,안전운전불이행,습기,비,교차로 - 교차로부근,승용,남,55세,상해없음,화물,여,40세,중상