사고번호,사고일시,요일,시군구,사고내용,사망자수,중상자수,경상자수,부상신고자수,사고유형,법규위반,노면상태,기상상태,도로형태,가해운전자 차종,가해운전자 성별,가해운전자 연령,가해운전자 상해정도,피해운전자 차종,피해운전자 성별,피해운전자 연령,피해운전자 상해정도
2013083100100182,2013년 8월 31일 09시,토요일,경상북도 상주시 계산동,중상사고,0,1,1,0,차대차 - 기타,안전운전불이행,건조,맑음,교차로 - 교차로안,승용,여,28세,상해없음,승용,남,77세,경상
2013083100100183,2013년 8월 31일 09시,토요일,경상북도 영주시 장수면,중상사고,0,4,4,0,차대차 - 추돌 - 진행중,안전운전불이행,건조,맑음,단일로 - 기타,승용,남,71세,경상,승용,남,57세,상해없음
2013083100100206,2013년 8월 31일 10시,토요일,경상북도 경주시 용강동,중상사고,0,1,0,0,차대차 - 기타,안전운전불이행,건조,맑음,교차로 - 교차로안,승용,남,63세,상해없음,승용,여,49세,중상
2013083100100207,2013년 8월 31일 10시,토요일,경상북도 경주시 천북면,중상사고,0,1,0,0,차대차 - 기타,안전운전불이행,건조,맑음,단일로 - 기타,특수,남,43세,상해없음,승용,남,56세,중상
2013083100100208,2013년 8월 31일 10시,토요일,경상북도 의성군 다인면,경상사고,0,0,2,0,차대차 - 추돌 - 주정차중,안전운전불이행,건조,맑음,단일로 - 기타,건설기계,남,55세,상해없음,승용,남,47세,상해없음
2013083100100209,2013년 8월 31일 10시,토요일,경상북도 고령군 운수면,경상사고,0,0,1,0,차대차 - 추돌 - 주정차중,안전운전불이행,건조,맑음,단일로 - 기타,승합,남,43세,상해없음,승용,여,36세,경상
2013083100100210,2013년 8월 31일 10시,토요일,경상북도 경산시 와촌면,경상사고,0,0,1,0,차대차 - 추돌 - 진행중,안전운전불이행,건조,맑음,단일로 - 기타,화물,남,70세,상해없음,화물,남,60세,경상
2013083100100235,2013년 8월 31일 11시,토요일,경상북도 안동시 풍천면,경상사고,0,0,1,1,차대차 - 기타,안전운전불이행,건조,맑음,단일로 - 기타,화물,남,54세,부상신고,특수,남,37세,경상
2013083100100237,2013년 8월 31일 11시,토요일,경상북도 영주시 영주동,중상사고,0,1,2,0,차대차 - 측면직각충돌,직진우회전진행방해,건조,맑음,교차로 - 교차로안,승용,여,40세,경상,화물,여,56세,중상
2013083100100270,2013년 8월 31일 12시,토요일,경상북도 경주시 구황동,경상사고,0,0,3,0,차대차 - 추돌 - 주정차중,안전운전불이행,건조,맑음,단일로 - 기타,승용,남,25세,상해없음,승용,남,28세,경상
2013083100100271,2013년 8월 31일 12시,토요일,경상북도 포항시 북구 두호동,중상사고,0,1,0,0,차대차 - 기타,중앙선침범,건조,맑음,단일로 - 기타,승용,남,28세,상해없음,원동기,남,50세,중상
2013083100100272,2013년 8월 31일 12시,토요일,경상북도 경산시 와촌면,사망사고,1,0,0,0,차량단독 - 전도전복,안전운전불이행,건조,맑음,단일로 - 기타,화물,남,57세,사망,,,,
2013083100100273,2013년 8월 31일 12시,토요일,경상북도 경산시 하양읍,경상사고,0,0,1,0,차대차 - 기타,교차로운행방법위반,건조,맑음,교차로 - 교차로안,특수,남,47세,상해없음,화물,남,56세,경상
2013083100100274,2013년 8월 31일 12시,토요일,경상북도 구미시 광평동,경상사고,0,0,2,0,차대차 - 추돌 - 주정차중,안전운전불이행,건조,맑음,단일로 - 기타,이륜,남,24세,상해없음,승용,여,44세,경상
2013083100100275,2013년 8월 31일 12시,토요일,경상북도 구미시 선산읍,중상사고,0,1,0,0,차대차 - 측면직각충돌,교차로운행방법위반,건조,맑음,교차로 - 교차로안,화물,남,57세,상해없음,이륜,남,25세,중상
2013083100100302,2013년 8월 31일 13시,토요일,경상북도 포항시 북구 창포동,중상사고,0,1,0,0,차대사람 - 기타,안전운전불이행,건조,맑음,단일로 - 기타,승용,여,41세,상해없음,보행자,남,72세,중상
2013083100100303,2013년 8월 31일 13시,토요일,경상북도 포항시 북구 흥해읍,경상사고,0,0,2,0,차대차 - 기타,안전운전불이행,건조,맑음,단일로 - 기타,승용,여,59세,상해없음,승용,남,52세,경상
2013083100100304,2013년 8월 31일 13시,토요일,경상북도 안동시 용상동,부상신고사고,0,0,0,2,차대차 - 기타,중앙선침범,건조,맑음,기타 - 기타,승용,남,55세,상해없음,승용,남,31세,부상신고
2013083100100305,2013년 8월 31일 13시,토요일,경상북도 안동시 송현동,경상사고,0,0,3,0,차대차 - 기타,신호위반,건조,맑음,교차로 - 교차로안,승합,남,47세,상해없음,승용,남,59세,경상
2013083100100306,2013년 8월 31일 13시,토요일,경상북도 상주시 이안면,중상사고,0,1,0,0,차대차 - 기타,중앙선침범,건조,맑음,단일로 - 기타,승용,남,68세,상해없음,화물,남,53세,상해없음
2013083100100307,2013년 8월 31일 13시,토요일,경상북도 영주시 하망동,경상사고,0,0,4,0,차대차 - 측면직각충돌,안전운전불이행,건조,맑음,교차로 - 교차로부근,승용,남,35세,경상,승용,남,21세,경상
2013083100100308,2013년 8월 31일 13시,토요일,경상북도 영덕군 지품면,경상사고,0,0,1,0,차대차 - 측면직각충돌,중앙선침범,건조,맑음,단일로 - 기타,이륜,남,53세,경상,승용,남,63세,상해없음
2013083100100335,2013년 8월 31일 14시,토요일,경상북도 경주시 강동면,경상사고,0,0,1,0,차대사람 - 기타,안전운전불이행,건조,맑음,단일로 - 기타,승용,남,32세,기타불명,보행자,남,56세,경상
2013083100100336,2013년 8월 31일 14시,토요일,경상북도 상주시 중동면,중상사고,0,1,0,0,차대차 - 기타,안전운전불이행,건조,맑음,단일로 - 기타,원동기,남,60세,중상,화물,남,52세,상해없음
2013083100100337,2013년 8월 31일 14시,토요일,경상북도 의성군 금성면,경상사고,0,0,2,0,차대차 - 측면직각충돌,신호위반,건조,맑음,교차로 - 교차로안,승용,남,59세,상해없음,승용,남,36세,경상
2013083100100338,2013년 8월 31일 14시,토요일,경상북도 칠곡군 북삼읍,경상사고,0,0,1,0,차대차 - 측면직각충돌,직진우회전진행방해,건조,맑음,교차로 - 교차로안,승용,여,33세,경상,화물,남,52세,상해없음
2013083100100339,2013년 8월 31일 14시,토요일,경상북도 포항시 남구 구룡포읍,경상사고,0,0,1,0,차대차 - 측면직각충돌,안전운전불이행,건조,맑음,단일로 - 기타,승용,남,51세,상해없음,승합,남,60세,경상
2013083100100376,2013년 8월 31일 15시,토요일,경상북도 구미시 진평동,중상사고,0,1,0,0,차대차 - 측면직각충돌,교차로운행방법위반,건조,맑음,교차로 - 교차로안,승용,남,25세,상해없음,이륜,남,22세,중상
2013083100100377,2013년 8월 31일 15시,토요일,경상북도 구미시 원평동,중상사고,0,1,0,0,차대사람 - 횡단중,안전운전불이행,건조,맑음,단일로 - 횡단보도부근,승용,남,44세,상해없음,보행자,여,49세,중상
2013083100100420,2013년 8월 31일 16시,토요일,경상북도 경주시 천군동,중상사고,0,2,1,0,차대차 - 기타,신호위반,건조,맑음,교차로 - 교차로안,승용,여,34세,중상,승용,남,22세,경상
2013083100100453,2013년 8월 31일 17시,토요일,경상북도 안동시 송현동,경상사고,0,0,1,0,차대차 - 기타,신호위반,건조,맑음,교차로 - 교차로안,승용,남,26세,상해없음,승용,남,53세,상해없음
2013083100100454,2013년 8월 31일 17시,토요일,경상북도 안동시 안막동,경상사고,0,0,1,0,차대차 - 기타,안전운전불이행,건조,맑음,교차로 - 교차로부근,승용,남,35세,상해없음,화물,남,44세,경상
2013083100100455,2013년 8월 31일 17시,토요일,경상북도 울진군 죽변면,경상사고,0,0,1,0,차대차 - 기타,안전운전불이행,건조,맑음,단일로 - 기타,승용,여,39세,상해없음,원동기,남,47세,경상
2013083100100482,2013년 8월 31일 18시,토요일,경상북도 칠곡군 왜관읍,경상사고,0,0,1,0,차대사람 - 횡단중,보행자보호의무위반,건조,맑음,교차로 - 교차로안,승용,남,59세,상해없음,보행자,여,16세,경상
2013083100100515,2013년 8월 31일 19시,토요일,경상북도 경주시 성건동,경상사고,0,0,1,1,차대차 - 추돌 - 주정차중,안전운전불이행,건조,맑음,단일로 - 교량,화물,남,50세,상해없음,승용,남,45세,부상신고
2013083100100516,2013년 8월 31일 19시,토요일,경상북도 경주시 양남면,경상사고,0,0,1,0,차대사람 - 기타,안전운전불이행,건조,맑음,기타 - 기타,화물,남,26세,상해없음,보행자,남,49세,경상
2013083100100517,2013년 8월 31일 19시,토요일,경상북도 포항시 북구 기계면,중상사고,0,1,0,0,차대사람 - 횡단중,안전운전불이행,건조,맑음,단일로 - 기타,기타불명,기타불명,기타불명,기타불명,보행자,남,55세,중상
2013083100100518,2013년 8월 31일 19시,토요일,경상북도 안동시 녹전면,중상사고,0,1,1,0,차대차 - 기타,중앙선침범,건조,맑음,기타 - 기타,승용,남,52세,상해없음,이륜,남,43세,중상
2013083100100519,2013년 8월 31일 19시,토요일,경상북도 칠곡군 석적읍,경상사고,0,0,1,1,차대차 - 측면직각충돌,교차로운행방법위반,건조,맑음,교차로 - 교차로안,승용,남,30세,부상신고,승용,여,39세,상해없음
2013083100100520,2013년 8월 31일 19시,토요일,경상북도 고령군 고령읍,경상사고,0,0,2,0,차대차 - 측면직각충돌,차로위반,건조,맑음,교차로 - 교차로안,승용,남,33세,경상,승용,남,57세,상해없음
2013083100100548,2013년 8월 31일 20시,토요일,경상북도 영주시 영주동,중상사고,0,1,0,0,차대차 - 추돌 - 진행중,안전운전불이행,습기,비,단일로 - 기타,이륜,남,17세,상해없음,이륜,남,58세,중상
2013083100100549,2013년 8월 31일 20시,토요일,경상북도 구미시 형곡동,중상사고,0,1,0,0,차대차 - 측면직각충돌,안전운전불이행,건조,맑음,단일로 - 기타,승용,여,51세,상해없음,이륜,남,19세,중상
2013083100100550,2013년 8월 31일 20시,토요일,경상북도 구미시 선산읍,중상사고,0,1,0,0,차대차 - 측면직각충돌,교차로운행방법위반,건조,맑음,교차로 - 교차로안,화물,남,41세,상해없음,자전거,남,70세,중상
2013083100100615,2013년 8월 31일 22시,토요일,경상북도 포항시 북구 두호동,경상사고,0,0,1,0,차대차 - 추돌 - 주정차중,안전운전불이행,건조,흐림,단일로 - 기타,승용,여,37세,상해없음,승용,남,26세,경상
2013083100100616,2013년 8월 31일 22시,토요일,경상북도 울진군 온정면,경상사고,0,0,1,0,차량단독 - 공작물충돌,안전운전불이행,건조,맑음,교차로 - 교차로부근,화물,남,47세,상해없음,,,,
2013083100100617,2013년 8월 31일 22시,토요일,경상북도 구미시 봉곡동,중상사고,0,1,0,0,차대차 - 추돌 - 주정차중,안전운전불이행,건조,맑음,교차로 - 교차로부근,승용,남,44세,상해없음,승용,남,59세,중상
2013083100100618,2013년 8월 31일 22시,토요일,경상북도 구미시 인의동,중상사고,0,1,0,0,차대차 - 측면직각충돌,중앙선침범,건조,맑음,단일로 - 기타,이륜,남,40세,중상,승용,남,34세,상해없음
2013083100100638,2013년 8월 31일 23시,토요일,경상북도 경산시 중산동,중상사고,0,1,0,0,차대사람 - 기타,보행자보호의무위반,건조,맑음,교차로 - 교차로부근,승용,여,44세,상해없음,보행자,남,16세,중상
2013083100100639,2013년 8월 31일 23시,토요일,경상북도 구미시 인의동,중상사고,0,1,0,0,차대사람 - 기타,안전운전불이행,건조,흐림,교차로 - 교차로부근,승용,남,40세,상해없음,보행자,남,27세,중상
2013090100100017,2013년 9월 1일 00시,일요일,경상북도 안동시 신안동,경상사고,0,0,1,0,차대사람 - 기타,안전운전불이행,건조,맑음,단일로 - 횡단보도부근,승용,남,28세,상해없음,보행자,남,42세,경상
2013090100100018,2013년 9월 1일 00시,일요일,경상북도 의성군 금성면,중상사고,0,1,0,0,차대사람 - 횡단중,안전운전불이행,건조,맑음,단일로 - 기타,승용,남,48세,상해없음,보행자,남,29세,중상
2013090100100083,2013년 9월 1일 05시,일요일,경상북도 청송군 진보면,경상사고,0,0,2,0,차대차 - 기타,직진우회전진행방해,건조,맑음,교차로 - 교차로안,화물,남,56세,상해없음,승합,남,50세,경상
2013090100100096,2013년 9월 1일 06시,일요일,경상북도 영주시 가흥동,경상사고,0,0,1,0,차대차 - 기타,안전운전불이행,건조,맑음,단일로 - 기타,승용,여,54세,상해없음,자전거,남,25세,경상
2013090100100109,2013년 9월 1일 07시,일요일,경상북도 상주시 성하동,경상사고,0,0,1,0,차대차 - 기타,안전운전불이행,건조,맑음,단일로 - 기타,승용,여,43세,상해없음,자전거,여,62세,경상
2013090100100118,2013년 9월 1일 08시,일요일,경상북도 봉화군 봉성면,경상사고,0,0,1,0,차대차 - 정면충돌,교차로운행방법위반,건조,맑음,교차로 - 교차로안,이륜,여,61세,경상,승용,남,44세,상해없음
2013090100100119,2013년 9월 1일 08시,일요일,경상북도 구미시 진평동,중상사고,0,1,1,0,차대차 - 측면직각충돌,신호위반,건조,맑음,교차로 - 교차로안,승용,남,50세,중상,승용,남,34세,경상
2013090100100137,2013년 9월 1일 09시,일요일,경상북도 칠곡군 동명면,중상사고,0,1,0,1,차대차 - 추돌 - 진행중,안전운전불이행,건조,맑음,단일로 - 기타,승용,남,31세,상해없음,승용,남,30세,중상
2013090100100164,2013년 9월 1일 10시,일요일,경상북도 경산시 하양읍,경상사고,0,0,1,0,차대차 - 기타,안전운전불이행,건조,맑음,교차로 - 교차로부근,승용,남,19세,상해없음,승용,여,56세,경상
2013090100100188,2013년 9월 1일 11시,일요일,경상북도 포항시 북구 죽도동,중상사고,0,1,3,0,차대차 - 기타,안전거리미확보,건조,맑음,단일로 - 기타,화물,남,65세,상해없음,승용,여,61세,경상
2013090100100189,2013년 9월 1일 11시,일요일,경상북도 안동시 안기동,중상사고,0,1,0,0,차대차 - 기타,직진우회전진행방해,건조,맑음,교차로 - 교차로안,승용,남,65세,상해없음,승용,남,29세,상해없음
2013090100100190,2013년 9월 1일 11시,일요일,경상북도 영주시 영주동,경상사고,0,0,1,0,차대차 - 측면직각충돌,안전운전불이행,건조,맑음,단일로 - 기타,화물,남,58세,상해없음,승합,남,44세,경상
2013090100100214,2013년 9월 1일 12시,일요일,경상북도 울진군 울진읍,경상사고,0,0,1,0,차대차 - 추돌 - 진행중,안전운전불이행,건조,맑음,교차로 - 교차로안,승용,남,64세,상해없음,승용,남,37세,경상
2013090100100239,2013년 9월 1일 13시,일요일,경상북도 경주시 양남면,중상사고,0,1,1,0,차대차 - 기타,안전운전불이행,건조,맑음,교차로 - 교차로안,승용,남,53세,상해없음,승용,남,64세,중상
2013090100100240,2013년 9월 1일 13시,일요일,경상북도 경주시 양남면,중상사고,0,4,1,0,차대차 - 기타,중앙선침범,건조,맑음,단일로 - 기타,승용,남,68세,중상,승합,남,40세,중상
2013090100100241,2013년 9월 1일 13시,일요일,경상북도 상주시 서문동,경상사고,0,0,1,0,차대차 - 추돌 - 진행중,안전운전불이행,건조,맑음,교차로 - 교차로부근,승용,남,67세,상해없음,승용,남,58세,경상
2013090100100242,2013년 9월 1일 13시,일요일,경상북도 칠곡군 가산면,경상사고,0,0,2,0,차대차 - 측면직각충돌,안전운전불이행,건조,맑음,단일로 - 기타,승용,여,49세,경상,승용,남,32세,경상
2013090100100243,2013년 9월 1일 13시,일요일,경상북도 영천시 고경면,경상사고,0,0,2,3,차대차 - 추돌 - 진행중,안전거리미확보,건조,흐림,교차로 - 교차로부근,승용,여,50세,부상신고,승용,남,72세,경상
2013090100100244,2013년 9월 1일 13시,일요일,경상북도 성주군 초전면,중상사고,0,2,0,0,차대차 - 측면직각충돌,직진우회전진행방해,기타,맑음,교차로 - 교차로안,승용,남,54세,상해없음,승용,남,54세,상해없음
2013090100100266,2013년 9월 1일 14시,일요일,경상북도 문경시 흥덕동,중상사고,0,1,0,0,차대차 - 측면직각충돌,안전운전불이행,건조,맑음,교차로 - 교차로안,원동기,여,68세,중상,승용,남,57세,상해없음
2013090100100267,2013년 9월 1일 14시,일요일,경상북도 울진군 북면,경상사고,0,0,1,0,차대차 - 기타,안전운전불이행,건조,맑음,교차로 - 교차로부근,승용,남,38세,상해없음,이륜,여,73세,경상
2013090100100268,2013년 9월 1일 14시,일요일,경상북도 포항시 남구 오천읍,경상사고,0,0,1,0,차대차 - 측면직각충돌,안전거리미확보,건조,맑음,교차로 - 교차로안,승합,남,72세,상해없음,자전거,여,14세,경상
2013090100100269,2013년 9월 1일 14시,일요일,경상북도 칠곡군 동명면,중상사고,0,2,1,0,차대차 - 추돌 - 진행중,안전운전불이행,건조,맑음,단일로 - 터널,승용,남,25세,상해없음,승용,남,49세,중상
2013090100100298,2013년 9월 1일 15시,일요일,경상북도 안동시 와룡면,중상사고,0,1,1,0,차대차 - 기타,안전운전불이행,건조,맑음,교차로 - 교차로안,승용,남,61세,상해없음,화물,남,70세,상해없음
2013090100100322,2013년 9월 1일 16시,일요일,경상북도 경주시 용강동,경상사고,0,0,1,0,차대차 - 기타,안전운전불이행,건조,맑음,교차로 - 교차로안,승용,여,49세,상해없음,승용,여,35세,상해없음
2013090100100323,2013년 9월 1일 16시,일요일,경상북도 경주시 감포읍,중상사고,0,3,0,0,차대차 - 정면충돌,중앙선침범,건조,맑음,단일로 - 기타,승용,남,32세,상해없음,승용,남,47세,중상
2013090100100324,2013년 9월 1일 16시,일요일,경상북도 상주시 남성동,중상사고,0,1,1,0,차대차 - 기타,안전운전불이행,건조,맑음,단일로 - 기타,승용,남,48세,상해없음,승용,남,51세,상해없음
2013090100100325,2013년 9월 1일 16시,일요일,경상북도 칠곡군 가산면,경상사고,0,0,1,0,차대차 - 측면직각충돌,안전운전불이행,건조,맑음,교차로 - 교차로안,승용,남,37세,상해없음,이륜,남,46세,경상
2013090100100326,2013년 9월 1일 16시,일요일,경상북도 경산시 옥산동,중상사고,0,1,0,0,차대차 - 기타,안전운전불이행,건조,맑음,교차로 - 교차로안,승용,여,36세,상해없음,원동기,남,71세,중상
2013090100100327,2013년 9월 1일 16시,일요일,경상북도 청도군 금천면,중상사고,0,1,1,0,차대차 - 측면직각충돌,교차로운행방법위반,건조,맑음,교차로 - 교차로안,승용,남,58세,경상,승용,여,58세,중상
2013090100100350,2013년 9월 1일 17시,일요일,경상북도 구미시 송정동,부상신고사고,0,0,0,1,차대차 - 기타,신호위반,건조,맑음,교차로 - 교차로안,원동기,여,18세,부상신고,승용,여,39세,상해없음
2013090100100381,2013년 9월 1일 18시,일요일,경상북도 경주시 동부동,경상사고,0,0,1,0,차량단독 - 기타,기타,건조,맑음,단일로 - 기타,승합,남,51세,상해없음,,,,
2013090100100382,2013년 9월 1일 18시,일요일,경상북도 경주시 성건동,중상사고,0,2,1,0,차대차 - 기타,안전운전불이행,건조,맑음,단일로 - 기타,승용,남,60세,상해없음,승용,남,62세,경상
2013090100100383,2013년 9월 1일 18시,일요일,경상북도 울진군 근남면,중상사고,0,1,0,0,차대차 - 기타,안전운전불이행,건조,맑음,교차로 - 교차로안,승용,남,40세,상해없음,농기계,남,82세,중상
2013090100100408,2013년 9월 1일 19시,일요일,경상북도 경주시 양북면,경상사고,0,0,2,0,차대차 - 기타,안전운전불이행,건조,맑음,교차로 - 교차로안,화물,남,73세,상해없음,승용,여,40세,경상
2013090100100409,2013년 9월 1일 19시,일요일,경상북도 경산시 남천면,경상사고,0,0,1,0,차대차 - 측면직각충돌,안전거리미확보,건조,맑음,단일로 - 기타,승용,남,24세,상해없음,승용,남,44세,경상
2013090100100431,2013년 9월 1일 20시,일요일,경상북도 문경시 문경읍,중상사고,0,4,0,0,차대차 - 추돌 - 진행중,안전거리미확보,건조,맑음,단일로 - 기타,승용,여,25세,중상,승용,남,30세,상해없음
2013090100100456,2013년 9월 1일 21시,일요일,경상북도 구미시 인의동,경상사고,0,0,2,0,차대차 - 기타,안전운전불이행,건조,맑음,단일로 - 기타,승용,남,26세,상해없음,승용,남,41세,경상
2013090100100471,2013년 9월 1일 22시,일요일,경상북도 영천시 금호읍,중상사고,0,1,0,0,차대차 - 기타,신호위반,건조,맑음,교차로 - 교차로안,기타불명,기타불명,기타불명,기타불명,승용,남,27세,중상
2013090100100472,2013년 9월 1일 22시,일요일,경상북도 포항시 남구 동해면,경상사고,0,0,1,0,차대차 - 측면직각충돌,신호위반,건조,맑음,교차로 - 교차로안,승용,여,25세,상해없음,승용,남,61세,경상
2013090200100056,2013년 9월 2일 06시,월요일,경상북도 영주시 하망동,중상사고,0,2,3,0,차대차 - 측면직각충돌,교차로운행방법위반,건조,맑음,교차로 - 교차로안,승용,남,54세,상해없음,화물,남,50세,경상
2013090200100090,2013년 9월 2일 07시,월요일,경상북도 안동시 옥야동,경상사고,0,0,1,0,차대사람 - 기타,안전운전불이행,건조,맑음,단일로 - 기타,승용,남,64세,상해없음,보행자,남,78세,경상
2013090200100091,2013년 9월 2일 07시,월요일,경상북도 경산시 하양읍,경상사고,0,0,1,0,차대차 - 기타,직진우회전진행방해,건조,맑음,교차로 - 교차로안,자전거,남,17세,경상,승용,남,50세,상해없음
2013090200100134,2013년 9월 2일 08시,월요일,경상북도 경주시 구황동,중상사고,0,1,1,0,차대차 - 기타,안전운전불이행,건조,맑음,단일로 - 기타,승용,남,56세,상해없음,승용,여,39세,중상
2013090200100135,2013년 9월 2일 08시,월요일,경상북도 의성군 의성읍,경상사고,0,0,2,0,차대차 - 측면직각충돌,교차로운행방법위반,건조,맑음,교차로 - 교차로안,승용,여,43세,상해없음,원동기,남,17세,경상
2013090200100136,2013년 9월 2일 08시,월요일,경상북도 영천시 신령면,중상사고,0,1,1,0,차대차 - 추돌 - 진행중,안전운전불이행,건조,맑음,단일로 - 기타,승합,여,52세,상해없음,농기계,남,71세,중상
2013090200100168,2013년 9월 2일 09시,월요일,경상북도 의성군 의성읍,경상사고,0,0,1,0,차대차 - 측면직각충돌,직진우회전진행방해,건조,맑음,교차로 - 교차로안,승용,여,55세,상해없음,원동기,남,77세,경상
2013090200100169,2013년 9월 2일 09시,월요일,경상북도 영주시 휴천동,경상사고,0,0,1,0,차대차 - 추돌 - 진행중,교차로운행방법위반,건조,맑음,교차로 - 교차로안,승용,여,44세,상해없음,농기계,남,75세,경상
2013090200100170,2013년 9월 2일 09시,월요일,경상북도 문경시 점촌동,경상사고,0,0,1,0,차대차 - 측면직각충돌,중앙선침범,건조,맑음,교차로 - 교차로부근,원동기,여,66세,경상,승용,여,35세,상해없음
2013090200100171,2013년 9월 2일 09시,월요일,경상북도 울진군 북면,경상사고,0,0,2,1,차대차 - 기타,안전운전불이행,건조,맑음,교차로 - 교차로안,승합,여,34세,부상신고,승용,여,41세,경상
2013090200100172,2013년 9월 2일 09시,월요일,경상북도 포항시 남구 이동,경상사고,0,0,1,0,차대차 - 측면직각충돌,안전운전불이행,건조,맑음,교차로 - 교차로안,승용,여,35세,상해없음,승용,남,56세,상해없음
2013090200100173,2013년 9월 2일 09시,월요일,경상북도 포항시 남구 장기면,경상사고,0,0,3,0,차대차 - 측면직각충돌,직진우회전진행방해,건조,맑음,교차로 - 교차로안,승용,여,45세,경상,승용,남,58세,경상
2013090200100201,2013년 9월 2일 10시,월요일,경상북도 포항시 북구 덕산동,중상사고,0,1,0,0,차대차 - 측면직각충돌,교차로운행방법위반,건조,맑음,교차로 - 교차로안,승용,남,61세,상해없음,원동기,남,58세,중상
2013090200100202,2013년 9월 2일 10시,월요일,경상북도 구미시 선산읍,중상사고,0,1,1,0,차대차 - 기타,안전운전불이행,건조,맑음,교차로 - 교차로안,화물,남,67세,상해없음,승용,남,38세,경상
2013090200100203,2013년 9월 2일 10시,월요일,경상북도 포항시 남구 상도동,경상사고,0,0,1,0,차대사람 - 기타,안전운전불이행,건조,맑음,단일로 - 기타,승용,여,49세,상해없음,보행자,여,57세,경상
2013090200100226,2013년 9월 2일 11시,월요일,경상북도 구미시 고아읍,중상사고,0,1,0,0,차대차 - 기타,안전운전불이행,건조,맑음,교차로 - 교차로안,승용,여,22세,상해없음,원동기,남,75세,중상
2013090200100227,2013년 9월 2일 11시,월요일,경상북도 포항시 남구 동해면,중상사고,0,1,0,0,차대사람 - 기타,안전운전불이행,건조,맑음,교차로 - 교차로안,승용,여,32세,상해없음,보행자,여,84세,중상
2013090200100268,2013년 9월 2일 12시,월요일,경상북도 포항시 북구 흥해읍,중상사고,0,1,0,0,차대사람 - 차도통행중,안전운전불이행,건조,맑음,단일로 - 기타,승용,여,53세,상해없음,보행자,여,60세,중상
2013090200100269,2013년 9월 2일 12시,월요일,경상북도 포항시 북구 죽장면,경상사고,0,0,1,0,차대차 - 기타,중앙선침범,건조,맑음,교차로 - 교차로부근,기타불명,기타불명,기타불명,기타불명,자전거,여,55세,경상
2013090200100270,2013년 9월 2일 12시,월요일,경상북도 안동시 길안면,중상사고,0,1,0,0,차대사람 - 기타,안전운전불이행,건조,맑음,단일로 - 기타,화물,남,59세,상해없음,보행자,여,70세,중상
2013090200100271,2013년 9월 2일 12시,월요일,경상북도 경산시 중방동,중상사고,0,1,0,0,차대차 - 기타,안전운전불이행,건조,맑음,교차로 - 교차로안,승용,남,37세,상해없음,원동기,남,40세,중상
2013090200100272,2013년 9월 2일 12시,월요일,경상북도 경산시 자인면,경상사고,0,0,1,0,차대사람 - 기타,보행자보호의무위반,건조,맑음,단일로 - 횡단보도상,승용,남,53세,상해없음,보행자,남,7세,경상
2013090200100323,2013년 9월 2일 14시,월요일,경상북도 김천시 신음동,경상사고,0,0,1,0,차대사람 - 기타,안전운전불이행,기타,맑음,기타 - 기타,승용,여,26세,상해없음,보행자,여,27세,경상
2013090200100324,2013년 9월 2일 14시,월요일,경상북도 경산시 계양동,중상사고,0,1,0,0,차대사람 - 기타,안전운전불이행,건조,맑음,교차로 - 교차로안,승용,여,26세,상해없음,보행자,여,10세,중상
2013090200100325,2013년 9월 2일 14시,월요일,경상북도 경산시 임당동,중상사고,0,1,0,0,차대차 - 기타,안전운전불이행,건조,맑음,교차로 - 교차로안,화물,남,51세,상해없음,자전거,남,41세,중상
2013090200100365,2013년 9월 2일 15시,월요일,경상북도 포항시 북구 흥해읍,경상사고,0,0,1,0,차대차 - 기타,교차로운행방법위반,건조,맑음,교차로 - 교차로안,화물,남,32세,상해없음,원동기,남,71세,경상
2013090200100366,2013년 9월 2일 15시,월요일,경상북도 칠곡군 동명면,중상사고,0,1,2,0,차대차 - 기타,중앙선침범,건조,맑음,단일로 - 기타,화물,남,64세,경상,승용,남,34세,중상
2013090200100367,2013년 9월 2일 15시,월요일,경상북도 영덕군 남정면,중상사고,0,1,0,0,차대차 - 측면직각충돌,차로위반,건조,맑음,단일로 - 기타,이륜,남,73세,중상,승용,여,31세,상해없음
2013090200100368,2013년 9월 2일 15시,월요일,경상북도 봉화군 석포면,부상신고사고,0,0,0,1,차량단독 - 기타,안전운전불이행,기타,맑음,단일로 - 기타,원동기,남,63세,부상신고,,,,
2013090200100403,2013년 9월 2일 16시,월요일,경상북도 영천시 완산동,경상사고,0,0,1,0,차대차 - 기타,교차로운행방법위반,건조,맑음,교차로 - 교차로안,화물,여,58세,상해없음,승용,여,44세,경상
2013090200100453,2013년 9월 2일 17시,월요일,경상북도 포항시 북구 우현동,경상사고,0,0,1,0,차대차 - 기타,안전운전불이행,건조,맑음,교차로 - 교차로부근,승용,남,55세,상해없음,승용,여,43세,경상
2013090200100454,2013년 9월 2일 17시,월요일,경상북도 구미시 도량동,경상사고,0,0,1,0,차대사람 - 기타,안전운전불이행,건조,맑음,단일로 - 기타,승용,여,35세,상해없음,보행자,남,11세,경상
2013090200100455,2013년 9월 2일 17시,월요일,경상북도 구미시 고아읍,중상사고,0,1,0,0,차대사람 - 횡단중,보행자보호의무위반,건조,맑음,교차로 - 교차로부근,승용,여,23세,상해없음,보행자,남,9세,중상
2013090200100456,2013년 9월 2일 17시,월요일,경상북도 성주군 성주읍,중상사고,0,1,0,0,차대차 - 기타,안전운전불이행,건조,맑음,단일로 - 기타,화물,기타불명,기타불명,기타불명,승용,여,42세,중상