사고번호,사고일시,요일,시군구,사고내용,사망자수,중상자수,경상자수,부상신고자수,사고유형,법규위반,노면상태,기상상태,도로형태,가해운전자 차종,가해운전자 성별,가해운전자 연령,가해운전자 상해정도,피해운전자 차종,피해운전자 성별,피해운전자 연령,피해운전자 상해정도
2013090200100497,2013년 9월 2일 18시,월요일,경상북도 구미시 원평동,경상사고,0,0,1,0,차대차 - 기타,안전운전불이행,건조,맑음,단일로 - 기타,승용,남,30세,상해없음,승합,남,56세,상해없음
2013090200100536,2013년 9월 2일 19시,월요일,경상북도 경주시 동천동,중상사고,0,1,0,0,차대차 - 기타,안전운전불이행,건조,맑음,단일로 - 기타,기타불명,기타불명,기타불명,기타불명,자전거,여,61세,중상
2013090200100537,2013년 9월 2일 19시,월요일,경상북도 영주시 휴천동,중상사고,0,1,0,0,차대차 - 측면직각충돌,안전운전불이행,건조,맑음,단일로 - 기타,승용,남,21세,상해없음,자전거,남,22세,중상
2013090200100538,2013년 9월 2일 19시,월요일,경상북도 칠곡군 석적읍,사망사고,1,0,0,0,차대사람 - 기타,안전운전불이행,건조,맑음,단일로 - 기타,승용,여,42세,상해없음,보행자,여,74세,사망
2013090200100539,2013년 9월 2일 19시,월요일,경상북도 경산시 중방동,경상사고,0,0,1,0,차대사람 - 기타,안전운전불이행,건조,맑음,단일로 - 기타,승용,남,40세,상해없음,보행자,남,50세,경상
2013090200100540,2013년 9월 2일 19시,월요일,경상북도 경산시 옥산동,경상사고,0,0,1,0,차대차 - 기타,안전운전불이행,건조,맑음,단일로 - 기타,승용,여,59세,상해없음,승용,남,58세,상해없음
2013090200100573,2013년 9월 2일 20시,월요일,경상북도 영덕군 영덕읍,경상사고,0,0,2,1,차대차 - 측면직각충돌,교차로운행방법위반,건조,맑음,교차로 - 교차로안,승용,여,40세,부상신고,승용,남,56세,경상
2013090200100620,2013년 9월 2일 22시,월요일,경상북도 경주시 동천동,경상사고,0,0,1,1,차량단독 - 기타,안전운전불이행,건조,맑음,미분류 - 미분류,승용,남,37세,부상신고,,,,
2013090200100621,2013년 9월 2일 22시,월요일,경상북도 포항시 남구 장흥동,부상신고사고,0,0,0,2,차대차 - 추돌 - 주정차중,안전운전불이행,건조,맑음,교차로 - 교차로부근,승용,남,28세,상해없음,승용,남,29세,부상신고
2013090200100654,2013년 9월 2일 23시,월요일,경상북도 경산시 하양읍,경상사고,0,0,2,0,차대차 - 기타,안전운전불이행,건조,맑음,교차로 - 교차로부근,승용,남,46세,상해없음,승용,남,51세,경상
2013090200100655,2013년 9월 2일 23시,월요일,경상북도 구미시 구평동,경상사고,0,0,1,0,차량단독 - 공작물충돌,안전운전불이행,건조,맑음,기타 - 기타,승용,여,33세,경상,,,,
2013090200100656,2013년 9월 2일 23시,월요일,경상북도 포항시 남구 오천읍,경상사고,0,0,1,0,차대사람 - 기타,보행자보호의무위반,건조,맑음,단일로 - 횡단보도상,승용,남,41세,상해없음,보행자,남,47세,경상
2013090300100011,2013년 9월 3일 00시,화요일,경상북도 칠곡군 북삼읍,중상사고,0,1,0,0,차대사람 - 기타,안전운전불이행,건조,맑음,기타 - 기타,승용,남,38세,상해없음,보행자,여,57세,중상
2013090300100035,2013년 9월 3일 02시,화요일,경상북도 영덕군 축산면,중상사고,0,2,0,0,차량단독 - 기타,안전운전불이행,건조,맑음,단일로 - 기타,승용,여,45세,중상,,,,
2013090300100042,2013년 9월 3일 03시,화요일,경상북도 구미시 인의동,중상사고,0,1,1,0,차대차 - 기타,중앙선침범,건조,맑음,교차로 - 교차로부근,승용,여,29세,상해없음,승용,남,30세,중상
2013090300100051,2013년 9월 3일 05시,화요일,경상북도 경산시 진량읍,중상사고,0,2,0,0,차대차 - 기타,중앙선침범,건조,맑음,단일로 - 기타,승용,남,43세,중상,승용,여,44세,중상
2013090300100095,2013년 9월 3일 07시,화요일,경상북도 포항시 북구 흥해읍,경상사고,0,0,1,0,차량단독 - 전도전복,안전거리미확보,건조,맑음,단일로 - 기타,화물,남,51세,경상,,,,
2013090300100096,2013년 9월 3일 07시,화요일,경상북도 포항시 북구 동빈2가,중상사고,0,1,0,0,차대차 - 기타,안전운전불이행,건조,맑음,기타 - 기타,자전거,남,55세,상해없음,자전거,여,52세,중상
2013090300100097,2013년 9월 3일 07시,화요일,경상북도 안동시 송현동,중상사고,0,1,1,0,차대차 - 측면직각충돌,안전운전불이행,건조,맑음,교차로 - 교차로안,승용,남,62세,상해없음,승용,남,45세,경상
2013090300100098,2013년 9월 3일 07시,화요일,경상북도 칠곡군 약목면,경상사고,0,0,1,0,차대차 - 기타,안전운전불이행,건조,맑음,교차로 - 교차로안,승용,여,32세,상해없음,승용,여,21세,경상
2013090300100139,2013년 9월 3일 08시,화요일,경상북도 경주시 동천동,경상사고,0,0,1,0,차대차 - 추돌 - 주정차중,안전운전불이행,건조,맑음,교차로 - 교차로부근,승용,남,61세,상해없음,승용,남,42세,상해없음
2013090300100140,2013년 9월 3일 08시,화요일,경상북도 안동시 정하동,경상사고,0,0,1,0,차대차 - 측면직각충돌,직진우회전진행방해,건조,맑음,교차로 - 교차로안,승용,남,56세,상해없음,승용,남,42세,경상
2013090300100141,2013년 9월 3일 08시,화요일,경상북도 구미시 구포동,경상사고,0,0,1,0,차대차 - 측면직각충돌,안전운전불이행,건조,맑음,단일로 - 기타,승용,남,23세,상해없음,승용,여,30세,경상
2013090300100142,2013년 9월 3일 08시,화요일,경상북도 포항시 남구 송도동,경상사고,0,0,1,0,차대차 - 기타,안전운전불이행,건조,맑음,단일로 - 기타,자전거,남,26세,상해없음,자전거,남,46세,경상
2013090300100169,2013년 9월 3일 09시,화요일,경상북도 포항시 북구 송라면,중상사고,0,1,0,0,차대차 - 측면직각충돌,안전운전불이행,건조,흐림,단일로 - 기타,화물,남,66세,상해없음,원동기,남,73세,중상
2013090300100170,2013년 9월 3일 09시,화요일,경상북도 안동시 임하면,중상사고,0,1,0,0,차대차 - 측면직각충돌,안전운전불이행,건조,맑음,단일로 - 기타,건설기계,남,48세,상해없음,원동기,남,67세,중상
2013090300100171,2013년 9월 3일 09시,화요일,경상북도 영천시 화산면,경상사고,0,0,4,0,차대차 - 측면직각충돌,안전운전불이행,건조,맑음,단일로 - 기타,승용,여,34세,경상,화물,남,66세,경상
2013090300100172,2013년 9월 3일 09시,화요일,경상북도 문경시 점촌동,중상사고,0,1,0,0,차대차 - 측면직각충돌,안전운전불이행,건조,흐림,단일로 - 기타,승용,여,41세,상해없음,자전거,남,76세,중상
2013090300100173,2013년 9월 3일 09시,화요일,경상북도 울진군 죽변면,경상사고,0,0,1,0,차대차 - 기타,안전운전불이행,건조,흐림,단일로 - 기타,승용,여,52세,상해없음,승용,남,27세,경상
2013090300100174,2013년 9월 3일 09시,화요일,경상북도 구미시 구포동,경상사고,0,0,3,0,차대차 - 추돌 - 주정차중,안전운전불이행,건조,맑음,단일로 - 기타,건설기계,남,48세,상해없음,승용,여,33세,경상
2013090300100197,2013년 9월 3일 10시,화요일,경상북도 안동시 용상동,경상사고,0,0,1,0,차대차 - 기타,안전운전불이행,건조,맑음,단일로 - 기타,승용,남,62세,상해없음,자전거,남,16세,경상
2013090300100233,2013년 9월 3일 11시,화요일,경상북도 칠곡군 약목면,경상사고,0,0,2,0,차대차 - 기타,안전운전불이행,건조,맑음,교차로 - 교차로부근,특수,남,40세,상해없음,승용,남,18세,상해없음
2013090300100255,2013년 9월 3일 12시,화요일,경상북도 경주시 마동,경상사고,0,0,1,0,차대차 - 기타,안전운전불이행,건조,맑음,교차로 - 교차로안,승용,남,42세,상해없음,원동기,남,26세,경상
2013090300100256,2013년 9월 3일 12시,화요일,경상북도 영주시 휴천동,경상사고,0,0,1,0,차대차 - 측면직각충돌,직진우회전진행방해,건조,맑음,교차로 - 교차로안,승용,여,45세,경상,화물,남,51세,상해없음
2013090300100292,2013년 9월 3일 13시,화요일,경상북도 경주시 배반동,중상사고,0,1,1,0,차대차 - 기타,안전운전불이행,건조,맑음,단일로 - 기타,화물,남,60세,상해없음,화물,여,53세,중상
2013090300100293,2013년 9월 3일 13시,화요일,경상북도 포항시 북구 남빈동,경상사고,0,0,1,0,차대사람 - 차도통행중,안전운전불이행,건조,맑음,교차로 - 교차로안,화물,남,41세,상해없음,보행자,여,37세,경상
2013090300100294,2013년 9월 3일 13시,화요일,경상북도 포항시 북구 청하면,경상사고,0,0,4,0,차대차 - 기타,안전운전불이행,건조,맑음,교차로 - 교차로안,화물,남,74세,상해없음,승용,남,41세,경상
2013090300100295,2013년 9월 3일 13시,화요일,경상북도 구미시 인의동,경상사고,0,0,2,0,차대차 - 기타,안전거리미확보,건조,맑음,교차로 - 교차로부근,승용,여,31세,상해없음,승용,남,28세,경상
2013090300100320,2013년 9월 3일 14시,화요일,경상북도 경주시 건천읍,중상사고,0,1,0,0,차대차 - 기타,안전운전불이행,건조,맑음,교차로 - 교차로부근,화물,남,46세,상해없음,승용,여,58세,상해없음
2013090300100321,2013년 9월 3일 14시,화요일,경상북도 구미시 인의동,중상사고,0,1,0,0,차대차 - 측면직각충돌,안전운전불이행,건조,맑음,교차로 - 교차로안,이륜,남,51세,상해없음,자전거,여,52세,중상
2013090300100357,2013년 9월 3일 15시,화요일,경상북도 영천시 금호읍,경상사고,0,0,1,0,차량단독 - 기타,안전운전불이행,건조,맑음,단일로 - 기타,승합,남,48세,상해없음,,,,
2013090300100358,2013년 9월 3일 15시,화요일,경상북도 영덕군 영해면,경상사고,0,0,1,0,차대차 - 측면직각충돌,안전거리미확보,건조,흐림,단일로 - 기타,이륜,남,74세,경상,승합,남,68세,상해없음
2013090300100359,2013년 9월 3일 15시,화요일,경상북도 예천군 풍양면,중상사고,0,1,0,0,차대차 - 기타,안전운전불이행,건조,맑음,교차로 - 교차로안,승합,남,47세,상해없음,농기계,남,75세,중상
2013090300100392,2013년 9월 3일 16시,화요일,경상북도 포항시 북구 죽도동,중상사고,0,1,0,0,차대사람 - 횡단중,안전운전불이행,건조,맑음,단일로 - 기타,승용,여,57세,상해없음,보행자,여,7세,중상
2013090300100393,2013년 9월 3일 16시,화요일,경상북도 성주군 용암면,경상사고,0,0,1,0,차대차 - 기타,안전운전불이행,건조,맑음,단일로 - 기타,화물,남,47세,상해없음,자전거,남,84세,경상
2013090300100432,2013년 9월 3일 17시,화요일,경상북도 구미시 사곡동,중상사고,0,1,0,0,차대차 - 측면직각충돌,신호위반,건조,맑음,교차로 - 교차로안,승용,남,64세,상해없음,이륜,남,52세,중상
2013090300100469,2013년 9월 3일 18시,화요일,경상북도 경주시 황오동,경상사고,0,0,1,0,차대사람 - 기타,안전운전불이행,건조,맑음,단일로 - 기타,화물,남,72세,기타불명,보행자,여,56세,경상
2013090300100470,2013년 9월 3일 18시,화요일,경상북도 경주시 외동읍,중상사고,0,1,0,0,차대사람 - 기타,안전운전불이행,건조,맑음,단일로 - 기타,승용,남,51세,상해없음,보행자,남,66세,중상
2013090300100471,2013년 9월 3일 18시,화요일,경상북도 포항시 북구 남빈동,중상사고,0,1,0,0,차대차 - 기타,교차로운행방법위반,건조,맑음,교차로 - 교차로안,승용,여,22세,상해없음,원동기,남,53세,중상
2013090300100472,2013년 9월 3일 18시,화요일,경상북도 포항시 북구 우현동,경상사고,0,0,1,0,차대차 - 기타,중앙선침범,건조,맑음,단일로 - 기타,승용,남,48세,상해없음,승용,여,45세,경상
2013090300100473,2013년 9월 3일 18시,화요일,경상북도 칠곡군 지천면,경상사고,0,0,1,0,차량단독 - 공작물충돌,안전운전불이행,건조,맑음,단일로 - 기타,화물,남,46세,경상,,,,
2013090300100517,2013년 9월 3일 19시,화요일,경상북도 청도군 청도읍,경상사고,0,0,1,0,차대차 - 정면충돌,안전운전불이행,건조,맑음,단일로 - 기타,원동기,남,73세,경상,승용,여,60세,상해없음
2013090300100547,2013년 9월 3일 20시,화요일,경상북도 영주시 상망동,경상사고,0,0,1,0,차대차 - 추돌 - 주정차중,안전운전불이행,건조,맑음,단일로 - 기타,승용,여,55세,경상,화물,남,43세,상해없음
2013090300100567,2013년 9월 3일 21시,화요일,경상북도 경주시 외동읍,중상사고,0,2,1,0,차대차 - 기타,안전운전불이행,건조,맑음,단일로 - 기타,승용,남,36세,중상,화물,남,51세,중상
2013090300100568,2013년 9월 3일 21시,화요일,경상북도 김천시 부곡동,경상사고,0,0,1,0,차대사람 - 기타,안전운전불이행,건조,맑음,단일로 - 횡단보도상,승용,남,27세,상해없음,보행자,남,15세,경상
2013090300100591,2013년 9월 3일 22시,화요일,경상북도 구미시 황상동,경상사고,0,0,1,0,차대차 - 기타,안전운전불이행,건조,맑음,교차로 - 교차로안,승용,남,29세,상해없음,자전거,남,24세,경상
2013090300100592,2013년 9월 3일 22시,화요일,경상북도 구미시 공단동,경상사고,0,0,3,0,차대차 - 측면직각충돌,신호위반,건조,맑음,교차로 - 교차로안,승용,남,28세,상해없음,승용,남,27세,경상
2013090400100011,2013년 9월 4일 00시,수요일,경상북도 경산시 삼풍동,중상사고,0,1,0,0,차대사람 - 기타,안전운전불이행,건조,맑음,단일로 - 기타,기타불명,기타불명,기타불명,기타불명,보행자,남,31세,중상
2013090400100021,2013년 9월 4일 01시,수요일,경상북도 경주시 성건동,중상사고,0,1,2,0,차대차 - 측면직각충돌,안전운전불이행,건조,맑음,교차로 - 교차로안,승용,남,48세,상해없음,승용,남,23세,상해없음
2013090400100022,2013년 9월 4일 01시,수요일,경상북도 안동시 안기동,경상사고,0,0,2,0,차대차 - 추돌 - 주정차중,안전운전불이행,건조,맑음,단일로 - 기타,승용,남,35세,상해없음,승용,남,36세,상해없음
2013090400100023,2013년 9월 4일 01시,수요일,경상북도 구미시 고아읍,중상사고,0,1,0,0,차대차 - 기타,신호위반,건조,맑음,교차로 - 교차로안,승용,남,60세,상해없음,자전거,남,71세,중상
2013090400100037,2013년 9월 4일 02시,수요일,경상북도 예천군 예천읍,경상사고,0,0,1,0,차량단독 - 공작물충돌,안전운전불이행,건조,맑음,단일로 - 기타,승용,남,25세,상해없음,,,,
2013090400100061,2013년 9월 4일 05시,수요일,경상북도 구미시 진평동,경상사고,0,0,3,0,차대차 - 측면직각충돌,안전운전불이행,건조,맑음,교차로 - 교차로안,승용,남,68세,상해없음,승용,남,27세,경상
2013090400100062,2013년 9월 4일 05시,수요일,경상북도 김천시 아포읍,사망사고,1,1,0,0,차대차 - 추돌 - 진행중,안전운전불이행,건조,맑음,단일로 - 기타,화물,남,56세,중상,화물,남,51세,상해없음
2013090400100079,2013년 9월 4일 06시,수요일,경상북도 성주군 가천면,중상사고,0,1,0,0,차대사람 - 차도통행중,안전운전불이행,건조,맑음,교차로 - 교차로부근,이륜,남,68세,상해없음,보행자,남,68세,중상
2013090400100102,2013년 9월 4일 07시,수요일,경상북도 경주시 충효동,경상사고,0,0,2,0,차대차 - 기타,안전운전불이행,건조,맑음,교차로 - 교차로부근,승합,남,61세,경상,승용,여,33세,경상
2013090400100103,2013년 9월 4일 07시,수요일,경상북도 구미시 공단동,중상사고,0,1,0,0,차대차 - 측면직각충돌,교차로운행방법위반,건조,맑음,교차로 - 교차로부근,승용,남,28세,상해없음,이륜,남,71세,중상
2013090400100150,2013년 9월 4일 08시,수요일,경상북도 포항시 북구 죽도동,경상사고,0,0,1,0,차대차 - 정면충돌,신호위반,건조,맑음,교차로 - 교차로안,승용,남,31세,상해없음,승용,여,39세,경상
2013090400100151,2013년 9월 4일 08시,수요일,경상북도 영주시 상망동,중상사고,0,1,2,0,차대차 - 측면직각충돌,안전운전불이행,건조,맑음,단일로 - 기타,화물,남,24세,상해없음,승용,여,59세,중상
2013090400100152,2013년 9월 4일 08시,수요일,경상북도 구미시 봉곡동,중상사고,0,1,0,0,차대차 - 기타,안전운전불이행,건조,맑음,단일로 - 기타,승용,남,27세,상해없음,화물,남,53세,중상
2013090400100153,2013년 9월 4일 08시,수요일,경상북도 구미시 구포동,중상사고,0,1,0,0,차대차 - 기타,안전거리미확보,건조,맑음,기타 - 기타,승용,여,44세,상해없음,건설기계,남,34세,중상
2013090400100182,2013년 9월 4일 09시,수요일,경상북도 경주시 천북면,중상사고,0,1,0,0,차대차 - 기타,중앙선침범,건조,맑음,기타 - 기타,화물,남,54세,상해없음,승용,여,52세,중상
2013090400100183,2013년 9월 4일 09시,수요일,경상북도 포항시 북구 흥해읍,경상사고,0,0,2,0,차대차 - 측면직각충돌,안전거리미확보,건조,맑음,교차로 - 교차로부근,승용,남,69세,상해없음,승합,남,39세,경상
2013090400100184,2013년 9월 4일 09시,수요일,경상북도 칠곡군 왜관읍,중상사고,0,1,0,0,차대차 - 기타,교차로운행방법위반,건조,맑음,교차로 - 교차로안,승용,남,69세,상해없음,원동기,남,78세,중상
2013090400100185,2013년 9월 4일 09시,수요일,경상북도 포항시 남구 동촌동,경상사고,0,0,6,0,차대차 - 추돌 - 주정차중,안전운전불이행,건조,맑음,교차로 - 교차로안,승용,남,39세,상해없음,승용,남,39세,경상
2013090400100214,2013년 9월 4일 10시,수요일,경상북도 경주시 천군동,중상사고,0,1,1,0,차량단독 - 전도전복,안전운전불이행,건조,맑음,단일로 - 기타,승용,남,25세,중상,,,,
2013090400100239,2013년 9월 4일 11시,수요일,경상북도 안동시 수상동,중상사고,0,2,7,0,차대차 - 추돌 - 주정차중,안전운전불이행,건조,맑음,기타 - 기타,승합,남,47세,상해없음,승합,남,56세,중상
2013090400100240,2013년 9월 4일 11시,수요일,경상북도 안동시 태화동,경상사고,0,0,2,0,차대차 - 추돌 - 진행중,안전운전불이행,건조,맑음,단일로 - 기타,승용,남,36세,상해없음,승용,남,30세,경상
2013090400100242,2013년 9월 4일 11시,수요일,경상북도 경산시 용성면,경상사고,0,0,1,0,차량단독 - 기타,안전운전불이행,기타,맑음,교차로 - 교차로안,이륜,남,34세,경상,,,,
2013090400100243,2013년 9월 4일 11시,수요일,경상북도 포항시 남구 상도동,중상사고,0,1,0,0,차대차 - 추돌 - 주정차중,안전운전불이행,건조,맑음,교차로 - 교차로부근,승용,남,62세,상해없음,승용,여,29세,중상
2013090400100267,2013년 9월 4일 12시,수요일,경상북도 포항시 북구 창포동,경상사고,0,0,1,0,차대차 - 기타,안전운전불이행,건조,맑음,교차로 - 교차로부근,승용,남,49세,상해없음,승용,여,37세,경상
2013090400100268,2013년 9월 4일 12시,수요일,경상북도 경산시 신천동,경상사고,0,0,1,0,차대차 - 기타,안전운전불이행,건조,맑음,단일로 - 기타,승용,여,19세,상해없음,원동기,남,70세,경상
2013090400100269,2013년 9월 4일 12시,수요일,경상북도 예천군 지보면,중상사고,0,1,0,0,차대사람 - 기타,안전운전불이행,건조,맑음,단일로 - 기타,승용,남,52세,상해없음,보행자,여,57세,중상
2013090400100295,2013년 9월 4일 13시,수요일,경상북도 경주시 시래동,중상사고,0,1,1,0,차대차 - 측면직각충돌,안전운전불이행,건조,맑음,교차로 - 교차로안,승용,여,43세,중상,승용,남,21세,경상
2013090400100296,2013년 9월 4일 13시,수요일,경상북도 포항시 북구 학잠동,경상사고,0,0,1,0,차대차 - 기타,안전운전불이행,건조,맑음,교차로 - 교차로부근,승용,여,41세,상해없음,승용,남,66세,경상
2013090400100297,2013년 9월 4일 13시,수요일,경상북도 영천시 화남면,중상사고,0,1,0,0,차대차 - 기타,안전운전불이행,건조,맑음,기타 - 기타,승용,남,24세,상해없음,자전거,남,54세,중상
2013090400100298,2013년 9월 4일 13시,수요일,경상북도 청도군 이서면,경상사고,0,0,1,0,차대차 - 측면직각충돌,신호위반,건조,맑음,교차로 - 교차로안,승용,남,60세,상해없음,화물,남,35세,경상
2013090400100299,2013년 9월 4일 13시,수요일,경상북도 고령군 운수면,중상사고,0,1,0,0,차량단독 - 전도전복,안전운전불이행,건조,맑음,단일로 - 기타,원동기,남,77세,중상,,,,
2013090400100334,2013년 9월 4일 14시,수요일,경상북도 상주시 모서면,중상사고,0,1,0,0,차대차 - 기타,안전운전불이행,건조,맑음,단일로 - 기타,승용,여,55세,상해없음,원동기,남,74세,중상
2013090400100364,2013년 9월 4일 15시,수요일,경상북도 경주시 양북면,중상사고,0,1,0,0,차대차 - 기타,중앙선침범,건조,맑음,단일로 - 기타,승합,남,46세,상해없음,건설기계,남,52세,중상
2013090400100365,2013년 9월 4일 15시,수요일,경상북도 안동시 북후면,중상사고,0,1,0,0,차대차 - 측면직각충돌,안전운전불이행,건조,맑음,단일로 - 기타,이륜,남,68세,중상,화물,남,25세,상해없음
2013090400100366,2013년 9월 4일 15시,수요일,경상북도 칠곡군 왜관읍,경상사고,0,0,1,0,차대사람 - 기타,안전운전불이행,건조,맑음,단일로 - 기타,화물,남,61세,상해없음,보행자,남,6세,경상
2013090400100401,2013년 9월 4일 16시,수요일,경상북도 경주시 안강읍,경상사고,0,0,1,0,차대사람 - 횡단중,안전운전불이행,건조,맑음,단일로 - 기타,원동기,남,65세,상해없음,보행자,남,57세,경상
2013090400100428,2013년 9월 4일 17시,수요일,경상북도 경주시 성건동,경상사고,0,0,1,1,차대차 - 기타,안전운전불이행,건조,맑음,교차로 - 교차로안,승용,여,26세,부상신고,승용,여,44세,경상
2013090400100429,2013년 9월 4일 17시,수요일,경상북도 구미시 구평동,경상사고,0,0,2,0,차대차 - 기타,신호위반,건조,맑음,교차로 - 교차로안,승용,여,51세,상해없음,승용,남,60세,경상
2013090400100468,2013년 9월 4일 18시,수요일,경상북도 경주시 동부동,경상사고,0,0,1,0,차량단독 - 기타,안전운전불이행,건조,맑음,단일로 - 기타,승합,기타불명,기타불명,기타불명,,,,
2013090400100469,2013년 9월 4일 18시,수요일,경상북도 상주시 냉림동,중상사고,0,1,0,0,차대차 - 기타,안전운전불이행,건조,맑음,교차로 - 교차로부근,승용,남,48세,상해없음,자전거,남,10세,중상
2013090400100470,2013년 9월 4일 18시,수요일,경상북도 경산시 진량읍,중상사고,0,2,0,0,차대차 - 기타,안전운전불이행,건조,맑음,단일로 - 기타,화물,남,23세,상해없음,승용,남,48세,중상
2013090400100471,2013년 9월 4일 18시,수요일,경상북도 봉화군 법전면,경상사고,0,0,2,0,차대차 - 측면직각충돌,안전운전불이행,건조,맑음,교차로 - 교차로부근,건설기계,남,36세,상해없음,승용,남,73세,경상
2013090400100472,2013년 9월 4일 18시,수요일,경상북도 청송군 청송읍,중상사고,0,1,0,0,차대차 - 기타,기타,건조,맑음,교차로 - 교차로안,승용,여,28세,상해없음,원동기,남,67세,중상
2013090400100473,2013년 9월 4일 18시,수요일,경상북도 포항시 남구 대송면,경상사고,0,0,1,0,차대사람 - 횡단중,보행자보호의무위반,건조,맑음,교차로 - 교차로부근,기타불명,기타불명,기타불명,기타불명,보행자,남,15세,경상
2013090400100502,2013년 9월 4일 19시,수요일,경상북도 경주시 배동,경상사고,0,0,2,0,차대차 - 기타,안전운전불이행,건조,맑음,단일로 - 기타,승합,남,63세,상해없음,승용,남,84세,경상
2013090400100503,2013년 9월 4일 19시,수요일,경상북도 김천시 어모면,경상사고,0,0,1,0,차대차 - 측면직각충돌,교차로운행방법위반,건조,맑음,교차로 - 교차로안,승용,여,40세,상해없음,승용,남,49세,경상
2013090400100504,2013년 9월 4일 19시,수요일,경상북도 영천시 도림동,경상사고,0,0,1,0,차대차 - 기타,안전운전불이행,건조,맑음,단일로 - 기타,승용,남,35세,상해없음,화물,남,54세,경상
2013090400100505,2013년 9월 4일 19시,수요일,경상북도 포항시 남구 해도동,중상사고,0,1,0,0,차대차 - 기타,안전운전불이행,건조,맑음,단일로 - 기타,승용,남,57세,상해없음,자전거,남,41세,중상
2013090400100542,2013년 9월 4일 20시,수요일,경상북도 청도군 청도읍,중상사고,0,1,0,0,차대사람 - 기타,안전운전불이행,건조,맑음,미분류 - 미분류,승용,남,32세,상해없음,보행자,남,36세,중상
2013090400100543,2013년 9월 4일 20시,수요일,경상북도 구미시 도량동,경상사고,0,0,1,0,차대차 - 기타,안전운전불이행,건조,흐림,교차로 - 교차로부근,승용,남,54세,상해없음,이륜,남,66세,경상
2013090400100606,2013년 9월 4일 22시,수요일,경상북도 구미시 송정동,중상사고,0,1,0,0,차대차 - 기타,안전운전불이행,건조,맑음,교차로 - 교차로안,승용,남,44세,상해없음,이륜,남,20세,중상
2013090400100628,2013년 9월 4일 23시,수요일,경상북도 경주시 율동,중상사고,0,1,0,0,차대차 - 기타,안전운전불이행,건조,맑음,단일로 - 기타,승용,남,21세,상해없음,승용,남,62세,중상
2013090500100015,2013년 9월 5일 00시,목요일,경상북도 경산시 압량면,경상사고,0,0,1,0,차대차 - 기타,신호위반,건조,맑음,교차로 - 교차로안,승용,남,24세,상해없음,승용,남,27세,경상
2013090500100016,2013년 9월 5일 00시,목요일,경상북도 구미시 도량동,중상사고,0,1,0,0,차량단독 - 공작물충돌,안전운전불이행,건조,맑음,단일로 - 기타,승용,남,30세,중상,,,,
2013090500100029,2013년 9월 5일 01시,목요일,경상북도 경주시 외동읍,중상사고,0,1,1,0,차대차 - 기타,안전운전불이행,건조,맑음,교차로 - 교차로부근,승용,남,18세,중상,화물,남,45세,경상
2013090500100030,2013년 9월 5일 01시,목요일,경상북도 구미시 사곡동,중상사고,0,1,0,0,차대차 - 기타,안전운전불이행,건조,맑음,단일로 - 기타,승용,남,43세,상해없음,승용,남,65세,중상
2013090500100064,2013년 9월 5일 05시,목요일,경상북도 경주시 강동면,중상사고,0,1,0,0,차대차 - 기타,신호위반,건조,맑음,교차로 - 교차로안,원동기,남,69세,중상,승용,남,48세,상해없음
2013090500100065,2013년 9월 5일 05시,목요일,경상북도 칠곡군 왜관읍,경상사고,0,0,1,0,차대차 - 측면직각충돌,안전거리미확보,건조,맑음,단일로 - 기타,승용,남,75세,상해없음,승용,여,38세,경상
2013090500100081,2013년 9월 5일 06시,목요일,경상북도 포항시 북구 두호동,경상사고,0,0,4,0,차대차 - 기타,차로위반,건조,맑음,단일로 - 기타,화물,남,60세,상해없음,승용,여,54세,경상
2013090500100112,2013년 9월 5일 07시,목요일,경상북도 문경시 점촌동,경상사고,0,0,2,0,차대차 - 측면직각충돌,직진우회전진행방해,건조,흐림,교차로 - 교차로안,화물,남,60세,상해없음,승용,남,54세,경상
2013090500100140,2013년 9월 5일 08시,목요일,경상북도 영주시 풍기읍,중상사고,0,1,0,0,차대사람 - 길가장자리구역통행중,안전운전불이행,건조,맑음,교차로 - 교차로부근,승용,여,51세,상해없음,보행자,여,90세,중상
2013090500100191,2013년 9월 5일 10시,목요일,경상북도 경주시 충효동,경상사고,0,0,1,0,차대차 - 기타,안전운전불이행,건조,맑음,교차로 - 교차로부근,승합,여,55세,상해없음,자전거,여,55세,경상
2013090500100192,2013년 9월 5일 10시,목요일,경상북도 경주시 성건동,중상사고,0,1,0,0,차대차 - 측면직각충돌,안전운전불이행,건조,맑음,교차로 - 교차로안,승용,남,69세,상해없음,원동기,여,40세,중상
2013090500100193,2013년 9월 5일 10시,목요일,경상북도 고령군 성산면,중상사고,0,4,2,0,차대차 - 정면충돌,중앙선침범,건조,맑음,단일로 - 기타,승용,남,53세,상해없음,특수,남,64세,경상
2013090500100213,2013년 9월 5일 11시,목요일,경상북도 경산시 와촌면,경상사고,0,0,2,0,차대차 - 기타,교차로운행방법위반,건조,맑음,교차로 - 교차로안,승용,여,30세,경상,승용,여,44세,경상
2013090500100236,2013년 9월 5일 12시,목요일,경상북도 경주시 건천읍,경상사고,0,0,2,0,차대차 - 기타,안전운전불이행,건조,맑음,단일로 - 기타,승용,남,65세,상해없음,승용,남,59세,경상
2013090500100237,2013년 9월 5일 12시,목요일,경상북도 상주시 무양동,중상사고,0,1,0,0,차대차 - 기타,교차로운행방법위반,건조,맑음,교차로 - 교차로안,승용,남,27세,상해없음,이륜,남,22세,중상
2013090500100261,2013년 9월 5일 13시,목요일,경상북도 안동시 남부동,경상사고,0,0,1,0,차대차 - 기타,안전운전불이행,건조,맑음,단일로 - 기타,승용,남,57세,상해없음,자전거,남,23세,경상