사고번호,사고일시,요일,시군구,사고내용,사망자수,중상자수,경상자수,부상신고자수,사고유형,법규위반,노면상태,기상상태,도로형태,가해운전자 차종,가해운전자 성별,가해운전자 연령,가해운전자 상해정도,피해운전자 차종,피해운전자 성별,피해운전자 연령,피해운전자 상해정도
2013090500100262,2013년 9월 5일 13시,목요일,경상북도 김천시 감문면,경상사고,0,0,1,0,차대차 - 측면직각충돌,교차로운행방법위반,건조,맑음,교차로 - 교차로부근,승용,남,47세,상해없음,이륜,여,76세,경상
2013090500100288,2013년 9월 5일 14시,목요일,경상북도 상주시 사벌면,중상사고,0,1,0,0,차대차 - 기타,안전운전불이행,건조,맑음,교차로 - 교차로부근,농기계,남,42세,상해없음,원동기,남,75세,중상
2013090500100313,2013년 9월 5일 15시,목요일,경상북도 안동시 남후면,경상사고,0,0,2,0,차대차 - 기타,중앙선침범,건조,맑음,단일로 - 기타,승용,남,57세,상해없음,승용,남,37세,경상
2013090500100314,2013년 9월 5일 15시,목요일,경상북도 칠곡군 왜관읍,경상사고,0,0,1,0,차대차 - 측면직각충돌,교차로운행방법위반,건조,맑음,교차로 - 교차로부근,승용,남,63세,상해없음,화물,남,38세,경상
2013090500100315,2013년 9월 5일 15시,목요일,경상북도 영천시 자양면,사망사고,1,1,0,0,차량단독 - 도로외이탈 - 추락,안전운전불이행,건조,맑음,단일로 - 기타,승용,남,74세,사망,,,,
2013090500100316,2013년 9월 5일 15시,목요일,경상북도 구미시 임수동,경상사고,0,0,1,0,차대차 - 측면직각충돌,안전운전불이행,건조,맑음,단일로 - 기타,화물,남,29세,상해없음,승용,남,28세,경상
2013090500100345,2013년 9월 5일 16시,목요일,경상북도 울진군 죽변면,경상사고,0,0,1,0,차대차 - 측면직각충돌,중앙선침범,건조,흐림,단일로 - 기타,승합,남,32세,상해없음,화물,남,61세,경상
2013090500100376,2013년 9월 5일 17시,목요일,경상북도 영주시 풍기읍,중상사고,0,1,0,0,차대차 - 측면직각충돌,중앙선침범,건조,맑음,단일로 - 기타,승용,남,34세,상해없음,화물,남,54세,중상
2013090500100377,2013년 9월 5일 17시,목요일,경상북도 영주시 풍기읍,경상사고,0,0,5,0,차대차 - 측면직각충돌,중앙선침범,건조,맑음,단일로 - 기타,승용,남,34세,상해없음,승용,여,48세,경상
2013090500100378,2013년 9월 5일 17시,목요일,경상북도 경산시 신천동,중상사고,0,1,0,0,차대차 - 기타,안전운전불이행,건조,맑음,단일로 - 기타,승용,여,42세,상해없음,승용,남,63세,중상
2013090500100379,2013년 9월 5일 17시,목요일,경상북도 성주군 벽진면,경상사고,0,0,1,0,차대차 - 측면직각충돌,중앙선침범,기타,흐림,단일로 - 기타,화물,남,71세,상해없음,승용,남,40세,경상
2013090500100380,2013년 9월 5일 17시,목요일,경상북도 구미시 공단동,중상사고,0,2,0,0,차대차 - 측면직각충돌,안전거리미확보,건조,맑음,교차로 - 교차로부근,화물,남,58세,상해없음,승용,남,49세,중상
2013090500100413,2013년 9월 5일 18시,목요일,경상북도 예천군 호명면,부상신고사고,0,0,0,1,차대차 - 기타,안전운전불이행,건조,맑음,교차로 - 교차로안,농기계,남,71세,부상신고,특수,남,44세,상해없음
2013090500100414,2013년 9월 5일 18시,목요일,경상북도 봉화군 재산면,중상사고,0,4,1,0,차대차 - 정면충돌,안전운전불이행,건조,맑음,단일로 - 기타,승용,남,73세,경상,승용,남,48세,상해없음
2013090500100452,2013년 9월 5일 19시,목요일,경상북도 경주시 황남동,중상사고,0,2,2,0,차대차 - 추돌 - 주정차중,안전운전불이행,건조,맑음,단일로 - 기타,화물,남,64세,상해없음,승용,남,34세,경상
2013090500100453,2013년 9월 5일 19시,목요일,경상북도 구미시 원평동,중상사고,0,2,0,0,차대차 - 추돌 - 진행중,안전운전불이행,건조,맑음,단일로 - 기타,기타불명,기타불명,기타불명,기타불명,승용,여,45세,중상
2013090500100489,2013년 9월 5일 20시,목요일,경상북도 영주시 휴천동,경상사고,0,0,1,0,차대차 - 추돌 - 주정차중,안전운전불이행,건조,맑음,단일로 - 기타,승용,여,55세,경상,화물,남,35세,기타불명
2013090500100490,2013년 9월 5일 20시,목요일,경상북도 구미시 봉곡동,경상사고,0,0,1,0,차대차 - 측면직각충돌,안전거리미확보,건조,맑음,단일로 - 기타,승용,남,41세,상해없음,승용,남,48세,경상
2013090500100491,2013년 9월 5일 20시,목요일,경상북도 구미시 고아읍,중상사고,0,1,0,0,차대사람 - 기타,안전운전불이행,건조,맑음,단일로 - 기타,화물,남,47세,상해없음,보행자,남,50세,중상
2013090500100521,2013년 9월 5일 21시,목요일,경상북도 영주시 영주동,중상사고,0,1,0,0,차대사람 - 횡단중,안전운전불이행,건조,맑음,교차로 - 교차로안,화물,남,56세,상해없음,보행자,여,5세,중상
2013090500100548,2013년 9월 5일 22시,목요일,경상북도 포항시 남구 오천읍,부상신고사고,0,0,0,1,차대차 - 측면직각충돌,직진우회전진행방해,건조,맑음,교차로 - 교차로안,승용,남,31세,상해없음,승용,남,24세,부상신고
2013090600100045,2013년 9월 6일 03시,금요일,경상북도 구미시 공단동,중상사고,0,1,0,0,차량단독 - 공작물충돌,안전운전불이행,습기,비,단일로 - 기타,이륜,남,28세,중상,,,,
2013090600100058,2013년 9월 6일 04시,금요일,경상북도 칠곡군 북삼읍,경상사고,0,0,1,0,차대차 - 기타,신호위반,건조,맑음,교차로 - 교차로안,승용,남,58세,상해없음,승용,남,57세,경상
2013090600100069,2013년 9월 6일 05시,금요일,경상북도 경주시 건천읍,중상사고,0,1,0,0,차대차 - 기타,안전운전불이행,습기,비,교차로 - 교차로부근,승용,여,29세,중상,건설기계,남,35세,상해없음
2013090600100070,2013년 9월 6일 05시,금요일,경상북도 포항시 북구 항구동,중상사고,0,1,0,0,차대차 - 기타,안전운전불이행,습기,비,단일로 - 기타,승용,여,45세,상해없음,자전거,남,69세,중상
2013090600100071,2013년 9월 6일 05시,금요일,경상북도 안동시 정하동,중상사고,0,2,0,0,차대차 - 측면직각충돌,직진우회전진행방해,습기,비,교차로 - 교차로안,화물,남,50세,상해없음,승용,남,75세,중상
2013090600100098,2013년 9월 6일 07시,금요일,경상북도 청송군 진보면,경상사고,0,0,2,0,차대차 - 측면직각충돌,교차로운행방법위반,건조,맑음,교차로 - 교차로안,승용,여,41세,상해없음,승용,남,57세,경상
2013090600100099,2013년 9월 6일 07시,금요일,경상북도 구미시 지산동,중상사고,0,1,0,0,차대차 - 추돌 - 주정차중,안전거리미확보,습기,비,미분류 - 미분류,승용,남,70세,상해없음,승용,남,41세,중상
2013090600100100,2013년 9월 6일 07시,금요일,경상북도 경주시 건천읍,중상사고,0,4,0,0,차대차 - 추돌 - 진행중,안전운전불이행,습기,비,단일로 - 기타,승합,남,50세,상해없음,승용,여,60세,중상
2013090600100140,2013년 9월 6일 08시,금요일,경상북도 포항시 북구 장성동,경상사고,0,0,1,0,차대차 - 정면충돌,안전운전불이행,습기,비,교차로 - 교차로안,승용,여,41세,상해없음,화물,남,39세,경상
2013090600100141,2013년 9월 6일 08시,금요일,경상북도 안동시 광석동,경상사고,0,0,2,0,차대차 - 추돌 - 진행중,직진우회전진행방해,건조,맑음,교차로 - 교차로안,승용,여,37세,상해없음,승용,남,58세,경상
2013090600100142,2013년 9월 6일 08시,금요일,경상북도 포항시 남구 연일읍,경상사고,0,0,1,0,차대사람 - 기타,안전운전불이행,습기,비,단일로 - 기타,기타불명,기타불명,기타불명,기타불명,보행자,남,11세,경상
2013090600100161,2013년 9월 6일 09시,금요일,경상북도 경주시 현곡면,경상사고,0,0,2,1,차대차 - 기타,안전거리미확보,습기,비,단일로 - 기타,승용,여,52세,부상신고,승용,여,51세,경상
2013090600100162,2013년 9월 6일 09시,금요일,경상북도 김천시 부곡동,경상사고,0,0,1,0,차대차 - 측면직각충돌,안전운전불이행,습기,비,단일로 - 기타,승합,남,61세,상해없음,승용,남,34세,경상
2013090600100163,2013년 9월 6일 09시,금요일,경상북도 김천시 모암동,경상사고,0,0,1,0,차대차 - 측면직각충돌,안전운전불이행,습기,비,단일로 - 기타,화물,남,46세,상해없음,이륜,남,61세,경상
2013090600100164,2013년 9월 6일 09시,금요일,경상북도 영천시 도동,경상사고,0,0,1,0,차량단독 - 공작물충돌,안전운전불이행,습기,비,단일로 - 기타,화물,여,46세,경상,,,,
2013090600100165,2013년 9월 6일 09시,금요일,경상북도 경산시 하양읍,중상사고,0,1,0,0,차대사람 - 기타,보행자보호의무위반,습기,비,교차로 - 교차로부근,화물,여,69세,상해없음,보행자,여,79세,중상
2013090600100166,2013년 9월 6일 09시,금요일,경상북도 포항시 남구 이동,경상사고,0,0,1,0,차대차 - 측면직각충돌,안전운전불이행,습기,비,교차로 - 교차로안,승용,남,21세,상해없음,승용,여,60세,경상
2013090600100167,2013년 9월 6일 09시,금요일,경상북도 포항시 남구 해도동,경상사고,0,0,1,0,차대사람 - 횡단중,보행자보호의무위반,습기,비,단일로 - 횡단보도상,승용,남,54세,상해없음,보행자,남,30세,경상
2013090600100205,2013년 9월 6일 10시,금요일,경상북도 경주시 노서동,사망사고,1,0,0,0,차대사람 - 기타,안전운전불이행,습기,비,단일로 - 횡단보도상,승합,남,55세,상해없음,보행자,여,74세,사망
2013090600100206,2013년 9월 6일 10시,금요일,경상북도 상주시 남성동,중상사고,0,1,0,0,차량단독 - 공작물충돌,안전운전불이행,습기,맑음,교차로 - 교차로부근,원동기,남,16세,중상,,,,
2013090600100207,2013년 9월 6일 10시,금요일,경상북도 구미시 사곡동,경상사고,0,0,3,0,차대차 - 추돌 - 진행중,신호위반,습기,비,교차로 - 교차로안,승용,남,39세,상해없음,승용,남,54세,경상
2013090600100208,2013년 9월 6일 10시,금요일,경상북도 구미시 고아읍,경상사고,0,0,4,3,차대차 - 측면직각충돌,안전운전불이행,건조,맑음,단일로 - 기타,화물,남,50세,기타불명,승합,남,40세,경상
2013090600100238,2013년 9월 6일 11시,금요일,경상북도 안동시 와룡면,중상사고,0,2,0,0,차대차 - 측면직각충돌,안전운전불이행,건조,맑음,교차로 - 교차로안,화물,남,69세,상해없음,화물,남,63세,상해없음
2013090600100239,2013년 9월 6일 11시,금요일,경상북도 경산시 평산동,경상사고,0,0,1,0,차대차 - 기타,신호위반,습기,비,교차로 - 교차로안,원동기,남,23세,상해없음,승용,남,32세,경상
2013090600100261,2013년 9월 6일 12시,금요일,경상북도 영천시 완산동,부상신고사고,0,0,0,1,차량단독 - 공작물충돌,안전운전불이행,습기,비,단일로 - 기타,승용,여,45세,부상신고,,,,
2013090600100262,2013년 9월 6일 12시,금요일,경상북도 청송군 진보면,중상사고,0,1,0,0,차대차 - 기타,교차로운행방법위반,습기,흐림,교차로 - 교차로안,화물,남,51세,상해없음,농기계,남,69세,중상
2013090600100284,2013년 9월 6일 13시,금요일,경상북도 경주시 동천동,경상사고,0,0,1,0,차대차 - 기타,안전운전불이행,습기,비,교차로 - 교차로안,승용,여,63세,상해없음,원동기,여,30세,경상
2013090600100285,2013년 9월 6일 13시,금요일,경상북도 안동시 북후면,중상사고,0,2,1,2,차량단독 - 도로외이탈 - 기타,안전운전불이행,습기,비,단일로 - 기타,승용,남,48세,부상신고,,,,
2013090600100286,2013년 9월 6일 13시,금요일,경상북도 영천시 청통면,부상신고사고,0,0,0,1,차량단독 - 공작물충돌,안전운전불이행,습기,비,단일로 - 기타,화물,남,73세,부상신고,,,,
2013090600100287,2013년 9월 6일 13시,금요일,경상북도 영천시 화북면,경상사고,0,0,2,0,차량단독 - 도로외이탈 - 추락,안전운전불이행,습기,비,기타 - 기타,화물,남,54세,경상,,,,
2013090600100288,2013년 9월 6일 13시,금요일,경상북도 고령군 성산면,경상사고,0,0,2,0,차대차 - 측면직각충돌,중앙선침범,습기,비,단일로 - 기타,승용,여,46세,상해없음,승용,남,56세,상해없음
2013090600100289,2013년 9월 6일 13시,금요일,경상북도 구미시 공단동,경상사고,0,0,2,0,차대차 - 추돌 - 주정차중,안전운전불이행,건조,맑음,교차로 - 교차로부근,승용,남,39세,상해없음,승용,여,44세,경상
2013090600100290,2013년 9월 6일 13시,금요일,경상북도 구미시 신평동,경상사고,0,0,1,0,차대차 - 측면직각충돌,안전운전불이행,습기,비,미분류 - 미분류,화물,남,26세,경상,화물,남,64세,상해없음
2013090600100327,2013년 9월 6일 14시,금요일,경상북도 경주시 보문동,중상사고,0,1,0,0,차량단독 - 공작물충돌,안전운전불이행,습기,비,단일로 - 기타,화물,남,41세,중상,,,,
2013090600100328,2013년 9월 6일 14시,금요일,경상북도 경주시 황성동,경상사고,0,0,1,0,차대차 - 기타,안전운전불이행,건조,맑음,단일로 - 기타,승용,여,24세,상해없음,이륜,남,32세,경상
2013090600100329,2013년 9월 6일 14시,금요일,경상북도 상주시 함창읍,중상사고,0,1,0,0,차대차 - 기타,신호위반,습기,비,교차로 - 교차로안,화물,남,38세,상해없음,승용,여,37세,중상
2013090600100330,2013년 9월 6일 14시,금요일,경상북도 문경시 흥덕동,경상사고,0,0,1,0,차대사람 - 기타,불법유턴,습기,비,교차로 - 교차로안,승용,남,58세,상해없음,보행자,남,56세,경상
2013090600100331,2013년 9월 6일 14시,금요일,경상북도 경산시 중방동,경상사고,0,0,1,0,차대사람 - 기타,안전운전불이행,건조,맑음,단일로 - 기타,승용,여,56세,상해없음,보행자,남,51세,경상
2013090600100370,2013년 9월 6일 15시,금요일,경상북도 포항시 남구 해도동,경상사고,0,0,2,0,차대차 - 추돌 - 주정차중,안전운전불이행,건조,맑음,교차로 - 교차로부근,승용,남,46세,상해없음,승용,여,25세,상해없음
2013090600100371,2013년 9월 6일 15시,금요일,경상북도 포항시 남구 해도동,중상사고,0,1,2,0,차대차 - 측면직각충돌,직진우회전진행방해,건조,맑음,교차로 - 교차로안,승용,남,55세,경상,승용,여,55세,중상
2013090600100441,2013년 9월 6일 17시,금요일,경상북도 경산시 옥산동,경상사고,0,0,2,0,차대차 - 기타,안전운전불이행,건조,맑음,단일로 - 기타,승용,남,62세,상해없음,승용,남,36세,경상
2013090600100442,2013년 9월 6일 17시,금요일,경상북도 경산시 옥산동,경상사고,0,0,2,0,차대차 - 기타,안전운전불이행,건조,맑음,단일로 - 기타,승용,여,50세,상해없음,승용,여,36세,경상
2013090600100443,2013년 9월 6일 17시,금요일,경상북도 청송군 진보면,경상사고,0,0,3,0,차대차 - 기타,교차로운행방법위반,건조,맑음,교차로 - 교차로안,화물,남,23세,상해없음,승용,남,65세,경상
2013090600100444,2013년 9월 6일 17시,금요일,경상북도 구미시 신평동,중상사고,0,1,0,0,차대차 - 추돌 - 진행중,안전거리미확보,습기,비,교차로 - 교차로부근,승합,남,53세,상해없음,화물,남,41세,중상
2013090600100475,2013년 9월 6일 18시,금요일,경상북도 영주시 상망동,중상사고,0,1,2,0,차대차 - 추돌 - 주정차중,안전운전불이행,습기,흐림,단일로 - 기타,승용,남,72세,경상,승용,남,51세,중상
2013090600100476,2013년 9월 6일 18시,금요일,경상북도 경산시 중방동,경상사고,0,0,1,0,차대차 - 기타,안전운전불이행,건조,맑음,교차로 - 교차로부근,화물,남,46세,상해없음,승용,남,27세,경상
2013090600100519,2013년 9월 6일 19시,금요일,경상북도 경주시 율동,경상사고,0,0,1,0,차량단독 - 전도전복,안전운전불이행,습기,비,단일로 - 기타,승합,남,58세,상해없음,,,,
2013090600100520,2013년 9월 6일 19시,금요일,경상북도 경산시 계양동,사망사고,1,0,1,0,차대차 - 추돌 - 진행중,안전운전불이행,습기,비,단일로 - 기타,승용,남,49세,상해없음,승합,남,55세,경상
2013090600100521,2013년 9월 6일 19시,금요일,경상북도 경산시 옥곡동,중상사고,0,1,0,0,차대차 - 기타,신호위반,건조,맑음,교차로 - 교차로안,화물,남,55세,상해없음,이륜,남,28세,중상
2013090600100522,2013년 9월 6일 19시,금요일,경상북도 포항시 남구 해도동,경상사고,0,0,1,0,차대차 - 측면직각충돌,안전운전불이행,습기,비,교차로 - 교차로부근,승용,남,56세,상해없음,원동기,남,33세,경상
2013090600100578,2013년 9월 6일 20시,금요일,경상북도 경산시 조영동,경상사고,0,0,1,0,차대차 - 기타,불법유턴,습기,비,교차로 - 교차로안,원동기,남,55세,상해없음,원동기,남,16세,경상
2013090600100620,2013년 9월 6일 21시,금요일,경상북도 구미시 송정동,중상사고,0,1,0,0,차대사람 - 횡단중,보행자보호의무위반,습기,비,교차로 - 교차로부근,이륜,남,36세,상해없음,보행자,남,64세,중상
2013090600100686,2013년 9월 6일 23시,금요일,경상북도 안동시 옥동,중상사고,0,2,0,0,차대사람 - 횡단중,안전운전불이행,습기,비,단일로 - 기타,승합,남,48세,상해없음,보행자,남,55세,중상
2013090600100687,2013년 9월 6일 23시,금요일,경상북도 김천시 평화동,경상사고,0,0,1,0,차대차 - 측면직각충돌,교차로운행방법위반,습기,비,교차로 - 교차로안,승용,여,52세,상해없음,이륜,남,16세,경상
2013090600100688,2013년 9월 6일 23시,금요일,경상북도 구미시 시미동,경상사고,0,0,2,0,차대차 - 측면직각충돌,교차로운행방법위반,습기,흐림,교차로 - 교차로안,승용,남,25세,상해없음,승용,남,43세,경상
2013090700100017,2013년 9월 7일 00시,토요일,경상북도 칠곡군 동명면,경상사고,0,0,1,0,차량단독 - 기타,안전운전불이행,건조,맑음,교차로 - 교차로부근,승용,남,40세,경상,,,,
2013090700100018,2013년 9월 7일 00시,토요일,경상북도 경산시 압량면,경상사고,0,0,1,0,차대차 - 기타,안전운전불이행,건조,맑음,교차로 - 교차로부근,승용,남,45세,상해없음,승용,남,34세,경상
2013090700100088,2013년 9월 7일 04시,토요일,경상북도 구미시 시미동,경상사고,0,0,4,0,차대차 - 측면직각충돌,안전운전불이행,습기,비,단일로 - 기타,승용,남,38세,상해없음,승용,여,38세,경상
2013090700100146,2013년 9월 7일 08시,토요일,경상북도 영천시 신령면,경상사고,0,0,1,0,차대차 - 기타,교차로운행방법위반,건조,맑음,교차로 - 교차로안,화물,남,49세,상해없음,화물,남,46세,경상
2013090700100176,2013년 9월 7일 09시,토요일,경상북도 안동시 옥동,경상사고,0,0,1,0,차대차 - 측면직각충돌,안전운전불이행,건조,맑음,기타 - 기타,화물,남,42세,상해없음,승용,남,59세,경상
2013090700100177,2013년 9월 7일 09시,토요일,경상북도 영덕군 영해면,부상신고사고,0,0,0,1,차대차 - 측면직각충돌,안전운전불이행,습기,비,단일로 - 기타,승용,남,39세,상해없음,자전거,남,46세,부상신고
2013090700100178,2013년 9월 7일 09시,토요일,경상북도 포항시 남구 구룡포읍,중상사고,0,1,2,0,차대차 - 추돌 - 주정차중,안전운전불이행,건조,맑음,단일로 - 기타,승용,남,79세,경상,화물,남,38세,경상
2013090700100208,2013년 9월 7일 10시,토요일,경상북도 경주시 성동동,경상사고,0,0,1,0,차대차 - 기타,안전운전불이행,습기,비,교차로 - 교차로안,원동기,남,48세,경상,승용,여,46세,상해없음
2013090700100209,2013년 9월 7일 10시,토요일,경상북도 영천시 금호읍,경상사고,0,0,1,0,차대차 - 추돌 - 진행중,안전운전불이행,건조,맑음,단일로 - 기타,이륜,남,46세,경상,승용,남,50세,상해없음
2013090700100239,2013년 9월 7일 11시,토요일,경상북도 경주시 성건동,경상사고,0,0,1,0,차대차 - 기타,안전운전불이행,습기,비,교차로 - 교차로부근,승용,남,75세,상해없음,승용,남,55세,경상
2013090700100240,2013년 9월 7일 11시,토요일,경상북도 영주시 휴천동,중상사고,0,2,0,0,차대차 - 측면직각충돌,안전운전불이행,건조,맑음,교차로 - 교차로안,승용,여,52세,중상,승용,남,55세,중상
2013090700100241,2013년 9월 7일 11시,토요일,경상북도 울진군 울진읍,중상사고,0,1,0,0,차대차 - 측면직각충돌,안전운전불이행,건조,맑음,단일로 - 기타,승용,남,39세,중상,승용,남,50세,상해없음
2013090700100274,2013년 9월 7일 12시,토요일,경상북도 경주시 성건동,경상사고,0,0,1,0,차대차 - 기타,안전운전불이행,건조,맑음,단일로 - 기타,원동기,남,50세,상해없음,자전거,여,21세,경상
2013090700100275,2013년 9월 7일 12시,토요일,경상북도 경주시 하동,중상사고,0,1,2,0,차대차 - 기타,중앙선침범,습기,비,단일로 - 기타,승용,남,26세,상해없음,승용,남,54세,경상
2013090700100276,2013년 9월 7일 12시,토요일,경상북도 경주시 성건동,경상사고,0,0,1,0,차대차 - 기타,안전운전불이행,습기,비,교차로 - 교차로안,승용,남,32세,경상,승용,남,53세,상해없음
2013090700100277,2013년 9월 7일 12시,토요일,경상북도 경주시 동천동,경상사고,0,0,1,0,차대차 - 측면직각충돌,안전운전불이행,습기,비,교차로 - 교차로안,승용,여,32세,상해없음,승용,여,28세,경상
2013090700100278,2013년 9월 7일 12시,토요일,경상북도 포항시 남구 청림동,경상사고,0,0,1,0,차대차 - 기타,불법유턴,습기,비,교차로 - 교차로부근,화물,남,45세,상해없음,승용,여,42세,경상
2013090700100315,2013년 9월 7일 13시,토요일,경상북도 김천시 성내동,경상사고,0,0,1,0,차대차 - 측면직각충돌,안전운전불이행,건조,맑음,교차로 - 교차로부근,승용,여,59세,상해없음,승용,여,46세,경상
2013090700100316,2013년 9월 7일 13시,토요일,경상북도 상주시 냉림동,경상사고,0,0,1,0,차대차 - 기타,안전운전불이행,건조,맑음,단일로 - 기타,승용,여,54세,상해없음,자전거,남,13세,경상
2013090700100317,2013년 9월 7일 13시,토요일,경상북도 영천시 작산동,중상사고,0,2,0,0,차대차 - 기타,안전운전불이행,건조,맑음,단일로 - 기타,화물,남,58세,상해없음,승용,남,56세,중상
2013090700100318,2013년 9월 7일 13시,토요일,경상북도 포항시 남구 장흥동,중상사고,0,1,1,0,차대차 - 측면직각충돌,신호위반,습기,흐림,교차로 - 교차로안,건설기계,남,59세,상해없음,승용,남,59세,경상
2013090700100354,2013년 9월 7일 14시,토요일,경상북도 포항시 북구 죽도동,사망사고,1,0,0,0,차대차 - 측면직각충돌,교차로운행방법위반,건조,맑음,교차로 - 교차로안,화물,남,53세,상해없음,자전거,남,76세,사망
2013090700100355,2013년 9월 7일 14시,토요일,경상북도 청도군 청도읍,사망사고,1,1,0,0,차대차 - 정면충돌,중앙선침범,건조,흐림,단일로 - 기타,화물,남,33세,중상,화물,남,68세,사망
2013090700100356,2013년 9월 7일 14시,토요일,경상북도 구미시 임은동,중상사고,0,2,0,0,차대차 - 측면직각충돌,교차로운행방법위반,건조,맑음,교차로 - 교차로안,승용,남,53세,상해없음,승용,남,49세,중상
2013090700100391,2013년 9월 7일 15시,토요일,경상북도 안동시 정하동,경상사고,0,0,1,0,차대차 - 측면직각충돌,신호위반,건조,맑음,교차로 - 교차로안,건설기계,남,46세,상해없음,승용,여,45세,경상
2013090700100392,2013년 9월 7일 15시,토요일,경상북도 봉화군 춘양면,중상사고,0,1,0,0,차대차 - 기타,안전운전불이행,건조,맑음,교차로 - 교차로안,화물,남,30세,상해없음,승용,남,65세,중상
2013090700100393,2013년 9월 7일 15시,토요일,경상북도 울진군 울진읍,중상사고,0,1,1,0,차대차 - 측면직각충돌,중앙선침범,건조,맑음,단일로 - 기타,화물,남,77세,중상,승용,남,46세,경상
2013090700100394,2013년 9월 7일 15시,토요일,경상북도 청송군 진보면,중상사고,0,1,0,0,차대차 - 기타,직진우회전진행방해,건조,맑음,교차로 - 교차로안,화물,남,45세,상해없음,원동기,여,55세,중상
2013090700100395,2013년 9월 7일 15시,토요일,경상북도 구미시 형곡동,경상사고,0,0,1,0,차대차 - 기타,안전운전불이행,건조,맑음,단일로 - 기타,승용,여,42세,상해없음,이륜,남,29세,경상
2013090700100429,2013년 9월 7일 16시,토요일,경상북도 안동시 당북동,경상사고,0,0,1,0,차대차 - 추돌 - 진행중,안전운전불이행,건조,맑음,단일로 - 기타,이륜,남,17세,상해없음,승용,여,44세,경상
2013090700100430,2013년 9월 7일 16시,토요일,경상북도 의성군 의성읍,중상사고,0,2,1,0,차대차 - 측면직각충돌,안전운전불이행,건조,맑음,기타 - 기타,원동기,여,57세,상해없음,승용,여,50세,경상
2013090700100432,2013년 9월 7일 16시,토요일,경상북도 경산시 옥산동,경상사고,0,0,4,0,차대차 - 기타,직진우회전진행방해,건조,흐림,단일로 - 기타,승용,남,25세,경상,승용,남,32세,경상
2013090700100433,2013년 9월 7일 16시,토요일,경상북도 청송군 청송읍,중상사고,0,1,0,0,차량단독 - 도로외이탈 - 추락,기타,습기,흐림,단일로 - 기타,승합,남,52세,중상,,,,
2013090700100463,2013년 9월 7일 17시,토요일,경상북도 경산시 백천동,경상사고,0,0,1,0,차대사람 - 기타,안전운전불이행,건조,맑음,기타 - 기타,자전거,남,54세,상해없음,보행자,여,43세,경상
2013090700100501,2013년 9월 7일 18시,토요일,경상북도 경주시 동부동,경상사고,0,0,2,0,차대차 - 기타,안전운전불이행,건조,맑음,교차로 - 교차로부근,승용,남,52세,상해없음,승용,여,23세,경상
2013090700100502,2013년 9월 7일 18시,토요일,경상북도 김천시 신음동,중상사고,0,1,0,0,차대차 - 측면직각충돌,안전운전불이행,건조,맑음,단일로 - 기타,승용,남,33세,상해없음,이륜,남,17세,중상
2013090700100503,2013년 9월 7일 18시,토요일,경상북도 영주시 가흥동,중상사고,0,1,0,0,차대차 - 측면직각충돌,기타,건조,맑음,단일로 - 기타,승용,남,52세,상해없음,승용,여,48세,중상
2013090700100539,2013년 9월 7일 19시,토요일,경상북도 봉화군 물야면,경상사고,0,0,1,0,차대차 - 기타,안전운전불이행,건조,맑음,단일로 - 기타,승용,여,64세,상해없음,자전거,남,14세,경상
2013090700100576,2013년 9월 7일 20시,토요일,경상북도 경주시 건천읍,경상사고,0,0,1,0,차대사람 - 기타,기타,건조,맑음,단일로 - 기타,승용,남,31세,상해없음,보행자,남,41세,경상
2013090700100577,2013년 9월 7일 20시,토요일,경상북도 영주시 휴천동,경상사고,0,0,1,0,차대사람 - 횡단중,보행자보호의무위반,건조,맑음,단일로 - 횡단보도상,승용,남,59세,상해없음,보행자,남,63세,경상
2013090700100608,2013년 9월 7일 21시,토요일,경상북도 김천시 대항면,중상사고,0,1,0,0,차대사람 - 기타,안전운전불이행,건조,맑음,단일로 - 기타,승용,남,69세,상해없음,보행자,남,41세,중상
2013090700100609,2013년 9월 7일 21시,토요일,경상북도 상주시 신봉동,사망사고,2,1,1,0,차량단독 - 전도전복,안전운전불이행,건조,맑음,교차로 - 교차로부근,승용,남,45세,사망,,,,
2013090700100610,2013년 9월 7일 21시,토요일,경상북도 경산시 중방동,사망사고,1,0,0,0,차대사람 - 기타,신호위반,건조,맑음,단일로 - 횡단보도상,승용,여,51세,상해없음,보행자,남,60세,사망
2013090700100632,2013년 9월 7일 22시,토요일,경상북도 구미시 원평동,중상사고,0,1,2,0,차대차 - 추돌 - 진행중,안전운전불이행,건조,맑음,단일로 - 기타,승용,남,58세,상해없음,승용,여,35세,중상
2013090700100662,2013년 9월 7일 23시,토요일,경상북도 경주시 동천동,중상사고,0,1,0,0,차대사람 - 기타,보행자보호의무위반,건조,맑음,단일로 - 기타,승용,남,22세,상해없음,보행자,남,56세,중상
2013090700100663,2013년 9월 7일 23시,토요일,경상북도 안동시 송현동,경상사고,0,0,2,0,차대차 - 기타,안전운전불이행,건조,맑음,단일로 - 기타,승용,남,45세,상해없음,승용,남,23세,경상
2013090800100019,2013년 9월 8일 00시,일요일,경상북도 포항시 북구 항구동,경상사고,0,0,1,0,차대차 - 기타,안전운전불이행,건조,맑음,교차로 - 교차로안,승용,여,36세,상해없음,자전거,남,26세,경상
2013090800100020,2013년 9월 8일 00시,일요일,경상북도 구미시 옥계동,중상사고,0,1,0,0,차대차 - 기타,중앙선침범,건조,맑음,단일로 - 기타,승용,남,18세,상해없음,이륜,남,17세,중상
2013090800100036,2013년 9월 8일 01시,일요일,경상북도 경주시 서부동,중상사고,0,1,1,0,차대사람 - 횡단중,안전운전불이행,건조,맑음,교차로 - 교차로안,승용,남,63세,상해없음,보행자,남,32세,중상