사고번호,사고일시,요일,시군구,사고내용,사망자수,중상자수,경상자수,부상신고자수,사고유형,법규위반,노면상태,기상상태,도로형태,가해운전자 차종,가해운전자 성별,가해운전자 연령,가해운전자 상해정도,피해운전자 차종,피해운전자 성별,피해운전자 연령,피해운전자 상해정도
2013091600100652,2013년 9월 16일 20시,월요일,경상북도 영천시 망정동,경상사고,0,0,1,0,차대차 - 기타,중앙선침범,건조,맑음,단일로 - 기타,승합,남,60세,상해없음,승용,남,31세,경상
2013091600100653,2013년 9월 16일 20시,월요일,경상북도 구미시 상모동,경상사고,0,0,1,0,차대차 - 기타,교차로운행방법위반,건조,맑음,교차로 - 교차로안,승용,여,49세,기타불명,자전거,남,51세,경상
2013091600100654,2013년 9월 16일 20시,월요일,경상북도 구미시 형곡동,중상사고,0,1,0,0,차대차 - 기타,안전운전불이행,건조,맑음,기타 - 기타,승용,남,44세,상해없음,이륜,남,16세,중상
2013091600100682,2013년 9월 16일 21시,월요일,경상북도 상주시 함창읍,중상사고,0,2,2,0,차대차 - 추돌 - 진행중,안전운전불이행,건조,맑음,단일로 - 기타,화물,남,45세,상해없음,화물,남,37세,중상
2013091600100713,2013년 9월 16일 22시,월요일,경상북도 안동시 태화동,중상사고,0,1,2,0,차대차 - 추돌 - 진행중,안전운전불이행,건조,맑음,단일로 - 기타,승용,여,33세,중상,승용,여,49세,상해없음
2013091600100714,2013년 9월 16일 22시,월요일,경상북도 칠곡군 석적읍,중상사고,0,1,0,0,차량단독 - 기타,안전운전불이행,건조,맑음,단일로 - 기타,승용,여,40세,상해없음,,,,
2013091600100745,2013년 9월 16일 23시,월요일,경상북도 김천시 부곡동,경상사고,0,0,1,0,차대차 - 측면직각충돌,신호위반,건조,맑음,교차로 - 교차로안,승용,남,52세,상해없음,이륜,남,16세,경상
2013091600100746,2013년 9월 16일 23시,월요일,경상북도 영주시 휴천동,중상사고,0,1,0,0,차대차 - 측면직각충돌,교차로운행방법위반,건조,맑음,교차로 - 교차로안,승합,남,61세,상해없음,원동기,남,19세,중상
2013091600100747,2013년 9월 16일 23시,월요일,경상북도 포항시 남구 대도동,경상사고,0,0,4,0,차대차 - 추돌 - 주정차중,안전운전불이행,건조,맑음,교차로 - 교차로부근,승용,남,39세,상해없음,승용,남,45세,경상
2013091700100013,2013년 9월 17일 00시,화요일,경상북도 경주시 성건동,경상사고,0,0,1,0,차대차 - 기타,중앙선침범,건조,맑음,단일로 - 기타,승용,남,21세,상해없음,원동기,남,17세,경상
2013091700100014,2013년 9월 17일 00시,화요일,경상북도 포항시 남구 해도동,경상사고,0,0,1,0,차대사람 - 기타,안전운전불이행,건조,맑음,교차로 - 교차로안,승용,남,29세,상해없음,보행자,남,36세,경상
2013091700100037,2013년 9월 17일 01시,화요일,경상북도 칠곡군 동명면,부상신고사고,0,0,0,1,차대차 - 기타,안전운전불이행,건조,맑음,단일로 - 기타,기타불명,기타불명,기타불명,기타불명,자전거,남,41세,부상신고
2013091700100049,2013년 9월 17일 02시,화요일,경상북도 경주시 성건동,중상사고,0,1,0,0,차대차 - 기타,안전운전불이행,건조,맑음,교차로 - 교차로안,승용,남,25세,기타불명,원동기,남,40세,중상
2013091700100050,2013년 9월 17일 02시,화요일,경상북도 경주시 황성동,중상사고,0,1,0,0,차대차 - 기타,안전운전불이행,건조,맑음,교차로 - 교차로부근,원동기,남,39세,중상,승용,남,43세,상해없음
2013091700100051,2013년 9월 17일 02시,화요일,경상북도 상주시 화남면,경상사고,0,0,1,0,차량단독 - 공작물충돌,안전운전불이행,건조,맑음,단일로 - 기타,승용,남,46세,경상,,,,
2013091700100080,2013년 9월 17일 05시,화요일,경상북도 봉화군 봉화읍,중상사고,0,1,0,0,차대사람 - 기타,안전운전불이행,건조,맑음,단일로 - 기타,화물,남,44세,상해없음,보행자,남,49세,중상
2013091700100087,2013년 9월 17일 06시,화요일,경상북도 경주시 성건동,중상사고,0,1,0,0,차대사람 - 기타,안전운전불이행,건조,맑음,단일로 - 기타,승용,남,77세,상해없음,보행자,남,69세,중상
2013091700100109,2013년 9월 17일 07시,화요일,경상북도 영주시 하망동,경상사고,0,0,1,0,차대사람 - 기타,안전운전불이행,건조,맑음,교차로 - 교차로안,승합,여,40세,상해없음,보행자,여,72세,경상
2013091700100146,2013년 9월 17일 08시,화요일,경상북도 안동시 옥동,경상사고,0,0,1,0,차대차 - 측면직각충돌,교차로운행방법위반,건조,맑음,교차로 - 교차로안,승용,여,42세,상해없음,건설기계,남,49세,경상
2013091700100147,2013년 9월 17일 08시,화요일,경상북도 칠곡군 가산면,경상사고,0,0,1,0,차대차 - 기타,안전거리미확보,건조,맑음,단일로 - 기타,승용,남,36세,상해없음,승용,남,32세,경상
2013091700100148,2013년 9월 17일 08시,화요일,경상북도 경산시 진량읍,경상사고,0,0,1,0,차대차 - 측면직각충돌,중앙선침범,건조,맑음,단일로 - 기타,승용,남,31세,상해없음,승용,여,38세,경상
2013091700100219,2013년 9월 17일 10시,화요일,경상북도 경산시 하양읍,경상사고,0,0,1,0,차대사람 - 보도통행중,보행자보호의무위반,건조,맑음,단일로 - 횡단보도상,승용,남,73세,상해없음,보행자,여,25세,경상
2013091700100258,2013년 9월 17일 11시,화요일,경상북도 김천시 구성면,경상사고,0,0,1,0,차대차 - 측면직각충돌,교차로운행방법위반,건조,맑음,교차로 - 교차로안,농기계,남,60세,상해없음,이륜,남,47세,경상
2013091700100259,2013년 9월 17일 11시,화요일,경상북도 포항시 남구 대도동,경상사고,0,0,1,0,차대차 - 측면직각충돌,안전운전불이행,건조,맑음,교차로 - 교차로부근,화물,남,32세,상해없음,자전거,남,54세,경상
2013091700100314,2013년 9월 17일 13시,화요일,경상북도 김천시 농소면,중상사고,0,1,2,0,차대차 - 측면직각충돌,안전운전불이행,건조,맑음,단일로 - 기타,화물,남,59세,상해없음,화물,남,47세,경상
2013091700100356,2013년 9월 17일 14시,화요일,경상북도 경주시 안강읍,부상신고사고,0,0,0,1,차량단독 - 공작물충돌,안전운전불이행,건조,맑음,단일로 - 기타,화물,남,60세,부상신고,,,,
2013091700100357,2013년 9월 17일 14시,화요일,경상북도 포항시 북구 흥해읍,중상사고,0,1,0,0,차대차 - 기타,안전운전불이행,건조,맑음,교차로 - 교차로부근,승용,남,55세,상해없음,승용,여,47세,중상
2013091700100358,2013년 9월 17일 14시,화요일,경상북도 포항시 북구 대흥동,경상사고,0,0,1,0,차대사람 - 기타,안전운전불이행,건조,맑음,기타 - 기타,승용,여,20세,상해없음,보행자,여,33세,경상
2013091700100359,2013년 9월 17일 14시,화요일,경상북도 영주시 봉현면,중상사고,0,1,1,0,차대차 - 정면충돌,안전운전불이행,건조,맑음,단일로 - 기타,승용,남,46세,중상,승용,남,31세,경상
2013091700100360,2013년 9월 17일 14시,화요일,경상북도 경산시 옥산동,중상사고,0,1,0,0,차대차 - 측면직각충돌,안전거리미확보,건조,맑음,단일로 - 기타,승용,남,67세,상해없음,이륜,남,36세,중상
2013091700100361,2013년 9월 17일 14시,화요일,경상북도 예천군 풍양면,경상사고,0,0,1,0,차대차 - 기타,안전운전불이행,건조,맑음,교차로 - 교차로부근,이륜,남,64세,경상,승합,남,46세,상해없음
2013091700100362,2013년 9월 17일 14시,화요일,경상북도 구미시 공단동,중상사고,0,1,0,0,차대차 - 기타,안전운전불이행,건조,맑음,단일로 - 기타,화물,남,55세,상해없음,승용,남,42세,중상
2013091700100400,2013년 9월 17일 15시,화요일,경상북도 포항시 북구 장성동,경상사고,0,0,4,0,차대차 - 기타,교차로운행방법위반,건조,맑음,교차로 - 교차로안,승용,여,28세,상해없음,승용,남,42세,경상
2013091700100401,2013년 9월 17일 15시,화요일,경상북도 칠곡군 북삼읍,중상사고,0,1,1,0,차대차 - 기타,안전운전불이행,건조,맑음,단일로 - 기타,승용,남,18세,상해없음,화물,남,44세,중상
2013091700100402,2013년 9월 17일 15시,화요일,경상북도 영천시 금호읍,중상사고,0,1,1,0,차대차 - 추돌 - 주정차중,안전운전불이행,건조,맑음,교차로 - 교차로안,승합,남,43세,상해없음,화물,남,50세,중상
2013091700100403,2013년 9월 17일 15시,화요일,경상북도 경산시 남산면,중상사고,0,1,0,0,차대차 - 기타,교차로운행방법위반,건조,맑음,교차로 - 교차로안,승용,여,51세,상해없음,원동기,여,64세,중상
2013091700100448,2013년 9월 17일 16시,화요일,경상북도 경주시 성건동,경상사고,0,0,2,0,차대차 - 측면직각충돌,안전거리미확보,건조,맑음,교차로 - 교차로부근,화물,남,61세,상해없음,승용,여,44세,경상
2013091700100449,2013년 9월 17일 16시,화요일,경상북도 김천시 남산동,경상사고,0,0,1,0,차대차 - 측면직각충돌,교차로운행방법위반,건조,맑음,교차로 - 교차로안,화물,남,58세,상해없음,이륜,여,56세,경상
2013091700100450,2013년 9월 17일 16시,화요일,경상북도 상주시 화서면,중상사고,0,1,0,0,차대차 - 기타,안전운전불이행,건조,맑음,교차로 - 교차로안,화물,남,53세,상해없음,이륜,남,74세,중상
2013091700100451,2013년 9월 17일 16시,화요일,경상북도 구미시 형곡동,경상사고,0,0,2,0,차대차 - 기타,안전거리미확보,건조,맑음,교차로 - 교차로부근,화물,남,52세,상해없음,승용,남,33세,경상
2013091700100452,2013년 9월 17일 16시,화요일,경상북도 구미시 도량동,중상사고,0,2,0,0,차대차 - 기타,안전운전불이행,건조,맑음,교차로 - 교차로부근,승용,남,28세,상해없음,승용,여,66세,중상
2013091700100508,2013년 9월 17일 17시,화요일,경상북도 김천시 삼락동,경상사고,0,0,1,0,차대차 - 측면직각충돌,안전운전불이행,건조,맑음,단일로 - 기타,이륜,남,24세,경상,승용,남,37세,상해없음
2013091700100509,2013년 9월 17일 17시,화요일,경상북도 상주시 신봉동,중상사고,0,1,0,0,차대사람 - 횡단중,안전운전불이행,건조,맑음,단일로 - 횡단보도상,이륜,남,51세,상해없음,보행자,여,49세,중상
2013091700100510,2013년 9월 17일 17시,화요일,경상북도 구미시 인의동,중상사고,0,1,0,0,차대차 - 기타,직진우회전진행방해,건조,맑음,교차로 - 교차로안,승용,남,30세,상해없음,이륜,남,21세,중상
2013091700100550,2013년 9월 17일 18시,화요일,경상북도 경주시 성건동,중상사고,0,2,0,0,차대사람 - 기타,신호위반,건조,맑음,교차로 - 교차로부근,승용,남,73세,상해없음,보행자,남,23세,중상
2013091700100551,2013년 9월 17일 18시,화요일,경상북도 영주시 상망동,경상사고,0,0,4,0,차량단독 - 공작물충돌,안전운전불이행,건조,맑음,단일로 - 기타,승용,남,38세,경상,,,,
2013091700100552,2013년 9월 17일 18시,화요일,경상북도 구미시 거의동,중상사고,0,1,0,0,차대차 - 기타,안전운전불이행,건조,맑음,교차로 - 교차로부근,승용,여,43세,상해없음,자전거,남,24세,중상
2013091700100553,2013년 9월 17일 18시,화요일,경상북도 포항시 남구 대도동,부상신고사고,0,0,0,1,차대차 - 측면직각충돌,안전운전불이행,건조,맑음,교차로 - 교차로부근,이륜,남,33세,부상신고,승용,남,30세,상해없음
2013091700100605,2013년 9월 17일 19시,화요일,경상북도 경주시 강동면,중상사고,0,1,0,0,차대차 - 기타,안전운전불이행,건조,맑음,교차로 - 교차로안,승용,남,57세,상해없음,이륜,여,23세,중상
2013091700100606,2013년 9월 17일 19시,화요일,경상북도 포항시 북구 득량동,경상사고,0,0,5,0,차대차 - 기타,안전운전불이행,건조,맑음,단일로 - 횡단보도부근,승용,남,20세,상해없음,승용,남,29세,경상
2013091700100607,2013년 9월 17일 19시,화요일,경상북도 안동시 당북동,경상사고,0,0,1,2,차대차 - 추돌 - 주정차중,안전운전불이행,건조,맑음,단일로 - 기타,승용,남,65세,상해없음,승용,남,32세,경상
2013091700100608,2013년 9월 17일 19시,화요일,경상북도 상주시 남성동,경상사고,0,0,1,0,차대사람 - 기타,안전운전불이행,건조,맑음,단일로 - 기타,원동기,남,24세,상해없음,보행자,남,8세,경상
2013091700100609,2013년 9월 17일 19시,화요일,경상북도 영주시 휴천동,경상사고,0,0,1,0,차대차 - 측면직각충돌,안전운전불이행,건조,맑음,교차로 - 교차로안,이륜,남,17세,상해없음,자전거,여,65세,경상
2013091700100610,2013년 9월 17일 19시,화요일,경상북도 군위군 효령면,사망사고,1,1,0,0,차대사람 - 횡단중,안전운전불이행,건조,흐림,단일로 - 기타,승용,남,43세,상해없음,보행자,여,61세,사망
2013091700100662,2013년 9월 17일 20시,화요일,경상북도 경주시 용강동,경상사고,0,0,1,0,차대차 - 추돌 - 진행중,안전운전불이행,건조,맑음,단일로 - 기타,화물,남,26세,상해없음,승용,여,26세,상해없음
2013091700100691,2013년 9월 17일 21시,화요일,경상북도 포항시 북구 우현동,경상사고,0,0,1,0,차대차 - 기타,안전운전불이행,건조,맑음,교차로 - 교차로안,승용,여,42세,상해없음,승용,여,52세,경상
2013091700100692,2013년 9월 17일 21시,화요일,경상북도 안동시 북문동,경상사고,0,0,1,0,차대차 - 기타,안전운전불이행,건조,맑음,단일로 - 기타,승용,남,36세,상해없음,승용,여,21세,경상
2013091700100693,2013년 9월 17일 21시,화요일,경상북도 칠곡군 약목면,경상사고,0,0,1,0,차대차 - 추돌 - 진행중,안전운전불이행,건조,맑음,단일로 - 기타,승용,남,38세,상해없음,승용,남,50세,경상
2013091700100694,2013년 9월 17일 21시,화요일,경상북도 포항시 남구 상도동,경상사고,0,0,2,0,차대차 - 측면직각충돌,신호위반,건조,맑음,교차로 - 교차로안,화물,남,51세,상해없음,승합,남,40세,경상
2013091700100726,2013년 9월 17일 22시,화요일,경상북도 경주시 시래동,부상신고사고,0,0,0,1,차대차 - 측면직각충돌,안전운전불이행,건조,맑음,기타 - 기타,원동기,남,25세,부상신고,승용,여,48세,상해없음
2013091700100727,2013년 9월 17일 22시,화요일,경상북도 포항시 북구 장성동,중상사고,0,2,0,0,차대차 - 기타,중앙선침범,건조,맑음,단일로 - 기타,승용,남,40세,상해없음,승용,여,47세,중상
2013091700100750,2013년 9월 17일 23시,화요일,경상북도 김천시 평화동,경상사고,0,0,1,0,차대차 - 측면직각충돌,교차로운행방법위반,건조,맑음,교차로 - 교차로안,승용,여,38세,상해없음,이륜,남,19세,경상
2013091800100014,2013년 9월 18일 00시,수요일,경상북도 포항시 북구 죽도동,중상사고,0,2,0,0,차대차 - 추돌 - 주정차중,안전운전불이행,건조,맑음,교차로 - 교차로부근,승용,남,27세,상해없음,승용,남,45세,중상
2013091800100015,2013년 9월 18일 00시,수요일,경상북도 경산시 중방동,중상사고,0,1,0,0,차대차 - 기타,교차로운행방법위반,건조,맑음,교차로 - 교차로안,승용,남,42세,상해없음,이륜,남,18세,중상
2013091800100016,2013년 9월 18일 00시,수요일,경상북도 경산시 진량읍,중상사고,0,1,0,0,차대차 - 기타,신호위반,건조,맑음,교차로 - 교차로안,원동기,남,27세,상해없음,승용,남,40세,상해없음
2013091800100017,2013년 9월 18일 00시,수요일,경상북도 영덕군 강구면,중상사고,0,1,0,0,차대사람 - 기타,안전운전불이행,건조,맑음,단일로 - 기타,승용,여,31세,상해없음,보행자,여,54세,중상
2013091800100037,2013년 9월 18일 01시,수요일,경상북도 포항시 북구 청하면,중상사고,0,1,0,0,차량단독 - 공작물충돌,안전운전불이행,건조,맑음,단일로 - 기타,승용,남,40세,중상,,,,
2013091800100038,2013년 9월 18일 01시,수요일,경상북도 구미시 원평동,중상사고,0,1,0,0,차대차 - 기타,직진우회전진행방해,건조,맑음,교차로 - 교차로안,승용,남,27세,상해없음,이륜,남,34세,중상
2013091800100058,2013년 9월 18일 02시,수요일,경상북도 영천시 대전동,경상사고,0,0,1,0,차대차 - 기타,안전운전불이행,건조,기타,기타 - 기타,승용,여,40세,상해없음,승용,남,29세,경상
2013091800100072,2013년 9월 18일 03시,수요일,경상북도 경주시 황성동,중상사고,0,1,0,0,차대차 - 측면직각충돌,신호위반,건조,맑음,교차로 - 교차로부근,화물,남,50세,상해없음,승용,남,30세,중상
2013091800100091,2013년 9월 18일 04시,수요일,경상북도 포항시 북구 죽도동,경상사고,0,0,1,0,차대사람 - 횡단중,안전운전불이행,건조,맑음,단일로 - 기타,승용,남,56세,상해없음,보행자,여,25세,경상
2013091800100118,2013년 9월 18일 06시,수요일,경상북도 포항시 남구 구룡포읍,사망사고,1,1,0,0,차량단독 - 공작물충돌,안전운전불이행,건조,맑음,미분류 - 미분류,승용,남,28세,중상,,,,
2013091800100128,2013년 9월 18일 07시,수요일,경상북도 구미시 봉곡동,중상사고,0,1,0,0,차대차 - 측면직각충돌,신호위반,건조,맑음,교차로 - 교차로안,승용,남,53세,상해없음,승용,남,49세,중상
2013091800100145,2013년 9월 18일 08시,수요일,경상북도 경주시 안강읍,사망사고,1,0,0,0,차량단독 - 공작물충돌,안전운전불이행,건조,맑음,단일로 - 기타,원동기,남,21세,사망,,,,
2013091800100146,2013년 9월 18일 08시,수요일,경상북도 영천시 도림동,부상신고사고,0,0,0,1,차량단독 - 공작물충돌,안전운전불이행,건조,맑음,단일로 - 기타,화물,남,65세,부상신고,,,,
2013091800100168,2013년 9월 18일 09시,수요일,경상북도 상주시 남성동,중상사고,0,1,0,0,차대사람 - 기타,안전운전불이행,건조,맑음,교차로 - 교차로안,화물,남,58세,상해없음,보행자,여,54세,중상
2013091800100169,2013년 9월 18일 09시,수요일,경상북도 문경시 흥덕동,경상사고,0,0,1,0,차대사람 - 보도통행중,보행자보호의무위반,건조,맑음,교차로 - 교차로부근,화물,남,58세,상해없음,보행자,남,54세,경상
2013091800100170,2013년 9월 18일 09시,수요일,경상북도 봉화군 소천면,중상사고,0,1,2,0,차대차 - 추돌 - 진행중,안전거리미확보,건조,맑음,단일로 - 기타,화물,남,58세,상해없음,승용,여,45세,경상
2013091800100192,2013년 9월 18일 10시,수요일,경상북도 안동시 운안동,부상신고사고,0,0,0,1,차대차 - 기타,신호위반,건조,맑음,단일로 - 횡단보도상,자전거,남,46세,부상신고,승용,남,51세,상해없음
2013091800100226,2013년 9월 18일 11시,수요일,경상북도 경산시 중방동,경상사고,0,0,1,0,차대사람 - 횡단중,보행자보호의무위반,건조,맑음,단일로 - 횡단보도상,승용,남,64세,상해없음,보행자,남,86세,경상
2013091800100227,2013년 9월 18일 11시,수요일,경상북도 영덕군 영해면,중상사고,0,1,0,0,차대차 - 기타,직진우회전진행방해,건조,맑음,교차로 - 교차로안,승용,남,43세,상해없음,이륜,남,48세,중상
2013091800100228,2013년 9월 18일 11시,수요일,경상북도 청도군 화양읍,중상사고,0,1,2,0,차대차 - 추돌 - 주정차중,안전운전불이행,건조,맑음,교차로 - 교차로안,승용,남,52세,상해없음,승용,여,49세,경상
2013091800100229,2013년 9월 18일 11시,수요일,경상북도 청송군 현서면,중상사고,0,2,0,0,차대차 - 측면직각충돌,교차로운행방법위반,건조,맑음,교차로 - 교차로안,승용,남,23세,상해없음,승용,남,70세,중상
2013091800100230,2013년 9월 18일 11시,수요일,경상북도 구미시 인의동,경상사고,0,0,1,0,차대사람 - 기타,안전운전불이행,건조,맑음,단일로 - 기타,승용,여,32세,상해없음,보행자,남,30세,경상
2013091800100257,2013년 9월 18일 12시,수요일,경상북도 안동시 옥야동,경상사고,0,0,1,0,차대차 - 기타,안전운전불이행,건조,맑음,단일로 - 기타,이륜,남,16세,경상,승용,남,50세,상해없음
2013091800100258,2013년 9월 18일 12시,수요일,경상북도 안동시 풍산읍,경상사고,0,0,1,0,차대차 - 기타,안전운전불이행,건조,맑음,단일로 - 기타,승용,남,34세,상해없음,승용,남,46세,상해없음
2013091800100277,2013년 9월 18일 13시,수요일,경상북도 포항시 북구 죽도동,경상사고,0,0,2,0,차대차 - 측면직각충돌,교차로운행방법위반,건조,맑음,교차로 - 교차로안,승용,남,58세,상해없음,승용,남,38세,경상
2013091800100278,2013년 9월 18일 13시,수요일,경상북도 경산시 사정동,중상사고,0,1,0,0,차대차 - 측면직각충돌,안전운전불이행,건조,맑음,단일로 - 횡단보도상,승용,남,57세,상해없음,자전거,여,34세,중상
2013091800100279,2013년 9월 18일 13시,수요일,경상북도 포항시 남구 장기면,중상사고,0,1,0,0,차대사람 - 횡단중,안전운전불이행,건조,맑음,단일로 - 기타,승용,남,39세,상해없음,보행자,남,54세,중상
2013091800100307,2013년 9월 18일 14시,수요일,경상북도 영주시 가흥동,중상사고,0,1,0,0,차대차 - 측면직각충돌,교차로운행방법위반,건조,맑음,교차로 - 교차로안,승용,남,30세,상해없음,원동기,남,47세,중상
2013091800100308,2013년 9월 18일 14시,수요일,경상북도 영천시 완산동,경상사고,0,0,1,0,차대차 - 기타,안전운전불이행,건조,맑음,단일로 - 기타,화물,남,40세,상해없음,승용,남,63세,경상
2013091800100309,2013년 9월 18일 14시,수요일,경상북도 영양군 석보면,중상사고,0,3,1,0,차대차 - 정면충돌,중앙선침범,건조,맑음,단일로 - 기타,화물,남,61세,중상,승용,여,47세,경상
2013091800100310,2013년 9월 18일 14시,수요일,경상북도 구미시 도량동,경상사고,0,0,1,0,차대사람 - 횡단중,안전운전불이행,건조,맑음,교차로 - 교차로안,승용,기타불명,기타불명,기타불명,보행자,남,5세,경상
2013091800100311,2013년 9월 18일 14시,수요일,경상북도 구미시 장천면,경상사고,0,0,1,0,차대차 - 기타,안전거리미확보,건조,맑음,단일로 - 기타,승합,남,41세,상해없음,승용,남,24세,경상
2013091800100340,2013년 9월 18일 15시,수요일,경상북도 예천군 개포면,중상사고,0,4,0,0,차량단독 - 도로외이탈 - 기타,안전운전불이행,건조,맑음,단일로 - 기타,승용,남,20세,중상,,,,
2013091800100386,2013년 9월 18일 17시,수요일,경상북도 경주시 외동읍,부상신고사고,0,0,0,2,차대차 - 기타,안전운전불이행,건조,맑음,단일로 - 기타,승용,남,55세,상해없음,원동기,여,37세,부상신고
2013091800100387,2013년 9월 18일 17시,수요일,경상북도 경주시 감포읍,사망사고,2,0,0,0,차량단독 - 기타,안전운전불이행,건조,맑음,단일로 - 기타,승용,여,52세,사망,,,,
2013091800100388,2013년 9월 18일 17시,수요일,경상북도 포항시 북구 장성동,경상사고,0,0,2,0,차대차 - 측면직각충돌,교차로운행방법위반,건조,맑음,교차로 - 교차로안,승용,남,55세,경상,승용,남,30세,경상
2013091800100389,2013년 9월 18일 17시,수요일,경상북도 의성군 안계면,중상사고,0,1,0,0,차대차 - 측면직각충돌,안전운전불이행,건조,맑음,단일로 - 기타,이륜,남,72세,중상,승용,여,50세,상해없음
2013091800100408,2013년 9월 18일 18시,수요일,경상북도 포항시 북구 대신동,중상사고,0,1,0,0,차대차 - 기타,신호위반,건조,맑음,교차로 - 교차로부근,승용,남,54세,상해없음,자전거,남,63세,중상
2013091800100409,2013년 9월 18일 18시,수요일,경상북도 문경시 가은읍,경상사고,0,0,1,0,차대사람 - 횡단중,안전운전불이행,건조,맑음,단일로 - 기타,화물,남,60세,상해없음,보행자,여,6세,경상
2013091800100434,2013년 9월 18일 19시,수요일,경상북도 경주시 충효동,경상사고,0,0,1,0,차대차 - 측면직각충돌,안전운전불이행,건조,맑음,교차로 - 교차로안,승용,남,54세,상해없음,승용,남,42세,상해없음
2013091800100435,2013년 9월 18일 19시,수요일,경상북도 경산시 중방동,중상사고,0,1,0,0,차대사람 - 횡단중,안전운전불이행,건조,맑음,교차로 - 교차로안,승용,남,50세,상해없음,보행자,여,63세,중상
2013091800100436,2013년 9월 18일 19시,수요일,경상북도 구미시 공단동,경상사고,0,0,1,0,차대사람 - 기타,기타,건조,맑음,단일로 - 기타,승용,남,51세,상해없음,보행자,여,5세,경상
2013091800100459,2013년 9월 18일 20시,수요일,경상북도 김천시 아포읍,부상신고사고,0,0,0,1,차량단독 - 기타,안전운전불이행,건조,맑음,단일로 - 기타,이륜,남,58세,부상신고,,,,
2013091800100460,2013년 9월 18일 20시,수요일,경상북도 포항시 남구 이동,중상사고,0,1,0,0,차대차 - 측면직각충돌,안전운전불이행,건조,맑음,단일로 - 기타,이륜,남,20세,중상,승용,남,56세,상해없음
2013091800100477,2013년 9월 18일 21시,수요일,경상북도 상주시 낙동면,중상사고,0,1,0,0,차대차 - 추돌 - 주정차중,안전운전불이행,건조,맑음,단일로 - 기타,이륜,남,18세,중상,승용,남,42세,상해없음
2013091800100478,2013년 9월 18일 21시,수요일,경상북도 칠곡군 지천면,경상사고,0,0,1,0,차대차 - 추돌 - 주정차중,안전운전불이행,건조,맑음,기타 - 기타,승용,남,44세,경상,승용,남,37세,상해없음
2013091800100492,2013년 9월 18일 22시,수요일,경상북도 안동시 옥동,중상사고,0,1,4,0,차대차 - 추돌 - 주정차중,안전운전불이행,건조,맑음,교차로 - 교차로부근,승용,남,61세,상해없음,승용,남,32세,경상
2013091800100493,2013년 9월 18일 22시,수요일,경상북도 안동시 옥동,경상사고,0,0,1,0,차량단독 - 기타,안전운전불이행,건조,맑음,기타 - 기타,승용,남,40세,상해없음,,,,
2013091800100494,2013년 9월 18일 22시,수요일,경상북도 상주시 서문동,경상사고,0,0,1,0,차대차 - 기타,안전운전불이행,건조,맑음,교차로 - 교차로부근,승용,남,57세,상해없음,승용,남,26세,경상
2013091800100514,2013년 9월 18일 23시,수요일,경상북도 포항시 북구 우현동,경상사고,0,0,6,0,차대차 - 측면직각충돌,안전운전불이행,건조,맑음,단일로 - 기타,승용,남,51세,상해없음,승용,남,60세,경상
2013091800100515,2013년 9월 18일 23시,수요일,경상북도 경산시 옥산동,경상사고,0,0,1,0,차대차 - 추돌 - 주정차중,안전운전불이행,건조,맑음,단일로 - 기타,승용,남,22세,상해없음,원동기,남,19세,경상
2013091900100007,2013년 9월 19일 00시,목요일,경상북도 경주시 황성동,부상신고사고,0,0,0,1,차대차 - 기타,안전운전불이행,건조,맑음,단일로 - 기타,승용,남,31세,부상신고,승용,남,59세,기타불명
2013091900100008,2013년 9월 19일 00시,목요일,경상북도 포항시 북구 죽도동,경상사고,0,0,1,0,차대차 - 정면충돌,안전운전불이행,건조,맑음,단일로 - 기타,승용,남,30세,상해없음,승용,남,42세,경상
2013091900100024,2013년 9월 19일 01시,목요일,경상북도 청도군 청도읍,경상사고,0,0,1,0,차량단독 - 기타,안전운전불이행,건조,맑음,단일로 - 기타,이륜,남,18세,경상,,,,
2013091900100031,2013년 9월 19일 02시,목요일,경상북도 구미시 송정동,경상사고,0,0,1,0,차대차 - 정면충돌,안전운전불이행,건조,맑음,단일로 - 기타,승용,남,21세,상해없음,자전거,여,54세,경상
2013091900100042,2013년 9월 19일 05시,목요일,경상북도 포항시 북구 죽도동,경상사고,0,0,1,0,차대차 - 측면직각충돌,차로위반,건조,맑음,단일로 - 기타,승용,남,64세,상해없음,승용,남,57세,경상
2013091900100056,2013년 9월 19일 07시,목요일,경상북도 경주시 동천동,중상사고,0,1,0,0,차대사람 - 기타,보행자보호의무위반,건조,맑음,단일로 - 횡단보도상,승용,남,31세,상해없음,보행자,남,68세,중상
2013091900100084,2013년 9월 19일 09시,목요일,경상북도 포항시 남구 해도동,경상사고,0,0,1,0,차량단독 - 기타,기타,건조,맑음,교차로 - 교차로부근,승용,남,47세,상해없음,,,,
2013091900100095,2013년 9월 19일 10시,목요일,경상북도 안동시 임하면,중상사고,0,2,2,0,차대차 - 추돌 - 진행중,안전거리미확보,건조,맑음,단일로 - 기타,승용,남,24세,중상,승용,남,56세,상해없음
2013091900100107,2013년 9월 19일 11시,목요일,경상북도 포항시 북구 흥해읍,경상사고,0,0,2,0,차대차 - 추돌 - 주정차중,안전운전불이행,건조,맑음,단일로 - 기타,승용,남,21세,상해없음,승용,여,48세,경상
2013091900100108,2013년 9월 19일 11시,목요일,경상북도 김천시 아포읍,경상사고,0,0,2,0,차대차 - 추돌 - 진행중,안전운전불이행,건조,맑음,단일로 - 기타,승용,남,32세,상해없음,승용,여,45세,경상