사고번호,사고일시,요일,시군구,사고내용,사망자수,중상자수,경상자수,부상신고자수,사고유형,법규위반,노면상태,기상상태,도로형태,가해운전자 차종,가해운전자 성별,가해운전자 연령,가해운전자 상해정도,피해운전자 차종,피해운전자 성별,피해운전자 연령,피해운전자 상해정도
2013092200100230,2013년 9월 22일 15시,일요일,경상북도 경산시 삼북동,중상사고,0,1,0,0,차대차 - 측면직각충돌,안전운전불이행,건조,맑음,교차로 - 교차로안,화물,여,46세,상해없음,자전거,여,51세,중상
2013092200100295,2013년 9월 22일 18시,일요일,경상북도 문경시 문경읍,경상사고,0,0,1,0,차대차 - 측면직각충돌,교차로운행방법위반,건조,흐림,교차로 - 교차로안,화물,남,58세,상해없음,이륜,여,53세,경상
2013092200100322,2013년 9월 22일 19시,일요일,경상북도 영천시 금호읍,경상사고,0,0,4,0,차대차 - 기타,안전운전불이행,건조,맑음,교차로 - 교차로부근,승합,남,48세,상해없음,승용,남,30세,경상
2013092200100323,2013년 9월 22일 19시,일요일,경상북도 구미시 옥계동,중상사고,0,1,0,0,차대차 - 측면직각충돌,안전운전불이행,건조,맑음,단일로 - 기타,승용,남,37세,상해없음,이륜,남,16세,중상
2013092200100349,2013년 9월 22일 20시,일요일,경상북도 경산시 계양동,중상사고,0,1,2,0,차대차 - 측면직각충돌,중앙선침범,건조,맑음,단일로 - 기타,원동기,남,25세,경상,승용,남,32세,경상
2013092200100350,2013년 9월 22일 20시,일요일,경상북도 포항시 남구 대도동,경상사고,0,0,1,0,차대차 - 기타,안전운전불이행,건조,맑음,단일로 - 기타,승용,남,51세,상해없음,이륜,남,32세,경상
2013092200100367,2013년 9월 22일 21시,일요일,경상북도 구미시 옥계동,중상사고,0,1,0,0,차대사람 - 횡단중,안전운전불이행,건조,맑음,교차로 - 교차로부근,승용,남,38세,상해없음,보행자,남,18세,중상
2013092200100382,2013년 9월 22일 22시,일요일,경상북도 경주시 동천동,부상신고사고,0,0,0,1,차대차 - 기타,안전운전불이행,건조,맑음,단일로 - 기타,승용,남,49세,상해없음,승용,남,37세,상해없음
2013092300100042,2013년 9월 23일 05시,월요일,경상북도 영주시 이산면,사망사고,1,1,0,0,차대차 - 추돌 - 진행중,과속,습기,안개,단일로 - 교량,화물,남,57세,중상,화물,남,58세,사망
2013092300100120,2013년 9월 23일 08시,월요일,경상북도 포항시 북구 덕산동,경상사고,0,0,1,0,차대차 - 기타,안전운전불이행,건조,맑음,교차로 - 교차로부근,승용,남,38세,상해없음,자전거,남,80세,경상
2013092300100121,2013년 9월 23일 08시,월요일,경상북도 영천시 북안면,중상사고,0,1,0,0,차대사람 - 기타,안전운전불이행,건조,맑음,단일로 - 기타,승용,여,53세,상해없음,보행자,여,68세,중상
2013092300100151,2013년 9월 23일 09시,월요일,경상북도 포항시 북구 우현동,경상사고,0,0,3,0,차대차 - 기타,신호위반,건조,맑음,교차로 - 교차로안,승용,남,56세,경상,승용,여,29세,경상
2013092300100152,2013년 9월 23일 09시,월요일,경상북도 안동시 운흥동,경상사고,0,0,1,0,차대차 - 측면직각충돌,신호위반,건조,맑음,교차로 - 교차로안,승용,남,66세,상해없음,승용,여,49세,경상
2013092300100153,2013년 9월 23일 09시,월요일,경상북도 상주시 남성동,중상사고,0,1,0,0,차대차 - 기타,안전운전불이행,건조,맑음,교차로 - 교차로안,승용,남,76세,중상,승용,여,29세,상해없음
2013092300100154,2013년 9월 23일 09시,월요일,경상북도 영주시 휴천동,경상사고,0,0,1,0,차대차 - 추돌 - 진행중,안전운전불이행,건조,맑음,교차로 - 교차로안,승합,남,36세,경상,승용,남,39세,상해없음
2013092300100155,2013년 9월 23일 09시,월요일,경상북도 구미시 원평동,중상사고,0,1,0,0,차대차 - 기타,교차로운행방법위반,건조,맑음,교차로 - 교차로안,화물,남,54세,상해없음,자전거,남,70세,중상
2013092300100208,2013년 9월 23일 11시,월요일,경상북도 안동시 당북동,중상사고,0,2,1,0,차대차 - 측면직각충돌,안전운전불이행,건조,맑음,교차로 - 교차로부근,승용,여,45세,경상,원동기,남,70세,중상
2013092300100209,2013년 9월 23일 11시,월요일,경상북도 영주시 상망동,경상사고,0,0,1,0,차대차 - 기타,안전운전불이행,건조,맑음,교차로 - 교차로부근,화물,남,67세,상해없음,자전거,남,94세,경상
2013092300100237,2013년 9월 23일 12시,월요일,경상북도 경주시 동천동,중상사고,0,1,0,0,차대사람 - 기타,중앙선침범,건조,맑음,단일로 - 기타,자전거,기타불명,기타불명,기타불명,보행자,여,86세,중상
2013092300100238,2013년 9월 23일 12시,월요일,경상북도 구미시 산동면,중상사고,0,2,0,0,차대차 - 기타,직진우회전진행방해,건조,맑음,교차로 - 교차로안,승용,남,27세,중상,승용,남,43세,중상
2013092300100265,2013년 9월 23일 13시,월요일,경상북도 문경시 문경읍,경상사고,0,0,1,0,차대차 - 추돌 - 진행중,중앙선침범,건조,맑음,단일로 - 기타,화물,여,63세,상해없음,이륜,남,81세,경상
2013092300100266,2013년 9월 23일 13시,월요일,경상북도 구미시 도량동,중상사고,0,1,0,0,차대차 - 기타,교차로운행방법위반,건조,맑음,교차로 - 교차로안,승용,여,49세,상해없음,원동기,남,18세,중상
2013092300100291,2013년 9월 23일 14시,월요일,경상북도 안동시 송천동,경상사고,0,0,1,0,차대사람 - 기타,안전운전불이행,건조,맑음,기타 - 기타,화물,남,68세,상해없음,보행자,남,56세,경상
2013092300100292,2013년 9월 23일 14시,월요일,경상북도 청도군 화양읍,경상사고,0,0,1,0,차대사람 - 기타,안전운전불이행,건조,맑음,교차로 - 교차로안,화물,남,65세,상해없음,보행자,여,73세,경상
2013092300100386,2013년 9월 23일 17시,월요일,경상북도 김천시 어모면,경상사고,0,0,3,0,차대차 - 측면직각충돌,교차로운행방법위반,건조,맑음,교차로 - 교차로안,승용,남,26세,경상,특수,남,42세,경상
2013092300100417,2013년 9월 23일 18시,월요일,경상북도 경주시 서부동,부상신고사고,0,0,0,1,차대사람 - 기타,안전운전불이행,건조,맑음,단일로 - 기타,승용,여,45세,상해없음,보행자,남,21세,부상신고
2013092300100418,2013년 9월 23일 18시,월요일,경상북도 경주시 성건동,중상사고,0,1,0,0,차량단독 - 공작물충돌,안전운전불이행,건조,맑음,교차로 - 교차로부근,승합,남,26세,중상,,,,
2013092300100419,2013년 9월 23일 18시,월요일,경상북도 경산시 사정동,경상사고,0,0,1,0,차대사람 - 기타,안전운전불이행,건조,맑음,단일로 - 기타,승용,남,71세,상해없음,보행자,여,17세,경상
2013092300100420,2013년 9월 23일 18시,월요일,경상북도 울진군 후포면,부상신고사고,0,0,0,1,차대차 - 기타,안전운전불이행,건조,맑음,단일로 - 기타,자전거,남,90세 이상,부상신고,승용,남,68세,상해없음
2013092300100456,2013년 9월 23일 19시,월요일,경상북도 김천시 아포읍,중상사고,0,1,0,0,차대차 - 측면직각충돌,교차로운행방법위반,건조,맑음,교차로 - 교차로안,화물,남,56세,상해없음,승용,남,32세,중상
2013092300100457,2013년 9월 23일 19시,월요일,경상북도 구미시 해평면,중상사고,0,1,0,0,차대차 - 기타,안전운전불이행,건조,맑음,단일로 - 기타,화물,남,70세,상해없음,자전거,여,70세,중상
2013092300100479,2013년 9월 23일 20시,월요일,경상북도 경산시 평산동,경상사고,0,0,2,0,차대차 - 기타,안전운전불이행,건조,맑음,교차로 - 교차로안,승용,남,21세,경상,승용,남,21세,경상
2013092300100504,2013년 9월 23일 21시,월요일,경상북도 구미시 봉곡동,중상사고,0,1,0,0,차대사람 - 기타,안전운전불이행,건조,맑음,교차로 - 교차로안,승용,남,41세,상해없음,보행자,여,41세,중상
2013092300100522,2013년 9월 23일 22시,월요일,경상북도 영천시 금호읍,사망사고,1,0,0,0,차대차 - 추돌 - 진행중,안전운전불이행,건조,맑음,단일로 - 기타,화물,남,39세,상해없음,자전거,남,32세,사망
2013092300100535,2013년 9월 23일 23시,월요일,경상북도 구미시 봉곡동,중상사고,0,2,0,0,차대사람 - 기타,안전운전불이행,건조,맑음,단일로 - 기타,원동기,남,19세,중상,보행자,남,16세,중상
2013092400100020,2013년 9월 24일 01시,화요일,경상북도 구미시 임은동,사망사고,1,0,0,0,차량단독 - 공작물충돌,안전운전불이행,건조,맑음,단일로 - 기타,화물,남,39세,사망,,,,
2013092400100037,2013년 9월 24일 03시,화요일,경상북도 칠곡군 왜관읍,경상사고,0,0,1,0,차대차 - 기타,교차로운행방법위반,건조,맑음,교차로 - 교차로안,화물,남,55세,상해없음,승용,남,34세,경상
2013092400100038,2013년 9월 24일 03시,화요일,경상북도 포항시 남구 대잠동,중상사고,0,1,0,0,차대차 - 기타,안전운전불이행,건조,맑음,교차로 - 교차로안,승용,남,20세,상해없음,승용,남,59세,중상
2013092400100048,2013년 9월 24일 04시,화요일,경상북도 영덕군 영덕읍,중상사고,0,1,0,0,차량단독 - 공작물충돌,안전운전불이행,건조,맑음,단일로 - 기타,승용,여,43세,중상,,,,
2013092400100065,2013년 9월 24일 06시,화요일,경상북도 포항시 북구 흥해읍,중상사고,0,1,0,0,차대차 - 기타,중앙선침범,건조,맑음,단일로 - 기타,승용,여,45세,상해없음,승용,남,48세,중상
2013092400100066,2013년 9월 24일 06시,화요일,경상북도 안동시 옥동,경상사고,0,0,4,0,차대차 - 측면직각충돌,신호위반,건조,맑음,교차로 - 교차로안,화물,남,46세,상해없음,화물,남,53세,경상
2013092400100119,2013년 9월 24일 08시,화요일,경상북도 안동시 임동면,경상사고,0,0,1,0,차대차 - 기타,안전운전불이행,건조,맑음,단일로 - 기타,승용,여,60세,상해없음,원동기,남,67세,경상
2013092400100120,2013년 9월 24일 08시,화요일,경상북도 상주시 무양동,중상사고,0,1,0,0,차대차 - 기타,교차로운행방법위반,건조,맑음,교차로 - 교차로안,승용,남,48세,상해없음,승합,남,61세,중상
2013092400100121,2013년 9월 24일 08시,화요일,경상북도 구미시 공단동,중상사고,0,1,0,0,차대차 - 기타,안전운전불이행,건조,맑음,교차로 - 교차로안,자전거,남,21세,중상,승용,남,55세,상해없음
2013092400100122,2013년 9월 24일 08시,화요일,경상북도 구미시 황상동,경상사고,0,0,1,0,차대차 - 측면직각충돌,안전운전불이행,건조,맑음,단일로 - 기타,승용,여,59세,상해없음,승용,남,36세,경상
2013092400100148,2013년 9월 24일 09시,화요일,경상북도 김천시 성내동,중상사고,0,1,0,0,차대사람 - 기타,보행자보호의무위반,건조,맑음,단일로 - 횡단보도상,승용,여,50세,상해없음,보행자,여,81세,중상
2013092400100149,2013년 9월 24일 09시,화요일,경상북도 문경시 모전동,경상사고,0,0,1,0,차대사람 - 차도통행중,안전운전불이행,건조,맑음,기타 - 기타,원동기,남,48세,상해없음,보행자,여,84세,경상
2013092400100185,2013년 9월 24일 10시,화요일,경상북도 경주시 천군동,중상사고,0,1,1,1,차대차 - 추돌 - 주정차중,안전운전불이행,건조,맑음,교차로 - 교차로부근,승용,남,27세,부상신고,승용,여,42세,중상
2013092400100214,2013년 9월 24일 11시,화요일,경상북도 경주시 황남동,사망사고,1,0,0,0,차대차 - 기타,안전운전불이행,건조,맑음,교차로 - 교차로부근,화물,남,64세,상해없음,자전거,남,62세,사망
2013092400100237,2013년 9월 24일 12시,화요일,경상북도 안동시 북후면,부상신고사고,0,0,0,1,차대차 - 기타,안전운전불이행,건조,맑음,단일로 - 기타,자전거,남,45세,부상신고,원동기,여,65세,상해없음
2013092400100238,2013년 9월 24일 12시,화요일,경상북도 칠곡군 가산면,경상사고,0,0,1,0,차대차 - 기타,안전거리미확보,건조,맑음,단일로 - 기타,화물,남,60세,상해없음,승용,남,52세,경상
2013092400100258,2013년 9월 24일 13시,화요일,경상북도 영주시 영주동,경상사고,0,0,1,0,차대차 - 측면직각충돌,교차로운행방법위반,건조,맑음,교차로 - 교차로부근,승합,남,52세,상해없음,승용,여,42세,경상
2013092400100277,2013년 9월 24일 14시,화요일,경상북도 상주시 함창읍,경상사고,0,0,2,0,차량단독 - 전도전복,안전운전불이행,습기,비,교차로 - 교차로부근,승용,남,82세,상해없음,,,,
2013092400100278,2013년 9월 24일 14시,화요일,경상북도 구미시 상모동,중상사고,0,1,0,0,차대차 - 기타,안전운전불이행,습기,비,교차로 - 교차로안,승용,여,47세,상해없음,이륜,남,37세,중상
2013092400100300,2013년 9월 24일 15시,화요일,경상북도 영주시 장수면,사망사고,1,0,0,0,차대차 - 추돌 - 주정차중,안전운전불이행,습기,비,단일로 - 기타,건설기계,남,55세,상해없음,화물,남,58세,사망
2013092400100355,2013년 9월 24일 17시,화요일,경상북도 경주시 안강읍,경상사고,0,0,1,0,차대사람 - 기타,기타,건조,맑음,교차로 - 교차로안,승용,여,39세,상해없음,보행자,여,6세,경상
2013092400100356,2013년 9월 24일 17시,화요일,경상북도 안동시 옥동,중상사고,0,1,1,0,차대차 - 기타,안전운전불이행,습기,흐림,단일로 - 기타,승용,여,42세,상해없음,승용,남,60세,경상
2013092400100357,2013년 9월 24일 17시,화요일,경상북도 안동시 옥동,중상사고,0,1,0,0,차대사람 - 기타,보행자보호의무위반,습기,비,교차로 - 교차로부근,원동기,남,79세,상해없음,보행자,여,24세,중상
2013092400100358,2013년 9월 24일 17시,화요일,경상북도 상주시 냉림동,경상사고,0,0,1,0,차대차 - 기타,중앙선침범,습기,비,단일로 - 기타,승용,남,67세,상해없음,자전거,남,13세,경상
2013092400100359,2013년 9월 24일 17시,화요일,경상북도 칠곡군 왜관읍,경상사고,0,0,2,1,차대차 - 기타,교차로운행방법위반,건조,맑음,교차로 - 교차로안,승용,남,25세,부상신고,승용,남,55세,경상
2013092400100360,2013년 9월 24일 17시,화요일,경상북도 구미시 황상동,중상사고,0,1,1,0,차대차 - 측면직각충돌,안전운전불이행,습기,비,교차로 - 교차로부근,건설기계,남,55세,상해없음,승용,남,32세,중상
2013092400100361,2013년 9월 24일 17시,화요일,경상북도 포항시 남구 해도동,경상사고,0,0,1,0,차대차 - 기타,안전운전불이행,건조,맑음,교차로 - 교차로부근,승용,남,66세,상해없음,이륜,여,49세,경상
2013092400100390,2013년 9월 24일 18시,화요일,경상북도 청도군 풍각면,중상사고,0,1,0,0,차대사람 - 길가장자리구역통행중,안전운전불이행,건조,흐림,단일로 - 기타,원동기,남,49세,상해없음,보행자,여,66세,중상
2013092400100391,2013년 9월 24일 18시,화요일,경상북도 성주군 벽진면,중상사고,0,1,0,0,차량단독 - 기타,안전운전불이행,습기,비,기타 - 기타,이륜,남,40세,중상,,,,
2013092400100433,2013년 9월 24일 19시,화요일,경상북도 영주시 휴천동,중상사고,0,1,0,0,차대사람 - 횡단중,안전운전불이행,습기,비,교차로 - 교차로안,승용,여,34세,상해없음,보행자,여,79세,중상
2013092400100461,2013년 9월 24일 20시,화요일,경상북도 성주군 초전면,경상사고,0,0,2,0,차대차 - 기타,안전운전불이행,습기,비,교차로 - 교차로안,화물,남,53세,상해없음,승용,여,29세,경상
2013092400100462,2013년 9월 24일 20시,화요일,경상북도 포항시 남구 대도동,경상사고,0,0,1,0,차대차 - 기타,안전운전불이행,건조,맑음,단일로 - 기타,승용,남,55세,상해없음,이륜,남,17세,경상
2013092400100488,2013년 9월 24일 21시,화요일,경상북도 경주시 양남면,사망사고,1,0,0,0,차대사람 - 횡단중,안전운전불이행,건조,맑음,단일로 - 기타,승용,남,33세,상해없음,보행자,여,54세,사망
2013092400100489,2013년 9월 24일 21시,화요일,경상북도 구미시 지산동,중상사고,0,1,0,0,차대사람 - 기타,보행자보호의무위반,습기,흐림,교차로 - 교차로부근,승용,남,50세,상해없음,보행자,여,45세,중상
2013092400100514,2013년 9월 24일 22시,화요일,경상북도 포항시 북구 우현동,경상사고,0,0,2,0,차대차 - 기타,안전거리미확보,건조,맑음,교차로 - 교차로부근,승용,남,43세,상해없음,승용,남,58세,경상
2013092400100515,2013년 9월 24일 22시,화요일,경상북도 구미시 황상동,중상사고,0,2,0,0,차대사람 - 기타,안전운전불이행,건조,맑음,단일로 - 기타,승용,여,23세,상해없음,보행자,여,47세,중상
2013092400100542,2013년 9월 24일 23시,화요일,경상북도 경주시 충효동,경상사고,0,0,1,0,차대차 - 추돌 - 주정차중,안전운전불이행,건조,맑음,교차로 - 교차로부근,화물,남,46세,상해없음,승용,남,62세,상해없음
2013092400100543,2013년 9월 24일 23시,화요일,경상북도 구미시 비산동,중상사고,0,1,0,0,차량단독 - 공작물충돌,안전운전불이행,건조,맑음,단일로 - 기타,승용,남,49세,중상,,,,
2013092500100012,2013년 9월 25일 00시,수요일,경상북도 경주시 성동동,중상사고,0,1,0,0,차대차 - 기타,안전운전불이행,건조,맑음,기타 - 기타,승용,여,50세,상해없음,자전거,남,77세,중상
2013092500100026,2013년 9월 25일 01시,수요일,경상북도 경주시 서면,부상신고사고,0,0,0,1,차량단독 - 공작물충돌,안전운전불이행,습기,맑음,단일로 - 기타,승용,남,31세,부상신고,,,,
2013092500100047,2013년 9월 25일 03시,수요일,경상북도 경주시 성건동,중상사고,0,2,0,0,차량단독 - 공작물충돌,안전운전불이행,건조,맑음,단일로 - 기타,승용,남,52세,중상,,,,
2013092500100064,2013년 9월 25일 05시,수요일,경상북도 구미시 지산동,경상사고,0,0,1,0,차대차 - 추돌 - 진행중,안전거리미확보,건조,맑음,교차로 - 교차로부근,승합,남,42세,상해없음,특수,남,44세,상해없음
2013092500100095,2013년 9월 25일 07시,수요일,경상북도 경주시 동천동,중상사고,0,1,0,0,차대차 - 기타,안전운전불이행,건조,맑음,단일로 - 기타,승합,남,32세,상해없음,승용,남,50세,중상
2013092500100096,2013년 9월 25일 07시,수요일,경상북도 고령군 다산면,경상사고,0,0,2,0,차대차 - 측면직각충돌,교차로운행방법위반,건조,맑음,교차로 - 교차로안,승용,남,34세,경상,화물,여,48세,경상
2013092500100128,2013년 9월 25일 08시,수요일,경상북도 경주시 천북면,중상사고,0,2,0,1,차대차 - 기타,중앙선침범,습기,비,교차로 - 교차로부근,승용,남,26세,부상신고,승용,남,51세,중상
2013092500100129,2013년 9월 25일 08시,수요일,경상북도 포항시 북구 죽도동,경상사고,0,0,1,1,차대차 - 기타,차로위반,건조,맑음,단일로 - 기타,승용,여,66세,경상,승용,여,59세,부상신고
2013092500100130,2013년 9월 25일 08시,수요일,경상북도 안동시 운흥동,경상사고,0,0,2,0,차대차 - 측면직각충돌,안전운전불이행,건조,맑음,교차로 - 교차로안,승용,남,60세,상해없음,승용,남,61세,경상
2013092500100131,2013년 9월 25일 08시,수요일,경상북도 상주시 무양동,중상사고,0,1,0,0,차대차 - 기타,안전운전불이행,건조,맑음,교차로 - 교차로부근,승용,남,36세,상해없음,자전거,남,13세,중상
2013092500100132,2013년 9월 25일 08시,수요일,경상북도 상주시 개운동,중상사고,0,1,1,0,차대차 - 기타,안전거리미확보,건조,맑음,단일로 - 기타,승용,여,36세,상해없음,승용,남,52세,중상
2013092500100133,2013년 9월 25일 08시,수요일,경상북도 경산시 옥산동,중상사고,0,1,0,0,차대사람 - 기타,보행자보호의무위반,건조,맑음,단일로 - 횡단보도상,승용,남,56세,상해없음,보행자,여,47세,중상
2013092500100165,2013년 9월 25일 09시,수요일,경상북도 안동시 와룡면,중상사고,0,1,0,0,차대차 - 기타,안전운전불이행,건조,맑음,단일로 - 기타,화물,남,63세,상해없음,원동기,남,76세,중상
2013092500100166,2013년 9월 25일 09시,수요일,경상북도 김천시 평화동,중상사고,0,1,0,0,차대차 - 측면직각충돌,교차로운행방법위반,건조,맑음,교차로 - 교차로안,승용,여,50세,상해없음,이륜,여,68세,중상
2013092500100167,2013년 9월 25일 09시,수요일,경상북도 김천시 대광동,경상사고,0,0,1,0,차대차 - 측면직각충돌,교차로운행방법위반,건조,흐림,교차로 - 교차로안,화물,남,54세,상해없음,승용,여,39세,경상
2013092500100168,2013년 9월 25일 09시,수요일,경상북도 경산시 중방동,중상사고,0,1,0,0,차대사람 - 기타,안전운전불이행,건조,맑음,단일로 - 기타,승용,남,63세,상해없음,보행자,여,75세,중상
2013092500100169,2013년 9월 25일 09시,수요일,경상북도 구미시 송정동,중상사고,0,2,0,0,차대차 - 기타,안전운전불이행,건조,맑음,단일로 - 기타,승용,남,51세,상해없음,승용,남,51세,중상
2013092500100198,2013년 9월 25일 10시,수요일,경상북도 문경시 점촌동,경상사고,0,0,2,0,차대차 - 측면직각충돌,교차로운행방법위반,건조,맑음,교차로 - 교차로안,원동기,남,74세,경상,승용,남,54세,상해없음
2013092500100221,2013년 9월 25일 11시,수요일,경상북도 김천시 아포읍,중상사고,0,1,5,0,차대차 - 측면직각충돌,안전운전불이행,건조,맑음,단일로 - 기타,승용,남,66세,상해없음,승용,여,44세,경상
2013092500100222,2013년 9월 25일 11시,수요일,경상북도 문경시 점촌동,경상사고,0,0,2,0,차대차 - 추돌 - 진행중,안전거리미확보,건조,맑음,단일로 - 기타,화물,남,49세,경상,화물,남,53세,경상
2013092500100223,2013년 9월 25일 11시,수요일,경상북도 포항시 남구 상도동,경상사고,0,0,2,0,차대차 - 기타,안전운전불이행,습기,흐림,단일로 - 기타,승용,여,33세,상해없음,승용,남,63세,경상
2013092500100224,2013년 9월 25일 11시,수요일,경상북도 포항시 남구 대송면,경상사고,0,0,1,0,차대차 - 측면직각충돌,직진우회전진행방해,습기,비,교차로 - 교차로안,화물,남,33세,상해없음,화물,남,28세,경상
2013092500100279,2013년 9월 25일 13시,수요일,경상북도 경주시 외동읍,부상신고사고,0,0,0,1,차량단독 - 공작물충돌,안전운전불이행,습기,비,단일로 - 기타,승용,여,38세,부상신고,,,,
2013092500100280,2013년 9월 25일 13시,수요일,경상북도 김천시 성내동,경상사고,0,0,1,0,차대사람 - 기타,보행자보호의무위반,건조,맑음,단일로 - 횡단보도상,승용,남,52세,상해없음,보행자,남,7세,경상
2013092500100308,2013년 9월 25일 14시,수요일,경상북도 칠곡군 석적읍,경상사고,0,0,1,0,차대사람 - 횡단중,보행자보호의무위반,건조,맑음,단일로 - 기타,승용,여,44세,상해없음,보행자,여,7세,경상
2013092500100309,2013년 9월 25일 14시,수요일,경상북도 경산시 자인면,경상사고,0,0,1,0,차대차 - 기타,신호위반,건조,맑음,교차로 - 교차로안,화물,남,54세,상해없음,승용,여,43세,경상
2013092500100310,2013년 9월 25일 14시,수요일,경상북도 구미시 부곡동,중상사고,0,1,0,0,차대차 - 기타,안전운전불이행,건조,맑음,교차로 - 교차로안,자전거,남,79세,중상,승용,남,52세,상해없음
2013092500100336,2013년 9월 25일 15시,수요일,경상북도 포항시 북구 양덕동,경상사고,0,0,1,0,차대차 - 측면직각충돌,신호위반,건조,맑음,교차로 - 교차로안,화물,남,51세,상해없음,승용,여,48세,경상
2013092500100337,2013년 9월 25일 15시,수요일,경상북도 안동시 운흥동,경상사고,0,0,3,0,차대차 - 기타,안전운전불이행,건조,맑음,교차로 - 교차로안,화물,남,54세,상해없음,승합,남,40세,경상
2013092500100374,2013년 9월 25일 16시,수요일,경상북도 안동시 송현동,중상사고,0,1,0,0,차대사람 - 횡단중,안전운전불이행,건조,맑음,교차로 - 교차로부근,승용,여,42세,상해없음,보행자,여,68세,중상
2013092500100375,2013년 9월 25일 16시,수요일,경상북도 안동시 풍산읍,경상사고,0,0,2,0,차대차 - 기타,교차로운행방법위반,건조,맑음,교차로 - 교차로안,승용,남,20세,경상,승용,남,34세,경상
2013092500100415,2013년 9월 25일 17시,수요일,경상북도 상주시 헌신동,경상사고,0,0,1,0,차대차 - 기타,교차로운행방법위반,건조,맑음,교차로 - 교차로안,승용,남,49세,상해없음,화물,남,52세,경상
2013092500100416,2013년 9월 25일 17시,수요일,경상북도 구미시 도량동,중상사고,0,1,0,0,차대차 - 기타,신호위반,건조,맑음,단일로 - 기타,승용,여,47세,상해없음,자전거,여,50세,중상
2013092500100498,2013년 9월 25일 19시,수요일,경상북도 포항시 북구 우현동,중상사고,0,1,1,0,차대차 - 추돌 - 주정차중,안전운전불이행,건조,맑음,교차로 - 교차로부근,승용,남,43세,상해없음,승용,여,52세,중상
2013092500100499,2013년 9월 25일 19시,수요일,경상북도 예천군 상리면,사망사고,2,1,0,0,차량단독 - 도로외이탈 - 추락,안전운전불이행,건조,맑음,단일로 - 기타,화물,남,72세,중상,,,,
2013092500100500,2013년 9월 25일 19시,수요일,경상북도 청송군 파천면,경상사고,0,0,1,0,차대차 - 기타,안전운전불이행,건조,맑음,단일로 - 기타,승용,남,52세,경상,승용,남,38세,기타불명
2013092500100501,2013년 9월 25일 19시,수요일,경상북도 구미시 도량동,중상사고,0,1,0,0,차대차 - 측면직각충돌,안전운전불이행,건조,맑음,교차로 - 교차로안,화물,남,53세,상해없음,승용,여,25세,중상
2013092500100502,2013년 9월 25일 19시,수요일,경상북도 포항시 남구 대잠동,경상사고,0,0,1,0,차대차 - 기타,기타,건조,맑음,교차로 - 교차로부근,승용,남,52세,상해없음,이륜,남,19세,경상
2013092500100542,2013년 9월 25일 20시,수요일,경상북도 영주시 가흥동,경상사고,0,0,1,0,차대차 - 측면직각충돌,안전운전불이행,건조,맑음,교차로 - 교차로안,화물,여,35세,상해없음,승용,남,51세,경상
2013092500100568,2013년 9월 25일 21시,수요일,경상북도 포항시 북구 대흥동,중상사고,0,4,0,0,차대사람 - 기타,기타,습기,흐림,교차로 - 교차로부근,승용,여,53세,상해없음,보행자,남,18세,중상
2013092500100569,2013년 9월 25일 21시,수요일,경상북도 포항시 남구 해도동,중상사고,0,1,0,0,차대차 - 기타,안전운전불이행,건조,맑음,단일로 - 기타,승용,남,51세,상해없음,이륜,여,28세,중상
2013092500100597,2013년 9월 25일 22시,수요일,경상북도 영천시 문외동,경상사고,0,0,2,0,차대차 - 측면직각충돌,교차로운행방법위반,건조,맑음,교차로 - 교차로부근,승용,남,31세,상해없음,승용,남,27세,경상
2013092500100598,2013년 9월 25일 22시,수요일,경상북도 경산시 중방동,중상사고,0,1,0,0,차대차 - 기타,안전운전불이행,건조,맑음,교차로 - 교차로안,승용,남,53세,상해없음,자전거,남,16세,중상
2013092500100627,2013년 9월 25일 23시,수요일,경상북도 안동시 옥동,경상사고,0,0,1,0,차대차 - 기타,안전거리미확보,건조,맑음,단일로 - 기타,승용,남,43세,상해없음,승용,남,25세,경상
2013092500100628,2013년 9월 25일 23시,수요일,경상북도 구미시 옥계동,경상사고,0,0,1,0,차대차 - 측면직각충돌,직진우회전진행방해,건조,맑음,교차로 - 교차로안,승용,남,30세,상해없음,이륜,남,18세,경상
2013092600100016,2013년 9월 26일 00시,목요일,경상북도 구미시 구평동,경상사고,0,0,2,0,차대차 - 측면직각충돌,신호위반,건조,맑음,교차로 - 교차로부근,승용,남,48세,상해없음,승용,남,26세,경상
2013092600100036,2013년 9월 26일 01시,목요일,경상북도 김천시 황금동,경상사고,0,0,1,0,차대차 - 측면직각충돌,안전운전불이행,건조,맑음,단일로 - 기타,기타불명,기타불명,기타불명,기타불명,승용,남,54세,상해없음
2013092600100045,2013년 9월 26일 02시,목요일,경상북도 안동시 운흥동,경상사고,0,0,5,0,차대차 - 기타,교차로운행방법위반,습기,흐림,교차로 - 교차로안,승용,남,33세,경상,승용,남,31세,경상
2013092600100156,2013년 9월 26일 08시,목요일,경상북도 성주군 대가면,사망사고,1,0,1,0,차대차 - 정면충돌,중앙선침범,건조,맑음,교차로 - 교차로부근,승용,남,71세,사망,승용,여,51세,경상
2013092600100157,2013년 9월 26일 08시,목요일,경상북도 구미시 공단동,중상사고,0,1,2,0,차대차 - 기타,안전거리미확보,건조,맑음,단일로 - 기타,승용,여,48세,상해없음,승용,남,47세,중상
2013092600100158,2013년 9월 26일 08시,목요일,경상북도 구미시 도량동,경상사고,0,0,1,0,차대차 - 기타,안전운전불이행,건조,맑음,단일로 - 기타,승용,남,40세,상해없음,자전거,남,32세,경상