사고번호,사고일시,요일,시군구,사고내용,사망자수,중상자수,경상자수,부상신고자수,사고유형,법규위반,노면상태,기상상태,도로형태,가해운전자 차종,가해운전자 성별,가해운전자 연령,가해운전자 상해정도,피해운전자 차종,피해운전자 성별,피해운전자 연령,피해운전자 상해정도
2013092800100557,2013년 9월 28일 20시,토요일,경상북도 안동시 태화동,중상사고,0,2,0,0,차대사람 - 기타,안전운전불이행,습기,비,단일로 - 기타,승용,여,54세,상해없음,보행자,여,19세,중상
2013092800100558,2013년 9월 28일 20시,토요일,경상북도 안동시 운흥동,경상사고,0,0,1,0,차대차 - 기타,안전운전불이행,습기,비,단일로 - 기타,승용,남,49세,경상,승용,남,49세,상해없음
2013092800100559,2013년 9월 28일 20시,토요일,경상북도 김천시 아포읍,중상사고,0,1,1,0,차대사람 - 기타,안전운전불이행,습기,비,단일로 - 기타,승용,남,35세,경상,보행자,남,32세,중상
2013092800100560,2013년 9월 28일 20시,토요일,경상북도 영천시 야사동,중상사고,0,1,0,0,차대차 - 기타,중앙선침범,건조,흐림,기타 - 기타,승용,여,44세,상해없음,원동기,남,16세,중상
2013092800100561,2013년 9월 28일 20시,토요일,경상북도 성주군 선남면,중상사고,0,1,0,0,차대차 - 추돌 - 진행중,안전운전불이행,습기,비,단일로 - 기타,화물,남,68세,상해없음,건설기계,남,51세,상해없음
2013092800100620,2013년 9월 28일 21시,토요일,경상북도 경주시 성건동,부상신고사고,0,0,0,1,차대차 - 추돌 - 진행중,안전운전불이행,건조,맑음,단일로 - 기타,이륜,남,16세,부상신고,승용,남,55세,상해없음
2013092800100621,2013년 9월 28일 21시,토요일,경상북도 구미시 원평동,중상사고,0,1,0,0,차대사람 - 기타,안전운전불이행,습기,비,교차로 - 교차로부근,승합,남,66세,상해없음,보행자,남,18세,중상
2013092800100658,2013년 9월 28일 22시,토요일,경상북도 안동시 옥동,경상사고,0,0,4,0,차대차 - 기타,신호위반,습기,비,교차로 - 교차로안,기타불명,기타불명,기타불명,기타불명,승용,남,41세,경상
2013092800100659,2013년 9월 28일 22시,토요일,경상북도 구미시 지산동,중상사고,0,1,0,0,차대사람 - 기타,신호위반,습기,비,단일로 - 횡단보도상,승용,남,32세,상해없음,보행자,남,52세,중상
2013092800100695,2013년 9월 28일 23시,토요일,경상북도 경산시 하양읍,경상사고,0,0,1,0,차대차 - 기타,안전운전불이행,습기,비,단일로 - 기타,승용,남,31세,상해없음,승용,여,45세,경상
2013092900100026,2013년 9월 29일 00시,일요일,경상북도 고령군 쌍림면,중상사고,0,2,1,0,차대차 - 정면충돌,중앙선침범,습기,흐림,단일로 - 횡단보도부근,화물,남,41세,상해없음,승용,남,35세,중상
2013092900100027,2013년 9월 29일 00시,일요일,경상북도 영양군 영양읍,경상사고,0,0,1,0,차대사람 - 기타,안전운전불이행,습기,비,단일로 - 기타,원동기,남,39세,상해없음,보행자,남,51세,경상
2013092900100057,2013년 9월 29일 01시,일요일,경상북도 구미시 도량동,경상사고,0,0,2,0,차대차 - 기타,안전운전불이행,습기,비,교차로 - 교차로부근,승합,남,45세,상해없음,승용,남,54세,경상
2013092900100129,2013년 9월 29일 04시,일요일,경상북도 포항시 남구 인덕동,중상사고,0,1,1,0,차대차 - 정면충돌,중앙선침범,건조,맑음,단일로 - 기타,승용,남,29세,상해없음,승용,남,62세,경상
2013092900100149,2013년 9월 29일 05시,일요일,경상북도 구미시 진평동,중상사고,0,2,0,0,차대사람 - 기타,안전운전불이행,습기,흐림,단일로 - 기타,이륜,남,21세,상해없음,보행자,여,22세,중상
2013092900100163,2013년 9월 29일 06시,일요일,경상북도 구미시 남통동,경상사고,0,0,3,0,차대차 - 추돌 - 진행중,중앙선침범,습기,비,단일로 - 기타,승용,남,21세,상해없음,승용,남,25세,경상
2013092900100191,2013년 9월 29일 08시,일요일,경상북도 포항시 북구 죽도동,중상사고,0,1,0,0,차대사람 - 기타,안전운전불이행,건조,맑음,교차로 - 교차로안,화물,여,52세,상해없음,보행자,여,78세,중상
2013092900100192,2013년 9월 29일 08시,일요일,경상북도 김천시 아포읍,중상사고,0,3,2,0,차대차 - 측면직각충돌,신호위반,습기,비,교차로 - 교차로안,화물,남,54세,중상,승합,남,62세,경상
2013092900100193,2013년 9월 29일 08시,일요일,경상북도 문경시 산양면,중상사고,0,1,1,0,차대차 - 추돌 - 주정차중,안전운전불이행,습기,비,교차로 - 교차로부근,화물,남,49세,경상,승용,여,40세,중상
2013092900100265,2013년 9월 29일 12시,일요일,경상북도 구미시 고아읍,사망사고,1,0,0,0,차대사람 - 기타,안전운전불이행,습기,비,교차로 - 교차로안,승용,남,23세,상해없음,보행자,여,88세,사망
2013092900100283,2013년 9월 29일 13시,일요일,경상북도 안동시 운흥동,경상사고,0,0,1,0,차대차 - 측면직각충돌,안전운전불이행,습기,비,단일로 - 기타,승용,남,72세,상해없음,승용,남,40세,경상
2013092900100284,2013년 9월 29일 13시,일요일,경상북도 안동시 당북동,경상사고,0,0,1,0,차대차 - 기타,안전거리미확보,습기,비,단일로 - 횡단보도상,원동기,남,44세,경상,승용,남,32세,상해없음
2013092900100285,2013년 9월 29일 13시,일요일,경상북도 포항시 남구 오천읍,경상사고,0,0,1,0,차대차 - 측면직각충돌,안전거리미확보,건조,맑음,단일로 - 기타,원동기,남,50세,상해없음,승용,남,47세,경상
2013092900100286,2013년 9월 29일 13시,일요일,경상북도 칠곡군 석적읍,중상사고,0,2,3,0,차량단독 - 공작물충돌,안전운전불이행,습기,비,단일로 - 기타,승합,남,29세,상해없음,,,,
2013092900100313,2013년 9월 29일 14시,일요일,경상북도 경주시 건천읍,경상사고,0,0,2,0,차량단독 - 전도전복,안전운전불이행,습기,비,기타 - 기타,승용,남,50세,상해없음,,,,
2013092900100314,2013년 9월 29일 14시,일요일,경상북도 안동시 송현동,경상사고,0,0,1,0,차대차 - 기타,안전운전불이행,습기,비,기타 - 기타,이륜,남,46세,경상,승용,남,47세,상해없음
2013092900100315,2013년 9월 29일 14시,일요일,경상북도 영주시 휴천동,중상사고,0,1,1,0,차대차 - 측면직각충돌,직진우회전진행방해,습기,비,교차로 - 교차로안,승용,여,44세,경상,승용,여,37세,중상
2013092900100316,2013년 9월 29일 14시,일요일,경상북도 구미시 산동면,중상사고,0,1,0,0,차량단독 - 공작물충돌,안전운전불이행,습기,비,교차로 - 교차로부근,승용,남,35세,중상,,,,
2013092900100349,2013년 9월 29일 15시,일요일,경상북도 포항시 남구 동촌동,경상사고,0,0,1,0,차대차 - 추돌 - 주정차중,안전운전불이행,습기,비,교차로 - 교차로부근,승용,남,38세,상해없음,승용,남,30세,경상
2013092900100368,2013년 9월 29일 16시,일요일,경상북도 경주시 현곡면,경상사고,0,0,1,0,차대차 - 기타,안전운전불이행,건조,맑음,기타 - 기타,승용,남,63세,상해없음,화물,남,50세,경상
2013092900100369,2013년 9월 29일 16시,일요일,경상북도 안동시 당북동,경상사고,0,0,1,2,차대차 - 기타,교차로운행방법위반,습기,비,교차로 - 교차로안,이륜,남,68세,경상,승용,남,36세,부상신고
2013092900100370,2013년 9월 29일 16시,일요일,경상북도 칠곡군 동명면,중상사고,0,4,1,0,차량단독 - 공작물충돌,안전운전불이행,습기,비,단일로 - 기타,승용,남,25세,상해없음,,,,
2013092900100371,2013년 9월 29일 16시,일요일,경상북도 영덕군 강구면,중상사고,0,3,4,0,차대차 - 정면충돌,중앙선침범,습기,비,단일로 - 기타,승용,여,42세,경상,승용,남,44세,경상
2013092900100398,2013년 9월 29일 17시,일요일,경상북도 경산시 와촌면,중상사고,0,1,0,0,차대차 - 기타,안전운전불이행,습기,비,단일로 - 기타,화물,남,53세,상해없음,승용,여,37세,중상
2013092900100399,2013년 9월 29일 17시,일요일,경상북도 구미시 원평동,중상사고,0,1,0,0,차대차 - 기타,안전운전불이행,습기,비,단일로 - 기타,승용,여,26세,상해없음,자전거,여,58세,중상
2013092900100435,2013년 9월 29일 18시,일요일,경상북도 안동시 정상동,경상사고,0,0,3,0,차대차 - 정면충돌,교차로운행방법위반,습기,비,교차로 - 교차로안,승용,남,52세,상해없음,승용,남,48세,경상
2013092900100436,2013년 9월 29일 18시,일요일,경상북도 영주시 하망동,경상사고,0,0,1,0,차대사람 - 횡단중,안전운전불이행,습기,비,단일로 - 기타,원동기,남,17세,상해없음,보행자,여,42세,경상
2013092900100479,2013년 9월 29일 19시,일요일,경상북도 안동시 법흥동,경상사고,0,0,3,0,차대차 - 측면직각충돌,안전운전불이행,습기,비,교차로 - 교차로부근,승용,남,56세,상해없음,승용,여,25세,경상
2013092900100518,2013년 9월 29일 20시,일요일,경상북도 경주시 동천동,경상사고,0,0,3,0,차대차 - 추돌 - 진행중,안전운전불이행,습기,비,교차로 - 교차로부근,화물,남,55세,상해없음,승용,남,25세,경상
2013092900100542,2013년 9월 29일 21시,일요일,경상북도 포항시 남구 해도동,중상사고,0,2,0,0,차대사람 - 기타,안전운전불이행,습기,비,단일로 - 횡단보도상,원동기,남,60세,중상,보행자,여,49세,중상
2013092900100572,2013년 9월 29일 22시,일요일,경상북도 경산시 사동,중상사고,0,1,0,0,차대사람 - 기타,안전운전불이행,습기,비,기타 - 기타,승용,여,31세,상해없음,보행자,남,46세,중상
2013092900100573,2013년 9월 29일 22시,일요일,경상북도 포항시 남구 해도동,경상사고,0,0,1,0,차대사람 - 기타,중앙선침범,습기,비,교차로 - 교차로부근,승용,남,55세,상해없음,보행자,남,54세,경상
2013092900100574,2013년 9월 29일 22시,일요일,경상북도 상주시 사벌면,중상사고,0,1,0,0,차대차 - 측면직각충돌,안전거리미확보,습기,비,단일로 - 기타,승용,남,26세,상해없음,승용,남,30세,중상
2013092900100593,2013년 9월 29일 23시,일요일,경상북도 영주시 가흥동,중상사고,0,1,0,0,차대사람 - 횡단중,안전운전불이행,습기,비,단일로 - 기타,승용,남,46세,상해없음,보행자,남,43세,중상
2013093000100008,2013년 9월 30일 00시,월요일,경상북도 구미시 오태동,중상사고,0,2,0,0,차량단독 - 공작물충돌,안전운전불이행,습기,비,교차로 - 교차로안,승용,남,55세,중상,,,,
2013093000100025,2013년 9월 30일 02시,월요일,경상북도 안동시 남문동,중상사고,0,1,0,0,차대사람 - 기타,안전운전불이행,습기,흐림,단일로 - 횡단보도상,기타불명,기타불명,기타불명,기타불명,보행자,남,62세,중상
2013093000100027,2013년 9월 30일 03시,월요일,경상북도 안동시 평화동,중상사고,0,1,0,0,차대사람 - 기타,안전운전불이행,습기,비,단일로 - 횡단보도상,승용,남,59세,상해없음,보행자,남,66세,중상
2013093000100065,2013년 9월 30일 07시,월요일,경상북도 구미시 양호동,사망사고,1,0,0,0,차대차 - 추돌 - 주정차중,안전운전불이행,습기,흐림,교차로 - 교차로부근,승용,남,27세,사망,화물,남,42세,기타불명
2013093000100111,2013년 9월 30일 08시,월요일,경상북도 안동시 서후면,중상사고,0,1,0,0,차대차 - 기타,안전운전불이행,습기,비,단일로 - 기타,화물,남,62세,상해없음,승용,남,46세,중상
2013093000100112,2013년 9월 30일 08시,월요일,경상북도 상주시 이안면,경상사고,0,0,1,0,차대차 - 기타,중앙선침범,습기,맑음,단일로 - 기타,승용,남,56세,상해없음,화물,남,61세,경상
2013093000100113,2013년 9월 30일 08시,월요일,경상북도 영천시 고경면,경상사고,0,0,2,0,차대차 - 추돌 - 진행중,안전운전불이행,습기,맑음,단일로 - 기타,승합,남,55세,상해없음,화물,남,65세,경상
2013093000100114,2013년 9월 30일 08시,월요일,경상북도 경산시 대동,경상사고,0,0,1,0,차대사람 - 기타,안전운전불이행,건조,맑음,단일로 - 기타,승용,남,42세,상해없음,보행자,남,19세,경상
2013093000100115,2013년 9월 30일 08시,월요일,경상북도 구미시 구평동,경상사고,0,0,1,0,차대사람 - 횡단중,보행자보호의무위반,건조,맑음,교차로 - 교차로안,승용,여,43세,상해없음,보행자,남,13세,경상
2013093000100116,2013년 9월 30일 08시,월요일,경상북도 구미시 공단동,경상사고,0,0,1,0,차대차 - 기타,안전운전불이행,건조,맑음,단일로 - 기타,승용,남,30세,상해없음,승용,남,32세,경상
2013093000100117,2013년 9월 30일 08시,월요일,경상북도 구미시 신평동,중상사고,0,1,0,0,차대차 - 기타,안전거리미확보,습기,흐림,교차로 - 교차로부근,승용,여,27세,상해없음,승용,남,24세,중상
2013093000100118,2013년 9월 30일 08시,월요일,경상북도 포항시 남구 동해면,중상사고,0,1,0,0,차대사람 - 기타,안전운전불이행,건조,맑음,단일로 - 기타,기타불명,기타불명,기타불명,기타불명,보행자,남,11세,중상
2013093000100148,2013년 9월 30일 09시,월요일,경상북도 상주시 개운동,중상사고,0,2,0,0,차대차 - 기타,교차로운행방법위반,건조,맑음,교차로 - 교차로안,원동기,여,70세,중상,승용,여,44세,중상
2013093000100149,2013년 9월 30일 09시,월요일,경상북도 칠곡군 석적읍,경상사고,0,0,1,0,차대차 - 추돌 - 주정차중,안전운전불이행,건조,맑음,단일로 - 기타,승용,남,61세,상해없음,승용,남,32세,경상
2013093000100150,2013년 9월 30일 09시,월요일,경상북도 문경시 모전동,중상사고,0,1,0,0,차대차 - 측면직각충돌,신호위반,습기,흐림,교차로 - 교차로안,원동기,남,44세,중상,승용,남,37세,상해없음
2013093000100172,2013년 9월 30일 10시,월요일,경상북도 군위군 의흥면,경상사고,0,0,1,0,차대차 - 추돌 - 주정차중,안전운전불이행,건조,맑음,교차로 - 교차로부근,화물,남,66세,상해없음,승용,남,34세,경상
2013093000100203,2013년 9월 30일 11시,월요일,경상북도 경주시 동방동,경상사고,0,0,1,0,차대차 - 기타,신호위반,건조,맑음,교차로 - 교차로안,승용,여,33세,상해없음,승용,남,34세,경상
2013093000100204,2013년 9월 30일 11시,월요일,경상북도 경주시 노동동,부상신고사고,0,0,0,1,차대차 - 기타,안전운전불이행,건조,맑음,단일로 - 기타,기타불명,기타불명,기타불명,기타불명,자전거,남,68세,부상신고
2013093000100205,2013년 9월 30일 11시,월요일,경상북도 울진군 울진읍,중상사고,0,1,0,0,차대사람 - 기타,안전운전불이행,건조,맑음,단일로 - 기타,화물,남,57세,상해없음,보행자,여,79세,중상
2013093000100206,2013년 9월 30일 11시,월요일,경상북도 포항시 남구 대도동,경상사고,0,0,2,0,차대차 - 측면직각충돌,교차로운행방법위반,건조,맑음,교차로 - 교차로안,화물,남,55세,경상,승용,여,55세,경상
2013093000100226,2013년 9월 30일 12시,월요일,경상북도 상주시 화북면,중상사고,0,3,0,0,차대차 - 정면충돌,중앙선침범,건조,맑음,단일로 - 기타,화물,남,70세,중상,화물,남,71세,중상
2013093000100227,2013년 9월 30일 12시,월요일,경상북도 의성군 단북면,중상사고,0,1,0,0,차대차 - 측면직각충돌,직진우회전진행방해,건조,맑음,교차로 - 교차로안,화물,남,49세,상해없음,원동기,여,75세,중상
2013093000100228,2013년 9월 30일 12시,월요일,경상북도 구미시 도량동,중상사고,0,1,0,0,차대차 - 기타,교차로운행방법위반,건조,맑음,교차로 - 교차로안,승용,남,54세,상해없음,이륜,남,76세,중상
2013093000100229,2013년 9월 30일 12시,월요일,경상북도 포항시 남구 이동,중상사고,0,1,2,0,차대차 - 측면직각충돌,직진우회전진행방해,건조,맑음,교차로 - 교차로안,승합,남,42세,경상,승용,남,58세,경상
2013093000100251,2013년 9월 30일 13시,월요일,경상북도 안동시 안기동,경상사고,0,0,2,0,차대차 - 기타,안전거리미확보,건조,맑음,단일로 - 기타,승용,여,41세,상해없음,화물,남,77세,경상
2013093000100279,2013년 9월 30일 14시,월요일,경상북도 구미시 장천면,경상사고,0,0,1,0,차대사람 - 기타,교차로운행방법위반,건조,맑음,교차로 - 교차로안,승용,여,61세,상해없음,보행자,남,65세,경상
2013093000100303,2013년 9월 30일 15시,월요일,경상북도 상주시 인평동,중상사고,0,1,0,0,차대차 - 기타,교차로운행방법위반,건조,맑음,교차로 - 교차로안,승합,남,27세,상해없음,원동기,여,60세,중상
2013093000100304,2013년 9월 30일 15시,월요일,경상북도 칠곡군 석적읍,경상사고,0,0,1,0,차대차 - 기타,신호위반,건조,맑음,단일로 - 기타,승용,남,43세,상해없음,자전거,여,30세,경상
2013093000100334,2013년 9월 30일 16시,월요일,경상북도 영주시 하망동,중상사고,0,1,0,0,차대차 - 측면직각충돌,안전운전불이행,건조,맑음,단일로 - 기타,화물,남,67세,상해없음,자전거,남,79세,중상
2013093000100335,2013년 9월 30일 16시,월요일,경상북도 경산시 자인면,중상사고,0,1,0,0,차대사람 - 기타,안전운전불이행,건조,맑음,교차로 - 교차로부근,자전거,남,78세,상해없음,보행자,여,81세,중상
2013093000100336,2013년 9월 30일 16시,월요일,경상북도 울진군 온정면,경상사고,0,0,1,0,차량단독 - 도로외이탈 - 기타,안전운전불이행,건조,맑음,단일로 - 기타,승용,남,80세,상해없음,,,,
2013093000100337,2013년 9월 30일 16시,월요일,경상북도 포항시 남구 오천읍,경상사고,0,0,1,0,차대차 - 측면직각충돌,안전운전불이행,건조,맑음,교차로 - 교차로안,승용,여,33세,상해없음,자전거,남,14세,경상
2013093000100372,2013년 9월 30일 17시,월요일,경상북도 경주시 황오동,경상사고,0,0,1,0,차대차 - 기타,중앙선침범,건조,맑음,교차로 - 교차로안,이륜,남,44세,경상,승용,여,45세,상해없음
2013093000100373,2013년 9월 30일 17시,월요일,경상북도 상주시 남적동,중상사고,0,1,0,0,차대차 - 기타,교차로운행방법위반,건조,맑음,교차로 - 교차로안,이륜,여,59세,중상,승용,여,49세,상해없음
2013093000100374,2013년 9월 30일 17시,월요일,경상북도 상주시 낙동면,중상사고,0,1,0,0,차대차 - 기타,안전운전불이행,건조,맑음,교차로 - 교차로안,원동기,남,40세,중상,화물,남,53세,상해없음
2013093000100375,2013년 9월 30일 17시,월요일,경상북도 상주시 모동면,부상신고사고,0,0,0,1,차대차 - 기타,안전운전불이행,건조,맑음,단일로 - 기타,기타불명,기타불명,기타불명,기타불명,자전거,여,14세,부상신고
2013093000100376,2013년 9월 30일 17시,월요일,경상북도 경산시 진량읍,중상사고,0,1,0,0,차대차 - 기타,교차로운행방법위반,건조,맑음,교차로 - 교차로안,승용,남,38세,상해없음,이륜,남,45세,중상
2013093000100417,2013년 9월 30일 18시,월요일,경상북도 경주시 성동동,중상사고,0,1,0,0,차대사람 - 기타,보행자보호의무위반,건조,맑음,단일로 - 횡단보도상,승용,여,32세,상해없음,보행자,여,75세,중상
2013093000100418,2013년 9월 30일 18시,월요일,경상북도 구미시 광평동,경상사고,0,0,1,0,차대차 - 정면충돌,교차로운행방법위반,건조,맑음,교차로 - 교차로안,승용,여,43세,상해없음,이륜,남,66세,경상
2013093000100419,2013년 9월 30일 18시,월요일,경상북도 포항시 남구 동해면,경상사고,0,0,1,0,차대차 - 기타,안전운전불이행,건조,맑음,단일로 - 기타,승용,여,48세,상해없음,승용,남,51세,상해없음
2013093000100420,2013년 9월 30일 18시,월요일,경상북도 포항시 남구 이동,경상사고,0,0,1,0,차대사람 - 기타,안전운전불이행,건조,맑음,단일로 - 기타,기타불명,기타불명,기타불명,기타불명,보행자,남,13세,경상
2013093000100421,2013년 9월 30일 18시,월요일,경상북도 포항시 남구 상도동,경상사고,0,0,1,0,차대차 - 기타,기타,건조,맑음,단일로 - 기타,승용,남,57세,상해없음,승용,남,50세,경상
2013093000100461,2013년 9월 30일 19시,월요일,경상북도 안동시 안기동,부상신고사고,0,0,0,1,차대차 - 측면직각충돌,안전운전불이행,건조,맑음,단일로 - 기타,화물,남,38세,부상신고,승용,남,59세,상해없음
2013093000100462,2013년 9월 30일 19시,월요일,경상북도 영주시 가흥동,중상사고,0,2,2,0,차대차 - 측면직각충돌,직진우회전진행방해,건조,맑음,교차로 - 교차로안,승용,남,51세,상해없음,승용,남,51세,중상
2013093000100463,2013년 9월 30일 19시,월요일,경상북도 포항시 남구 송내동,경상사고,0,0,1,0,차대차 - 측면직각충돌,안전운전불이행,건조,맑음,단일로 - 기타,화물,남,66세,상해없음,승용,남,39세,경상
2013093000100497,2013년 9월 30일 20시,월요일,경상북도 경주시 인왕동,경상사고,0,0,1,0,차대사람 - 기타,안전운전불이행,건조,맑음,기타 - 기타,승용,남,52세,상해없음,보행자,남,41세,경상
2013093000100498,2013년 9월 30일 20시,월요일,경상북도 포항시 북구 양덕동,경상사고,0,0,1,0,차대차 - 측면직각충돌,신호위반,건조,맑음,교차로 - 교차로안,승용,여,54세,상해없음,승용,여,47세,경상
2013093000100499,2013년 9월 30일 20시,월요일,경상북도 영주시 가흥동,경상사고,0,0,2,0,차대차 - 기타,안전운전불이행,건조,맑음,교차로 - 교차로안,승용,여,53세,경상,원동기,남,19세,경상
2013093000100545,2013년 9월 30일 22시,월요일,경상북도 포항시 북구 대흥동,경상사고,0,0,1,0,차대차 - 기타,중앙선침범,건조,맑음,단일로 - 기타,승용,남,61세,상해없음,승용,남,34세,경상
2013093000100572,2013년 9월 30일 23시,월요일,경상북도 영덕군 강구면,중상사고,0,1,3,1,차대차 - 추돌 - 주정차중,안전운전불이행,건조,맑음,교차로 - 교차로부근,승용,여,55세,부상신고,승용,여,58세,중상
2013093000100573,2013년 9월 30일 23시,월요일,경상북도 구미시 산동면,경상사고,0,0,1,0,차대차 - 추돌 - 주정차중,안전운전불이행,건조,맑음,교차로 - 교차로부근,승용,남,43세,경상,승용,남,29세,상해없음
2013100100100015,2013년 10월 1일 00시,화요일,경상북도 경산시 대평동,중상사고,0,1,0,0,차대사람 - 횡단중,신호위반,건조,맑음,교차로 - 교차로부근,승용,남,74세,상해없음,보행자,남,45세,중상
2013100100100033,2013년 10월 1일 02시,화요일,경상북도 경산시 압량면,경상사고,0,0,1,0,차대사람 - 기타,안전운전불이행,건조,맑음,교차로 - 교차로안,승용,남,52세,상해없음,보행자,남,22세,경상
2013100100100084,2013년 10월 1일 06시,화요일,경상북도 포항시 남구 호미곶면,경상사고,0,0,1,0,차량단독 - 기타,안전운전불이행,건조,맑음,단일로 - 기타,화물,남,61세,경상,,,,
2013100100100110,2013년 10월 1일 07시,화요일,경상북도 경주시 성동동,경상사고,0,0,1,0,차대사람 - 기타,안전운전불이행,건조,맑음,단일로 - 기타,승용,여,51세,기타불명,보행자,여,69세,경상
2013100100100111,2013년 10월 1일 07시,화요일,경상북도 경주시 현곡면,경상사고,0,0,3,0,차대차 - 기타,안전운전불이행,건조,맑음,기타 - 기타,승용,남,65세,상해없음,승합,남,30세,경상
2013100100100112,2013년 10월 1일 07시,화요일,경상북도 구미시 봉곡동,중상사고,0,1,0,0,차대사람 - 횡단중,안전운전불이행,건조,맑음,교차로 - 교차로부근,승용,여,32세,상해없음,보행자,남,79세,중상
2013100100100113,2013년 10월 1일 07시,화요일,경상북도 구미시 지산동,중상사고,0,1,0,0,차대사람 - 횡단중,신호위반,건조,맑음,단일로 - 기타,건설기계,남,47세,상해없음,보행자,여,51세,중상
2013100100100149,2013년 10월 1일 08시,화요일,경상북도 구미시 고아읍,중상사고,0,1,1,0,차대차 - 기타,중앙선침범,건조,맑음,교차로 - 교차로안,승용,여,56세,중상,승합,남,44세,경상
2013100100100174,2013년 10월 1일 09시,화요일,경상북도 안동시 노하동,경상사고,0,0,1,0,차대차 - 기타,안전운전불이행,건조,맑음,기타 - 기타,승용,여,47세,상해없음,승용,남,28세,경상
2013100100100175,2013년 10월 1일 09시,화요일,경상북도 영주시 풍기읍,경상사고,0,0,1,0,차대사람 - 횡단중,안전운전불이행,건조,맑음,교차로 - 교차로부근,화물,남,60세,상해없음,보행자,여,29세,경상
2013100100100206,2013년 10월 1일 10시,화요일,경상북도 구미시 해평면,경상사고,0,0,2,0,차대차 - 기타,중앙선침범,건조,맑음,단일로 - 기타,승용,남,73세,경상,승용,여,48세,경상
2013100100100229,2013년 10월 1일 11시,화요일,경상북도 포항시 남구 연일읍,중상사고,0,1,0,0,차대차 - 측면직각충돌,직진우회전진행방해,건조,맑음,교차로 - 교차로안,승용,남,76세,상해없음,화물,남,63세,중상
2013100100100257,2013년 10월 1일 12시,화요일,경상북도 경주시 외동읍,중상사고,0,1,0,1,차대차 - 기타,안전운전불이행,건조,맑음,교차로 - 교차로안,승용,남,34세,상해없음,승용,여,55세,중상
2013100100100258,2013년 10월 1일 12시,화요일,경상북도 상주시 냉림동,중상사고,0,1,0,0,차대차 - 기타,교차로운행방법위반,건조,맑음,교차로 - 교차로안,승용,남,60세,상해없음,원동기,남,40세,중상
2013100100100287,2013년 10월 1일 13시,화요일,경상북도 경주시 성건동,중상사고,0,1,0,0,차대차 - 기타,안전운전불이행,건조,맑음,교차로 - 교차로안,승용,남,53세,상해없음,이륜,여,59세,중상
2013100100100288,2013년 10월 1일 13시,화요일,경상북도 포항시 북구 양덕동,경상사고,0,0,1,0,차량단독 - 기타,안전운전불이행,건조,맑음,단일로 - 기타,승용,남,62세,상해없음,,,,
2013100100100352,2013년 10월 1일 15시,화요일,경상북도 구미시 송정동,중상사고,0,1,0,0,차대차 - 기타,안전운전불이행,건조,맑음,단일로 - 기타,승용,남,37세,상해없음,승용,여,56세,중상
2013100100100376,2013년 10월 1일 16시,화요일,경상북도 영천시 화남면,경상사고,0,0,2,0,차대차 - 기타,기타,건조,맑음,단일로 - 기타,화물,남,58세,상해없음,승용,남,47세,경상
2013100100100377,2013년 10월 1일 16시,화요일,경상북도 구미시 공단동,중상사고,0,1,0,0,차대차 - 기타,안전운전불이행,건조,맑음,교차로 - 교차로안,화물,남,51세,상해없음,자전거,여,35세,중상
2013100100100378,2013년 10월 1일 16시,화요일,경상북도 구미시 산동면,경상사고,0,0,2,0,차대차 - 기타,안전운전불이행,건조,흐림,교차로 - 교차로안,승합,남,68세,상해없음,승용,남,63세,경상
2013100100100416,2013년 10월 1일 17시,화요일,경상북도 경주시 외동읍,중상사고,0,1,0,3,차대차 - 기타,안전운전불이행,건조,맑음,교차로 - 교차로안,승용,여,40세,부상신고,승용,여,35세,중상
2013100100100417,2013년 10월 1일 17시,화요일,경상북도 안동시 남문동,경상사고,0,0,1,0,차대사람 - 횡단중,신호위반,건조,맑음,단일로 - 기타,승용,남,74세,상해없음,보행자,여,48세,경상
2013100100100418,2013년 10월 1일 17시,화요일,경상북도 봉화군 봉성면,경상사고,0,0,1,0,차대차 - 측면직각충돌,중앙선침범,건조,맑음,교차로 - 교차로부근,농기계,남,61세,경상,승용,남,31세,상해없음
2013100100100460,2013년 10월 1일 18시,화요일,경상북도 경주시 천북면,경상사고,0,0,1,0,차대차 - 측면직각충돌,안전운전불이행,건조,맑음,단일로 - 기타,승합,남,44세,상해없음,화물,남,49세,경상
2013100100100500,2013년 10월 1일 19시,화요일,경상북도 포항시 북구 흥해읍,경상사고,0,0,1,0,차대차 - 기타,안전운전불이행,건조,맑음,단일로 - 기타,승용,남,48세,상해없음,승용,남,20세,경상
2013100100100501,2013년 10월 1일 19시,화요일,경상북도 안동시 정하동,경상사고,0,0,1,0,차대차 - 기타,안전운전불이행,건조,맑음,단일로 - 기타,원동기,남,17세,경상,승용,여,42세,상해없음
2013100100100502,2013년 10월 1일 19시,화요일,경상북도 안동시 태화동,경상사고,0,0,1,0,차대차 - 추돌 - 진행중,안전운전불이행,건조,맑음,단일로 - 기타,화물,남,35세,상해없음,승용,남,44세,경상
2013100100100503,2013년 10월 1일 19시,화요일,경상북도 경산시 정평동,경상사고,0,0,1,0,차대사람 - 기타,안전운전불이행,건조,맑음,단일로 - 기타,승용,여,43세,상해없음,보행자,여,61세,경상