사고번호,사고일시,요일,시군구,사고내용,사망자수,중상자수,경상자수,부상신고자수,사고유형,법규위반,노면상태,기상상태,도로형태,가해운전자 차종,가해운전자 성별,가해운전자 연령,가해운전자 상해정도,피해운전자 차종,피해운전자 성별,피해운전자 연령,피해운전자 상해정도
2013100100100504,2013년 10월 1일 19시,화요일,경상북도 구미시 황상동,경상사고,0,0,1,0,차대사람 - 기타,안전운전불이행,건조,맑음,기타 - 기타,승합,남,47세,상해없음,보행자,여,27세,경상
2013100100100543,2013년 10월 1일 20시,화요일,경상북도 경산시 삼북동,경상사고,0,0,1,0,차대사람 - 기타,신호위반,건조,맑음,교차로 - 교차로안,원동기,여,45세,상해없음,보행자,남,10세,경상
2013100100100578,2013년 10월 1일 21시,화요일,경상북도 포항시 북구 우현동,경상사고,0,0,1,0,차대차 - 추돌 - 주정차중,안전운전불이행,건조,맑음,교차로 - 교차로부근,승용,여,51세,상해없음,승용,여,39세,경상
2013100100100579,2013년 10월 1일 21시,화요일,경상북도 상주시 내서면,중상사고,0,1,0,0,차량단독 - 기타,안전운전불이행,건조,맑음,단일로 - 기타,승용,남,50세,상해없음,,,,
2013100100100602,2013년 10월 1일 22시,화요일,경상북도 포항시 북구 죽도동,부상신고사고,0,0,0,1,차대차 - 추돌 - 진행중,안전운전불이행,건조,맑음,교차로 - 교차로부근,승용,남,27세,상해없음,승용,여,63세,부상신고
2013100100100619,2013년 10월 1일 23시,화요일,경상북도 포항시 북구 양덕동,중상사고,0,1,0,0,차대사람 - 기타,신호위반,건조,맑음,단일로 - 횡단보도상,승용,남,43세,상해없음,보행자,남,33세,중상
2013100100100620,2013년 10월 1일 23시,화요일,경상북도 김천시 부곡동,경상사고,0,0,1,0,차대차 - 측면직각충돌,안전운전불이행,건조,맑음,단일로 - 기타,이륜,남,19세,경상,승합,남,71세,기타불명
2013100100100621,2013년 10월 1일 23시,화요일,경상북도 칠곡군 기산면,경상사고,0,0,1,0,차대차 - 기타,중앙선침범,건조,맑음,단일로 - 기타,승용,여,39세,상해없음,승용,남,53세,경상
2013100100100622,2013년 10월 1일 23시,화요일,경상북도 구미시 인의동,경상사고,0,0,1,0,차대차 - 기타,교차로운행방법위반,건조,맑음,교차로 - 교차로안,승용,여,25세,경상,승합,남,28세,상해없음
2013100200100018,2013년 10월 2일 00시,수요일,경상북도 경주시 동천동,중상사고,0,1,0,0,차대차 - 추돌 - 주정차중,안전운전불이행,건조,맑음,교차로 - 교차로부근,승용,여,43세,상해없음,승용,남,34세,중상
2013100200100025,2013년 10월 2일 01시,수요일,경상북도 칠곡군 약목면,경상사고,0,0,1,0,차대차 - 기타,중앙선침범,건조,맑음,단일로 - 기타,승용,여,50세,기타불명,승용,여,51세,경상
2013100200100026,2013년 10월 2일 01시,수요일,경상북도 예천군 예천읍,중상사고,0,1,0,0,차대사람 - 기타,안전운전불이행,건조,맑음,단일로 - 기타,승용,여,49세,상해없음,보행자,남,54세,중상
2013100200100035,2013년 10월 2일 02시,수요일,경상북도 포항시 남구 대도동,경상사고,0,0,2,0,차대차 - 추돌 - 주정차중,안전운전불이행,건조,맑음,단일로 - 기타,승용,남,16세,상해없음,승용,남,56세,경상
2013100200100046,2013년 10월 2일 04시,수요일,경상북도 구미시 옥계동,중상사고,0,1,1,0,차대차 - 기타,중앙선침범,습기,비,단일로 - 기타,승용,남,42세,중상,화물,남,47세,경상
2013100200100087,2013년 10월 2일 07시,수요일,경상북도 의성군 다인면,중상사고,0,1,0,0,차대차 - 추돌 - 진행중,안전운전불이행,습기,흐림,교차로 - 교차로부근,화물,남,61세,상해없음,자전거,남,91세,중상
2013100200100106,2013년 10월 2일 08시,수요일,경상북도 경주시 안강읍,경상사고,0,0,1,0,차대차 - 기타,안전운전불이행,건조,맑음,교차로 - 교차로안,농기계,남,54세,상해없음,화물,남,65세,경상
2013100200100107,2013년 10월 2일 08시,수요일,경상북도 경주시 천북면,사망사고,1,0,0,0,차대차 - 기타,안전운전불이행,건조,맑음,기타 - 기타,화물,남,51세,상해없음,화물,남,63세,사망
2013100200100139,2013년 10월 2일 09시,수요일,경상북도 상주시 계산동,중상사고,0,1,0,0,차대차 - 기타,교차로운행방법위반,건조,맑음,교차로 - 교차로안,승용,남,56세,상해없음,이륜,남,55세,중상
2013100200100140,2013년 10월 2일 09시,수요일,경상북도 상주시 화남면,중상사고,0,1,0,0,차량단독 - 기타,안전운전불이행,건조,맑음,단일로 - 기타,화물,남,48세,상해없음,,,,
2013100200100163,2013년 10월 2일 10시,수요일,경상북도 청송군 부동면,중상사고,0,1,1,0,차대차 - 정면충돌,중앙선침범,건조,맑음,단일로 - 기타,화물,남,65세,상해없음,승용,여,36세,중상
2013100200100186,2013년 10월 2일 11시,수요일,경상북도 경주시 도지동,사망사고,1,0,0,0,차대차 - 측면직각충돌,신호위반,건조,맑음,교차로 - 교차로안,화물,남,51세,상해없음,원동기,남,77세,사망
2013100200100187,2013년 10월 2일 11시,수요일,경상북도 성주군 성주읍,경상사고,0,0,1,0,차대사람 - 기타,안전운전불이행,건조,맑음,기타 - 기타,승용,남,74세,상해없음,보행자,남,73세,경상
2013100200100188,2013년 10월 2일 11시,수요일,경상북도 포항시 남구 연일읍,중상사고,0,1,1,0,차대차 - 기타,불법유턴,건조,맑음,단일로 - 기타,승용,남,41세,상해없음,화물,남,48세,중상
2013100200100212,2013년 10월 2일 12시,수요일,경상북도 경주시 석장동,경상사고,0,0,1,0,차대차 - 기타,안전운전불이행,건조,맑음,교차로 - 교차로부근,승용,남,75세,상해없음,이륜,남,21세,경상
2013100200100213,2013년 10월 2일 12시,수요일,경상북도 상주시 화산동,경상사고,0,0,1,0,차대차 - 기타,교차로운행방법위반,건조,맑음,교차로 - 교차로부근,승용,남,52세,상해없음,화물,여,60세,경상
2013100200100214,2013년 10월 2일 12시,수요일,경상북도 성주군 성주읍,중상사고,0,1,3,0,차대차 - 측면직각충돌,직진우회전진행방해,건조,맑음,교차로 - 교차로안,승용,남,49세,상해없음,화물,남,74세,중상
2013100200100215,2013년 10월 2일 12시,수요일,경상북도 구미시 고아읍,중상사고,0,1,1,0,차대차 - 기타,교차로운행방법위반,건조,맑음,교차로 - 교차로안,승용,남,36세,상해없음,승용,여,32세,중상
2013100200100245,2013년 10월 2일 13시,수요일,경상북도 영주시 영주동,중상사고,0,1,0,0,차대차 - 정면충돌,신호위반,건조,맑음,단일로 - 기타,원동기,남,75세,중상,승합,여,50세,상해없음
2013100200100246,2013년 10월 2일 13시,수요일,경상북도 구미시 신평동,경상사고,0,0,1,0,차대차 - 기타,안전운전불이행,건조,맑음,단일로 - 기타,승용,남,47세,기타불명,승용,남,28세,경상
2013100200100271,2013년 10월 2일 14시,수요일,경상북도 경주시 성동동,부상신고사고,0,0,0,1,차대차 - 기타,안전운전불이행,건조,맑음,단일로 - 기타,이륜,여,71세,부상신고,승용,여,45세,상해없음
2013100200100272,2013년 10월 2일 14시,수요일,경상북도 경주시 양남면,부상신고사고,0,0,0,1,차대차 - 기타,안전운전불이행,건조,맑음,교차로 - 교차로안,이륜,남,44세,부상신고,승용,남,45세,상해없음
2013100200100273,2013년 10월 2일 14시,수요일,경상북도 상주시 공검면,사망사고,1,0,0,0,차량단독 - 기타,안전운전불이행,건조,맑음,단일로 - 기타,이륜,남,85세,사망,,,,
2013100200100274,2013년 10월 2일 14시,수요일,경상북도 영천시 완산동,경상사고,0,0,1,0,차대사람 - 기타,안전운전불이행,건조,맑음,단일로 - 기타,승용,남,30세,상해없음,보행자,여,38세,경상
2013100200100275,2013년 10월 2일 14시,수요일,경상북도 영천시 야사동,중상사고,0,1,0,0,차대사람 - 보도통행중,안전운전불이행,건조,맑음,교차로 - 교차로부근,승용,여,52세,상해없음,보행자,남,10세,중상
2013100200100312,2013년 10월 2일 15시,수요일,경상북도 포항시 북구 흥해읍,경상사고,0,0,1,0,차대차 - 기타,안전거리미확보,건조,맑음,단일로 - 기타,승용,남,43세,상해없음,승용,여,62세,경상
2013100200100313,2013년 10월 2일 15시,수요일,경상북도 김천시 감문면,중상사고,0,1,0,0,차대차 - 측면직각충돌,교차로운행방법위반,건조,맑음,교차로 - 교차로안,화물,남,64세,상해없음,원동기,남,32세,중상
2013100200100343,2013년 10월 2일 16시,수요일,경상북도 구미시 송정동,중상사고,0,1,1,0,차대차 - 기타,신호위반,건조,맑음,교차로 - 교차로부근,화물,남,30세,상해없음,이륜,남,65세,경상
2013100200100386,2013년 10월 2일 17시,수요일,경상북도 영주시 봉현면,중상사고,0,1,0,0,차대차 - 측면직각충돌,교차로운행방법위반,건조,맑음,교차로 - 교차로안,화물,여,61세,상해없음,승용,남,46세,중상
2013100200100387,2013년 10월 2일 17시,수요일,경상북도 영천시 북안면,경상사고,0,0,1,0,차대차 - 추돌 - 주정차중,안전운전불이행,건조,맑음,교차로 - 교차로안,승용,남,52세,상해없음,승용,남,48세,경상
2013100200100388,2013년 10월 2일 17시,수요일,경상북도 성주군 수륜면,경상사고,0,0,1,0,차량단독 - 전도전복,중앙선침범,건조,맑음,단일로 - 기타,화물,남,47세,경상,,,,
2013100200100389,2013년 10월 2일 17시,수요일,경상북도 울진군 북면,중상사고,0,1,1,0,차대차 - 기타,안전운전불이행,건조,맑음,교차로 - 교차로안,승용,남,49세,상해없음,화물,남,72세,중상
2013100200100390,2013년 10월 2일 17시,수요일,경상북도 구미시 상모동,중상사고,0,1,0,0,차대차 - 기타,중앙선침범,건조,맑음,단일로 - 기타,승용,남,54세,상해없음,승용,남,41세,중상
2013100200100435,2013년 10월 2일 18시,수요일,경상북도 경주시 황오동,경상사고,0,0,1,0,차대차 - 추돌 - 주정차중,안전운전불이행,건조,맑음,단일로 - 기타,승용,남,29세,상해없음,승용,남,29세,경상
2013100200100436,2013년 10월 2일 18시,수요일,경상북도 칠곡군 왜관읍,경상사고,0,0,2,0,차대차 - 추돌 - 주정차중,안전운전불이행,건조,맑음,단일로 - 기타,화물,남,55세,경상,화물,남,33세,기타불명
2013100200100487,2013년 10월 2일 19시,수요일,경상북도 경주시 외동읍,중상사고,0,1,1,0,차대차 - 추돌 - 주정차중,안전운전불이행,건조,맑음,교차로 - 교차로부근,화물,남,60세,상해없음,승용,여,25세,중상
2013100200100488,2013년 10월 2일 19시,수요일,경상북도 경산시 임당동,중상사고,0,1,0,0,차대차 - 기타,안전운전불이행,건조,맑음,단일로 - 기타,원동기,남,72세,중상,화물,남,47세,상해없음
2013100200100489,2013년 10월 2일 19시,수요일,경상북도 예천군 예천읍,중상사고,0,1,0,0,차대차 - 측면직각충돌,안전운전불이행,건조,맑음,교차로 - 교차로안,승용,여,41세,상해없음,승용,여,29세,중상
2013100200100530,2013년 10월 2일 20시,수요일,경상북도 칠곡군 석적읍,경상사고,0,0,1,0,차대차 - 기타,교차로운행방법위반,건조,맑음,교차로 - 교차로안,승용,여,51세,상해없음,이륜,남,34세,경상
2013100200100531,2013년 10월 2일 20시,수요일,경상북도 경산시 중방동,중상사고,0,1,0,0,차대사람 - 기타,보행자보호의무위반,건조,맑음,단일로 - 횡단보도상,승용,남,48세,상해없음,보행자,남,71세,중상
2013100200100532,2013년 10월 2일 20시,수요일,경상북도 구미시 도량동,경상사고,0,0,2,0,차대차 - 기타,안전운전불이행,건조,맑음,단일로 - 기타,기타불명,기타불명,기타불명,기타불명,승용,남,58세,경상
2013100200100561,2013년 10월 2일 21시,수요일,경상북도 예천군 예천읍,중상사고,0,2,0,0,차대차 - 측면직각충돌,중앙선침범,건조,맑음,단일로 - 기타,화물,남,56세,상해없음,승용,남,33세,중상
2013100200100593,2013년 10월 2일 22시,수요일,경상북도 구미시 진평동,경상사고,0,0,1,0,차대차 - 추돌 - 주정차중,안전운전불이행,건조,맑음,교차로 - 교차로부근,승용,여,32세,상해없음,승용,남,54세,경상
2013100200100624,2013년 10월 2일 23시,수요일,경상북도 안동시 운흥동,중상사고,0,1,0,0,차대사람 - 횡단중,안전운전불이행,건조,맑음,기타 - 기타,승용,여,48세,상해없음,보행자,여,67세,중상
2013100300100019,2013년 10월 3일 00시,목요일,경상북도 포항시 북구 죽도동,경상사고,0,0,1,0,차대차 - 기타,안전운전불이행,건조,맑음,교차로 - 교차로부근,승용,남,43세,상해없음,승용,남,62세,상해없음
2013100300100065,2013년 10월 3일 02시,목요일,경상북도 구미시 광평동,경상사고,0,0,1,0,차대차 - 기타,안전운전불이행,건조,맑음,교차로 - 교차로부근,승용,남,47세,상해없음,승용,여,36세,경상
2013100300100082,2013년 10월 3일 03시,목요일,경상북도 구미시 도량동,중상사고,0,1,0,0,차량단독 - 공작물충돌,안전운전불이행,건조,맑음,단일로 - 기타,화물,남,37세,중상,,,,
2013100300100131,2013년 10월 3일 06시,목요일,경상북도 구미시 공단동,경상사고,0,0,1,0,차대차 - 기타,안전운전불이행,건조,맑음,교차로 - 교차로부근,특수,남,41세,상해없음,승용,여,29세,경상
2013100300100143,2013년 10월 3일 07시,목요일,경상북도 영주시 장수면,중상사고,0,1,0,0,차대차 - 측면직각충돌,신호위반,건조,맑음,교차로 - 교차로안,특수,남,48세,상해없음,화물,남,46세,중상
2013100300100144,2013년 10월 3일 07시,목요일,경상북도 구미시 임은동,중상사고,0,2,1,0,차대차 - 추돌 - 주정차중,안전운전불이행,건조,맑음,교차로 - 교차로부근,승용,남,25세,상해없음,승용,남,36세,중상
2013100300100170,2013년 10월 3일 08시,목요일,경상북도 경주시 외동읍,경상사고,0,0,1,0,차대차 - 기타,안전운전불이행,건조,맑음,교차로 - 교차로안,승용,여,43세,상해없음,이륜,남,77세,경상
2013100300100171,2013년 10월 3일 08시,목요일,경상북도 칠곡군 북삼읍,중상사고,0,1,0,0,차대사람 - 횡단중,안전운전불이행,건조,맑음,교차로 - 교차로안,승용,여,36세,상해없음,보행자,여,78세,중상
2013100300100235,2013년 10월 3일 11시,목요일,경상북도 경주시 북군동,경상사고,0,0,1,0,차대차 - 기타,안전운전불이행,건조,맑음,단일로 - 기타,승용,남,42세,상해없음,원동기,남,44세,경상
2013100300100236,2013년 10월 3일 11시,목요일,경상북도 상주시 외남면,중상사고,0,1,0,0,차대차 - 기타,교차로운행방법위반,건조,맑음,교차로 - 교차로안,이륜,남,64세,중상,승합,남,49세,상해없음
2013100300100237,2013년 10월 3일 11시,목요일,경상북도 구미시 무을면,중상사고,0,1,0,0,차대차 - 기타,안전운전불이행,건조,맑음,단일로 - 기타,승용,남,34세,상해없음,농기계,남,65세,중상
2013100300100238,2013년 10월 3일 11시,목요일,경상북도 영천시 본촌동,중상사고,0,1,2,0,차대차 - 측면직각충돌,안전거리미확보,건조,맑음,단일로 - 기타,승용,여,35세,경상,건설기계,남,40세,경상
2013100300100260,2013년 10월 3일 12시,목요일,경상북도 포항시 북구 대흥동,경상사고,0,0,2,0,차대차 - 기타,안전운전불이행,건조,맑음,단일로 - 기타,승용,남,70세,상해없음,화물,남,39세,경상
2013100300100261,2013년 10월 3일 12시,목요일,경상북도 고령군 고령읍,중상사고,0,2,1,0,차대차 - 측면직각충돌,교차로운행방법위반,건조,맑음,교차로 - 교차로안,승용,남,66세,상해없음,승용,남,56세,중상
2013100300100262,2013년 10월 3일 12시,목요일,경상북도 구미시 송정동,중상사고,0,1,0,0,차대차 - 기타,차로위반,건조,맑음,단일로 - 기타,승용,남,76세,상해없음,이륜,남,30세,중상
2013100300100280,2013년 10월 3일 13시,목요일,경상북도 경주시 외동읍,중상사고,0,1,2,1,차대차 - 추돌 - 주정차중,안전운전불이행,건조,맑음,단일로 - 기타,승용,여,53세,부상신고,승용,남,45세,중상
2013100300100311,2013년 10월 3일 14시,목요일,경상북도 김천시 대항면,중상사고,0,1,4,0,차대차 - 측면직각충돌,안전운전불이행,건조,맑음,단일로 - 기타,승용,남,31세,상해없음,승용,남,31세,경상
2013100300100387,2013년 10월 3일 16시,목요일,경상북도 안동시 운흥동,경상사고,0,0,1,0,차대차 - 측면직각충돌,안전거리미확보,건조,맑음,단일로 - 기타,승용,남,80세,경상,승용,남,49세,상해없음
2013100300100388,2013년 10월 3일 16시,목요일,경상북도 영주시 풍기읍,경상사고,0,0,1,0,차대차 - 측면직각충돌,안전운전불이행,건조,맑음,교차로 - 교차로부근,원동기,남,32세,경상,승용,남,43세,상해없음
2013100300100389,2013년 10월 3일 16시,목요일,경상북도 구미시 공단동,중상사고,0,1,1,0,차대차 - 기타,안전운전불이행,건조,맑음,교차로 - 교차로안,화물,남,38세,상해없음,승용,남,32세,중상
2013100300100426,2013년 10월 3일 17시,목요일,경상북도 문경시 영순면,중상사고,0,1,0,0,차대차 - 추돌 - 진행중,기타,건조,맑음,단일로 - 기타,이륜,여,70세,중상,승용,남,47세,상해없음
2013100300100427,2013년 10월 3일 17시,목요일,경상북도 구미시 지산동,경상사고,0,0,1,0,차대차 - 기타,안전운전불이행,건조,맑음,교차로 - 교차로부근,승용,남,42세,상해없음,자전거,남,15세,경상
2013100300100460,2013년 10월 3일 18시,목요일,경상북도 경주시 효현동,중상사고,0,1,0,0,차대차 - 기타,안전운전불이행,건조,맑음,기타 - 기타,화물,남,49세,상해없음,농기계,남,56세,상해없음
2013100300100461,2013년 10월 3일 18시,목요일,경상북도 상주시 남성동,경상사고,0,0,1,0,차대사람 - 기타,안전운전불이행,건조,맑음,단일로 - 기타,기타불명,기타불명,기타불명,기타불명,보행자,여,58세,경상
2013100300100462,2013년 10월 3일 18시,목요일,경상북도 영주시 풍기읍,중상사고,0,1,0,0,차대차 - 기타,안전운전불이행,건조,맑음,단일로 - 기타,화물,남,46세,상해없음,화물,남,66세,상해없음
2013100300100463,2013년 10월 3일 18시,목요일,경상북도 영주시 휴천동,경상사고,0,0,1,0,차대차 - 측면직각충돌,안전운전불이행,건조,맑음,단일로 - 기타,승용,남,54세,상해없음,자전거,남,47세,경상
2013100300100508,2013년 10월 3일 19시,목요일,경상북도 포항시 북구 흥해읍,경상사고,0,0,1,0,차량단독 - 공작물충돌,안전운전불이행,건조,맑음,단일로 - 기타,원동기,남,23세,경상,,,,
2013100300100509,2013년 10월 3일 19시,목요일,경상북도 칠곡군 동명면,중상사고,0,1,2,0,차대차 - 추돌 - 주정차중,안전운전불이행,건조,맑음,교차로 - 교차로부근,화물,남,48세,상해없음,승용,남,37세,중상
2013100300100510,2013년 10월 3일 19시,목요일,경상북도 구미시 형곡동,중상사고,0,1,0,0,차대사람 - 횡단중,안전운전불이행,건조,맑음,단일로 - 기타,원동기,남,17세,상해없음,보행자,여,61세,중상
2013100300100511,2013년 10월 3일 19시,목요일,경상북도 구미시 도량동,중상사고,0,1,0,0,차대사람 - 기타,보행자보호의무위반,건조,맑음,단일로 - 기타,승합,남,63세,상해없음,보행자,여,56세,중상
2013100300100535,2013년 10월 3일 20시,목요일,경상북도 청송군 진보면,중상사고,0,1,0,0,차대사람 - 횡단중,보행자보호의무위반,건조,맑음,단일로 - 횡단보도상,승용,남,33세,상해없음,보행자,남,58세,중상
2013100300100536,2013년 10월 3일 20시,목요일,경상북도 구미시 고아읍,중상사고,0,2,0,0,차대차 - 기타,안전운전불이행,건조,맑음,교차로 - 교차로안,화물,남,65세,상해없음,승용,남,42세,중상
2013100300100573,2013년 10월 3일 21시,목요일,경상북도 포항시 북구 양덕동,경상사고,0,0,1,0,차대사람 - 기타,안전운전불이행,건조,맑음,교차로 - 교차로부근,승용,여,39세,상해없음,보행자,여,34세,경상
2013100400100013,2013년 10월 4일 00시,금요일,경상북도 김천시 평화동,경상사고,0,0,1,0,차대사람 - 기타,안전운전불이행,건조,맑음,단일로 - 기타,승용,남,30세,상해없음,보행자,남,39세,경상
2013100400100032,2013년 10월 4일 01시,금요일,경상북도 경주시 충효동,경상사고,0,0,1,0,차대차 - 기타,안전운전불이행,건조,맑음,교차로 - 교차로안,승용,남,29세,상해없음,승용,남,22세,상해없음
2013100400100048,2013년 10월 4일 03시,금요일,경상북도 칠곡군 북삼읍,부상신고사고,0,0,0,1,차대사람 - 횡단중,안전운전불이행,건조,맑음,단일로 - 기타,승용,남,44세,상해없음,보행자,남,18세,부상신고
2013100400100098,2013년 10월 4일 07시,금요일,경상북도 경산시 진량읍,경상사고,0,0,2,0,차대차 - 기타,안전운전불이행,건조,맑음,단일로 - 기타,승용,남,52세,상해없음,승용,남,51세,기타불명
2013100400100120,2013년 10월 4일 08시,금요일,경상북도 경주시 용강동,중상사고,0,1,0,0,차대사람 - 기타,안전운전불이행,건조,맑음,단일로 - 기타,승용,남,54세,상해없음,보행자,여,66세,중상
2013100400100121,2013년 10월 4일 08시,금요일,경상북도 포항시 남구 해도동,경상사고,0,0,1,0,차대차 - 측면직각충돌,안전운전불이행,건조,맑음,단일로 - 기타,화물,남,66세,상해없음,승용,여,21세,경상
2013100400100154,2013년 10월 4일 09시,금요일,경상북도 경주시 안강읍,중상사고,0,1,0,0,차대차 - 기타,안전운전불이행,건조,맑음,교차로 - 교차로안,승용,여,46세,상해없음,자전거,여,54세,중상
2013100400100155,2013년 10월 4일 09시,금요일,경상북도 포항시 북구 우현동,경상사고,0,0,1,0,차대차 - 기타,안전운전불이행,건조,맑음,교차로 - 교차로부근,승용,남,68세,상해없음,승용,여,52세,경상
2013100400100156,2013년 10월 4일 09시,금요일,경상북도 안동시 옥동,경상사고,0,0,2,0,차대차 - 기타,차로위반,건조,맑음,기타 - 기타,승용,남,61세,경상,건설기계,남,43세,경상
2013100400100157,2013년 10월 4일 09시,금요일,경상북도 상주시 중동면,중상사고,0,1,0,0,차대차 - 기타,안전운전불이행,건조,맑음,교차로 - 교차로부근,화물,여,49세,상해없음,원동기,여,47세,중상
2013100400100158,2013년 10월 4일 09시,금요일,경상북도 영천시 오미동,중상사고,0,1,0,0,차대차 - 기타,안전운전불이행,건조,맑음,단일로 - 기타,건설기계,남,71세,상해없음,화물,남,69세,상해없음
2013100400100159,2013년 10월 4일 09시,금요일,경상북도 구미시 원평동,중상사고,0,1,0,0,차대사람 - 기타,안전운전불이행,건조,맑음,단일로 - 기타,승합,남,54세,상해없음,보행자,여,36세,중상
2013100400100186,2013년 10월 4일 10시,금요일,경상북도 칠곡군 약목면,경상사고,0,0,2,0,차대차 - 기타,안전거리미확보,건조,맑음,단일로 - 기타,특수,남,45세,상해없음,승용,여,28세,경상
2013100400100187,2013년 10월 4일 10시,금요일,경상북도 칠곡군 가산면,경상사고,0,0,2,0,차대차 - 기타,안전거리미확보,건조,맑음,단일로 - 기타,화물,남,57세,상해없음,승용,남,53세,상해없음
2013100400100212,2013년 10월 4일 11시,금요일,경상북도 영천시 고경면,중상사고,0,1,0,0,차대차 - 기타,신호위반,건조,맑음,교차로 - 교차로안,화물,남,64세,기타불명,이륜,남,45세,중상
2013100400100213,2013년 10월 4일 11시,금요일,경상북도 문경시 흥덕동,중상사고,0,1,0,0,차대사람 - 보도통행중,기타,건조,맑음,기타 - 기타,특수,남,32세,상해없음,보행자,남,68세,중상
2013100400100214,2013년 10월 4일 11시,금요일,경상북도 성주군 용암면,사망사고,1,0,0,0,차대차 - 기타,안전거리미확보,건조,맑음,기타 - 기타,건설기계,남,53세,상해없음,자전거,남,93세,사망
2013100400100215,2013년 10월 4일 11시,금요일,경상북도 구미시 형곡동,경상사고,0,0,1,0,차대차 - 기타,안전운전불이행,건조,맑음,기타 - 기타,승용,남,24세,상해없음,승용,남,24세,경상
2013100400100246,2013년 10월 4일 12시,금요일,경상북도 경주시 양남면,경상사고,0,0,2,0,차대차 - 기타,안전운전불이행,건조,맑음,단일로 - 기타,화물,남,42세,상해없음,승용,남,35세,경상
2013100400100272,2013년 10월 4일 13시,금요일,경상북도 경주시 양북면,중상사고,0,1,0,0,차대차 - 기타,안전운전불이행,건조,맑음,단일로 - 기타,원동기,남,46세,중상,승용,남,56세,상해없음
2013100400100273,2013년 10월 4일 13시,금요일,경상북도 봉화군 물야면,중상사고,0,3,1,0,차대차 - 측면직각충돌,직진우회전진행방해,건조,맑음,교차로 - 교차로안,화물,여,58세,경상,승용,남,61세,중상
2013100400100319,2013년 10월 4일 14시,금요일,경상북도 포항시 남구 오천읍,중상사고,0,1,0,0,차대사람 - 기타,기타,건조,맑음,단일로 - 횡단보도부근,화물,남,67세,상해없음,보행자,남,6세,중상
2013100400100357,2013년 10월 4일 15시,금요일,경상북도 구미시 진평동,경상사고,0,0,1,0,차대차 - 기타,안전운전불이행,건조,맑음,단일로 - 기타,이륜,남,20세,경상,승용,남,36세,상해없음
2013100400100400,2013년 10월 4일 16시,금요일,경상북도 영주시 풍기읍,중상사고,0,1,0,0,차대차 - 측면직각충돌,안전운전불이행,건조,맑음,교차로 - 교차로부근,승용,남,50세,상해없음,자전거,남,67세,중상
2013100400100401,2013년 10월 4일 16시,금요일,경상북도 칠곡군 왜관읍,중상사고,0,1,0,0,차대사람 - 보도통행중,기타,건조,맑음,단일로 - 기타,승용,남,35세,상해없음,보행자,여,13세,중상
2013100400100402,2013년 10월 4일 16시,금요일,경상북도 칠곡군 북삼읍,사망사고,1,0,0,0,차대사람 - 횡단중,안전운전불이행,건조,맑음,단일로 - 기타,승용,남,48세,상해없음,보행자,여,8세,사망
2013100400100403,2013년 10월 4일 16시,금요일,경상북도 구미시 옥계동,경상사고,0,0,1,0,차대사람 - 기타,안전운전불이행,건조,맑음,교차로 - 교차로부근,승용,기타불명,기타불명,기타불명,보행자,남,8세,경상
2013100400100449,2013년 10월 4일 17시,금요일,경상북도 경주시 양북면,경상사고,0,0,2,0,차대차 - 기타,안전거리미확보,건조,맑음,단일로 - 기타,승용,남,37세,기타불명,승합,남,39세,상해없음
2013100400100489,2013년 10월 4일 18시,금요일,경상북도 경주시 외동읍,중상사고,0,1,0,0,차대차 - 기타,안전운전불이행,건조,맑음,교차로 - 교차로안,승용,여,46세,기타불명,승용,남,30세,중상
2013100400100490,2013년 10월 4일 18시,금요일,경상북도 경주시 감포읍,경상사고,0,0,2,0,차대차 - 기타,안전운전불이행,건조,맑음,기타 - 기타,화물,남,43세,상해없음,승용,남,35세,상해없음
2013100400100491,2013년 10월 4일 18시,금요일,경상북도 경주시 배반동,중상사고,0,1,1,0,차대차 - 추돌 - 진행중,안전운전불이행,건조,맑음,단일로 - 기타,이륜,남,77세,중상,이륜,남,75세,경상
2013100400100492,2013년 10월 4일 18시,금요일,경상북도 경주시 내남면,중상사고,0,5,0,0,차대차 - 기타,안전운전불이행,건조,맑음,단일로 - 기타,승용,남,46세,중상,승용,남,29세,중상
2013100400100493,2013년 10월 4일 18시,금요일,경상북도 안동시 남문동,경상사고,0,0,1,0,차대사람 - 기타,안전운전불이행,건조,맑음,단일로 - 횡단보도상,승용,남,39세,상해없음,보행자,남,78세,경상
2013100400100494,2013년 10월 4일 18시,금요일,경상북도 김천시 성내동,경상사고,0,0,2,0,차대차 - 측면직각충돌,중앙선침범,건조,맑음,단일로 - 기타,승용,여,37세,상해없음,이륜,남,75세,경상
2013100400100495,2013년 10월 4일 18시,금요일,경상북도 포항시 남구 동촌동,경상사고,0,0,1,0,차대차 - 추돌 - 진행중,안전운전불이행,건조,맑음,단일로 - 기타,승용,남,26세,상해없음,승용,남,38세,경상
2013100400100533,2013년 10월 4일 19시,금요일,경상북도 경주시 신평동,중상사고,0,1,2,0,차대차 - 기타,안전운전불이행,건조,맑음,교차로 - 교차로안,승용,남,41세,경상,화물,남,50세,상해없음
2013100400100534,2013년 10월 4일 19시,금요일,경상북도 포항시 북구 죽도동,경상사고,0,0,1,0,차대차 - 측면직각충돌,안전운전불이행,건조,흐림,기타 - 기타,승용,남,50세,상해없음,승용,남,37세,경상
2013100400100535,2013년 10월 4일 19시,금요일,경상북도 김천시 부곡동,경상사고,0,0,1,0,차대차 - 측면직각충돌,안전운전불이행,건조,맑음,단일로 - 기타,승용,여,28세,상해없음,승용,남,21세,경상