사고번호,사고일시,요일,시군구,사고내용,사망자수,중상자수,경상자수,부상신고자수,사고유형,법규위반,노면상태,기상상태,도로형태,가해운전자 차종,가해운전자 성별,가해운전자 연령,가해운전자 상해정도,피해운전자 차종,피해운전자 성별,피해운전자 연령,피해운전자 상해정도
2013100400100536,2013년 10월 4일 19시,금요일,경상북도 상주시 남성동,경상사고,0,0,1,0,차대차 - 기타,안전운전불이행,건조,맑음,단일로 - 기타,승용,여,38세,상해없음,이륜,남,17세,경상
2013100400100537,2013년 10월 4일 19시,금요일,경상북도 상주시 공성면,경상사고,0,0,2,0,차대차 - 기타,안전운전불이행,건조,맑음,교차로 - 교차로안,승용,남,49세,경상,승용,남,71세,경상
2013100400100538,2013년 10월 4일 19시,금요일,경상북도 구미시 공단동,경상사고,0,0,1,0,차대차 - 기타,안전운전불이행,건조,맑음,단일로 - 기타,승용,남,54세,상해없음,자전거,여,25세,경상
2013100400100539,2013년 10월 4일 19시,금요일,경상북도 구미시 옥계동,중상사고,0,1,2,0,차대차 - 기타,중앙선침범,건조,흐림,단일로 - 기타,승용,남,22세,상해없음,승용,남,54세,경상
2013100400100540,2013년 10월 4일 19시,금요일,경상북도 포항시 남구 송도동,경상사고,0,0,1,0,차대차 - 추돌 - 주정차중,안전거리미확보,건조,맑음,단일로 - 기타,승용,남,52세,상해없음,승용,남,32세,경상
2013100400100584,2013년 10월 4일 20시,금요일,경상북도 경주시 안강읍,경상사고,0,0,1,0,차대차 - 기타,안전운전불이행,건조,맑음,단일로 - 기타,승용,여,62세,상해없음,승용,남,28세,경상
2013100400100585,2013년 10월 4일 20시,금요일,경상북도 포항시 남구 송도동,경상사고,0,0,1,0,차대차 - 추돌 - 주정차중,안전운전불이행,건조,맑음,단일로 - 기타,승용,여,49세,상해없음,승용,남,44세,경상
2013100400100613,2013년 10월 4일 21시,금요일,경상북도 구미시 옥성면,경상사고,0,0,1,0,차량단독 - 전도전복,안전운전불이행,건조,맑음,단일로 - 기타,원동기,남,51세,경상,,,,
2013100400100647,2013년 10월 4일 22시,금요일,경상북도 경산시 옥곡동,중상사고,0,1,0,0,차대사람 - 기타,안전운전불이행,건조,맑음,단일로 - 기타,승용,남,51세,상해없음,보행자,여,82세,중상
2013100400100648,2013년 10월 4일 22시,금요일,경상북도 포항시 남구 효자동,경상사고,0,0,2,0,차대차 - 측면직각충돌,신호위반,건조,맑음,교차로 - 교차로안,원동기,남,17세,경상,승용,여,68세,경상
2013100400100687,2013년 10월 4일 23시,금요일,경상북도 경주시 동부동,중상사고,0,1,0,0,차대차 - 기타,안전운전불이행,건조,맑음,단일로 - 기타,원동기,남,20세,중상,승용,남,73세,상해없음
2013100400100688,2013년 10월 4일 23시,금요일,경상북도 경산시 진량읍,경상사고,0,0,1,0,차대차 - 기타,안전운전불이행,건조,맑음,단일로 - 기타,승용,남,48세,상해없음,이륜,남,35세,경상
2013100400100689,2013년 10월 4일 23시,금요일,경상북도 구미시 상모동,경상사고,0,0,1,0,차대차 - 기타,안전운전불이행,건조,맑음,교차로 - 교차로안,승용,남,39세,상해없음,승용,남,34세,경상
2013100500100040,2013년 10월 5일 01시,토요일,경상북도 포항시 북구 죽도동,경상사고,0,0,1,0,차대차 - 기타,교차로운행방법위반,건조,맑음,교차로 - 교차로안,승용,남,21세,상해없음,승용,남,59세,경상
2013100500100041,2013년 10월 5일 01시,토요일,경상북도 구미시 인의동,경상사고,0,0,1,0,차대사람 - 기타,교차로운행방법위반,건조,맑음,교차로 - 교차로안,승용,남,24세,상해없음,보행자,남,46세,경상
2013100500100042,2013년 10월 5일 01시,토요일,경상북도 구미시 고아읍,경상사고,0,0,1,0,차대차 - 기타,안전운전불이행,건조,맑음,교차로 - 교차로부근,승용,남,40세,상해없음,승용,여,30세,경상
2013100500100086,2013년 10월 5일 03시,토요일,경상북도 포항시 북구 죽도동,중상사고,0,4,0,0,차대차 - 추돌 - 주정차중,안전운전불이행,건조,맑음,단일로 - 기타,승용,여,59세,중상,승용,남,42세,중상
2013100500100105,2013년 10월 5일 04시,토요일,경상북도 포항시 북구 항구동,중상사고,0,1,1,0,차대차 - 측면직각충돌,중앙선침범,건조,맑음,단일로 - 기타,원동기,남,17세,상해없음,원동기,남,20세,중상
2013100500100120,2013년 10월 5일 06시,토요일,경상북도 안동시 와룡면,중상사고,0,1,0,0,차대사람 - 길가장자리구역통행중,안전운전불이행,습기,안개,단일로 - 기타,승용,남,67세,상해없음,보행자,여,81세,중상
2013100500100121,2013년 10월 5일 06시,토요일,경상북도 경산시 중산동,중상사고,0,2,1,0,차대차 - 기타,중앙선침범,건조,맑음,단일로 - 기타,승용,여,52세,상해없음,승용,남,51세,경상
2013100500100122,2013년 10월 5일 06시,토요일,경상북도 영덕군 남정면,중상사고,0,1,0,0,차량단독 - 기타,안전운전불이행,건조,맑음,단일로 - 기타,승용,남,32세,중상,,,,
2013100500100143,2013년 10월 5일 07시,토요일,경상북도 김천시 지좌동,경상사고,0,0,1,0,차대차 - 측면직각충돌,차로위반,건조,맑음,단일로 - 기타,승용,남,19세,상해없음,화물,남,32세,경상
2013100500100170,2013년 10월 5일 08시,토요일,경상북도 칠곡군 왜관읍,경상사고,0,0,1,0,차대차 - 측면직각충돌,중앙선침범,건조,맑음,교차로 - 교차로안,자전거,여,27세,경상,승용,여,52세,상해없음
2013100500100205,2013년 10월 5일 09시,토요일,경상북도 경주시 배반동,중상사고,0,1,0,0,차대차 - 기타,신호위반,건조,맑음,교차로 - 교차로안,이륜,남,77세,중상,승합,여,55세,상해없음
2013100500100206,2013년 10월 5일 09시,토요일,경상북도 포항시 북구 항구동,중상사고,0,1,0,0,차대사람 - 기타,신호위반,건조,맑음,교차로 - 교차로부근,자전거,남,14세,상해없음,보행자,여,59세,중상
2013100500100207,2013년 10월 5일 09시,토요일,경상북도 문경시 영순면,경상사고,0,0,1,0,차대차 - 기타,안전운전불이행,건조,맑음,단일로 - 기타,화물,남,56세,상해없음,원동기,여,69세,경상
2013100500100208,2013년 10월 5일 09시,토요일,경상북도 구미시 공단동,중상사고,0,1,1,0,차대차 - 측면직각충돌,교차로운행방법위반,건조,맑음,교차로 - 교차로안,승용,남,24세,경상,승용,남,45세,중상
2013100500100233,2013년 10월 5일 10시,토요일,경상북도 문경시 마성면,경상사고,0,0,8,0,차대차 - 측면직각충돌,안전거리미확보,건조,맑음,단일로 - 기타,화물,남,77세,경상,승합,여,26세,경상
2013100500100267,2013년 10월 5일 11시,토요일,경상북도 포항시 북구 덕수동,경상사고,0,0,1,0,차대사람 - 기타,안전운전불이행,건조,맑음,단일로 - 기타,승용,남,52세,상해없음,보행자,남,16세,경상
2013100500100268,2013년 10월 5일 11시,토요일,경상북도 김천시 대광동,경상사고,0,0,1,0,차대차 - 측면직각충돌,교차로운행방법위반,건조,맑음,교차로 - 교차로안,승용,남,35세,상해없음,이륜,남,73세,경상
2013100500100269,2013년 10월 5일 11시,토요일,경상북도 영주시 영주동,경상사고,0,0,1,0,차대사람 - 횡단중,교차로운행방법위반,건조,맑음,단일로 - 기타,승합,남,38세,상해없음,보행자,여,13세,경상
2013100500100270,2013년 10월 5일 11시,토요일,경상북도 문경시 마성면,중상사고,0,3,0,0,차대차 - 정면충돌,중앙선침범,건조,맑음,단일로 - 기타,승용,남,53세,중상,승용,남,33세,중상
2013100500100272,2013년 10월 5일 11시,토요일,경상북도 포항시 남구 동해면,중상사고,0,1,0,0,차량단독 - 전도전복,안전운전불이행,건조,맑음,단일로 - 기타,원동기,남,76세,중상,,,,
2013100500100302,2013년 10월 5일 12시,토요일,경상북도 경주시 현곡면,중상사고,0,1,0,0,차대차 - 기타,안전운전불이행,건조,맑음,단일로 - 기타,화물,남,56세,상해없음,화물,남,42세,중상
2013100500100303,2013년 10월 5일 12시,토요일,경상북도 칠곡군 왜관읍,경상사고,0,0,1,0,차대사람 - 기타,안전운전불이행,건조,맑음,기타 - 기타,승용,남,54세,상해없음,보행자,남,30세,경상
2013100500100338,2013년 10월 5일 13시,토요일,경상북도 영천시 화남면,중상사고,0,2,0,0,차대차 - 기타,안전운전불이행,건조,맑음,단일로 - 기타,승용,남,53세,상해없음,화물,남,35세,중상
2013100500100339,2013년 10월 5일 13시,토요일,경상북도 성주군 성주읍,중상사고,0,1,0,0,차대차 - 기타,안전운전불이행,건조,맑음,기타 - 기타,화물,남,52세,상해없음,이륜,남,80세,중상
2013100500100371,2013년 10월 5일 14시,토요일,경상북도 포항시 북구 장성동,중상사고,0,1,0,0,차대차 - 기타,교차로운행방법위반,건조,맑음,단일로 - 기타,승용,여,38세,상해없음,원동기,남,51세,중상
2013100500100372,2013년 10월 5일 14시,토요일,경상북도 고령군 고령읍,중상사고,0,1,0,0,차대차 - 측면직각충돌,안전운전불이행,건조,맑음,단일로 - 기타,자전거,여,61세,중상,승용,여,42세,상해없음
2013100500100406,2013년 10월 5일 15시,토요일,경상북도 상주시 공성면,중상사고,0,1,0,0,차대차 - 기타,중앙선침범,건조,맑음,단일로 - 기타,승용,남,34세,상해없음,화물,남,41세,중상
2013100500100407,2013년 10월 5일 15시,토요일,경상북도 영천시 금호읍,경상사고,0,0,1,0,차대차 - 기타,신호위반,건조,맑음,교차로 - 교차로안,승용,남,61세,상해없음,이륜,남,29세,경상
2013100500100444,2013년 10월 5일 16시,토요일,경상북도 경주시 보문동,사망사고,1,1,0,0,차대차 - 기타,안전운전불이행,건조,맑음,교차로 - 교차로부근,건설기계,남,37세,상해없음,원동기,여,21세,중상
2013100500100445,2013년 10월 5일 16시,토요일,경상북도 경주시 서부동,경상사고,0,0,1,0,차대차 - 기타,안전운전불이행,건조,맑음,교차로 - 교차로부근,승용,남,42세,상해없음,자전거,여,70세,경상
2013100500100446,2013년 10월 5일 16시,토요일,경상북도 상주시 서성동,중상사고,0,1,0,0,차대차 - 기타,신호위반,건조,맑음,교차로 - 교차로안,승용,남,71세,상해없음,자전거,여,50세,중상
2013100500100447,2013년 10월 5일 16시,토요일,경상북도 포항시 남구 지곡동,경상사고,0,0,1,0,차량단독 - 전도전복,안전운전불이행,건조,맑음,단일로 - 기타,원동기,남,65세,경상,,,,
2013100500100475,2013년 10월 5일 17시,토요일,경상북도 의성군 비안면,중상사고,0,1,0,0,차대차 - 측면직각충돌,안전운전불이행,건조,맑음,단일로 - 기타,화물,남,65세,상해없음,농기계,남,77세,중상
2013100500100476,2013년 10월 5일 17시,토요일,경상북도 포항시 남구 장기면,중상사고,0,2,0,0,차대차 - 기타,중앙선침범,건조,맑음,단일로 - 기타,승합,여,39세,상해없음,승용,여,51세,중상
2013100500100508,2013년 10월 5일 18시,토요일,경상북도 안동시 운흥동,경상사고,0,0,3,0,차대차 - 추돌 - 진행중,안전운전불이행,건조,맑음,단일로 - 기타,화물,남,48세,상해없음,승용,남,53세,경상
2013100500100509,2013년 10월 5일 18시,토요일,경상북도 상주시 헌신동,중상사고,0,1,0,0,차대차 - 기타,안전운전불이행,건조,맑음,단일로 - 기타,농기계,남,66세,중상,화물,남,56세,상해없음
2013100500100510,2013년 10월 5일 18시,토요일,경상북도 영주시 영주동,경상사고,0,0,1,0,차대차 - 기타,안전운전불이행,건조,맑음,단일로 - 기타,승용,남,55세,상해없음,자전거,여,63세,경상
2013100500100511,2013년 10월 5일 18시,토요일,경상북도 영주시 영주동,중상사고,0,1,1,0,차대사람 - 횡단중,안전운전불이행,건조,맑음,단일로 - 기타,이륜,남,20세,경상,보행자,남,79세,중상
2013100500100512,2013년 10월 5일 18시,토요일,경상북도 경산시 중방동,중상사고,0,1,0,0,차대사람 - 기타,안전운전불이행,건조,맑음,단일로 - 기타,승용,남,32세,상해없음,보행자,여,53세,중상
2013100500100513,2013년 10월 5일 18시,토요일,경상북도 경산시 옥산동,중상사고,0,1,0,0,차대차 - 기타,안전운전불이행,건조,맑음,교차로 - 교차로안,원동기,남,54세,상해없음,원동기,남,31세,중상
2013100500100554,2013년 10월 5일 19시,토요일,경상북도 김천시 평화동,경상사고,0,0,1,0,차대차 - 측면직각충돌,안전거리미확보,건조,맑음,교차로 - 교차로안,승합,남,53세,상해없음,승용,여,25세,경상
2013100500100555,2013년 10월 5일 19시,토요일,경상북도 영주시 휴천동,중상사고,0,1,0,0,차대사람 - 횡단중,보행자보호의무위반,건조,맑음,교차로 - 교차로부근,승용,남,68세,상해없음,보행자,여,50세,중상
2013100500100556,2013년 10월 5일 19시,토요일,경상북도 문경시 가은읍,중상사고,0,1,0,0,차대사람 - 기타,안전운전불이행,건조,맑음,단일로 - 기타,승용,남,46세,상해없음,보행자,남,56세,중상
2013100500100557,2013년 10월 5일 19시,토요일,경상북도 예천군 상리면,중상사고,0,1,0,0,차대차 - 측면직각충돌,중앙선침범,건조,맑음,단일로 - 기타,화물,여,48세,상해없음,승용,남,51세,중상
2013100500100592,2013년 10월 5일 20시,토요일,경상북도 포항시 북구 상원동,경상사고,0,0,1,0,차대사람 - 기타,안전운전불이행,건조,맑음,단일로 - 기타,원동기,남,16세,상해없음,보행자,여,13세,경상
2013100500100593,2013년 10월 5일 20시,토요일,경상북도 영천시 도동,경상사고,0,0,1,0,차대차 - 기타,신호위반,건조,맑음,교차로 - 교차로안,화물,남,47세,상해없음,화물,남,60세,경상
2013100500100594,2013년 10월 5일 20시,토요일,경상북도 포항시 남구 인덕동,경상사고,0,0,1,0,차대차 - 기타,중앙선침범,건조,맑음,단일로 - 기타,승용,남,52세,상해없음,승용,여,43세,경상
2013100500100628,2013년 10월 5일 21시,토요일,경상북도 군위군 군위읍,중상사고,0,1,0,0,차대차 - 기타,안전운전불이행,건조,흐림,교차로 - 교차로안,승용,여,53세,상해없음,원동기,남,57세,중상
2013100500100629,2013년 10월 5일 21시,토요일,경상북도 구미시 원평동,중상사고,0,3,0,0,차대차 - 추돌 - 주정차중,안전운전불이행,건조,맑음,단일로 - 기타,화물,남,41세,상해없음,승용,남,28세,중상
2013100500100695,2013년 10월 5일 23시,토요일,경상북도 영천시 망정동,중상사고,0,1,0,0,차대차 - 기타,안전운전불이행,건조,맑음,단일로 - 기타,화물,남,56세,상해없음,원동기,남,18세,중상
2013100500100696,2013년 10월 5일 23시,토요일,경상북도 경산시 중방동,중상사고,0,1,1,0,차대차 - 기타,안전운전불이행,건조,맑음,교차로 - 교차로부근,화물,남,51세,상해없음,승용,남,58세,중상
2013100500100697,2013년 10월 5일 23시,토요일,경상북도 울진군 울진읍,부상신고사고,0,0,0,1,차량단독 - 기타,안전운전불이행,습기,기타,단일로 - 기타,이륜,남,54세,부상신고,,,,
2013100500100698,2013년 10월 5일 23시,토요일,경상북도 구미시 도량동,중상사고,0,1,3,0,차대차 - 추돌 - 주정차중,안전운전불이행,건조,맑음,교차로 - 교차로부근,승용,남,50세,경상,승용,남,36세,경상
2013100600100012,2013년 10월 6일 00시,일요일,경상북도 경주시 양남면,중상사고,0,2,0,0,차대사람 - 횡단중,보행자보호의무위반,습기,비,단일로 - 기타,승용,남,25세,상해없음,보행자,남,49세,중상
2013100600100013,2013년 10월 6일 00시,일요일,경상북도 칠곡군 석적읍,부상신고사고,0,0,0,1,차대차 - 측면직각충돌,안전운전불이행,건조,맑음,교차로 - 교차로안,승용,남,60세,상해없음,승용,남,20세,부상신고
2013100600100064,2013년 10월 6일 04시,일요일,경상북도 경주시 동천동,부상신고사고,0,0,0,4,차대차 - 측면직각충돌,안전운전불이행,습기,비,단일로 - 기타,승용,남,46세,상해없음,승용,남,19세,부상신고
2013100600100065,2013년 10월 6일 04시,일요일,경상북도 포항시 북구 신흥동,경상사고,0,0,1,0,차대차 - 기타,중앙선침범,습기,비,단일로 - 기타,승용,남,45세,상해없음,승용,남,54세,상해없음
2013100600100080,2013년 10월 6일 05시,일요일,경상북도 안동시 용상동,경상사고,0,0,1,0,차대차 - 정면충돌,중앙선침범,건조,맑음,기타 - 기타,승용,남,29세,상해없음,승용,남,49세,경상
2013100600100098,2013년 10월 6일 07시,일요일,경상북도 구미시 선산읍,중상사고,0,1,0,0,차대차 - 측면직각충돌,안전운전불이행,건조,맑음,교차로 - 교차로안,이륜,남,17세,중상,승용,남,43세,상해없음
2013100600100128,2013년 10월 6일 09시,일요일,경상북도 경주시 도지동,중상사고,0,1,0,0,차대차 - 추돌 - 주정차중,안전운전불이행,습기,비,단일로 - 기타,화물,남,70세,중상,승합,남,51세,상해없음
2013100600100129,2013년 10월 6일 09시,일요일,경상북도 포항시 북구 장성동,경상사고,0,0,2,0,차대차 - 기타,교차로운행방법위반,습기,비,교차로 - 교차로안,화물,남,49세,상해없음,승용,남,51세,경상
2013100600100130,2013년 10월 6일 09시,일요일,경상북도 경산시 압량면,경상사고,0,0,1,0,차대차 - 기타,안전거리미확보,건조,맑음,교차로 - 교차로안,승용,남,44세,상해없음,승용,남,41세,경상
2013100600100154,2013년 10월 6일 10시,일요일,경상북도 안동시 풍천면,중상사고,0,1,1,0,차대차 - 측면직각충돌,직진우회전진행방해,건조,맑음,교차로 - 교차로안,화물,남,59세,경상,화물,여,51세,중상
2013100600100155,2013년 10월 6일 10시,일요일,경상북도 울릉군 울릉읍,경상사고,0,0,1,0,차대사람 - 길가장자리구역통행중,안전운전불이행,건조,흐림,단일로 - 기타,승용,남,70세,상해없음,보행자,여,71세,경상
2013100600100171,2013년 10월 6일 11시,일요일,경상북도 경주시 강동면,중상사고,0,2,0,0,차대차 - 기타,중앙선침범,습기,비,단일로 - 기타,승용,남,71세,상해없음,승용,남,67세,중상
2013100600100172,2013년 10월 6일 11시,일요일,경상북도 영주시 가흥동,중상사고,0,1,3,0,차대차 - 측면직각충돌,교차로운행방법위반,건조,맑음,교차로 - 교차로안,승용,여,42세,상해없음,승용,여,52세,중상
2013100600100173,2013년 10월 6일 11시,일요일,경상북도 경산시 계양동,경상사고,0,0,4,0,차대차 - 측면직각충돌,안전운전불이행,습기,비,교차로 - 교차로안,승용,여,49세,경상,승용,남,37세,경상
2013100600100192,2013년 10월 6일 12시,일요일,경상북도 포항시 북구 덕산동,경상사고,0,0,1,0,차대차 - 추돌 - 진행중,안전운전불이행,습기,비,단일로 - 기타,승용,남,59세,상해없음,승용,여,50세,경상
2013100600100193,2013년 10월 6일 12시,일요일,경상북도 칠곡군 석적읍,중상사고,0,1,0,0,차대차 - 기타,안전운전불이행,습기,비,단일로 - 기타,승용,남,38세,상해없음,이륜,남,58세,중상
2013100600100210,2013년 10월 6일 13시,일요일,경상북도 고령군 쌍림면,경상사고,0,0,2,0,차대차 - 추돌 - 진행중,안전거리미확보,건조,맑음,교차로 - 교차로안,승용,남,79세,상해없음,승용,여,54세,경상
2013100600100211,2013년 10월 6일 13시,일요일,경상북도 포항시 남구 일월동,경상사고,0,0,1,0,차대차 - 측면직각충돌,안전운전불이행,습기,흐림,교차로 - 교차로안,원동기,여,50세,경상,승용,남,52세,상해없음
2013100600100212,2013년 10월 6일 13시,일요일,경상북도 포항시 남구 송도동,사망사고,1,0,0,0,차량단독 - 공작물충돌,안전운전불이행,습기,비,단일로 - 기타,화물,여,52세,사망,,,,
2013100600100258,2013년 10월 6일 15시,일요일,경상북도 포항시 북구 창포동,경상사고,0,0,1,0,차대사람 - 기타,안전운전불이행,건조,맑음,교차로 - 교차로부근,승용,여,27세,상해없음,보행자,남,51세,경상
2013100600100259,2013년 10월 6일 15시,일요일,경상북도 포항시 북구 송라면,경상사고,0,0,4,0,차대차 - 측면직각충돌,안전운전불이행,습기,비,단일로 - 기타,승용,여,44세,상해없음,승용,남,55세,경상
2013100600100260,2013년 10월 6일 15시,일요일,경상북도 안동시 풍산읍,중상사고,0,1,0,0,차대사람 - 기타,안전운전불이행,건조,맑음,교차로 - 교차로부근,화물,남,58세,상해없음,보행자,남,9세,중상
2013100600100261,2013년 10월 6일 15시,일요일,경상북도 상주시 만산동,경상사고,0,0,1,0,차대차 - 기타,신호위반,건조,맑음,교차로 - 교차로안,화물,남,73세,상해없음,승용,남,58세,상해없음
2013100600100262,2013년 10월 6일 15시,일요일,경상북도 포항시 남구 대도동,경상사고,0,0,1,0,차대차 - 측면직각충돌,신호위반,습기,비,교차로 - 교차로안,승용,남,50세,상해없음,승용,여,39세,경상
2013100600100290,2013년 10월 6일 16시,일요일,경상북도 경산시 삼남동,경상사고,0,0,1,0,차대사람 - 기타,안전운전불이행,건조,맑음,단일로 - 기타,승합,남,36세,상해없음,보행자,여,62세,경상
2013100600100314,2013년 10월 6일 17시,일요일,경상북도 영주시 하망동,중상사고,0,1,0,0,차대차 - 측면직각충돌,안전운전불이행,건조,흐림,교차로 - 교차로안,화물,남,61세,상해없음,승용,여,66세,중상
2013100600100354,2013년 10월 6일 18시,일요일,경상북도 경주시 동천동,경상사고,0,0,1,0,차대사람 - 기타,안전운전불이행,습기,비,단일로 - 기타,승용,남,42세,상해없음,보행자,여,13세,경상
2013100600100355,2013년 10월 6일 18시,일요일,경상북도 포항시 북구 흥해읍,중상사고,0,1,0,0,차대사람 - 기타,안전운전불이행,습기,비,단일로 - 기타,원동기,남,42세,상해없음,보행자,남,16세,중상
2013100600100356,2013년 10월 6일 18시,일요일,경상북도 안동시 태화동,중상사고,0,1,0,0,차대차 - 기타,신호위반,건조,맑음,단일로 - 기타,승용,여,40세,상해없음,원동기,남,61세,상해없음
2013100600100357,2013년 10월 6일 18시,일요일,경상북도 영천시 금노동,경상사고,0,0,1,0,차대차 - 기타,안전운전불이행,건조,맑음,교차로 - 교차로부근,승합,남,52세,상해없음,기타불명,기타불명,기타불명,기타불명
2013100600100358,2013년 10월 6일 18시,일요일,경상북도 청도군 각남면,중상사고,0,1,0,0,차대사람 - 횡단중,안전운전불이행,습기,비,교차로 - 교차로안,화물,남,66세,상해없음,보행자,남,68세,중상
2013100600100359,2013년 10월 6일 18시,일요일,경상북도 울진군 후포면,경상사고,0,0,1,0,차대차 - 측면직각충돌,중앙선침범,습기,비,단일로 - 기타,승용,남,60세,상해없음,원동기,남,16세,경상
2013100600100360,2013년 10월 6일 18시,일요일,경상북도 구미시 옥계동,경상사고,0,0,8,0,차대차 - 추돌 - 주정차중,안전운전불이행,건조,흐림,단일로 - 기타,화물,남,51세,상해없음,승용,남,25세,경상
2013100600100403,2013년 10월 6일 19시,일요일,경상북도 경산시 평산동,중상사고,0,1,0,0,차대차 - 기타,직진우회전진행방해,건조,맑음,교차로 - 교차로안,승용,여,58세,상해없음,승용,여,53세,중상
2013100600100404,2013년 10월 6일 19시,일요일,경상북도 울진군 후포면,중상사고,0,1,1,0,차대차 - 측면직각충돌,안전운전불이행,습기,비,단일로 - 기타,승용,남,58세,상해없음,승용,남,53세,경상
2013100600100428,2013년 10월 6일 20시,일요일,경상북도 경주시 안강읍,경상사고,0,0,1,0,차대사람 - 기타,안전운전불이행,습기,비,교차로 - 교차로부근,승용,여,27세,상해없음,보행자,남,65세,경상
2013100600100429,2013년 10월 6일 20시,일요일,경상북도 경주시 외동읍,경상사고,0,0,1,0,차대차 - 기타,중앙선침범,습기,비,교차로 - 교차로부근,승용,남,29세,상해없음,승용,남,33세,경상
2013100600100430,2013년 10월 6일 20시,일요일,경상북도 포항시 북구 흥해읍,중상사고,0,2,3,0,차대차 - 기타,안전운전불이행,습기,흐림,단일로 - 기타,화물,남,19세,상해없음,화물,남,67세,상해없음
2013100600100455,2013년 10월 6일 21시,일요일,경상북도 경주시 외동읍,중상사고,0,1,1,0,차대차 - 기타,안전운전불이행,습기,비,단일로 - 교량,승용,남,35세,상해없음,승용,남,37세,중상
2013100600100456,2013년 10월 6일 21시,일요일,경상북도 경주시 동천동,중상사고,0,1,0,0,차대차 - 기타,신호위반,건조,맑음,교차로 - 교차로안,화물,남,42세,상해없음,승용,남,58세,중상
2013100600100457,2013년 10월 6일 21시,일요일,경상북도 포항시 북구 용흥동,중상사고,0,1,0,0,차대차 - 기타,안전운전불이행,건조,맑음,단일로 - 기타,승용,남,51세,중상,건설기계,남,42세,상해없음
2013100600100458,2013년 10월 6일 21시,일요일,경상북도 안동시 법상동,경상사고,0,0,1,0,차대차 - 기타,직진우회전진행방해,건조,맑음,교차로 - 교차로안,이륜,남,17세,경상,이륜,남,16세,상해없음
2013100600100459,2013년 10월 6일 21시,일요일,경상북도 경산시 옥산동,경상사고,0,0,1,0,차대차 - 기타,안전운전불이행,건조,흐림,교차로 - 교차로안,승용,남,58세,상해없음,이륜,남,24세,경상
2013100600100487,2013년 10월 6일 22시,일요일,경상북도 경산시 사동,경상사고,0,0,1,0,차량단독 - 기타,안전운전불이행,건조,맑음,단일로 - 기타,승용,남,51세,상해없음,,,,
2013100600100508,2013년 10월 6일 23시,일요일,경상북도 칠곡군 북삼읍,중상사고,0,1,1,0,차대차 - 기타,안전운전불이행,건조,맑음,교차로 - 교차로안,승용,남,29세,상해없음,승용,여,40세,중상
2013100600100509,2013년 10월 6일 23시,일요일,경상북도 경산시 중산동,경상사고,0,0,1,0,차대차 - 기타,안전운전불이행,건조,맑음,단일로 - 기타,승용,여,44세,상해없음,승용,남,27세,경상
2013100700100008,2013년 10월 7일 00시,월요일,경상북도 예천군 지보면,중상사고,0,1,1,0,차대차 - 측면직각충돌,중앙선침범,건조,맑음,단일로 - 기타,승용,남,29세,중상,승용,남,38세,경상
2013100700100009,2013년 10월 7일 00시,월요일,경상북도 문경시 문경읍,중상사고,0,2,1,0,차대차 - 추돌 - 진행중,안전거리미확보,건조,맑음,단일로 - 터널,화물,남,49세,상해없음,승용,남,23세,경상
2013100700100019,2013년 10월 7일 01시,월요일,경상북도 의성군 안계면,사망사고,1,0,0,0,차량단독 - 공작물충돌,안전운전불이행,건조,맑음,단일로 - 기타,승용,남,52세,상해없음,,,,
2013100700100020,2013년 10월 7일 01시,월요일,경상북도 구미시 원평동,경상사고,0,0,2,0,차대차 - 기타,안전운전불이행,건조,흐림,단일로 - 기타,승용,남,26세,상해없음,승합,남,28세,경상
2013100700100026,2013년 10월 7일 02시,월요일,경상북도 경산시 중산동,경상사고,0,0,1,1,차대차 - 기타,안전운전불이행,건조,맑음,교차로 - 교차로부근,승용,남,50세,상해없음,승용,남,41세,경상
2013100700100038,2013년 10월 7일 04시,월요일,경상북도 포항시 북구 상원동,경상사고,0,0,1,0,차대차 - 기타,안전운전불이행,건조,흐림,단일로 - 기타,화물,남,30세,상해없음,승용,남,52세,경상
2013100700100039,2013년 10월 7일 04시,월요일,경상북도 경산시 대동,경상사고,0,0,1,0,차대사람 - 기타,안전운전불이행,건조,맑음,단일로 - 기타,승용,남,44세,상해없음,보행자,남,24세,경상
2013100700100048,2013년 10월 7일 05시,월요일,경상북도 포항시 북구 흥해읍,중상사고,0,2,0,0,차대차 - 기타,안전거리미확보,습기,비,단일로 - 기타,화물,남,27세,상해없음,화물,남,60세,중상
2013100700100059,2013년 10월 7일 06시,월요일,경상북도 경주시 사정동,중상사고,0,1,0,0,차대차 - 기타,안전운전불이행,습기,비,교차로 - 교차로부근,승용,남,46세,중상,특수,남,49세,기타불명
2013100700100060,2013년 10월 7일 06시,월요일,경상북도 경주시 황성동,경상사고,0,0,2,0,차대차 - 측면직각충돌,안전운전불이행,습기,비,교차로 - 교차로안,승용,남,32세,경상,승용,여,53세,경상
2013100700100079,2013년 10월 7일 07시,월요일,경상북도 경주시 외동읍,중상사고,0,1,1,0,차대차 - 기타,안전운전불이행,건조,맑음,단일로 - 기타,승용,여,30세,경상,화물,남,65세,중상
2013100700100080,2013년 10월 7일 07시,월요일,경상북도 영천시 화북면,중상사고,0,2,0,0,차대차 - 측면직각충돌,직진우회전진행방해,건조,맑음,교차로 - 교차로안,농기계,남,66세,중상,승용,남,26세,상해없음