사고번호,사고일시,요일,시군구,사고내용,사망자수,중상자수,경상자수,부상신고자수,사고유형,법규위반,노면상태,기상상태,도로형태,가해운전자 차종,가해운전자 성별,가해운전자 연령,가해운전자 상해정도,피해운전자 차종,피해운전자 성별,피해운전자 연령,피해운전자 상해정도
2013100700100081,2013년 10월 7일 07시,월요일,경상북도 구미시 옥계동,경상사고,0,0,1,0,차대차 - 기타,안전운전불이행,건조,맑음,교차로 - 교차로안,승용,여,39세,상해없음,승용,여,43세,경상
2013100700100108,2013년 10월 7일 08시,월요일,경상북도 구미시 공단동,중상사고,0,1,0,0,차대차 - 기타,직진우회전진행방해,건조,맑음,교차로 - 교차로안,승용,여,47세,상해없음,승용,남,37세,중상
2013100700100138,2013년 10월 7일 09시,월요일,경상북도 영덕군 축산면,경상사고,0,0,1,0,차량단독 - 공작물충돌,안전운전불이행,건조,맑음,단일로 - 기타,화물,남,64세,경상,,,,
2013100700100172,2013년 10월 7일 10시,월요일,경상북도 상주시 함창읍,경상사고,0,0,1,0,차대차 - 기타,안전운전불이행,건조,맑음,교차로 - 교차로안,승용,남,27세,상해없음,승용,여,58세,경상
2013100700100174,2013년 10월 7일 10시,월요일,경상북도 울진군 북면,중상사고,0,1,1,0,차대차 - 정면충돌,안전운전불이행,건조,맑음,단일로 - 기타,승용,여,54세,상해없음,특수,남,60세,상해없음
2013100700100201,2013년 10월 7일 11시,월요일,경상북도 안동시 남부동,경상사고,0,0,1,0,차대사람 - 기타,안전운전불이행,건조,맑음,단일로 - 기타,승용,여,53세,상해없음,보행자,여,42세,경상
2013100700100202,2013년 10월 7일 11시,월요일,경상북도 영주시 영주동,경상사고,0,0,1,0,차대차 - 측면직각충돌,교차로운행방법위반,건조,맑음,교차로 - 교차로안,승용,남,75세,상해없음,원동기,남,67세,경상
2013100700100230,2013년 10월 7일 12시,월요일,경상북도 김천시 모암동,경상사고,0,0,2,0,차대차 - 측면직각충돌,교차로운행방법위반,건조,맑음,교차로 - 교차로안,승용,남,54세,상해없음,승용,여,50세,경상
2013100700100231,2013년 10월 7일 12시,월요일,경상북도 성주군 용암면,중상사고,0,1,0,0,차대차 - 기타,교차로운행방법위반,건조,맑음,교차로 - 교차로안,이륜,여,41세,중상,화물,남,53세,상해없음
2013100700100232,2013년 10월 7일 12시,월요일,경상북도 구미시 지산동,경상사고,0,0,1,0,차대차 - 기타,안전운전불이행,습기,비,기타 - 기타,승용,남,46세,상해없음,승용,남,34세,경상
2013100700100259,2013년 10월 7일 13시,월요일,경상북도 봉화군 봉화읍,경상사고,0,0,2,0,차대차 - 측면직각충돌,직진우회전진행방해,건조,맑음,교차로 - 교차로안,화물,남,63세,상해없음,승용,남,60세,경상
2013100700100289,2013년 10월 7일 14시,월요일,경상북도 영천시 임고면,사망사고,1,0,1,0,차대차 - 추돌 - 진행중,안전운전불이행,건조,맑음,단일로 - 기타,화물,남,53세,사망,화물,남,41세,경상
2013100700100314,2013년 10월 7일 15시,월요일,경상북도 포항시 북구 장성동,경상사고,0,0,1,0,차대차 - 측면직각충돌,신호위반,건조,맑음,교차로 - 교차로안,승용,여,54세,상해없음,승용,여,40세,경상
2013100700100315,2013년 10월 7일 15시,월요일,경상북도 경산시 사정동,경상사고,0,0,1,0,차대차 - 기타,중앙선침범,건조,맑음,단일로 - 기타,승용,여,53세,상해없음,승용,여,49세,경상
2013100700100316,2013년 10월 7일 15시,월요일,경상북도 구미시 황상동,경상사고,0,0,1,0,차대차 - 기타,안전운전불이행,건조,맑음,단일로 - 기타,승합,남,50세,상해없음,승용,남,32세,경상
2013100700100317,2013년 10월 7일 15시,월요일,경상북도 김천시 지좌동,경상사고,0,0,1,0,차대차 - 추돌 - 진행중,안전운전불이행,건조,맑음,단일로 - 기타,승용,남,52세,상해없음,화물,남,59세,경상
2013100700100340,2013년 10월 7일 16시,월요일,경상북도 영주시 풍기읍,경상사고,0,0,1,0,차대사람 - 기타,안전운전불이행,건조,맑음,교차로 - 교차로안,승용,여,61세,상해없음,보행자,여,22세,경상
2013100700100371,2013년 10월 7일 17시,월요일,경상북도 경주시 성건동,경상사고,0,0,1,0,차대차 - 기타,안전운전불이행,습기,비,교차로 - 교차로부근,승용,여,44세,상해없음,승용,여,51세,경상
2013100700100372,2013년 10월 7일 17시,월요일,경상북도 김천시 평화동,경상사고,0,0,2,0,차대사람 - 기타,안전운전불이행,건조,맑음,단일로 - 기타,승용,남,38세,상해없음,보행자,여,73세,경상
2013100700100373,2013년 10월 7일 17시,월요일,경상북도 구미시 사곡동,중상사고,0,1,0,0,차대차 - 추돌 - 진행중,안전운전불이행,건조,흐림,단일로 - 기타,승용,남,22세,상해없음,이륜,남,47세,중상
2013100700100423,2013년 10월 7일 18시,월요일,경상북도 안동시 임동면,중상사고,0,7,0,0,차량단독 - 전도전복,안전운전불이행,건조,맑음,기타 - 기타,화물,남,69세,중상,,,,
2013100700100424,2013년 10월 7일 18시,월요일,경상북도 영주시 휴천동,경상사고,0,0,4,0,차대차 - 측면직각충돌,중앙선침범,건조,맑음,단일로 - 기타,승용,여,71세,경상,승용,여,47세,경상
2013100700100425,2013년 10월 7일 18시,월요일,경상북도 울진군 후포면,경상사고,0,0,1,0,차대차 - 기타,안전운전불이행,건조,맑음,단일로 - 기타,승용,여,37세,상해없음,자전거,여,60세,경상
2013100700100426,2013년 10월 7일 18시,월요일,경상북도 구미시 형곡동,중상사고,0,1,0,0,차대차 - 정면충돌,중앙선침범,건조,맑음,교차로 - 교차로부근,이륜,남,24세,중상,승합,여,36세,상해없음
2013100700100461,2013년 10월 7일 19시,월요일,경상북도 경주시 탑동,중상사고,0,1,7,0,차대차 - 추돌 - 주정차중,안전운전불이행,습기,비,기타 - 기타,승용,남,60세,상해없음,승합,남,37세,경상
2013100700100498,2013년 10월 7일 20시,월요일,경상북도 경주시 도지동,중상사고,0,2,1,0,차대차 - 기타,안전운전불이행,습기,비,단일로 - 기타,승용,여,26세,중상,승용,남,22세,상해없음
2013100700100499,2013년 10월 7일 20시,월요일,경상북도 경주시 충효동,경상사고,0,0,1,0,차대차 - 측면직각충돌,신호위반,습기,비,단일로 - 횡단보도상,승용,남,73세,상해없음,원동기,남,44세,경상
2013100700100500,2013년 10월 7일 20시,월요일,경상북도 포항시 남구 동해면,부상신고사고,0,0,0,1,차대사람 - 기타,안전운전불이행,습기,비,단일로 - 기타,화물,남,46세,상해없음,보행자,남,50세,부상신고
2013100700100532,2013년 10월 7일 21시,월요일,경상북도 경주시 노서동,경상사고,0,0,1,0,차대차 - 기타,안전운전불이행,습기,비,단일로 - 기타,승용,남,39세,상해없음,승용,남,55세,경상
2013100700100533,2013년 10월 7일 21시,월요일,경상북도 경주시 동천동,경상사고,0,0,2,0,차대차 - 기타,안전운전불이행,습기,비,교차로 - 교차로부근,화물,남,49세,상해없음,승용,남,39세,경상
2013100700100534,2013년 10월 7일 21시,월요일,경상북도 포항시 북구 우현동,경상사고,0,0,2,0,차대차 - 측면직각충돌,차로위반,습기,비,교차로 - 교차로부근,화물,남,51세,상해없음,승용,남,32세,경상
2013100700100535,2013년 10월 7일 21시,월요일,경상북도 포항시 북구 창포동,경상사고,0,0,1,0,차대사람 - 횡단중,보행자보호의무위반,습기,비,교차로 - 교차로부근,승용,남,59세,상해없음,보행자,남,14세,경상
2013100700100571,2013년 10월 7일 22시,월요일,경상북도 안동시 옥야동,경상사고,0,0,1,0,차대차 - 기타,안전운전불이행,건조,맑음,교차로 - 교차로부근,승용,남,53세,상해없음,승용,남,31세,상해없음
2013100700100572,2013년 10월 7일 22시,월요일,경상북도 영천시 화산면,사망사고,2,0,1,0,차대차 - 추돌 - 진행중,안전운전불이행,습기,비,단일로 - 기타,승용,남,27세,사망,농기계,남,46세,경상
2013100700100573,2013년 10월 7일 22시,월요일,경상북도 경산시 압량면,경상사고,0,0,1,0,차대차 - 기타,신호위반,건조,맑음,교차로 - 교차로안,승용,남,52세,상해없음,승합,남,57세,경상
2013100700100574,2013년 10월 7일 22시,월요일,경상북도 경산시 계양동,경상사고,0,0,1,0,차대차 - 기타,안전운전불이행,건조,맑음,단일로 - 기타,승용,남,50세,상해없음,승용,여,46세,경상
2013100700100575,2013년 10월 7일 22시,월요일,경상북도 구미시 지산동,사망사고,1,0,0,0,차량단독 - 공작물충돌,안전운전불이행,건조,맑음,단일로 - 기타,화물,남,55세,사망,,,,
2013100700100576,2013년 10월 7일 22시,월요일,경상북도 포항시 남구 대잠동,중상사고,0,1,0,0,차대사람 - 기타,보행자보호의무위반,습기,비,단일로 - 횡단보도상,원동기,남,37세,상해없음,보행자,남,49세,중상
2013100700100577,2013년 10월 7일 22시,월요일,경상북도 포항시 남구 효자동,경상사고,0,0,1,0,차대차 - 추돌 - 진행중,안전거리미확보,습기,비,단일로 - 기타,승용,남,29세,상해없음,승용,여,51세,경상
2013100700100609,2013년 10월 7일 23시,월요일,경상북도 안동시 당북동,경상사고,0,0,2,0,차대차 - 측면직각충돌,신호위반,건조,맑음,교차로 - 교차로부근,승용,여,56세,경상,승용,남,56세,경상
2013100700100610,2013년 10월 7일 23시,월요일,경상북도 구미시 인의동,중상사고,0,1,1,0,차대차 - 측면직각충돌,안전운전불이행,건조,흐림,교차로 - 교차로부근,승용,남,28세,상해없음,승용,남,29세,중상
2013100800100010,2013년 10월 8일 00시,화요일,경상북도 영천시 금호읍,경상사고,0,0,1,0,차량단독 - 공작물충돌,안전운전불이행,습기,비,단일로 - 기타,승용,남,30세,상해없음,,,,
2013100800100011,2013년 10월 8일 00시,화요일,경상북도 경산시 정평동,경상사고,0,0,2,0,차대차 - 기타,직진우회전진행방해,건조,흐림,교차로 - 교차로안,승용,남,35세,경상,승용,남,44세,경상
2013100800100012,2013년 10월 8일 00시,화요일,경상북도 봉화군 법전면,중상사고,0,1,0,0,차량단독 - 공작물충돌,안전운전불이행,습기,안개,단일로 - 기타,승용,여,49세,중상,,,,
2013100800100051,2013년 10월 8일 02시,화요일,경상북도 구미시 오태동,중상사고,0,1,0,0,차대차 - 기타,안전운전불이행,습기,비,단일로 - 기타,승용,남,18세,상해없음,화물,남,45세,상해없음
2013100800100076,2013년 10월 8일 04시,화요일,경상북도 구미시 비산동,중상사고,0,1,1,0,차대차 - 기타,신호위반,습기,비,교차로 - 교차로안,승용,남,24세,상해없음,승용,여,43세,중상
2013100800100100,2013년 10월 8일 06시,화요일,경상북도 구미시 진평동,경상사고,0,0,1,0,차대차 - 기타,안전운전불이행,습기,비,단일로 - 기타,승용,남,44세,상해없음,승용,남,26세,경상
2013100800100101,2013년 10월 8일 06시,화요일,경상북도 포항시 남구 송내동,경상사고,0,0,2,0,차대차 - 추돌 - 주정차중,안전운전불이행,습기,비,교차로 - 교차로부근,승용,남,55세,상해없음,승용,남,45세,경상
2013100800100133,2013년 10월 8일 07시,화요일,경상북도 경산시 하양읍,중상사고,0,1,0,0,차대차 - 기타,안전운전불이행,건조,흐림,교차로 - 교차로부근,승용,남,30세,상해없음,승용,남,35세,중상
2013100800100165,2013년 10월 8일 08시,화요일,경상북도 경주시 산내면,중상사고,0,2,0,0,차량단독 - 전도전복,안전운전불이행,습기,비,단일로 - 기타,화물,남,63세,중상,,,,
2013100800100166,2013년 10월 8일 08시,화요일,경상북도 상주시 인봉동,중상사고,0,1,0,0,차대사람 - 기타,교차로운행방법위반,습기,비,교차로 - 교차로안,화물,남,33세,상해없음,보행자,여,86세,중상
2013100800100167,2013년 10월 8일 08시,화요일,경상북도 영천시 금호읍,경상사고,0,0,1,0,차대차 - 기타,교차로운행방법위반,건조,맑음,교차로 - 교차로안,화물,남,58세,상해없음,화물,남,42세,경상
2013100800100168,2013년 10월 8일 08시,화요일,경상북도 구미시 형곡동,경상사고,0,0,2,0,차대차 - 기타,교차로운행방법위반,건조,맑음,교차로 - 교차로안,원동기,여,57세,경상,승용,남,25세,경상
2013100800100195,2013년 10월 8일 09시,화요일,경상북도 영천시 야사동,경상사고,0,0,1,0,차대차 - 측면직각충돌,신호위반,건조,맑음,교차로 - 교차로안,승용,남,66세,상해없음,승용,여,34세,경상
2013100800100224,2013년 10월 8일 10시,화요일,경상북도 경산시 압량면,부상신고사고,0,0,0,1,차대사람 - 보도통행중,보행자보호의무위반,건조,맑음,교차로 - 교차로안,승합,남,52세,상해없음,보행자,여,19세,부상신고
2013100800100225,2013년 10월 8일 10시,화요일,경상북도 고령군 운수면,경상사고,0,0,1,0,차대차 - 추돌 - 주정차중,안전운전불이행,건조,맑음,기타 - 기타,자전거,남,77세,경상,승용,남,39세,기타불명
2013100800100264,2013년 10월 8일 11시,화요일,경상북도 안동시 안기동,경상사고,0,0,1,0,차대차 - 측면직각충돌,신호위반,건조,맑음,단일로 - 기타,승용,여,56세,상해없음,승용,남,63세,경상
2013100800100265,2013년 10월 8일 11시,화요일,경상북도 경산시 상방동,중상사고,0,1,0,0,차대차 - 기타,교차로운행방법위반,습기,비,기타 - 기타,승용,여,32세,상해없음,원동기,남,71세,중상
2013100800100266,2013년 10월 8일 11시,화요일,경상북도 구미시 사곡동,중상사고,0,1,0,0,차대사람 - 기타,안전운전불이행,습기,비,단일로 - 기타,승용,여,49세,상해없음,보행자,여,57세,중상
2013100800100300,2013년 10월 8일 12시,화요일,경상북도 영천시 완산동,경상사고,0,0,1,0,차대차 - 기타,안전운전불이행,습기,비,단일로 - 기타,승용,남,58세,상해없음,이륜,남,42세,경상
2013100800100330,2013년 10월 8일 13시,화요일,경상북도 포항시 북구 용흥동,경상사고,0,0,1,0,차대차 - 기타,신호위반,습기,비,교차로 - 교차로안,승용,여,57세,상해없음,승용,여,46세,경상
2013100800100331,2013년 10월 8일 13시,화요일,경상북도 안동시 북후면,경상사고,0,0,1,1,차대차 - 기타,중앙선침범,습기,비,단일로 - 기타,화물,남,57세,부상신고,화물,남,52세,경상
2013100800100332,2013년 10월 8일 13시,화요일,경상북도 성주군 성주읍,사망사고,1,0,0,0,차량단독 - 도로외이탈 - 추락,안전운전불이행,습기,비,단일로 - 기타,이륜,남,61세,사망,,,,
2013100800100364,2013년 10월 8일 14시,화요일,경상북도 경주시 외동읍,중상사고,0,2,4,0,차대차 - 기타,안전운전불이행,습기,비,단일로 - 기타,승용,남,31세,상해없음,화물,남,49세,중상
2013100800100365,2013년 10월 8일 14시,화요일,경상북도 구미시 상모동,경상사고,0,0,2,0,차대차 - 기타,교차로운행방법위반,습기,비,교차로 - 교차로안,승용,여,49세,경상,승용,여,33세,경상
2013100800100366,2013년 10월 8일 14시,화요일,경상북도 구미시 형곡동,중상사고,0,1,1,0,차대차 - 기타,중앙선침범,습기,비,단일로 - 기타,승용,남,56세,상해없음,승용,여,49세,경상
2013100800100393,2013년 10월 8일 15시,화요일,경상북도 경주시 보문동,중상사고,0,2,7,0,차대차 - 기타,안전운전불이행,습기,비,교차로 - 교차로부근,승합,남,28세,경상,승합,남,54세,상해없음
2013100800100394,2013년 10월 8일 15시,화요일,경상북도 경주시 건천읍,중상사고,0,2,1,0,차대차 - 측면직각충돌,안전운전불이행,습기,비,단일로 - 기타,승용,남,52세,상해없음,승용,여,65세,중상
2013100800100395,2013년 10월 8일 15시,화요일,경상북도 구미시 송정동,중상사고,0,1,0,0,차대차 - 기타,안전운전불이행,건조,맑음,단일로 - 기타,승용,남,60세,상해없음,승용,여,40세,중상
2013100800100430,2013년 10월 8일 16시,화요일,경상북도 상주시 냉림동,경상사고,0,0,1,0,차대사람 - 길가장자리구역통행중,안전운전불이행,건조,맑음,단일로 - 기타,승용,남,28세,상해없음,보행자,남,46세,경상
2013100800100431,2013년 10월 8일 16시,화요일,경상북도 영주시 풍기읍,중상사고,0,1,1,0,차대차 - 측면직각충돌,교차로운행방법위반,습기,비,교차로 - 교차로안,승용,남,55세,상해없음,농기계,남,72세,중상
2013100800100432,2013년 10월 8일 16시,화요일,경상북도 경산시 자인면,경상사고,0,0,1,0,차량단독 - 기타,안전운전불이행,습기,비,단일로 - 기타,화물,남,24세,상해없음,,,,
2013100800100433,2013년 10월 8일 16시,화요일,경상북도 경산시 백천동,경상사고,0,0,1,0,차대차 - 기타,안전운전불이행,건조,흐림,교차로 - 교차로안,원동기,남,51세,경상,화물,남,34세,상해없음
2013100800100468,2013년 10월 8일 17시,화요일,경상북도 경주시 노서동,경상사고,0,0,1,0,차대사람 - 기타,안전운전불이행,습기,비,단일로 - 횡단보도상,원동기,여,32세,상해없음,보행자,여,72세,경상
2013100800100469,2013년 10월 8일 17시,화요일,경상북도 영천시 오수동,경상사고,0,0,2,0,차대차 - 측면직각충돌,안전운전불이행,습기,비,단일로 - 기타,승용,여,68세,상해없음,승용,남,68세,상해없음
2013100800100470,2013년 10월 8일 17시,화요일,경상북도 고령군 성산면,중상사고,0,3,0,0,차대차 - 추돌 - 진행중,안전운전불이행,습기,비,단일로 - 터널,승용,남,27세,중상,승용,남,45세,중상
2013100800100471,2013년 10월 8일 17시,화요일,경상북도 구미시 광평동,경상사고,0,0,2,0,차대차 - 추돌 - 주정차중,안전운전불이행,건조,맑음,단일로 - 기타,승용,남,48세,상해없음,승용,남,32세,경상
2013100800100528,2013년 10월 8일 18시,화요일,경상북도 경주시 안강읍,경상사고,0,0,1,0,차대차 - 추돌 - 진행중,안전거리미확보,습기,비,단일로 - 기타,화물,남,61세,상해없음,승용,여,54세,경상
2013100800100529,2013년 10월 8일 18시,화요일,경상북도 경주시 외동읍,중상사고,0,1,0,0,차대차 - 기타,안전운전불이행,습기,비,교차로 - 교차로부근,원동기,남,50세,중상,승용,여,38세,상해없음
2013100800100531,2013년 10월 8일 18시,화요일,경상북도 김천시 모암동,경상사고,0,0,2,0,차대차 - 측면직각충돌,안전운전불이행,습기,비,단일로 - 기타,승용,남,70세,상해없음,승합,남,29세,경상
2013100800100532,2013년 10월 8일 18시,화요일,경상북도 상주시 함창읍,경상사고,0,0,1,0,차대차 - 기타,안전운전불이행,습기,비,교차로 - 교차로안,승용,남,24세,상해없음,농기계,남,57세,경상
2013100800100533,2013년 10월 8일 18시,화요일,경상북도 칠곡군 북삼읍,경상사고,0,0,1,0,차대차 - 기타,안전운전불이행,습기,비,단일로 - 기타,승용,남,47세,상해없음,승용,여,41세,경상
2013100800100534,2013년 10월 8일 18시,화요일,경상북도 문경시 문경읍,경상사고,0,0,3,0,차대차 - 추돌 - 주정차중,안전운전불이행,습기,비,단일로 - 기타,승용,남,65세,상해없음,화물,남,56세,기타불명
2013100800100535,2013년 10월 8일 18시,화요일,경상북도 경산시 중산동,경상사고,0,0,1,0,차대사람 - 기타,기타,습기,비,단일로 - 기타,승합,남,42세,상해없음,보행자,남,15세,경상
2013100800100536,2013년 10월 8일 18시,화요일,경상북도 성주군 대가면,중상사고,0,1,0,0,차대차 - 기타,중앙선침범,습기,비,기타 - 기타,승용,남,61세,상해없음,이륜,남,43세,중상
2013100800100537,2013년 10월 8일 18시,화요일,경상북도 구미시 형곡동,경상사고,0,0,1,1,차대차 - 기타,안전운전불이행,건조,맑음,기타 - 기타,기타불명,기타불명,1세,기타불명,승용,남,61세,상해없음
2013100800100581,2013년 10월 8일 19시,화요일,경상북도 포항시 북구 학산동,경상사고,0,0,1,0,차대차 - 기타,안전운전불이행,습기,비,교차로 - 교차로안,승합,남,58세,상해없음,승용,남,48세,경상
2013100800100582,2013년 10월 8일 19시,화요일,경상북도 구미시 고아읍,중상사고,0,1,0,0,차대차 - 기타,안전운전불이행,습기,비,교차로 - 교차로부근,승용,여,51세,상해없음,이륜,남,17세,중상
2013100800100583,2013년 10월 8일 19시,화요일,경상북도 포항시 남구 동촌동,경상사고,0,0,1,0,차대사람 - 기타,안전운전불이행,습기,비,교차로 - 교차로부근,승용,여,51세,상해없음,보행자,남,28세,경상
2013100800100617,2013년 10월 8일 20시,화요일,경상북도 안동시 정하동,중상사고,0,1,0,0,차대차 - 정면충돌,신호위반,습기,비,교차로 - 교차로안,승용,여,39세,상해없음,승용,여,42세,중상
2013100800100618,2013년 10월 8일 20시,화요일,경상북도 김천시 평화동,경상사고,0,0,1,0,차대차 - 측면직각충돌,신호위반,습기,비,교차로 - 교차로안,승합,남,70세,상해없음,승용,남,40세,경상
2013100800100619,2013년 10월 8일 20시,화요일,경상북도 영주시 휴천동,중상사고,0,1,1,0,차대차 - 측면직각충돌,중앙선침범,습기,비,단일로 - 기타,화물,남,45세,상해없음,승합,남,41세,중상
2013100800100620,2013년 10월 8일 20시,화요일,경상북도 구미시 인의동,경상사고,0,0,2,0,차대사람 - 횡단중,중앙선침범,습기,비,단일로 - 기타,승용,남,33세,상해없음,보행자,남,44세,경상
2013100800100621,2013년 10월 8일 20시,화요일,경상북도 구미시 형곡동,경상사고,0,0,1,0,차대사람 - 기타,중앙선침범,습기,비,교차로 - 교차로부근,이륜,남,16세,상해없음,보행자,여,70세,경상
2013100800100622,2013년 10월 8일 20시,화요일,경상북도 포항시 남구 괴동동,중상사고,0,1,0,0,차대차 - 기타,안전운전불이행,습기,비,단일로 - 기타,화물,남,34세,중상,승용,남,70세,기타불명
2013100800100663,2013년 10월 8일 21시,화요일,경상북도 경주시 황성동,경상사고,0,0,1,0,차대사람 - 기타,보행자보호의무위반,습기,비,단일로 - 횡단보도상,승용,남,31세,상해없음,보행자,남,39세,경상
2013100800100664,2013년 10월 8일 21시,화요일,경상북도 경주시 사정동,중상사고,0,1,4,0,차대차 - 기타,안전거리미확보,습기,비,교차로 - 교차로부근,승용,남,36세,상해없음,승용,남,39세,중상
2013100800100665,2013년 10월 8일 21시,화요일,경상북도 경주시 외동읍,사망사고,1,0,0,0,차대사람 - 기타,안전거리미확보,습기,비,단일로 - 기타,건설기계,남,45세,상해없음,보행자,여,44세,사망
2013100800100666,2013년 10월 8일 21시,화요일,경상북도 구미시 진평동,중상사고,0,1,0,0,차대차 - 기타,교차로운행방법위반,습기,비,교차로 - 교차로안,승용,남,35세,상해없음,이륜,남,41세,중상
2013100800100667,2013년 10월 8일 21시,화요일,경상북도 구미시 사곡동,경상사고,0,0,1,0,차대차 - 기타,안전운전불이행,습기,비,교차로 - 교차로부근,승용,남,48세,기타불명,승용,남,43세,경상
2013100800100703,2013년 10월 8일 22시,화요일,경상북도 경주시 외동읍,경상사고,0,0,1,0,차대차 - 기타,안전운전불이행,습기,비,단일로 - 기타,화물,남,48세,상해없음,승용,남,44세,상해없음
2013100800100704,2013년 10월 8일 22시,화요일,경상북도 칠곡군 약목면,경상사고,0,0,1,0,차대차 - 기타,중앙선침범,습기,비,단일로 - 기타,승용,남,50세,상해없음,승용,여,43세,경상
2013100800100705,2013년 10월 8일 22시,화요일,경상북도 영천시 고경면,중상사고,0,2,0,0,차대차 - 추돌 - 진행중,안전운전불이행,습기,비,교차로 - 교차로안,승용,남,30세,중상,특수,남,67세,중상
2013100800100706,2013년 10월 8일 22시,화요일,경상북도 성주군 선남면,경상사고,0,0,1,0,차대차 - 측면직각충돌,중앙선침범,기타,흐림,단일로 - 기타,화물,남,60세,상해없음,승용,여,53세,경상
2013100800100707,2013년 10월 8일 22시,화요일,경상북도 구미시 공단동,중상사고,0,1,0,0,차대차 - 측면직각충돌,신호위반,습기,비,교차로 - 교차로안,승용,남,44세,상해없음,승용,여,27세,중상
2013100800100737,2013년 10월 8일 23시,화요일,경상북도 포항시 북구 우현동,경상사고,0,0,1,0,차량단독 - 기타,안전운전불이행,건조,맑음,단일로 - 기타,승용,남,31세,상해없음,,,,
2013100800100738,2013년 10월 8일 23시,화요일,경상북도 구미시 시미동,경상사고,0,0,1,0,차대차 - 추돌 - 주정차중,안전운전불이행,건조,흐림,교차로 - 교차로부근,승용,남,31세,상해없음,승용,남,41세,경상
2013100800100739,2013년 10월 8일 23시,화요일,경상북도 구미시 상모동,경상사고,0,0,1,0,차대차 - 기타,안전운전불이행,습기,비,단일로 - 기타,승용,남,41세,상해없음,승용,여,42세,경상
2013100900100022,2013년 10월 9일 00시,수요일,경상북도 경주시 강동면,중상사고,0,1,0,0,차량단독 - 기타,안전운전불이행,습기,비,단일로 - 기타,승용,여,42세,중상,,,,
2013100900100023,2013년 10월 9일 00시,수요일,경상북도 의성군 안사면,중상사고,0,1,0,0,차량단독 - 공작물충돌,안전운전불이행,건조,기타,기타 - 기타,화물,남,53세,상해없음,,,,
2013100900100024,2013년 10월 9일 00시,수요일,경상북도 구미시 광평동,경상사고,0,0,1,0,차대차 - 기타,안전운전불이행,건조,맑음,기타 - 기타,승용,남,50세,상해없음,승용,남,59세,경상
2013100900100052,2013년 10월 9일 02시,수요일,경상북도 포항시 북구 죽도동,경상사고,0,0,1,0,차대차 - 기타,안전운전불이행,습기,비,교차로 - 교차로부근,승용,남,28세,상해없음,원동기,남,56세,경상
2013100900100053,2013년 10월 9일 02시,수요일,경상북도 영주시 가흥동,중상사고,0,1,0,0,차대사람 - 기타,안전운전불이행,습기,흐림,단일로 - 기타,승용,남,27세,상해없음,보행자,남,37세,중상
2013100900100054,2013년 10월 9일 02시,수요일,경상북도 포항시 남구 해도동,경상사고,0,0,1,0,차대차 - 측면직각충돌,신호위반,습기,비,교차로 - 교차로안,승용,남,26세,상해없음,승용,남,51세,경상
2013100900100090,2013년 10월 9일 05시,수요일,경상북도 포항시 남구 효자동,경상사고,0,0,1,0,차대사람 - 기타,신호위반,습기,흐림,교차로 - 교차로부근,승용,남,57세,상해없음,보행자,남,22세,경상
2013100900100117,2013년 10월 9일 07시,수요일,경상북도 경산시 중방동,중상사고,0,1,0,0,차대사람 - 기타,안전운전불이행,건조,맑음,단일로 - 기타,화물,남,49세,상해없음,보행자,여,76세,중상
2013100900100136,2013년 10월 9일 08시,수요일,경상북도 경주시 안강읍,중상사고,0,1,0,0,차대차 - 측면직각충돌,안전운전불이행,습기,흐림,교차로 - 교차로안,승용,남,36세,상해없음,승용,남,27세,중상
2013100900100159,2013년 10월 9일 09시,수요일,경상북도 상주시 함창읍,중상사고,0,1,0,0,차대사람 - 기타,교차로운행방법위반,건조,맑음,교차로 - 교차로부근,화물,남,61세,상해없음,보행자,여,71세,중상
2013100900100181,2013년 10월 9일 10시,수요일,경상북도 안동시 안막동,경상사고,0,0,2,0,차대차 - 기타,안전운전불이행,건조,맑음,단일로 - 기타,승합,남,56세,상해없음,승용,여,26세,경상
2013100900100182,2013년 10월 9일 10시,수요일,경상북도 구미시 옥계동,경상사고,0,0,1,0,차대차 - 기타,기타,건조,맑음,단일로 - 기타,승용,여,33세,상해없음,승용,남,52세,경상
2013100900100214,2013년 10월 9일 11시,수요일,경상북도 안동시 옥동,경상사고,0,0,1,0,차대차 - 기타,안전운전불이행,건조,맑음,교차로 - 교차로안,승용,여,52세,상해없음,원동기,남,52세,경상
2013100900100215,2013년 10월 9일 11시,수요일,경상북도 구미시 도개면,중상사고,0,1,1,0,차대차 - 기타,교차로운행방법위반,건조,맑음,교차로 - 교차로안,승용,여,44세,상해없음,화물,남,45세,상해없음
2013100900100241,2013년 10월 9일 12시,수요일,경상북도 안동시 정하동,중상사고,0,1,0,0,차대차 - 기타,안전운전불이행,건조,맑음,단일로 - 횡단보도상,승용,남,60세,상해없음,자전거,남,71세,중상
2013100900100242,2013년 10월 9일 12시,수요일,경상북도 영주시 휴천동,경상사고,0,0,1,0,차대차 - 기타,안전운전불이행,건조,맑음,기타 - 기타,화물,남,31세,상해없음,자전거,남,16세,경상