사고번호,사고일시,요일,시군구,사고내용,사망자수,중상자수,경상자수,부상신고자수,사고유형,법규위반,노면상태,기상상태,도로형태,가해운전자 차종,가해운전자 성별,가해운전자 연령,가해운전자 상해정도,피해운전자 차종,피해운전자 성별,피해운전자 연령,피해운전자 상해정도
2013100900100243,2013년 10월 9일 12시,수요일,경상북도 포항시 남구 이동,경상사고,0,0,1,0,차대차 - 측면직각충돌,중앙선침범,건조,맑음,단일로 - 기타,승용,남,58세,상해없음,승용,남,28세,경상
2013100900100262,2013년 10월 9일 13시,수요일,경상북도 안동시 풍산읍,중상사고,0,2,0,0,차대차 - 기타,안전운전불이행,건조,맑음,단일로 - 기타,승용,여,63세,상해없음,원동기,남,72세,중상
2013100900100295,2013년 10월 9일 14시,수요일,경상북도 김천시 황금동,중상사고,0,1,0,0,차대사람 - 기타,안전운전불이행,건조,맑음,단일로 - 기타,화물,남,47세,상해없음,보행자,남,74세,중상
2013100900100296,2013년 10월 9일 14시,수요일,경상북도 영주시 풍기읍,경상사고,0,0,1,0,차대사람 - 기타,안전운전불이행,건조,맑음,단일로 - 기타,승용,여,42세,상해없음,보행자,남,53세,경상
2013100900100297,2013년 10월 9일 14시,수요일,경상북도 영주시 휴천동,경상사고,0,0,1,0,차대차 - 측면직각충돌,안전운전불이행,건조,맑음,교차로 - 교차로부근,승용,남,42세,상해없음,원동기,남,51세,경상
2013100900100319,2013년 10월 9일 15시,수요일,경상북도 경주시 안강읍,부상신고사고,0,0,0,1,차대차 - 기타,안전운전불이행,건조,맑음,교차로 - 교차로안,자전거,여,69세,부상신고,화물,여,54세,상해없음
2013100900100320,2013년 10월 9일 15시,수요일,경상북도 구미시 송정동,부상신고사고,0,0,0,1,차대차 - 기타,안전운전불이행,건조,맑음,단일로 - 횡단보도상,자전거,남,73세,부상신고,승용,남,49세,상해없음
2013100900100339,2013년 10월 9일 16시,수요일,경상북도 포항시 북구 양덕동,경상사고,0,0,2,0,차대차 - 기타,안전운전불이행,건조,맑음,교차로 - 교차로부근,승용,남,32세,상해없음,승용,남,46세,경상
2013100900100340,2013년 10월 9일 16시,수요일,경상북도 김천시 지좌동,경상사고,0,0,1,0,차대차 - 측면직각충돌,안전운전불이행,건조,맑음,교차로 - 교차로안,승용,남,47세,상해없음,승용,남,36세,경상
2013100900100341,2013년 10월 9일 16시,수요일,경상북도 영주시 휴천동,중상사고,0,1,0,0,차대차 - 기타,신호위반,건조,맑음,교차로 - 교차로안,원동기,남,16세,중상,승합,남,51세,상해없음
2013100900100342,2013년 10월 9일 16시,수요일,경상북도 구미시 원평동,중상사고,0,1,0,0,차대차 - 기타,안전운전불이행,건조,맑음,단일로 - 횡단보도상,이륜,여,65세,중상,승용,여,37세,상해없음
2013100900100372,2013년 10월 9일 17시,수요일,경상북도 경주시 서악동,중상사고,0,4,3,0,차대차 - 기타,안전운전불이행,건조,맑음,교차로 - 교차로안,승용,남,66세,상해없음,승용,여,61세,중상
2013100900100410,2013년 10월 9일 18시,수요일,경상북도 의성군 안평면,중상사고,0,1,0,0,차대사람 - 보도통행중,안전운전불이행,건조,맑음,단일로 - 기타,승용,남,35세,상해없음,보행자,남,64세,중상
2013100900100411,2013년 10월 9일 18시,수요일,경상북도 문경시 문경읍,중상사고,0,1,0,0,차대사람 - 기타,안전운전불이행,건조,맑음,단일로 - 기타,승용,여,53세,상해없음,보행자,여,59세,중상
2013100900100412,2013년 10월 9일 18시,수요일,경상북도 경산시 옥산동,중상사고,0,2,0,0,차대차 - 기타,안전운전불이행,건조,맑음,교차로 - 교차로안,이륜,남,17세,중상,원동기,남,49세,중상
2013100900100413,2013년 10월 9일 18시,수요일,경상북도 경산시 임당동,중상사고,0,1,0,0,차대사람 - 기타,보행자보호의무위반,건조,맑음,교차로 - 교차로부근,승용,남,27세,상해없음,보행자,남,17세,중상
2013100900100414,2013년 10월 9일 18시,수요일,경상북도 영덕군 영덕읍,중상사고,0,1,0,0,차대차 - 기타,안전운전불이행,습기,맑음,단일로 - 기타,화물,남,27세,상해없음,자전거,남,40세,중상
2013100900100415,2013년 10월 9일 18시,수요일,경상북도 예천군 예천읍,중상사고,0,2,1,0,차대차 - 추돌 - 진행중,안전운전불이행,건조,맑음,단일로 - 기타,화물,남,36세,상해없음,화물,남,60세,경상
2013100900100416,2013년 10월 9일 18시,수요일,경상북도 예천군 예천읍,사망사고,1,0,0,0,차대사람 - 보도통행중,보행자보호의무위반,건조,맑음,단일로 - 횡단보도상,승용,남,40세,상해없음,보행자,여,78세,사망
2013100900100417,2013년 10월 9일 18시,수요일,경상북도 고령군 고령읍,중상사고,0,1,0,0,차대차 - 측면직각충돌,안전운전불이행,건조,맑음,단일로 - 기타,화물,여,50세,상해없음,이륜,남,62세,중상
2013100900100508,2013년 10월 9일 21시,수요일,경상북도 구미시 양호동,부상신고사고,0,0,0,1,차량단독 - 전도전복,안전운전불이행,건조,맑음,단일로 - 기타,이륜,남,47세,부상신고,,,,
2013100900100530,2013년 10월 9일 22시,수요일,경상북도 포항시 북구 학산동,경상사고,0,0,1,0,차대사람 - 기타,안전운전불이행,건조,맑음,단일로 - 기타,승용,남,20세,상해없음,보행자,여,18세,경상
2013100900100551,2013년 10월 9일 23시,수요일,경상북도 칠곡군 북삼읍,중상사고,0,1,0,0,차대차 - 기타,신호위반,건조,맑음,교차로 - 교차로안,승용,남,27세,상해없음,원동기,남,19세,중상
2013100900100552,2013년 10월 9일 23시,수요일,경상북도 구미시 원평동,경상사고,0,0,5,0,차대차 - 기타,안전운전불이행,건조,맑음,교차로 - 교차로부근,승합,남,40세,상해없음,승용,남,44세,경상
2013101000100008,2013년 10월 10일 00시,목요일,경상북도 경산시 정평동,경상사고,0,0,1,0,차대사람 - 기타,안전운전불이행,건조,기타,단일로 - 기타,승용,남,37세,상해없음,보행자,남,49세,경상
2013101000100057,2013년 10월 10일 05시,목요일,경상북도 영덕군 영덕읍,경상사고,0,0,1,0,차량단독 - 공작물충돌,안전운전불이행,건조,맑음,단일로 - 기타,승용,남,48세,경상,,,,
2013101000100085,2013년 10월 10일 07시,목요일,경상북도 경주시 성건동,중상사고,0,2,4,0,차대차 - 추돌 - 주정차중,안전운전불이행,건조,맑음,교차로 - 교차로안,승합,남,63세,상해없음,승용,남,49세,경상
2013101000100086,2013년 10월 10일 07시,목요일,경상북도 포항시 북구 용흥동,경상사고,0,0,1,0,차대차 - 측면직각충돌,안전운전불이행,건조,맑음,교차로 - 교차로부근,화물,남,53세,상해없음,자전거,여,67세,경상
2013101000100087,2013년 10월 10일 07시,목요일,경상북도 포항시 북구 창포동,경상사고,0,0,1,0,차대차 - 기타,안전운전불이행,습기,흐림,단일로 - 기타,승용,남,55세,상해없음,승용,남,51세,경상
2013101000100124,2013년 10월 10일 08시,목요일,경상북도 안동시 남문동,경상사고,0,0,1,0,차대차 - 기타,안전거리미확보,건조,맑음,기타 - 기타,화물,남,52세,상해없음,원동기,남,35세,경상
2013101000100155,2013년 10월 10일 09시,목요일,경상북도 영주시 이산면,중상사고,0,1,0,0,차대차 - 정면충돌,안전운전불이행,건조,맑음,단일로 - 기타,화물,남,53세,상해없음,화물,남,37세,중상
2013101000100181,2013년 10월 10일 10시,목요일,경상북도 경주시 안강읍,경상사고,0,0,1,0,차대사람 - 기타,안전운전불이행,건조,맑음,단일로 - 기타,원동기,남,35세,상해없음,보행자,여,56세,경상
2013101000100182,2013년 10월 10일 10시,목요일,경상북도 영주시 상망동,경상사고,0,0,1,0,차대차 - 측면직각충돌,안전운전불이행,건조,맑음,단일로 - 기타,화물,남,49세,상해없음,승용,여,50세,경상
2013101000100208,2013년 10월 10일 11시,목요일,경상북도 안동시 당북동,중상사고,0,1,0,0,차대사람 - 기타,신호위반,습기,흐림,교차로 - 교차로부근,화물,남,23세,상해없음,보행자,남,70세,중상
2013101000100209,2013년 10월 10일 11시,목요일,경상북도 상주시 모서면,중상사고,0,1,0,0,차대차 - 측면직각충돌,중앙선침범,습기,비,단일로 - 기타,화물,남,56세,상해없음,승용,남,34세,중상
2013101000100210,2013년 10월 10일 11시,목요일,경상북도 상주시 모서면,중상사고,0,1,0,0,차대차 - 기타,안전운전불이행,습기,흐림,단일로 - 기타,승용,남,31세,상해없음,원동기,여,68세,중상
2013101000100211,2013년 10월 10일 11시,목요일,경상북도 포항시 남구 해도동,중상사고,0,1,0,0,차대사람 - 기타,안전운전불이행,건조,맑음,단일로 - 기타,승용,여,33세,상해없음,보행자,여,88세,중상
2013101000100313,2013년 10월 10일 15시,목요일,경상북도 경산시 자인면,중상사고,0,1,0,0,차대차 - 기타,직진우회전진행방해,건조,흐림,교차로 - 교차로안,화물,남,44세,상해없음,이륜,남,73세,중상
2013101000100314,2013년 10월 10일 15시,목요일,경상북도 구미시 황상동,경상사고,0,0,1,0,차대차 - 기타,안전운전불이행,습기,비,교차로 - 교차로안,승용,남,29세,상해없음,승용,남,58세,상해없음
2013101000100347,2013년 10월 10일 16시,목요일,경상북도 경산시 진량읍,중상사고,0,1,1,0,차대차 - 기타,중앙선침범,습기,비,단일로 - 기타,승용,남,21세,상해없음,원동기,남,23세,중상
2013101000100375,2013년 10월 10일 17시,목요일,경상북도 포항시 북구 흥해읍,경상사고,0,0,1,0,차대차 - 추돌 - 주정차중,안전운전불이행,습기,비,단일로 - 기타,화물,남,55세,상해없음,승용,여,30세,경상
2013101000100376,2013년 10월 10일 17시,목요일,경상북도 포항시 남구 인덕동,중상사고,0,1,1,0,차대차 - 측면직각충돌,안전운전불이행,건조,맑음,단일로 - 기타,승용,여,59세,중상,건설기계,남,55세,상해없음
2013101000100428,2013년 10월 10일 18시,목요일,경상북도 칠곡군 북삼읍,경상사고,0,0,1,0,차대차 - 추돌 - 진행중,안전운전불이행,건조,맑음,단일로 - 기타,화물,남,72세,상해없음,승용,여,42세,경상
2013101000100429,2013년 10월 10일 18시,목요일,경상북도 경산시 평산동,사망사고,1,0,0,0,차대사람 - 기타,보행자보호의무위반,습기,비,교차로 - 교차로안,승용,남,35세,상해없음,보행자,여,20세,사망
2013101000100430,2013년 10월 10일 18시,목요일,경상북도 구미시 지산동,중상사고,0,2,2,0,차대차 - 기타,안전거리미확보,건조,맑음,교차로 - 교차로부근,승용,남,46세,상해없음,승용,남,44세,중상
2013101000100431,2013년 10월 10일 18시,목요일,경상북도 청도군 청도읍,중상사고,0,1,2,0,차대차 - 측면직각충돌,안전운전불이행,습기,비,단일로 - 기타,승용,남,40세,상해없음,화물,남,37세,경상
2013101000100477,2013년 10월 10일 19시,목요일,경상북도 경주시 현곡면,경상사고,0,0,2,0,차대차 - 기타,안전운전불이행,습기,비,교차로 - 교차로부근,승용,여,57세,경상,승용,남,62세,경상
2013101000100478,2013년 10월 10일 19시,목요일,경상북도 안동시 당북동,중상사고,0,1,0,0,차대사람 - 횡단중,안전운전불이행,습기,비,교차로 - 교차로부근,승용,여,51세,상해없음,보행자,남,46세,중상
2013101000100479,2013년 10월 10일 19시,목요일,경상북도 김천시 성내동,경상사고,0,0,2,0,차대사람 - 기타,안전운전불이행,습기,비,단일로 - 기타,승용,남,53세,상해없음,보행자,남,32세,경상
2013101000100518,2013년 10월 10일 20시,목요일,경상북도 안동시 용상동,중상사고,0,1,0,0,차대차 - 기타,안전거리미확보,습기,비,교차로 - 교차로부근,화물,여,22세,상해없음,승용,남,51세,중상
2013101000100519,2013년 10월 10일 20시,목요일,경상북도 상주시 무양동,중상사고,0,1,0,0,차대차 - 기타,신호위반,습기,비,교차로 - 교차로안,승용,여,53세,상해없음,승용,남,47세,중상
2013101000100520,2013년 10월 10일 20시,목요일,경상북도 경산시 대동,경상사고,0,0,1,0,차대차 - 기타,안전운전불이행,습기,비,교차로 - 교차로안,승용,남,58세,상해없음,이륜,남,42세,경상
2013101000100559,2013년 10월 10일 21시,목요일,경상북도 안동시 정하동,중상사고,0,1,0,0,차대사람 - 기타,안전운전불이행,건조,맑음,기타 - 기타,승용,남,44세,상해없음,보행자,남,8세,중상
2013101000100560,2013년 10월 10일 21시,목요일,경상북도 포항시 남구 대잠동,경상사고,0,0,1,0,차대차 - 측면직각충돌,안전운전불이행,습기,비,교차로 - 교차로안,특수,남,50세,상해없음,승용,여,51세,경상
2013101000100592,2013년 10월 10일 22시,목요일,경상북도 안동시 안막동,경상사고,0,0,1,0,차량단독 - 도로외이탈 - 추락,안전운전불이행,습기,비,기타 - 기타,승용,남,31세,경상,,,,
2013101000100593,2013년 10월 10일 22시,목요일,경상북도 구미시 인의동,중상사고,0,1,3,1,차대차 - 기타,직진우회전진행방해,습기,비,교차로 - 교차로안,승용,남,26세,상해없음,승용,남,49세,중상
2013101000100594,2013년 10월 10일 22시,목요일,경상북도 포항시 남구 대송면,경상사고,0,0,1,0,차대차 - 기타,안전운전불이행,습기,비,교차로 - 교차로안,자전거,남,49세,경상,승용,남,39세,상해없음
2013101000100624,2013년 10월 10일 23시,목요일,경상북도 문경시 모전동,경상사고,0,0,1,0,차대차 - 정면충돌,안전운전불이행,습기,비,교차로 - 교차로부근,승용,남,49세,상해없음,자전거,남,21세,경상
2013101000100625,2013년 10월 10일 23시,목요일,경상북도 구미시 인의동,경상사고,0,0,1,0,차대차 - 측면직각충돌,안전운전불이행,습기,맑음,단일로 - 기타,승용,남,25세,상해없음,승용,남,35세,경상
2013101000100626,2013년 10월 10일 23시,목요일,경상북도 포항시 남구 호동,중상사고,0,1,0,0,차대차 - 기타,안전운전불이행,건조,맑음,단일로 - 기타,승용,남,29세,중상,특수,남,63세,기타불명
2013101100100018,2013년 10월 11일 00시,금요일,경상북도 구미시 인의동,경상사고,0,0,2,0,차대차 - 추돌 - 주정차중,안전운전불이행,습기,맑음,교차로 - 교차로부근,승용,여,39세,상해없음,승용,남,45세,상해없음
2013101100100056,2013년 10월 11일 02시,금요일,경상북도 포항시 남구 효자동,중상사고,0,1,0,0,차량단독 - 공작물충돌,안전운전불이행,건조,흐림,단일로 - 기타,승용,여,37세,중상,,,,
2013101100100070,2013년 10월 11일 03시,금요일,경상북도 포항시 남구 상도동,중상사고,0,1,2,0,차대차 - 추돌 - 진행중,직진우회전진행방해,건조,맑음,단일로 - 기타,승용,남,37세,경상,승용,남,67세,경상
2013101100100134,2013년 10월 11일 07시,금요일,경상북도 포항시 북구 상원동,경상사고,0,0,1,0,차대차 - 기타,신호위반,건조,맑음,교차로 - 교차로안,승용,남,69세,상해없음,승용,남,50세,경상
2013101100100135,2013년 10월 11일 07시,금요일,경상북도 안동시 정하동,경상사고,0,0,1,0,차대차 - 측면직각충돌,교차로운행방법위반,건조,맑음,교차로 - 교차로안,승합,남,40세,상해없음,승용,여,57세,경상
2013101100100136,2013년 10월 11일 07시,금요일,경상북도 김천시 부곡동,경상사고,0,0,2,0,차대차 - 측면직각충돌,안전운전불이행,건조,맑음,교차로 - 교차로안,승용,여,58세,상해없음,승용,여,41세,경상
2013101100100137,2013년 10월 11일 07시,금요일,경상북도 청도군 각북면,경상사고,0,0,1,0,차대차 - 측면직각충돌,안전운전불이행,건조,맑음,단일로 - 기타,승용,남,53세,상해없음,승용,여,49세,경상
2013101100100180,2013년 10월 11일 08시,금요일,경상북도 경주시 성건동,중상사고,0,1,0,0,차대차 - 기타,안전운전불이행,건조,맑음,교차로 - 교차로안,화물,남,36세,상해없음,원동기,남,26세,중상
2013101100100181,2013년 10월 11일 08시,금요일,경상북도 경주시 노서동,중상사고,0,1,0,0,차대사람 - 기타,안전운전불이행,건조,맑음,단일로 - 기타,승용,여,41세,상해없음,보행자,여,21세,중상
2013101100100182,2013년 10월 11일 08시,금요일,경상북도 경주시 용강동,경상사고,0,0,1,0,차대차 - 기타,안전운전불이행,건조,맑음,교차로 - 교차로부근,승용,남,24세,상해없음,승용,남,45세,경상
2013101100100183,2013년 10월 11일 08시,금요일,경상북도 경산시 사정동,중상사고,0,1,0,0,차대사람 - 기타,안전운전불이행,건조,맑음,단일로 - 기타,기타불명,기타불명,기타불명,기타불명,보행자,여,46세,중상
2013101100100184,2013년 10월 11일 08시,금요일,경상북도 구미시 신평동,사망사고,1,0,0,0,차량단독 - 공작물충돌,안전운전불이행,건조,맑음,단일로 - 기타,승용,여,49세,사망,,,,
2013101100100185,2013년 10월 11일 08시,금요일,경상북도 구미시 공단동,중상사고,0,1,0,0,차대사람 - 기타,기타,건조,맑음,단일로 - 기타,승합,남,48세,상해없음,보행자,여,56세,중상
2013101100100186,2013년 10월 11일 08시,금요일,경상북도 포항시 남구 청림동,경상사고,0,0,1,0,차대차 - 측면직각충돌,안전운전불이행,건조,맑음,교차로 - 교차로안,승용,남,55세,상해없음,승용,남,58세,경상
2013101100100229,2013년 10월 11일 09시,금요일,경상북도 영천시 오수동,경상사고,0,0,1,0,차대차 - 측면직각충돌,신호위반,건조,맑음,교차로 - 교차로안,화물,남,58세,상해없음,승합,남,47세,경상
2013101100100230,2013년 10월 11일 09시,금요일,경상북도 청도군 이서면,중상사고,0,1,0,0,차대차 - 기타,교차로운행방법위반,건조,맑음,단일로 - 기타,화물,남,53세,상해없음,원동기,남,72세,중상
2013101100100231,2013년 10월 11일 09시,금요일,경상북도 구미시 원평동,경상사고,0,0,1,0,차대사람 - 차도통행중,안전운전불이행,건조,맑음,기타 - 기타,기타불명,기타불명,1세,기타불명,보행자,여,56세,경상
2013101100100276,2013년 10월 11일 11시,금요일,경상북도 영천시 금호읍,경상사고,0,0,3,0,차대차 - 측면직각충돌,안전운전불이행,건조,맑음,교차로 - 교차로안,이륜,남,18세,경상,승용,여,29세,경상
2013101100100277,2013년 10월 11일 11시,금요일,경상북도 울진군 북면,중상사고,0,3,0,0,차대차 - 정면충돌,중앙선침범,건조,맑음,단일로 - 기타,승용,남,49세,상해없음,승용,남,61세,중상
2013101100100312,2013년 10월 11일 12시,금요일,경상북도 경주시 성동동,경상사고,0,0,1,0,차량단독 - 공작물충돌,안전운전불이행,건조,맑음,기타 - 기타,화물,남,21세,경상,,,,
2013101100100349,2013년 10월 11일 13시,금요일,경상북도 문경시 문경읍,경상사고,0,0,2,0,차대차 - 측면직각충돌,안전운전불이행,건조,맑음,교차로 - 교차로안,승용,여,42세,상해없음,승용,남,53세,경상
2013101100100380,2013년 10월 11일 14시,금요일,경상북도 경주시 신평동,경상사고,0,0,1,0,차대차 - 측면직각충돌,안전운전불이행,건조,맑음,교차로 - 교차로부근,승용,남,53세,상해없음,승용,여,31세,경상
2013101100100381,2013년 10월 11일 14시,금요일,경상북도 경주시 사정동,중상사고,0,1,1,0,차대사람 - 기타,신호위반,건조,맑음,단일로 - 기타,원동기,남,27세,경상,보행자,여,19세,중상
2013101100100382,2013년 10월 11일 14시,금요일,경상북도 경주시 황오동,경상사고,0,0,1,0,차대사람 - 기타,안전운전불이행,건조,맑음,교차로 - 교차로안,승용,여,47세,상해없음,보행자,남,40세,경상
2013101100100383,2013년 10월 11일 14시,금요일,경상북도 영천시 화남면,중상사고,0,1,0,0,차대차 - 기타,안전운전불이행,기타,맑음,교차로 - 교차로부근,원동기,남,78세,중상,승용,남,54세,상해없음
2013101100100384,2013년 10월 11일 14시,금요일,경상북도 영양군 영양읍,중상사고,0,1,2,0,차대차 - 추돌 - 진행중,안전운전불이행,건조,맑음,단일로 - 기타,화물,남,59세,경상,승용,남,52세,중상
2013101100100411,2013년 10월 11일 15시,금요일,경상북도 경주시 황오동,중상사고,0,1,0,0,차대차 - 기타,안전운전불이행,건조,맑음,교차로 - 교차로안,승용,남,53세,상해없음,승용,남,70세,중상
2013101100100412,2013년 10월 11일 15시,금요일,경상북도 영주시 하망동,경상사고,0,0,1,0,차대차 - 측면직각충돌,신호위반,건조,맑음,교차로 - 교차로안,승용,남,51세,상해없음,승용,여,65세,경상
2013101100100413,2013년 10월 11일 15시,금요일,경상북도 구미시 해평면,경상사고,0,0,2,0,차대차 - 기타,안전운전불이행,건조,맑음,단일로 - 기타,승합,남,44세,상해없음,승용,여,38세,경상
2013101100100452,2013년 10월 11일 16시,금요일,경상북도 영주시 하망동,경상사고,0,0,1,0,차대차 - 측면직각충돌,직진우회전진행방해,건조,맑음,교차로 - 교차로안,승용,남,68세,상해없음,승용,여,56세,경상
2013101100100453,2013년 10월 11일 16시,금요일,경상북도 영주시 풍기읍,중상사고,0,1,0,0,차대사람 - 차도통행중,안전운전불이행,건조,맑음,단일로 - 터널,이륜,남,84세,상해없음,보행자,여,73세,중상
2013101100100454,2013년 10월 11일 16시,금요일,경상북도 영양군 영양읍,경상사고,0,0,1,0,차대차 - 측면직각충돌,안전운전불이행,건조,맑음,교차로 - 교차로안,화물,남,57세,상해없음,자전거,남,9세,경상
2013101100100486,2013년 10월 11일 17시,금요일,경상북도 경주시 동부동,경상사고,0,0,1,0,차대차 - 추돌 - 진행중,안전운전불이행,건조,맑음,단일로 - 기타,화물,남,60세,상해없음,승용,여,46세,경상
2013101100100487,2013년 10월 11일 17시,금요일,경상북도 문경시 농암면,중상사고,0,1,0,0,차대차 - 측면직각충돌,안전운전불이행,건조,맑음,교차로 - 교차로안,원동기,남,15세,중상,승용,남,31세,상해없음
2013101100100488,2013년 10월 11일 17시,금요일,경상북도 포항시 남구 대잠동,중상사고,0,1,0,0,차대사람 - 기타,안전운전불이행,건조,맑음,단일로 - 기타,승용,남,58세,상해없음,보행자,여,22세,중상
2013101100100535,2013년 10월 11일 18시,금요일,경상북도 포항시 북구 두호동,경상사고,0,0,1,0,차량단독 - 기타,안전운전불이행,건조,맑음,단일로 - 기타,승합,남,46세,상해없음,,,,
2013101100100536,2013년 10월 11일 18시,금요일,경상북도 구미시 형곡동,중상사고,0,1,0,0,차대차 - 정면충돌,중앙선침범,건조,맑음,단일로 - 기타,승용,남,42세,상해없음,원동기,남,16세,중상
2013101100100579,2013년 10월 11일 19시,금요일,경상북도 구미시 선산읍,중상사고,0,3,3,0,차대차 - 추돌 - 진행중,안전운전불이행,건조,맑음,단일로 - 기타,화물,남,64세,상해없음,승용,남,49세,경상
2013101100100612,2013년 10월 11일 20시,금요일,경상북도 경주시 현곡면,경상사고,0,0,3,0,차대차 - 기타,안전운전불이행,건조,맑음,단일로 - 기타,승용,남,56세,상해없음,화물,남,46세,상해없음
2013101100100613,2013년 10월 11일 20시,금요일,경상북도 상주시 함창읍,중상사고,0,1,0,0,차대차 - 기타,안전운전불이행,건조,맑음,교차로 - 교차로안,화물,남,43세,상해없음,승용,남,74세,중상
2013101100100614,2013년 10월 11일 20시,금요일,경상북도 예천군 풍양면,사망사고,1,0,0,0,차대차 - 기타,안전운전불이행,건조,맑음,교차로 - 교차로안,화물,남,56세,상해없음,이륜,남,47세,사망
2013101100100644,2013년 10월 11일 21시,금요일,경상북도 안동시 용상동,경상사고,0,0,1,0,차대차 - 측면직각충돌,안전운전불이행,건조,맑음,단일로 - 기타,승용,여,30세,상해없음,자전거,여,21세,경상
2013101100100645,2013년 10월 11일 21시,금요일,경상북도 구미시 황상동,경상사고,0,0,1,0,차대차 - 기타,안전운전불이행,건조,맑음,단일로 - 기타,승용,남,49세,상해없음,승용,남,51세,상해없음
2013101100100682,2013년 10월 11일 22시,금요일,경상북도 경주시 성건동,경상사고,0,0,1,0,차대차 - 기타,안전운전불이행,건조,맑음,단일로 - 기타,승용,여,48세,상해없음,승용,남,29세,기타불명
2013101100100683,2013년 10월 11일 22시,금요일,경상북도 포항시 북구 득량동,중상사고,0,1,0,0,차대차 - 기타,안전운전불이행,건조,맑음,단일로 - 기타,승용,남,43세,상해없음,원동기,남,50세,중상
2013101100100706,2013년 10월 11일 23시,금요일,경상북도 경주시 동천동,경상사고,0,0,1,0,차대차 - 추돌 - 주정차중,안전운전불이행,건조,맑음,교차로 - 교차로부근,승용,남,50세,상해없음,승용,남,51세,경상
2013101100100707,2013년 10월 11일 23시,금요일,경상북도 경산시 조영동,경상사고,0,0,1,0,차대차 - 기타,직진우회전진행방해,건조,맑음,교차로 - 교차로안,승용,남,25세,상해없음,원동기,남,27세,경상
2013101200100014,2013년 10월 12일 00시,토요일,경상북도 포항시 북구 흥해읍,경상사고,0,0,2,0,차대차 - 추돌 - 진행중,안전거리미확보,건조,맑음,교차로 - 교차로부근,기타불명,기타불명,기타불명,기타불명,승용,남,61세,경상
2013101200100095,2013년 10월 12일 05시,토요일,경상북도 경주시 구정동,경상사고,0,0,1,0,차대차 - 기타,안전운전불이행,건조,맑음,교차로 - 교차로부근,승용,남,27세,기타불명,승합,남,64세,경상
2013101200100116,2013년 10월 12일 06시,토요일,경상북도 청송군 현동면,중상사고,0,1,0,0,차대차 - 추돌 - 진행중,안전운전불이행,건조,맑음,단일로 - 기타,승합,남,29세,상해없음,화물,남,61세,기타불명
2013101200100117,2013년 10월 12일 06시,토요일,경상북도 구미시 구평동,경상사고,0,0,1,0,차대차 - 측면직각충돌,신호위반,건조,맑음,교차로 - 교차로안,승용,남,25세,상해없음,승용,남,51세,경상
2013101200100118,2013년 10월 12일 06시,토요일,경상북도 포항시 남구 연일읍,경상사고,0,0,1,0,차대차 - 측면직각충돌,안전운전불이행,건조,맑음,교차로 - 교차로안,화물,남,58세,상해없음,자전거,남,63세,경상
2013101200100141,2013년 10월 12일 07시,토요일,경상북도 구미시 옥계동,중상사고,0,2,1,0,차대차 - 측면직각충돌,직진우회전진행방해,건조,맑음,교차로 - 교차로안,승용,남,24세,상해없음,승용,남,61세,중상
2013101200100169,2013년 10월 12일 08시,토요일,경상북도 경주시 서악동,중상사고,0,1,0,0,차대차 - 기타,안전운전불이행,건조,맑음,단일로 - 기타,화물,남,55세,상해없음,자전거,여,71세,중상
2013101200100170,2013년 10월 12일 08시,토요일,경상북도 경산시 하양읍,중상사고,0,1,0,0,차대차 - 기타,교차로운행방법위반,건조,맑음,교차로 - 교차로안,승합,남,45세,상해없음,자전거,남,54세,중상
2013101200100171,2013년 10월 12일 08시,토요일,경상북도 봉화군 봉성면,중상사고,0,1,0,0,차대차 - 측면직각충돌,안전운전불이행,건조,맑음,단일로 - 기타,화물,남,51세,상해없음,승용,남,71세,중상
2013101200100200,2013년 10월 12일 09시,토요일,경상북도 영주시 영주동,경상사고,0,0,1,0,차대차 - 기타,안전운전불이행,건조,맑음,단일로 - 기타,원동기,남,29세,경상,화물,남,42세,상해없음
2013101200100201,2013년 10월 12일 09시,토요일,경상북도 포항시 남구 이동,경상사고,0,0,1,0,차대차 - 측면직각충돌,안전운전불이행,건조,맑음,교차로 - 교차로부근,승용,남,59세,상해없음,자전거,여,71세,경상
2013101200100229,2013년 10월 12일 10시,토요일,경상북도 칠곡군 동명면,중상사고,0,1,0,0,차대차 - 추돌 - 주정차중,안전거리미확보,건조,맑음,단일로 - 기타,승합,남,61세,상해없음,승용,여,29세,중상
2013101200100256,2013년 10월 12일 11시,토요일,경상북도 포항시 북구 대흥동,중상사고,0,1,0,0,차대차 - 측면직각충돌,안전운전불이행,건조,맑음,단일로 - 기타,승용,남,45세,상해없음,자전거,남,72세,중상
2013101200100257,2013년 10월 12일 11시,토요일,경상북도 영덕군 강구면,중상사고,0,3,6,0,차대차 - 측면직각충돌,신호위반,건조,맑음,교차로 - 교차로안,승용,남,33세,경상,승합,남,84세,경상
2013101200100258,2013년 10월 12일 11시,토요일,경상북도 구미시 송정동,경상사고,0,0,1,0,차대사람 - 기타,안전운전불이행,건조,맑음,단일로 - 기타,승용,여,37세,상해없음,보행자,남,9세,경상
2013101200100291,2013년 10월 12일 12시,토요일,경상북도 안동시 길안면,중상사고,0,3,1,0,차량단독 - 기타,안전운전불이행,건조,맑음,단일로 - 기타,승용,남,55세,경상,,,,