사고번호,사고일시,요일,시군구,사고내용,사망자수,중상자수,경상자수,부상신고자수,사고유형,법규위반,노면상태,기상상태,도로형태,가해운전자 차종,가해운전자 성별,가해운전자 연령,가해운전자 상해정도,피해운전자 차종,피해운전자 성별,피해운전자 연령,피해운전자 상해정도
2013101700100562,2013년 10월 17일 23시,목요일,경상북도 울진군 온정면,사망사고,1,0,1,0,차대사람 - 기타,안전운전불이행,건조,흐림,교차로 - 교차로안,승용,남,64세,상해없음,보행자,여,66세,사망
2013101700100563,2013년 10월 17일 23시,목요일,경상북도 구미시 인의동,경상사고,0,0,1,0,차대차 - 추돌 - 주정차중,안전운전불이행,건조,맑음,교차로 - 교차로부근,승용,남,28세,경상,화물,남,33세,상해없음
2013101800100011,2013년 10월 18일 00시,금요일,경상북도 포항시 북구 우현동,중상사고,0,1,0,1,차대사람 - 기타,안전운전불이행,건조,맑음,단일로 - 기타,승용,남,38세,상해없음,보행자,남,47세,부상신고
2013101800100012,2013년 10월 18일 00시,금요일,경상북도 포항시 북구 중앙동,부상신고사고,0,0,0,1,차대사람 - 기타,안전운전불이행,건조,맑음,단일로 - 기타,승용,남,23세,상해없음,보행자,남,20세,부상신고
2013101800100013,2013년 10월 18일 00시,금요일,경상북도 영천시 도림동,경상사고,0,0,1,0,차대차 - 측면직각충돌,중앙선침범,건조,맑음,단일로 - 기타,화물,남,37세,상해없음,화물,남,56세,경상
2013101800100014,2013년 10월 18일 00시,금요일,경상북도 경산시 대동,경상사고,0,0,1,0,차대사람 - 기타,안전운전불이행,건조,맑음,단일로 - 기타,승용,남,22세,상해없음,보행자,남,24세,경상
2013101800100027,2013년 10월 18일 01시,금요일,경상북도 포항시 북구 환호동,사망사고,1,0,0,0,차대차 - 추돌 - 주정차중,안전운전불이행,건조,맑음,교차로 - 교차로부근,원동기,남,24세,사망,승용,남,37세,상해없음
2013101800100077,2013년 10월 18일 06시,금요일,경상북도 경주시 노서동,중상사고,0,2,0,0,차대차 - 추돌 - 주정차중,안전운전불이행,건조,맑음,교차로 - 교차로안,승합,여,62세,중상,승용,여,50세,중상
2013101800100078,2013년 10월 18일 06시,금요일,경상북도 김천시 지좌동,중상사고,0,1,4,0,차대차 - 측면직각충돌,안전거리미확보,기타,안개,단일로 - 기타,화물,남,62세,상해없음,승용,여,53세,경상
2013101800100079,2013년 10월 18일 06시,금요일,경상북도 군위군 효령면,경상사고,0,0,1,0,차량단독 - 공작물충돌,안전운전불이행,습기,안개,단일로 - 기타,승용,남,33세,상해없음,,,,
2013101800100106,2013년 10월 18일 07시,금요일,경상북도 칠곡군 왜관읍,경상사고,0,0,1,0,차대사람 - 기타,안전운전불이행,건조,맑음,단일로 - 기타,승용,남,47세,상해없음,보행자,여,15세,경상
2013101800100107,2013년 10월 18일 07시,금요일,경상북도 영천시 문외동,경상사고,0,0,1,0,차대사람 - 기타,안전운전불이행,건조,맑음,단일로 - 기타,기타불명,기타불명,기타불명,기타불명,보행자,여,78세,경상
2013101800100108,2013년 10월 18일 07시,금요일,경상북도 성주군 용암면,경상사고,0,0,2,0,차대차 - 측면직각충돌,직진우회전진행방해,건조,맑음,교차로 - 교차로안,화물,남,61세,경상,화물,남,51세,경상
2013101800100152,2013년 10월 18일 08시,금요일,경상북도 포항시 북구 덕수동,중상사고,0,1,0,0,차대사람 - 기타,보행자보호의무위반,건조,맑음,교차로 - 교차로부근,승용,남,34세,상해없음,보행자,남,36세,중상
2013101800100153,2013년 10월 18일 08시,금요일,경상북도 영천시 임고면,경상사고,0,0,2,0,차대차 - 측면직각충돌,기타,건조,맑음,교차로 - 교차로안,승용,남,35세,상해없음,승합,남,46세,상해없음
2013101800100154,2013년 10월 18일 08시,금요일,경상북도 울진군 근남면,사망사고,1,0,0,0,차량단독 - 도로외이탈 - 기타,안전운전불이행,건조,맑음,단일로 - 기타,화물,여,50세,사망,,,,
2013101800100155,2013년 10월 18일 08시,금요일,경상북도 포항시 남구 연일읍,중상사고,0,1,0,0,차대사람 - 기타,안전운전불이행,건조,맑음,단일로 - 기타,승합,여,50세,상해없음,보행자,여,15세,중상
2013101800100217,2013년 10월 18일 10시,금요일,경상북도 영덕군 강구면,중상사고,0,1,0,0,차대차 - 측면직각충돌,안전운전불이행,건조,맑음,단일로 - 기타,승용,남,40세,상해없음,이륜,남,65세,중상
2013101800100218,2013년 10월 18일 10시,금요일,경상북도 군위군 고로면,중상사고,0,1,0,0,차대차 - 기타,안전운전불이행,건조,맑음,단일로 - 기타,승용,남,66세,상해없음,원동기,남,69세,중상
2013101800100252,2013년 10월 18일 11시,금요일,경상북도 문경시 모전동,경상사고,0,0,2,0,차대차 - 측면직각충돌,신호위반,건조,맑음,교차로 - 교차로안,승용,남,77세,경상,화물,남,47세,상해없음
2013101800100253,2013년 10월 18일 11시,금요일,경상북도 예천군 예천읍,중상사고,0,1,0,0,차대차 - 기타,안전운전불이행,건조,맑음,교차로 - 교차로안,승용,남,32세,상해없음,원동기,여,61세,중상
2013101800100272,2013년 10월 18일 12시,금요일,경상북도 안동시 남선면,중상사고,0,1,0,0,차대차 - 측면직각충돌,직진우회전진행방해,건조,맑음,교차로 - 교차로안,승용,남,51세,상해없음,건설기계,남,52세,상해없음
2013101800100273,2013년 10월 18일 12시,금요일,경상북도 김천시 아포읍,중상사고,0,1,0,0,차대차 - 측면직각충돌,안전운전불이행,건조,맑음,교차로 - 교차로안,승용,여,54세,상해없음,승용,남,37세,중상
2013101800100304,2013년 10월 18일 13시,금요일,경상북도 경주시 안강읍,경상사고,0,0,2,0,차대차 - 기타,안전운전불이행,건조,맑음,교차로 - 교차로안,승용,여,35세,경상,화물,남,23세,경상
2013101800100305,2013년 10월 18일 13시,금요일,경상북도 의성군 의성읍,경상사고,0,0,1,0,차대사람 - 횡단중,안전운전불이행,건조,맑음,단일로 - 기타,특수,남,44세,상해없음,보행자,여,82세,경상
2013101800100334,2013년 10월 18일 14시,금요일,경상북도 영천시 신령면,중상사고,0,1,0,0,차대차 - 기타,안전운전불이행,건조,맑음,단일로 - 기타,승용,여,56세,상해없음,화물,남,51세,중상
2013101800100372,2013년 10월 18일 15시,금요일,경상북도 김천시 어모면,중상사고,0,2,0,0,차대차 - 측면직각충돌,중앙선침범,건조,맑음,단일로 - 기타,승합,남,77세,중상,승합,남,41세,중상
2013101800100373,2013년 10월 18일 15시,금요일,경상북도 영천시 조교동,중상사고,0,1,0,0,차량단독 - 기타,안전운전불이행,건조,맑음,단일로 - 기타,이륜,남,72세,중상,,,,
2013101800100374,2013년 10월 18일 15시,금요일,경상북도 문경시 흥덕동,경상사고,0,0,1,0,차대사람 - 횡단중,안전운전불이행,건조,맑음,교차로 - 교차로부근,승용,여,58세,상해없음,보행자,여,56세,경상
2013101800100407,2013년 10월 18일 16시,금요일,경상북도 영주시 휴천동,경상사고,0,0,2,0,차대차 - 기타,안전운전불이행,건조,맑음,교차로 - 교차로안,승용,남,30세,상해없음,원동기,남,17세,경상
2013101800100408,2013년 10월 18일 16시,금요일,경상북도 문경시 마성면,중상사고,0,1,0,0,차대차 - 측면직각충돌,안전운전불이행,건조,맑음,교차로 - 교차로안,승용,남,50세,상해없음,자전거,남,31세,중상
2013101800100456,2013년 10월 18일 17시,금요일,경상북도 상주시 무양동,중상사고,0,1,2,0,차대차 - 기타,교차로운행방법위반,건조,맑음,교차로 - 교차로안,승용,남,58세,상해없음,승용,남,39세,경상
2013101800100457,2013년 10월 18일 17시,금요일,경상북도 청도군 이서면,경상사고,0,0,1,0,차대차 - 측면직각충돌,안전운전불이행,건조,맑음,교차로 - 교차로안,원동기,남,70세,경상,농기계,남,14세,상해없음
2013101800100518,2013년 10월 18일 18시,금요일,경상북도 상주시 양촌동,중상사고,0,2,0,0,차대차 - 기타,교차로운행방법위반,건조,맑음,교차로 - 교차로안,승용,남,43세,상해없음,화물,남,48세,중상
2013101800100519,2013년 10월 18일 18시,금요일,경상북도 상주시 낙동면,경상사고,0,0,1,0,차대사람 - 횡단중,안전운전불이행,건조,맑음,단일로 - 기타,화물,남,61세,상해없음,보행자,여,59세,경상
2013101800100520,2013년 10월 18일 18시,금요일,경상북도 영천시 금호읍,중상사고,0,1,0,0,차대차 - 기타,안전운전불이행,건조,맑음,단일로 - 기타,승용,남,60세,상해없음,자전거,남,72세,중상
2013101800100521,2013년 10월 18일 18시,금요일,경상북도 영천시 화룡동,중상사고,0,1,0,0,차대사람 - 길가장자리구역통행중,안전운전불이행,건조,맑음,단일로 - 기타,특수,남,21세,상해없음,보행자,남,49세,중상
2013101800100522,2013년 10월 18일 18시,금요일,경상북도 영천시 야사동,경상사고,0,0,1,0,차대차 - 측면직각충돌,안전운전불이행,건조,맑음,교차로 - 교차로안,이륜,남,21세,경상,화물,남,40세,상해없음
2013101800100523,2013년 10월 18일 18시,금요일,경상북도 청송군 진보면,사망사고,2,0,0,0,차대사람 - 보도통행중,안전운전불이행,건조,맑음,교차로 - 교차로안,화물,남,50세,상해없음,보행자,여,59세,사망
2013101800100524,2013년 10월 18일 18시,금요일,경상북도 구미시 광평동,중상사고,0,1,0,0,차대사람 - 횡단중,안전운전불이행,건조,맑음,단일로 - 기타,화물,남,54세,상해없음,보행자,여,63세,중상
2013101800100575,2013년 10월 18일 19시,금요일,경상북도 경주시 석장동,경상사고,0,0,1,0,차대사람 - 기타,안전운전불이행,건조,흐림,단일로 - 기타,승용,여,37세,상해없음,보행자,남,52세,경상
2013101800100576,2013년 10월 18일 19시,금요일,경상북도 경주시 노서동,중상사고,0,1,0,0,차대차 - 측면직각충돌,안전운전불이행,건조,맑음,교차로 - 교차로부근,승용,남,32세,상해없음,승용,남,31세,상해없음
2013101800100577,2013년 10월 18일 19시,금요일,경상북도 영주시 영주동,경상사고,0,0,2,0,차대차 - 기타,안전운전불이행,건조,맑음,교차로 - 교차로안,승용,남,26세,경상,승용,여,53세,경상
2013101800100578,2013년 10월 18일 19시,금요일,경상북도 구미시 황상동,경상사고,0,0,1,0,차대차 - 측면직각충돌,차로위반,건조,맑음,교차로 - 교차로부근,승용,여,27세,상해없음,화물,여,36세,경상
2013101800100579,2013년 10월 18일 19시,금요일,경상북도 포항시 남구 오천읍,중상사고,0,2,0,0,차대사람 - 기타,안전운전불이행,건조,맑음,단일로 - 기타,원동기,남,73세,중상,보행자,여,64세,중상
2013101800100622,2013년 10월 18일 20시,금요일,경상북도 경주시 동천동,중상사고,0,1,0,0,차대사람 - 기타,안전운전불이행,건조,맑음,단일로 - 기타,승용,여,43세,상해없음,보행자,남,51세,중상
2013101800100623,2013년 10월 18일 20시,금요일,경상북도 경주시 외동읍,경상사고,0,0,1,0,차대차 - 측면직각충돌,안전운전불이행,건조,흐림,단일로 - 기타,승용,남,48세,상해없음,승용,남,59세,경상
2013101800100624,2013년 10월 18일 20시,금요일,경상북도 안동시 금곡동,경상사고,0,0,1,0,차대차 - 추돌 - 진행중,안전운전불이행,건조,맑음,기타 - 기타,원동기,남,17세,경상,승용,남,27세,상해없음
2013101800100625,2013년 10월 18일 20시,금요일,경상북도 고령군 성산면,중상사고,0,1,0,0,차대차 - 추돌 - 주정차중,안전운전불이행,건조,맑음,단일로 - 기타,이륜,남,52세,상해없음,이륜,남,25세,중상
2013101800100626,2013년 10월 18일 20시,금요일,경상북도 포항시 남구 오천읍,경상사고,0,0,3,0,차대차 - 기타,교차로운행방법위반,건조,맑음,교차로 - 교차로안,승용,여,43세,상해없음,승용,여,26세,경상
2013101800100664,2013년 10월 18일 21시,금요일,경상북도 경주시 성건동,중상사고,0,2,0,0,차대차 - 측면직각충돌,안전운전불이행,건조,맑음,교차로 - 교차로부근,승용,남,57세,상해없음,승용,남,43세,중상
2013101800100665,2013년 10월 18일 21시,금요일,경상북도 경주시 용강동,중상사고,0,1,1,0,차대사람 - 횡단중,보행자보호의무위반,건조,맑음,단일로 - 기타,승용,남,51세,상해없음,보행자,여,25세,중상
2013101800100666,2013년 10월 18일 21시,금요일,경상북도 안동시 송현동,경상사고,0,0,1,0,차대사람 - 기타,안전운전불이행,건조,맑음,단일로 - 기타,기타불명,기타불명,기타불명,기타불명,보행자,남,57세,경상
2013101800100667,2013년 10월 18일 21시,금요일,경상북도 구미시 원평동,경상사고,0,0,1,0,차대차 - 추돌 - 주정차중,안전거리미확보,건조,맑음,단일로 - 기타,승용,여,44세,상해없음,승용,남,56세,경상
2013101800100668,2013년 10월 18일 21시,금요일,경상북도 포항시 남구 오천읍,경상사고,0,0,1,0,차대사람 - 기타,보행자보호의무위반,건조,맑음,단일로 - 횡단보도상,승용,남,37세,상해없음,보행자,남,60세,경상
2013101900100020,2013년 10월 19일 00시,토요일,경상북도 경산시 임당동,중상사고,0,1,0,0,차대차 - 기타,안전운전불이행,건조,맑음,단일로 - 기타,승용,남,25세,상해없음,승용,남,27세,중상
2013101900100040,2013년 10월 19일 01시,토요일,경상북도 포항시 남구 해도동,경상사고,0,0,1,0,차대사람 - 기타,안전운전불이행,건조,맑음,단일로 - 기타,승용,남,61세,상해없음,보행자,남,13세,경상
2013101900100076,2013년 10월 19일 03시,토요일,경상북도 구미시 원평동,경상사고,0,0,1,0,차대사람 - 차도통행중,안전운전불이행,건조,맑음,교차로 - 교차로부근,승용,남,31세,상해없음,보행자,여,30세,경상
2013101900100089,2013년 10월 19일 04시,토요일,경상북도 포항시 북구 항구동,중상사고,0,1,0,0,차량단독 - 공작물충돌,안전운전불이행,건조,맑음,단일로 - 기타,승용,남,23세,중상,,,,
2013101900100090,2013년 10월 19일 04시,토요일,경상북도 구미시 진평동,경상사고,0,0,1,0,차대사람 - 기타,안전운전불이행,건조,맑음,기타 - 기타,승용,남,25세,상해없음,보행자,남,31세,경상
2013101900100104,2013년 10월 19일 05시,토요일,경상북도 상주시 신봉동,경상사고,0,0,1,0,차량단독 - 공작물충돌,안전운전불이행,건조,맑음,단일로 - 기타,승용,남,41세,상해없음,,,,
2013101900100105,2013년 10월 19일 05시,토요일,경상북도 영주시 휴천동,중상사고,0,1,0,0,차대사람 - 기타,안전운전불이행,건조,맑음,교차로 - 교차로안,승용,남,39세,상해없음,보행자,남,95세,중상
2013101900100106,2013년 10월 19일 05시,토요일,경상북도 영주시 가흥동,중상사고,0,1,0,0,차대차 - 추돌 - 주정차중,안전운전불이행,건조,맑음,교차로 - 교차로부근,화물,남,28세,중상,화물,남,43세,상해없음
2013101900100153,2013년 10월 19일 08시,토요일,경상북도 경산시 정평동,경상사고,0,0,1,2,차대차 - 기타,안전거리미확보,건조,맑음,단일로 - 기타,승합,남,45세,상해없음,승용,여,53세,경상
2013101900100181,2013년 10월 19일 09시,토요일,경상북도 울진군 평해읍,사망사고,1,0,0,0,차량단독 - 공작물충돌,안전운전불이행,건조,맑음,단일로 - 기타,원동기,남,46세,사망,,,,
2013101900100203,2013년 10월 19일 10시,토요일,경상북도 영주시 영주동,중상사고,0,1,0,0,차량단독 - 기타,안전운전불이행,건조,맑음,단일로 - 기타,승합,남,44세,상해없음,,,,
2013101900100204,2013년 10월 19일 10시,토요일,경상북도 고령군 성산면,경상사고,0,0,1,0,차대차 - 추돌 - 진행중,안전운전불이행,건조,기타,기타 - 기타,기타불명,기타불명,기타불명,기타불명,이륜,남,82세,경상
2013101900100205,2013년 10월 19일 10시,토요일,경상북도 구미시 구평동,경상사고,0,0,4,0,차대차 - 기타,교차로운행방법위반,건조,맑음,교차로 - 교차로안,승용,남,21세,상해없음,승용,남,43세,경상
2013101900100231,2013년 10월 19일 11시,토요일,경상북도 영덕군 병곡면,중상사고,0,1,0,0,차대차 - 기타,안전운전불이행,건조,맑음,교차로 - 교차로안,화물,남,63세,상해없음,이륜,남,55세,중상
2013101900100290,2013년 10월 19일 13시,토요일,경상북도 경주시 안강읍,경상사고,0,0,2,0,차량단독 - 전도전복,안전운전불이행,건조,맑음,단일로 - 기타,승용,여,39세,상해없음,,,,
2013101900100291,2013년 10월 19일 13시,토요일,경상북도 경주시 외동읍,중상사고,0,1,0,0,차대차 - 기타,안전운전불이행,건조,맑음,교차로 - 교차로안,승용,남,39세,상해없음,이륜,남,65세,중상
2013101900100292,2013년 10월 19일 13시,토요일,경상북도 포항시 북구 죽도동,경상사고,0,0,2,0,차대차 - 기타,안전운전불이행,건조,맑음,단일로 - 기타,승용,남,61세,상해없음,화물,남,55세,경상
2013101900100293,2013년 10월 19일 13시,토요일,경상북도 영천시 금노동,경상사고,0,0,2,0,차대사람 - 횡단중,보행자보호의무위반,건조,맑음,단일로 - 횡단보도상,승합,남,45세,상해없음,보행자,여,13세,경상
2013101900100353,2013년 10월 19일 15시,토요일,경상북도 칠곡군 가산면,부상신고사고,0,0,0,1,차대차 - 기타,교차로운행방법위반,건조,맑음,교차로 - 교차로안,승용,남,28세,상해없음,승합,남,29세,부상신고
2013101900100354,2013년 10월 19일 15시,토요일,경상북도 구미시 진평동,경상사고,0,0,1,0,차대차 - 측면직각충돌,직진우회전진행방해,건조,맑음,교차로 - 교차로안,화물,남,40세,상해없음,이륜,남,34세,경상
2013101900100355,2013년 10월 19일 15시,토요일,경상북도 포항시 남구 연일읍,경상사고,0,0,1,0,차대차 - 측면직각충돌,안전운전불이행,건조,맑음,교차로 - 교차로안,승용,여,44세,경상,승용,남,31세,상해없음
2013101900100388,2013년 10월 19일 16시,토요일,경상북도 경산시 중방동,경상사고,0,0,1,0,차대차 - 기타,안전운전불이행,건조,맑음,단일로 - 횡단보도부근,승합,남,46세,상해없음,자전거,여,27세,경상
2013101900100389,2013년 10월 19일 16시,토요일,경상북도 경산시 진량읍,중상사고,0,1,0,0,차대차 - 기타,중앙선침범,건조,맑음,단일로 - 기타,승용,남,69세,상해없음,승용,남,58세,중상
2013101900100390,2013년 10월 19일 16시,토요일,경상북도 구미시 비산동,중상사고,0,3,0,0,차대차 - 기타,안전운전불이행,건조,맑음,교차로 - 교차로부근,승용,남,56세,상해없음,승용,남,52세,중상
2013101900100421,2013년 10월 19일 17시,토요일,경상북도 경산시 사동,경상사고,0,0,1,0,차대사람 - 기타,안전운전불이행,건조,맑음,교차로 - 교차로부근,기타불명,기타불명,기타불명,기타불명,보행자,여,4세,경상
2013101900100422,2013년 10월 19일 17시,토요일,경상북도 고령군 성산면,경상사고,0,0,1,0,차대차 - 추돌 - 진행중,기타,건조,기타,교차로 - 교차로안,승용,남,57세,상해없음,이륜,남,73세,경상
2013101900100423,2013년 10월 19일 17시,토요일,경상북도 구미시 구평동,경상사고,0,0,1,0,차대차 - 기타,안전운전불이행,건조,맑음,교차로 - 교차로부근,자전거,남,9세,경상,승용,남,31세,상해없음
2013101900100424,2013년 10월 19일 17시,토요일,경상북도 상주시 낙동면,중상사고,0,2,0,0,차대차 - 추돌 - 진행중,안전거리미확보,건조,맑음,단일로 - 터널,승용,남,36세,상해없음,승용,남,33세,중상
2013101900100468,2013년 10월 19일 18시,토요일,경상북도 경주시 안강읍,경상사고,0,0,1,0,차대차 - 추돌 - 주정차중,안전운전불이행,건조,맑음,단일로 - 기타,승용,여,38세,경상,승용,여,31세,기타불명
2013101900100469,2013년 10월 19일 18시,토요일,경상북도 경주시 탑동,경상사고,0,0,1,0,차대차 - 기타,안전운전불이행,건조,맑음,단일로 - 기타,승용,남,31세,상해없음,농기계,남,73세,경상
2013101900100470,2013년 10월 19일 18시,토요일,경상북도 상주시 남장동,중상사고,0,1,0,0,차대차 - 기타,안전운전불이행,건조,맑음,단일로 - 기타,승용,여,51세,상해없음,자전거,남,48세,중상
2013101900100471,2013년 10월 19일 18시,토요일,경상북도 영주시 풍기읍,경상사고,0,0,1,0,차대차 - 측면직각충돌,교차로운행방법위반,건조,맑음,교차로 - 교차로안,화물,남,67세,상해없음,원동기,남,63세,경상
2013101900100472,2013년 10월 19일 18시,토요일,경상북도 경산시 대동,경상사고,0,0,2,0,차대차 - 기타,직진우회전진행방해,건조,기타,교차로 - 교차로안,승용,여,25세,경상,승용,남,26세,경상
2013101900100473,2013년 10월 19일 18시,토요일,경상북도 성주군 성주읍,경상사고,0,0,1,0,차대차 - 기타,안전운전불이행,건조,맑음,교차로 - 교차로안,승용,남,30세,상해없음,자전거,남,73세,경상
2013101900100474,2013년 10월 19일 18시,토요일,경상북도 구미시 산동면,중상사고,0,1,0,0,차대차 - 추돌 - 진행중,안전운전불이행,건조,맑음,단일로 - 기타,승용,남,51세,상해없음,농기계,남,54세,중상
2013101900100513,2013년 10월 19일 19시,토요일,경상북도 안동시 서후면,중상사고,0,1,0,1,차대차 - 기타,직진우회전진행방해,건조,맑음,교차로 - 교차로안,승용,남,51세,부상신고,승용,여,40세,중상
2013101900100514,2013년 10월 19일 19시,토요일,경상북도 구미시 해평면,경상사고,0,0,1,0,차대차 - 기타,안전운전불이행,건조,맑음,단일로 - 기타,화물,남,32세,상해없음,승용,남,27세,상해없음
2013101900100552,2013년 10월 19일 20시,토요일,경상북도 김천시 개령면,경상사고,0,0,3,0,차대차 - 측면직각충돌,중앙선침범,건조,맑음,단일로 - 기타,승용,남,77세,상해없음,화물,남,47세,경상
2013101900100553,2013년 10월 19일 20시,토요일,경상북도 성주군 벽진면,경상사고,0,0,2,0,차량단독 - 공작물충돌,안전운전불이행,건조,맑음,단일로 - 기타,승용,남,20세,경상,,,,
2013101900100612,2013년 10월 19일 22시,토요일,경상북도 포항시 북구 용흥동,경상사고,0,0,3,0,차대차 - 추돌 - 진행중,안전거리미확보,건조,맑음,단일로 - 기타,원동기,남,46세,상해없음,승용,여,33세,경상
2013101900100613,2013년 10월 19일 22시,토요일,경상북도 포항시 북구 죽도동,경상사고,0,0,2,0,차대차 - 기타,안전거리미확보,건조,맑음,단일로 - 기타,승용,남,57세,상해없음,승용,남,51세,경상
2013101900100614,2013년 10월 19일 22시,토요일,경상북도 포항시 남구 오천읍,중상사고,0,1,0,0,차대차 - 측면직각충돌,교차로운행방법위반,건조,맑음,교차로 - 교차로안,승용,남,53세,상해없음,원동기,남,45세,중상
2013101900100648,2013년 10월 19일 23시,토요일,경상북도 경주시 안강읍,중상사고,0,1,0,0,차대차 - 기타,안전운전불이행,건조,맑음,단일로 - 기타,승용,여,40세,중상,승용,남,28세,상해없음
2013101900100649,2013년 10월 19일 23시,토요일,경상북도 경주시 외동읍,중상사고,0,1,0,0,차대차 - 기타,안전운전불이행,건조,맑음,단일로 - 기타,화물,남,54세,상해없음,승용,여,31세,중상
2013101900100650,2013년 10월 19일 23시,토요일,경상북도 김천시 평화동,경상사고,0,0,1,0,차대사람 - 기타,안전운전불이행,건조,맑음,단일로 - 기타,승용,남,31세,기타불명,보행자,남,28세,경상
2013101900100651,2013년 10월 19일 23시,토요일,경상북도 구미시 공단동,중상사고,0,1,0,0,차대차 - 추돌 - 주정차중,안전운전불이행,건조,맑음,교차로 - 교차로부근,이륜,남,64세,중상,승용,남,65세,상해없음
2013102000100037,2013년 10월 20일 01시,일요일,경상북도 상주시 낙동면,사망사고,1,0,0,0,차대차 - 기타,안전운전불이행,건조,기타,단일로 - 기타,승용,남,25세,상해없음,승용,남,49세,상해없음
2013102000100038,2013년 10월 20일 01시,일요일,경상북도 경산시 상방동,경상사고,0,0,1,0,차대차 - 기타,안전운전불이행,건조,맑음,교차로 - 교차로부근,승용,남,29세,상해없음,승용,남,28세,경상
2013102000100052,2013년 10월 20일 02시,일요일,경상북도 영양군 영양읍,중상사고,0,1,1,0,차대차 - 기타,안전운전불이행,건조,맑음,교차로 - 교차로부근,승용,남,24세,중상,화물,남,26세,경상
2013102000100106,2013년 10월 20일 06시,일요일,경상북도 영덕군 병곡면,경상사고,0,0,1,0,차대차 - 측면직각충돌,교차로운행방법위반,건조,맑음,교차로 - 교차로안,화물,여,61세,상해없음,승용,남,80세,경상
2013102000100132,2013년 10월 20일 08시,일요일,경상북도 경주시 구황동,경상사고,0,0,6,0,차대차 - 추돌 - 주정차중,안전운전불이행,건조,맑음,기타 - 기타,화물,남,41세,상해없음,승용,남,43세,경상
2013102000100133,2013년 10월 20일 08시,일요일,경상북도 안동시 와룡면,중상사고,0,3,1,0,차대차 - 정면충돌,중앙선침범,건조,맑음,단일로 - 기타,승용,여,40세,경상,승용,남,53세,중상
2013102000100153,2013년 10월 20일 09시,일요일,경상북도 상주시 인봉동,중상사고,0,1,0,0,차대차 - 기타,교차로운행방법위반,건조,맑음,교차로 - 교차로안,승용,여,27세,상해없음,이륜,남,56세,중상
2013102000100154,2013년 10월 20일 09시,일요일,경상북도 청도군 청도읍,중상사고,0,1,0,0,차대사람 - 기타,기타,건조,맑음,단일로 - 횡단보도부근,화물,남,44세,상해없음,보행자,남,65세,중상
2013102000100176,2013년 10월 20일 10시,일요일,경상북도 경주시 석장동,경상사고,0,0,1,0,차대차 - 추돌 - 진행중,안전운전불이행,건조,맑음,단일로 - 기타,승합,남,49세,상해없음,승용,남,53세,경상
2013102000100177,2013년 10월 20일 10시,일요일,경상북도 안동시 길안면,중상사고,0,3,0,0,차량단독 - 공작물충돌,안전운전불이행,건조,맑음,단일로 - 기타,승용,남,78세,중상,,,,
2013102000100178,2013년 10월 20일 10시,일요일,경상북도 구미시 도량동,경상사고,0,0,1,0,차대차 - 기타,안전운전불이행,건조,맑음,단일로 - 기타,건설기계,남,46세,상해없음,승용,남,25세,경상
2013102000100199,2013년 10월 20일 11시,일요일,경상북도 김천시 삼락동,경상사고,0,0,1,0,차대차 - 측면직각충돌,교차로운행방법위반,건조,맑음,교차로 - 교차로안,승용,여,60세,상해없음,자전거,남,89세,경상
2013102000100200,2013년 10월 20일 11시,일요일,경상북도 군위군 군위읍,경상사고,0,0,1,0,차대차 - 측면직각충돌,안전거리미확보,건조,맑음,단일로 - 기타,화물,남,48세,상해없음,승용,여,52세,경상
2013102000100224,2013년 10월 20일 12시,일요일,경상북도 성주군 대가면,중상사고,0,1,0,0,차대차 - 측면직각충돌,기타,건조,맑음,교차로 - 교차로안,화물,남,62세,상해없음,이륜,남,71세,중상
2013102000100225,2013년 10월 20일 12시,일요일,경상북도 포항시 남구 상도동,경상사고,0,0,1,0,차대차 - 측면직각충돌,안전운전불이행,건조,맑음,단일로 - 기타,승용,여,53세,상해없음,승용,남,74세,경상
2013102000100258,2013년 10월 20일 13시,일요일,경상북도 상주시 모동면,중상사고,0,1,0,0,차대차 - 기타,교차로운행방법위반,건조,맑음,교차로 - 교차로안,이륜,남,56세,중상,화물,남,20세,상해없음
2013102000100281,2013년 10월 20일 14시,일요일,경상북도 영양군 영양읍,중상사고,0,1,0,0,차대차 - 추돌 - 진행중,안전운전불이행,건조,맑음,단일로 - 기타,화물,남,55세,상해없음,원동기,남,70세,중상
2013102000100308,2013년 10월 20일 15시,일요일,경상북도 상주시 사벌면,경상사고,0,0,2,0,차대차 - 기타,안전운전불이행,건조,맑음,단일로 - 기타,화물,남,64세,상해없음,화물,남,64세,경상
2013102000100309,2013년 10월 20일 15시,일요일,경상북도 영천시 오수동,경상사고,0,0,1,1,차대차 - 기타,안전운전불이행,건조,맑음,교차로 - 교차로부근,이륜,남,48세,부상신고,승용,남,41세,상해없음
2013102000100310,2013년 10월 20일 15시,일요일,경상북도 청송군 현서면,중상사고,0,2,0,0,차대차 - 기타,교차로운행방법위반,건조,맑음,교차로 - 교차로안,승용,남,48세,상해없음,승용,남,67세,중상
2013102000100356,2013년 10월 20일 16시,일요일,경상북도 안동시 풍산읍,경상사고,0,0,1,0,차대차 - 정면충돌,중앙선침범,건조,맑음,교차로 - 교차로부근,승용,여,57세,상해없음,화물,남,50세,경상