사고번호,사고일시,요일,시군구,사고내용,사망자수,중상자수,경상자수,부상신고자수,사고유형,법규위반,노면상태,기상상태,도로형태,가해운전자 차종,가해운전자 성별,가해운전자 연령,가해운전자 상해정도,피해운전자 차종,피해운전자 성별,피해운전자 연령,피해운전자 상해정도
2013102000100357,2013년 10월 20일 16시,일요일,경상북도 상주시 낙동면,중상사고,0,1,1,0,차대차 - 기타,중앙선침범,건조,맑음,단일로 - 기타,승용,남,60세,상해없음,승용,여,47세,중상
2013102000100441,2013년 10월 20일 18시,일요일,경상북도 포항시 북구 죽도동,경상사고,0,0,1,0,차대사람 - 기타,안전운전불이행,건조,맑음,단일로 - 기타,기타불명,기타불명,기타불명,기타불명,보행자,여,16세,경상
2013102000100442,2013년 10월 20일 18시,일요일,경상북도 상주시 청리면,중상사고,0,1,0,0,차대차 - 기타,안전운전불이행,건조,맑음,단일로 - 기타,승용,여,41세,상해없음,자전거,여,72세,중상
2013102000100443,2013년 10월 20일 18시,일요일,경상북도 칠곡군 석적읍,부상신고사고,0,0,0,1,차대차 - 기타,안전운전불이행,건조,맑음,교차로 - 교차로안,이륜,남,16세,부상신고,승용,남,34세,상해없음
2013102000100444,2013년 10월 20일 18시,일요일,경상북도 경산시 대동,경상사고,0,0,1,0,차대차 - 기타,기타,건조,맑음,단일로 - 기타,승용,여,45세,상해없음,이륜,남,35세,경상
2013102000100445,2013년 10월 20일 18시,일요일,경상북도 구미시 구평동,경상사고,0,0,1,0,차대차 - 기타,안전운전불이행,건조,맑음,교차로 - 교차로부근,승합,남,50세,상해없음,승용,남,30세,경상
2013102000100479,2013년 10월 20일 19시,일요일,경상북도 칠곡군 석적읍,경상사고,0,0,1,0,차대차 - 기타,안전운전불이행,건조,맑음,교차로 - 교차로안,기타불명,기타불명,기타불명,기타불명,승용,남,41세,경상
2013102000100480,2013년 10월 20일 19시,일요일,경상북도 구미시 신평동,경상사고,0,0,1,0,차대차 - 기타,교차로운행방법위반,건조,맑음,교차로 - 교차로안,화물,남,48세,상해없음,승용,남,40세,경상
2013102000100514,2013년 10월 20일 20시,일요일,경상북도 봉화군 봉화읍,중상사고,0,1,0,0,차대사람 - 기타,안전운전불이행,건조,맑음,단일로 - 기타,화물,남,47세,상해없음,보행자,남,57세,중상
2013102000100515,2013년 10월 20일 20시,일요일,경상북도 청도군 청도읍,중상사고,0,1,0,0,차대차 - 추돌 - 주정차중,안전운전불이행,건조,맑음,단일로 - 기타,승용,남,57세,상해없음,승용,여,53세,중상
2013102000100533,2013년 10월 20일 21시,일요일,경상북도 구미시 원평동,경상사고,0,0,2,0,차대차 - 기타,안전운전불이행,건조,맑음,교차로 - 교차로안,기타불명,기타불명,1세,기타불명,승용,남,33세,경상
2013102000100534,2013년 10월 20일 21시,일요일,경상북도 포항시 남구 오천읍,사망사고,1,2,1,0,차대사람 - 기타,중앙선침범,건조,맑음,단일로 - 기타,승용,여,44세,중상,보행자,여,61세,사망
2013102000100553,2013년 10월 20일 22시,일요일,경상북도 구미시 도량동,경상사고,0,0,1,0,차대사람 - 횡단중,안전운전불이행,건조,맑음,단일로 - 기타,승용,여,29세,상해없음,보행자,남,50세,경상
2013102000100564,2013년 10월 20일 23시,일요일,경상북도 경주시 성건동,중상사고,0,1,0,0,차대차 - 기타,안전운전불이행,건조,맑음,단일로 - 기타,승용,남,22세,상해없음,자전거,남,36세,중상
2013102000100565,2013년 10월 20일 23시,일요일,경상북도 포항시 남구 대도동,중상사고,0,1,1,0,차대차 - 추돌 - 주정차중,안전운전불이행,건조,맑음,교차로 - 교차로부근,승용,남,60세,상해없음,승용,남,44세,중상
2013102100100012,2013년 10월 21일 00시,월요일,경상북도 경주시 천북면,경상사고,0,0,1,0,차대차 - 기타,안전운전불이행,건조,맑음,교차로 - 교차로부근,승용,여,39세,상해없음,승용,여,50세,경상
2013102100100030,2013년 10월 21일 02시,월요일,경상북도 안동시 옥동,중상사고,0,1,0,0,차대사람 - 기타,안전운전불이행,건조,맑음,교차로 - 교차로부근,승용,남,25세,상해없음,보행자,남,74세,중상
2013102100100031,2013년 10월 21일 02시,월요일,경상북도 구미시 고아읍,경상사고,0,0,1,0,차량단독 - 기타,안전운전불이행,건조,맑음,단일로 - 기타,원동기,남,49세,경상,,,,
2013102100100050,2013년 10월 21일 05시,월요일,경상북도 안동시 옥동,부상신고사고,0,0,0,1,차대차 - 기타,안전운전불이행,건조,맑음,교차로 - 교차로부근,기타불명,기타불명,기타불명,기타불명,자전거,남,65세,부상신고
2013102100100067,2013년 10월 21일 06시,월요일,경상북도 경주시 성동동,경상사고,0,0,1,0,차대사람 - 차도통행중,안전운전불이행,습기,안개,교차로 - 교차로부근,화물,남,57세,상해없음,보행자,남,49세,경상
2013102100100068,2013년 10월 21일 06시,월요일,경상북도 경주시 용강동,경상사고,0,0,1,0,차대차 - 기타,안전운전불이행,건조,맑음,교차로 - 교차로부근,승용,남,47세,경상,화물,남,40세,상해없음
2013102100100070,2013년 10월 21일 06시,월요일,경상북도 문경시 점촌동,경상사고,0,0,1,0,차대사람 - 횡단중,안전운전불이행,건조,맑음,단일로 - 기타,승용,여,37세,상해없음,보행자,남,55세,경상
2013102100100071,2013년 10월 21일 06시,월요일,경상북도 구미시 산동면,중상사고,0,1,0,0,차대차 - 기타,안전운전불이행,건조,맑음,단일로 - 기타,기타불명,기타불명,기타불명,기타불명,승합,남,45세,상해없음
2013102100100096,2013년 10월 21일 07시,월요일,경상북도 경주시 외동읍,경상사고,0,0,1,0,차대차 - 기타,중앙선침범,건조,맑음,단일로 - 기타,승용,남,31세,상해없음,화물,남,54세,경상
2013102100100097,2013년 10월 21일 07시,월요일,경상북도 영주시 영주동,중상사고,0,1,0,0,차대사람 - 횡단중,안전운전불이행,건조,맑음,교차로 - 교차로부근,승용,남,75세,상해없음,보행자,남,65세,중상
2013102100100098,2013년 10월 21일 07시,월요일,경상북도 포항시 남구 인덕동,경상사고,0,0,1,0,차대사람 - 기타,안전운전불이행,건조,맑음,단일로 - 기타,원동기,남,54세,상해없음,보행자,남,44세,경상
2013102100100127,2013년 10월 21일 08시,월요일,경상북도 포항시 남구 대도동,경상사고,0,0,1,0,차대사람 - 기타,보행자보호의무위반,건조,맑음,교차로 - 교차로부근,승용,여,57세,상해없음,보행자,여,16세,경상
2013102100100160,2013년 10월 21일 09시,월요일,경상북도 경주시 성동동,중상사고,0,1,0,0,차대차 - 기타,안전운전불이행,건조,맑음,교차로 - 교차로안,승용,여,65세,상해없음,자전거,여,70세,중상
2013102100100161,2013년 10월 21일 09시,월요일,경상북도 김천시 지좌동,경상사고,0,0,1,0,차대차 - 기타,안전운전불이행,건조,맑음,단일로 - 기타,화물,남,23세,상해없음,승용,여,41세,경상
2013102100100162,2013년 10월 21일 09시,월요일,경상북도 영주시 상망동,경상사고,0,0,1,0,차대차 - 측면직각충돌,안전운전불이행,건조,맑음,단일로 - 기타,승용,남,79세,경상,건설기계,남,56세,상해없음
2013102100100163,2013년 10월 21일 09시,월요일,경상북도 영주시 휴천동,중상사고,0,1,0,0,차대차 - 측면직각충돌,교차로운행방법위반,건조,맑음,교차로 - 교차로안,승용,여,46세,상해없음,이륜,남,44세,중상
2013102100100194,2013년 10월 21일 10시,월요일,경상북도 포항시 남구 대도동,중상사고,0,1,0,0,차대차 - 측면직각충돌,안전운전불이행,건조,맑음,단일로 - 횡단보도상,자전거,남,67세,중상,승용,남,44세,상해없음
2013102100100218,2013년 10월 21일 11시,월요일,경상북도 경주시 배반동,경상사고,0,0,1,0,차대차 - 기타,안전운전불이행,건조,맑음,교차로 - 교차로부근,승용,남,73세,상해없음,화물,남,52세,경상
2013102100100219,2013년 10월 21일 11시,월요일,경상북도 안동시 삼산동,중상사고,0,1,0,0,차대사람 - 기타,안전운전불이행,건조,맑음,교차로 - 교차로안,승용,남,48세,상해없음,보행자,남,79세,중상
2013102100100220,2013년 10월 21일 11시,월요일,경상북도 안동시 와룡면,중상사고,0,1,0,0,차량단독 - 기타,기타,건조,맑음,단일로 - 기타,승합,남,56세,상해없음,,,,
2013102100100221,2013년 10월 21일 11시,월요일,경상북도 청송군 부동면,중상사고,0,2,0,0,차량단독 - 공작물충돌,안전운전불이행,건조,맑음,단일로 - 기타,승용,여,58세,상해없음,,,,
2013102100100256,2013년 10월 21일 12시,월요일,경상북도 영주시 가흥동,경상사고,0,0,1,0,차대사람 - 차도통행중,안전운전불이행,건조,맑음,교차로 - 교차로부근,승용,여,51세,상해없음,보행자,남,67세,경상
2013102100100257,2013년 10월 21일 12시,월요일,경상북도 칠곡군 동명면,중상사고,0,2,0,1,차량단독 - 기타,안전운전불이행,건조,맑음,단일로 - 기타,승용,여,66세,부상신고,,,,
2013102100100258,2013년 10월 21일 12시,월요일,경상북도 구미시 신평동,경상사고,0,0,1,0,차대차 - 측면직각충돌,교차로운행방법위반,건조,맑음,교차로 - 교차로안,승합,남,63세,상해없음,승용,여,34세,경상
2013102100100282,2013년 10월 21일 13시,월요일,경상북도 경주시 덕동,중상사고,0,1,0,0,차대차 - 기타,중앙선침범,건조,맑음,단일로 - 기타,화물,남,57세,상해없음,승용,남,58세,중상
2013102100100283,2013년 10월 21일 13시,월요일,경상북도 김천시 아포읍,중상사고,0,1,0,0,차대차 - 측면직각충돌,신호위반,건조,맑음,교차로 - 교차로안,이륜,남,77세,중상,승용,여,43세,상해없음
2013102100100284,2013년 10월 21일 13시,월요일,경상북도 상주시 내서면,중상사고,0,1,0,0,차량단독 - 전도전복,안전운전불이행,건조,맑음,단일로 - 기타,화물,남,69세,상해없음,,,,
2013102100100285,2013년 10월 21일 13시,월요일,경상북도 영주시 아지동,경상사고,0,0,1,0,차대차 - 기타,중앙선침범,건조,맑음,단일로 - 기타,승용,여,58세,상해없음,승용,남,51세,경상
2013102100100286,2013년 10월 21일 13시,월요일,경상북도 문경시 공평동,경상사고,0,0,1,0,차량단독 - 공작물충돌,안전운전불이행,건조,맑음,기타 - 기타,이륜,남,56세,경상,,,,
2013102100100320,2013년 10월 21일 14시,월요일,경상북도 경산시 옥산동,중상사고,0,1,0,0,차대사람 - 기타,보행자보호의무위반,건조,맑음,단일로 - 횡단보도상,화물,남,20세,상해없음,보행자,남,8세,중상
2013102100100353,2013년 10월 21일 15시,월요일,경상북도 김천시 대항면,경상사고,0,0,1,0,차대사람 - 기타,안전운전불이행,건조,맑음,단일로 - 기타,승용,여,52세,상해없음,보행자,남,52세,경상
2013102100100354,2013년 10월 21일 15시,월요일,경상북도 문경시 불정동,중상사고,0,1,0,0,차량단독 - 공작물충돌,안전운전불이행,건조,맑음,단일로 - 기타,원동기,남,54세,중상,,,,
2013102100100355,2013년 10월 21일 15시,월요일,경상북도 성주군 선남면,경상사고,0,0,1,0,차대차 - 측면직각충돌,안전거리미확보,건조,맑음,단일로 - 기타,화물,남,57세,상해없음,승용,남,24세,경상
2013102100100395,2013년 10월 21일 16시,월요일,경상북도 경주시 신평동,경상사고,0,0,1,0,차대차 - 기타,안전운전불이행,건조,맑음,기타 - 기타,승용,남,20세,상해없음,승용,남,34세,상해없음
2013102100100396,2013년 10월 21일 16시,월요일,경상북도 포항시 북구 창포동,부상신고사고,0,0,0,1,차대사람 - 횡단중,안전운전불이행,건조,맑음,단일로 - 기타,승용,여,52세,상해없음,보행자,여,65세,부상신고
2013102100100428,2013년 10월 21일 17시,월요일,경상북도 구미시 지산동,중상사고,0,3,0,0,차대차 - 추돌 - 주정차중,안전운전불이행,건조,맑음,교차로 - 교차로부근,승용,여,43세,상해없음,화물,남,46세,중상
2013102100100429,2013년 10월 21일 17시,월요일,경상북도 포항시 남구 해도동,경상사고,0,0,1,0,차대차 - 측면직각충돌,안전운전불이행,건조,맑음,교차로 - 교차로부근,원동기,남,32세,경상,승용,남,55세,상해없음
2013102100100491,2013년 10월 21일 18시,월요일,경상북도 김천시 구성면,경상사고,0,0,2,0,차대차 - 측면직각충돌,중앙선침범,건조,맑음,단일로 - 기타,승용,남,52세,경상,화물,남,53세,경상
2013102100100492,2013년 10월 21일 18시,월요일,경상북도 영주시 가흥동,경상사고,0,0,1,0,차대차 - 기타,안전운전불이행,건조,맑음,교차로 - 교차로안,승용,여,30세,상해없음,원동기,남,34세,경상
2013102100100493,2013년 10월 21일 18시,월요일,경상북도 영천시 금호읍,중상사고,0,1,0,0,차대차 - 기타,안전운전불이행,건조,맑음,교차로 - 교차로부근,원동기,남,63세,중상,승합,남,61세,상해없음
2013102100100494,2013년 10월 21일 18시,월요일,경상북도 포항시 남구 연일읍,중상사고,0,1,0,0,차대차 - 측면직각충돌,안전거리미확보,건조,맑음,단일로 - 기타,승용,남,44세,상해없음,농기계,남,72세,중상
2013102100100541,2013년 10월 21일 19시,월요일,경상북도 경주시 황성동,경상사고,0,0,1,1,차대차 - 추돌 - 진행중,안전운전불이행,건조,맑음,단일로 - 기타,원동기,남,17세,부상신고,승용,여,36세,경상
2013102100100542,2013년 10월 21일 19시,월요일,경상북도 상주시 공성면,중상사고,0,1,0,0,차대차 - 기타,안전운전불이행,건조,기타,단일로 - 기타,원동기,남,71세,중상,승용,남,35세,상해없음
2013102100100543,2013년 10월 21일 19시,월요일,경상북도 칠곡군 왜관읍,중상사고,0,1,0,0,차대차 - 기타,중앙선침범,건조,맑음,기타 - 기타,승용,남,48세,상해없음,승용,여,33세,중상
2013102100100544,2013년 10월 21일 19시,월요일,경상북도 문경시 흥덕동,경상사고,0,0,1,0,차대차 - 측면직각충돌,교차로운행방법위반,건조,맑음,교차로 - 교차로안,승용,여,56세,상해없음,승용,남,60세,상해없음
2013102100100580,2013년 10월 21일 20시,월요일,경상북도 경산시 정평동,경상사고,0,0,1,0,차대차 - 기타,안전운전불이행,건조,맑음,단일로 - 기타,자전거,남,17세,경상,승용,남,28세,상해없음
2013102100100581,2013년 10월 21일 20시,월요일,경상북도 포항시 남구 오천읍,경상사고,0,0,1,0,차대사람 - 기타,교차로운행방법위반,건조,맑음,교차로 - 교차로안,승용,여,51세,상해없음,보행자,여,58세,경상
2013102100100611,2013년 10월 21일 21시,월요일,경상북도 경주시 성건동,경상사고,0,0,1,0,차대차 - 기타,안전운전불이행,건조,맑음,단일로 - 기타,승용,여,57세,상해없음,이륜,남,17세,경상
2013102100100612,2013년 10월 21일 21시,월요일,경상북도 김천시 부곡동,경상사고,0,0,1,0,차대차 - 측면직각충돌,안전운전불이행,건조,맑음,단일로 - 기타,승합,남,49세,상해없음,이륜,남,39세,경상
2013102100100613,2013년 10월 21일 21시,월요일,경상북도 경산시 대평동,중상사고,0,1,1,0,차대차 - 기타,안전운전불이행,건조,맑음,교차로 - 교차로부근,승용,남,57세,상해없음,승용,여,28세,중상
2013102100100635,2013년 10월 21일 22시,월요일,경상북도 영천시 문외동,경상사고,0,0,1,0,차대사람 - 횡단중,안전운전불이행,건조,맑음,단일로 - 기타,승용,여,31세,상해없음,보행자,여,33세,경상
2013102100100658,2013년 10월 21일 23시,월요일,경상북도 경주시 안강읍,중상사고,0,1,0,0,차대사람 - 기타,안전운전불이행,건조,맑음,단일로 - 기타,화물,남,56세,상해없음,보행자,남,47세,중상
2013102100100659,2013년 10월 21일 23시,월요일,경상북도 포항시 북구 창포동,경상사고,0,0,1,0,차대차 - 기타,교차로운행방법위반,건조,흐림,교차로 - 교차로부근,승용,남,45세,상해없음,원동기,남,50세,경상
2013102100100660,2013년 10월 21일 23시,월요일,경상북도 영주시 가흥동,경상사고,0,0,1,0,차대차 - 측면직각충돌,차로위반,건조,맑음,단일로 - 기타,승용,남,32세,상해없음,원동기,남,18세,경상
2013102100100661,2013년 10월 21일 23시,월요일,경상북도 포항시 남구 괴동동,경상사고,0,0,3,0,차대차 - 측면직각충돌,교차로운행방법위반,건조,맑음,교차로 - 교차로안,승용,남,31세,경상,화물,남,33세,경상
2013102200100010,2013년 10월 22일 00시,화요일,경상북도 영천시 임고면,경상사고,0,0,1,0,차대차 - 측면직각충돌,직진우회전진행방해,건조,맑음,교차로 - 교차로안,승용,남,23세,상해없음,승용,여,26세,경상
2013102200100044,2013년 10월 22일 03시,화요일,경상북도 포항시 남구 동촌동,경상사고,0,0,1,0,차대차 - 측면직각충돌,안전운전불이행,건조,흐림,단일로 - 기타,기타불명,기타불명,기타불명,기타불명,승용,남,53세,경상
2013102200100071,2013년 10월 22일 06시,화요일,경상북도 김천시 모암동,중상사고,0,1,0,0,차대사람 - 기타,안전운전불이행,건조,맑음,단일로 - 기타,승용,남,47세,상해없음,보행자,남,50세,중상
2013102200100088,2013년 10월 22일 07시,화요일,경상북도 상주시 신봉동,경상사고,0,0,1,0,차대차 - 기타,안전운전불이행,건조,기타,교차로 - 교차로부근,승용,남,31세,상해없음,화물,남,74세,경상
2013102200100089,2013년 10월 22일 07시,화요일,경상북도 칠곡군 약목면,중상사고,0,1,0,0,차대차 - 기타,신호위반,건조,맑음,교차로 - 교차로안,승합,남,57세,상해없음,승용,남,35세,중상
2013102200100090,2013년 10월 22일 07시,화요일,경상북도 구미시 비산동,중상사고,0,1,0,0,차대차 - 추돌 - 진행중,안전운전불이행,건조,맑음,단일로 - 횡단보도상,화물,남,45세,상해없음,자전거,여,24세,중상
2013102200100120,2013년 10월 22일 08시,화요일,경상북도 안동시 옥야동,경상사고,0,0,1,0,차대차 - 측면직각충돌,안전운전불이행,건조,맑음,교차로 - 교차로부근,승용,남,56세,상해없음,자전거,남,13세,경상
2013102200100121,2013년 10월 22일 08시,화요일,경상북도 김천시 모암동,경상사고,0,0,1,0,차대차 - 측면직각충돌,안전운전불이행,건조,맑음,단일로 - 기타,화물,남,70세,상해없음,승용,여,51세,경상
2013102200100122,2013년 10월 22일 08시,화요일,경상북도 김천시 개령면,중상사고,0,2,0,0,차대차 - 기타,안전운전불이행,건조,맑음,단일로 - 기타,화물,남,64세,상해없음,화물,남,41세,상해없음
2013102200100123,2013년 10월 22일 08시,화요일,경상북도 칠곡군 왜관읍,부상신고사고,0,0,0,1,차대차 - 기타,교차로운행방법위반,건조,맑음,교차로 - 교차로안,승용,남,43세,상해없음,원동기,남,25세,부상신고
2013102200100124,2013년 10월 22일 08시,화요일,경상북도 구미시 고아읍,중상사고,0,1,0,0,차대차 - 기타,교차로운행방법위반,건조,맑음,교차로 - 교차로안,특수,남,66세,상해없음,자전거,남,52세,중상
2013102200100125,2013년 10월 22일 08시,화요일,경상북도 구미시 선산읍,중상사고,0,1,0,0,차대차 - 측면직각충돌,신호위반,건조,맑음,교차로 - 교차로안,화물,남,54세,상해없음,화물,남,67세,중상
2013102200100126,2013년 10월 22일 08시,화요일,경상북도 구미시 황상동,경상사고,0,0,2,0,차대차 - 기타,안전거리미확보,건조,맑음,교차로 - 교차로부근,승용,남,55세,상해없음,승용,여,42세,경상
2013102200100127,2013년 10월 22일 08시,화요일,경상북도 포항시 남구 장흥동,경상사고,0,0,1,0,차대차 - 추돌 - 주정차중,안전운전불이행,건조,맑음,단일로 - 기타,승용,남,52세,기타불명,승용,여,33세,경상
2013102200100128,2013년 10월 22일 08시,화요일,경상북도 포항시 남구 호미곶면,경상사고,0,0,1,0,차량단독 - 공작물충돌,안전운전불이행,건조,맑음,단일로 - 기타,승용,남,50세,상해없음,,,,
2013102200100129,2013년 10월 22일 08시,화요일,경상북도 포항시 남구 이동,경상사고,0,0,4,0,차대차 - 측면직각충돌,안전운전불이행,건조,맑음,교차로 - 교차로안,승용,여,41세,경상,승합,여,44세,경상
2013102200100163,2013년 10월 22일 09시,화요일,경상북도 영천시 조교동,중상사고,0,1,0,0,차대사람 - 횡단중,안전운전불이행,건조,맑음,단일로 - 기타,승용,남,42세,상해없음,보행자,남,69세,중상
2013102200100164,2013년 10월 22일 09시,화요일,경상북도 문경시 점촌동,사망사고,1,0,0,0,차대차 - 기타,안전운전불이행,건조,맑음,단일로 - 횡단보도부근,승용,여,66세,상해없음,자전거,남,78세,사망
2013102200100197,2013년 10월 22일 10시,화요일,경상북도 포항시 북구 환호동,중상사고,0,1,0,0,차대차 - 기타,안전거리미확보,습기,비,교차로 - 교차로부근,승용,여,54세,상해없음,승용,여,52세,중상
2013102200100198,2013년 10월 22일 10시,화요일,경상북도 포항시 북구 항구동,중상사고,0,1,0,0,차대사람 - 횡단중,안전운전불이행,습기,비,단일로 - 기타,화물,남,63세,상해없음,보행자,여,79세,중상
2013102200100199,2013년 10월 22일 10시,화요일,경상북도 경산시 진량읍,경상사고,0,0,1,0,차대차 - 기타,안전운전불이행,건조,맑음,교차로 - 교차로부근,화물,남,59세,상해없음,화물,남,59세,경상
2013102200100200,2013년 10월 22일 10시,화요일,경상북도 구미시 고아읍,중상사고,0,1,0,0,차대차 - 기타,교차로운행방법위반,건조,맑음,교차로 - 교차로안,승용,남,83세,상해없음,승용,여,36세,중상
2013102200100229,2013년 10월 22일 11시,화요일,경상북도 김천시 용두동,경상사고,0,0,1,0,차대차 - 측면직각충돌,교차로운행방법위반,건조,맑음,교차로 - 교차로안,화물,여,71세,상해없음,승용,남,28세,경상
2013102200100230,2013년 10월 22일 11시,화요일,경상북도 상주시 남성동,중상사고,0,1,0,0,차대사람 - 차도통행중,보행자보호의무위반,건조,맑음,교차로 - 교차로부근,화물,남,57세,상해없음,보행자,여,79세,중상
2013102200100231,2013년 10월 22일 11시,화요일,경상북도 문경시 점촌동,경상사고,0,0,1,0,차대차 - 측면직각충돌,교차로운행방법위반,건조,맑음,교차로 - 교차로안,승용,남,57세,상해없음,원동기,남,80세,경상
2013102200100232,2013년 10월 22일 11시,화요일,경상북도 구미시 사곡동,중상사고,0,1,1,0,차대차 - 기타,안전운전불이행,건조,맑음,교차로 - 교차로부근,화물,남,64세,상해없음,승용,여,25세,중상
2013102200100251,2013년 10월 22일 12시,화요일,경상북도 안동시 태화동,중상사고,0,1,0,0,차대차 - 측면직각충돌,교차로운행방법위반,건조,맑음,교차로 - 교차로안,화물,남,45세,상해없음,이륜,남,51세,중상
2013102200100252,2013년 10월 22일 12시,화요일,경상북도 상주시 무양동,경상사고,0,0,1,0,차대차 - 기타,안전운전불이행,건조,맑음,단일로 - 횡단보도상,승용,남,27세,상해없음,자전거,여,52세,경상
2013102200100253,2013년 10월 22일 12시,화요일,경상북도 영주시 순흥면,중상사고,0,1,1,0,차대차 - 측면직각충돌,교차로운행방법위반,건조,맑음,교차로 - 교차로안,승용,남,43세,상해없음,승용,여,40세,경상
2013102200100254,2013년 10월 22일 12시,화요일,경상북도 영천시 청통면,중상사고,0,1,0,0,차대차 - 정면충돌,중앙선침범,건조,맑음,단일로 - 기타,승용,여,57세,상해없음,이륜,남,74세,중상
2013102200100255,2013년 10월 22일 12시,화요일,경상북도 울진군 온정면,중상사고,0,1,0,0,차량단독 - 공작물충돌,안전운전불이행,건조,흐림,단일로 - 기타,승용,남,70세,상해없음,,,,
2013102200100298,2013년 10월 22일 13시,화요일,경상북도 경주시 양북면,중상사고,0,1,0,0,차량단독 - 전도전복,안전운전불이행,습기,비,단일로 - 기타,건설기계,남,47세,중상,,,,
2013102200100299,2013년 10월 22일 13시,화요일,경상북도 청송군 진보면,중상사고,0,1,0,0,차대사람 - 기타,안전운전불이행,건조,맑음,단일로 - 기타,화물,남,46세,상해없음,보행자,여,79세,중상
2013102200100300,2013년 10월 22일 13시,화요일,경상북도 구미시 구평동,부상신고사고,0,0,0,1,차량단독 - 공작물충돌,안전운전불이행,건조,맑음,단일로 - 기타,화물,남,57세,부상신고,,,,
2013102200100325,2013년 10월 22일 14시,화요일,경상북도 구미시 고아읍,경상사고,0,0,1,0,차대차 - 기타,신호위반,건조,맑음,교차로 - 교차로안,승용,여,55세,상해없음,화물,여,32세,경상
2013102200100348,2013년 10월 22일 15시,화요일,경상북도 포항시 남구 오천읍,중상사고,0,1,0,0,차대차 - 기타,교차로운행방법위반,습기,흐림,교차로 - 교차로안,승용,남,64세,상해없음,원동기,남,62세,중상
2013102200100378,2013년 10월 22일 16시,화요일,경상북도 포항시 북구 죽장면,경상사고,0,0,2,0,차대차 - 기타,안전운전불이행,건조,맑음,교차로 - 교차로부근,화물,남,44세,상해없음,화물,남,71세,경상
2013102200100406,2013년 10월 22일 17시,화요일,경상북도 포항시 북구 장성동,경상사고,0,0,1,0,차대사람 - 기타,보행자보호의무위반,건조,맑음,교차로 - 교차로부근,기타불명,기타불명,기타불명,기타불명,보행자,남,8세,경상
2013102200100407,2013년 10월 22일 17시,화요일,경상북도 포항시 북구 신흥동,경상사고,0,0,2,0,차대차 - 측면직각충돌,안전운전불이행,건조,맑음,교차로 - 교차로안,승용,여,30세,상해없음,승용,여,39세,경상
2013102200100408,2013년 10월 22일 17시,화요일,경상북도 안동시 안막동,중상사고,0,1,0,0,차대사람 - 횡단중,신호위반,건조,맑음,단일로 - 횡단보도상,승용,남,59세,상해없음,보행자,남,9세,중상
2013102200100409,2013년 10월 22일 17시,화요일,경상북도 상주시 남성동,중상사고,0,1,1,0,차대차 - 기타,신호위반,건조,맑음,교차로 - 교차로안,원동기,남,78세,중상,화물,남,49세,상해없음
2013102200100410,2013년 10월 22일 17시,화요일,경상북도 의성군 안계면,경상사고,0,0,1,0,차대차 - 기타,안전운전불이행,건조,맑음,교차로 - 교차로부근,승용,여,31세,상해없음,원동기,남,64세,경상
2013102200100411,2013년 10월 22일 17시,화요일,경상북도 포항시 남구 오천읍,중상사고,0,1,0,0,차대사람 - 기타,안전운전불이행,건조,맑음,단일로 - 기타,승용,남,70세,상해없음,보행자,남,40세,중상
2013102200100454,2013년 10월 22일 18시,화요일,경상북도 경주시 시래동,중상사고,0,1,0,0,차대차 - 기타,안전운전불이행,건조,맑음,단일로 - 기타,화물,남,51세,기타불명,자전거,남,36세,중상
2013102200100455,2013년 10월 22일 18시,화요일,경상북도 포항시 북구 청하면,중상사고,0,1,0,0,차대사람 - 기타,안전운전불이행,건조,맑음,단일로 - 기타,승합,남,63세,상해없음,보행자,남,63세,중상
2013102200100456,2013년 10월 22일 18시,화요일,경상북도 안동시 임하면,중상사고,0,2,0,0,차대차 - 측면직각충돌,직진우회전진행방해,건조,맑음,교차로 - 교차로안,승용,남,58세,상해없음,농기계,남,76세,중상
2013102200100457,2013년 10월 22일 18시,화요일,경상북도 영천시 금호읍,경상사고,0,0,1,0,차대사람 - 길가장자리구역통행중,안전운전불이행,건조,맑음,단일로 - 기타,승용,기타불명,기타불명,기타불명,보행자,여,74세,경상
2013102200100458,2013년 10월 22일 18시,화요일,경상북도 경산시 자인면,경상사고,0,0,2,0,차대차 - 기타,안전운전불이행,건조,맑음,교차로 - 교차로안,화물,남,41세,기타불명,승용,여,54세,경상
2013102200100459,2013년 10월 22일 18시,화요일,경상북도 예천군 상리면,경상사고,0,0,1,0,차대차 - 추돌 - 진행중,안전운전불이행,건조,맑음,교차로 - 교차로안,승용,남,29세,상해없음,승합,남,62세,상해없음
2013102200100460,2013년 10월 22일 18시,화요일,경상북도 성주군 벽진면,경상사고,0,0,2,0,차대차 - 측면직각충돌,안전운전불이행,건조,맑음,교차로 - 교차로안,화물,남,40세,상해없음,승용,남,70세,경상
2013102200100511,2013년 10월 22일 19시,화요일,경상북도 안동시 금곡동,중상사고,0,1,0,0,차대차 - 측면직각충돌,신호위반,건조,맑음,교차로 - 교차로안,승용,남,49세,상해없음,이륜,남,16세,중상