사고번호,사고일시,요일,시군구,사고내용,사망자수,중상자수,경상자수,부상신고자수,사고유형,법규위반,노면상태,기상상태,도로형태,가해운전자 차종,가해운전자 성별,가해운전자 연령,가해운전자 상해정도,피해운전자 차종,피해운전자 성별,피해운전자 연령,피해운전자 상해정도
2013102500100318,2013년 10월 25일 13시,금요일,경상북도 포항시 남구 이동,경상사고,0,0,1,0,차대차 - 추돌 - 주정차중,안전운전불이행,건조,맑음,교차로 - 교차로부근,화물,남,54세,상해없음,승용,남,29세,경상
2013102500100353,2013년 10월 25일 14시,금요일,경상북도 포항시 북구 흥해읍,중상사고,0,2,5,0,차대차 - 추돌 - 주정차중,안전거리미확보,건조,맑음,단일로 - 기타,승용,남,60세,상해없음,승용,남,53세,중상
2013102500100354,2013년 10월 25일 14시,금요일,경상북도 포항시 북구 우현동,중상사고,0,1,0,0,차대사람 - 횡단중,안전운전불이행,건조,맑음,기타 - 기타,승용,여,44세,상해없음,보행자,남,12세,중상
2013102500100355,2013년 10월 25일 14시,금요일,경상북도 포항시 남구 대도동,경상사고,0,0,2,0,차대차 - 측면직각충돌,안전운전불이행,건조,맑음,교차로 - 교차로안,승용,남,59세,상해없음,승용,남,46세,경상
2013102500100356,2013년 10월 25일 14시,금요일,경상북도 포항시 남구 송도동,경상사고,0,0,1,0,차대차 - 기타,교차로운행방법위반,건조,맑음,교차로 - 교차로안,승용,여,43세,상해없음,자전거,남,67세,경상
2013102500100392,2013년 10월 25일 15시,금요일,경상북도 경산시 진량읍,경상사고,0,0,1,0,차대차 - 기타,안전운전불이행,건조,맑음,단일로 - 기타,화물,남,44세,상해없음,승용,남,30세,경상
2013102500100434,2013년 10월 25일 16시,금요일,경상북도 영주시 휴천동,중상사고,0,1,0,0,차대사람 - 기타,안전운전불이행,건조,맑음,교차로 - 교차로부근,자전거,남,13세,상해없음,보행자,여,80세,중상
2013102500100435,2013년 10월 25일 16시,금요일,경상북도 울진군 후포면,중상사고,0,1,1,0,차대차 - 기타,안전운전불이행,건조,맑음,교차로 - 교차로안,승용,남,66세,중상,승용,여,52세,경상
2013102500100436,2013년 10월 25일 16시,금요일,경상북도 구미시 봉곡동,경상사고,0,0,1,0,차대차 - 기타,신호위반,건조,맑음,교차로 - 교차로안,승용,남,67세,상해없음,승용,여,23세,경상
2013102500100437,2013년 10월 25일 16시,금요일,경상북도 구미시 원평동,경상사고,0,0,2,0,차대차 - 기타,안전운전불이행,건조,맑음,단일로 - 기타,화물,남,45세,상해없음,승용,여,49세,경상
2013102500100438,2013년 10월 25일 16시,금요일,경상북도 포항시 남구 송도동,중상사고,0,1,0,0,차대차 - 측면직각충돌,직진우회전진행방해,건조,맑음,교차로 - 교차로안,승용,여,54세,상해없음,원동기,남,54세,중상
2013102500100472,2013년 10월 25일 17시,금요일,경상북도 영주시 휴천동,경상사고,0,0,1,0,차대차 - 기타,안전운전불이행,건조,맑음,단일로 - 기타,승용,남,64세,상해없음,자전거,남,15세,경상
2013102500100473,2013년 10월 25일 17시,금요일,경상북도 칠곡군 왜관읍,중상사고,0,1,2,0,차대차 - 기타,차로위반,건조,맑음,교차로 - 교차로부근,승용,여,38세,상해없음,승합,남,59세,중상
2013102500100474,2013년 10월 25일 17시,금요일,경상북도 영천시 야사동,중상사고,0,1,0,0,차대차 - 측면직각충돌,교차로운행방법위반,건조,맑음,교차로 - 교차로안,승용,남,54세,상해없음,이륜,남,76세,중상
2013102500100534,2013년 10월 25일 18시,금요일,경상북도 경주시 내남면,경상사고,0,0,1,0,차량단독 - 전도전복,안전운전불이행,건조,맑음,단일로 - 기타,승용,남,45세,상해없음,,,,
2013102500100535,2013년 10월 25일 18시,금요일,경상북도 경주시 동부동,중상사고,0,1,0,0,차대차 - 측면직각충돌,안전운전불이행,건조,맑음,단일로 - 기타,승용,남,44세,상해없음,원동기,남,43세,중상
2013102500100536,2013년 10월 25일 18시,금요일,경상북도 안동시 일직면,중상사고,0,1,0,0,차대차 - 기타,안전운전불이행,건조,맑음,단일로 - 기타,승용,여,65세,상해없음,자전거,여,58세,중상
2013102500100537,2013년 10월 25일 18시,금요일,경상북도 칠곡군 석적읍,중상사고,0,1,0,0,차대차 - 기타,신호위반,건조,맑음,교차로 - 교차로안,승용,남,38세,상해없음,승용,여,44세,중상
2013102500100538,2013년 10월 25일 18시,금요일,경상북도 영천시 금호읍,중상사고,0,1,0,0,차대사람 - 횡단중,안전운전불이행,건조,맑음,단일로 - 기타,승용,남,33세,상해없음,보행자,여,68세,중상
2013102500100539,2013년 10월 25일 18시,금요일,경상북도 영천시 신기동,경상사고,0,0,2,0,차대차 - 기타,안전운전불이행,건조,맑음,단일로 - 기타,건설기계,남,48세,상해없음,승용,여,40세,경상
2013102500100540,2013년 10월 25일 18시,금요일,경상북도 영양군 영양읍,중상사고,0,1,0,0,차대차 - 추돌 - 진행중,안전운전불이행,건조,맑음,단일로 - 기타,승용,남,76세,상해없음,자전거,여,70세,중상
2013102500100541,2013년 10월 25일 18시,금요일,경상북도 구미시 진평동,경상사고,0,0,2,0,차대차 - 기타,안전거리미확보,건조,맑음,단일로 - 기타,승용,남,53세,상해없음,승용,남,25세,경상
2013102500100590,2013년 10월 25일 19시,금요일,경상북도 경주시 노동동,경상사고,0,0,1,0,차대사람 - 기타,안전운전불이행,건조,맑음,단일로 - 기타,승용,여,46세,상해없음,보행자,여,16세,경상
2013102500100591,2013년 10월 25일 19시,금요일,경상북도 경주시 내남면,경상사고,0,0,7,0,차대차 - 기타,안전운전불이행,건조,맑음,단일로 - 기타,화물,남,55세,상해없음,승용,여,49세,경상
2013102500100592,2013년 10월 25일 19시,금요일,경상북도 구미시 고아읍,경상사고,0,0,1,0,차대차 - 측면직각충돌,중앙선침범,건조,맑음,단일로 - 기타,승용,남,35세,상해없음,승용,여,40세,경상
2013102500100593,2013년 10월 25일 19시,금요일,경상북도 포항시 남구 대잠동,중상사고,0,1,0,0,차대차 - 측면직각충돌,직진우회전진행방해,건조,맑음,교차로 - 교차로안,승용,여,34세,상해없음,원동기,여,30세,중상
2013102500100624,2013년 10월 25일 20시,금요일,경상북도 경주시 성동동,경상사고,0,0,1,0,차대차 - 기타,안전운전불이행,건조,맑음,기타 - 기타,승용,남,59세,상해없음,승용,여,40세,경상
2013102500100625,2013년 10월 25일 20시,금요일,경상북도 경주시 강동면,경상사고,0,0,1,0,차대사람 - 기타,안전운전불이행,건조,맑음,교차로 - 교차로부근,승용,남,62세,상해없음,보행자,여,54세,경상
2013102500100662,2013년 10월 25일 21시,금요일,경상북도 경주시 안강읍,경상사고,0,0,1,0,차대차 - 기타,중앙선침범,건조,맑음,단일로 - 기타,이륜,남,17세,상해없음,승용,남,46세,상해없음
2013102500100663,2013년 10월 25일 21시,금요일,경상북도 경주시 안강읍,경상사고,0,0,1,0,차대차 - 기타,안전운전불이행,건조,맑음,단일로 - 기타,승용,남,50세,상해없음,승용,남,46세,경상
2013102500100664,2013년 10월 25일 21시,금요일,경상북도 상주시 성하동,중상사고,0,1,0,0,차대차 - 기타,안전운전불이행,건조,기타,단일로 - 기타,승용,남,38세,상해없음,승용,남,37세,상해없음
2013102500100665,2013년 10월 25일 21시,금요일,경상북도 구미시 진평동,경상사고,0,0,1,0,차대사람 - 기타,보행자보호의무위반,건조,맑음,교차로 - 교차로안,승합,남,42세,상해없음,보행자,남,42세,경상
2013102500100706,2013년 10월 25일 22시,금요일,경상북도 포항시 북구 장성동,중상사고,0,2,0,0,차대차 - 측면직각충돌,교차로운행방법위반,건조,맑음,교차로 - 교차로안,승용,남,25세,상해없음,승용,남,44세,중상
2013102500100707,2013년 10월 25일 22시,금요일,경상북도 포항시 남구 오천읍,중상사고,0,1,1,0,차대차 - 측면직각충돌,직진우회전진행방해,건조,맑음,교차로 - 교차로안,승용,남,37세,경상,승용,남,40세,중상
2013102500100738,2013년 10월 25일 23시,금요일,경상북도 성주군 성주읍,경상사고,0,0,1,0,차대차 - 추돌 - 주정차중,안전운전불이행,건조,맑음,단일로 - 기타,화물,남,50세,경상,화물,남,39세,상해없음
2013102600100036,2013년 10월 26일 01시,토요일,경상북도 포항시 북구 죽도동,중상사고,0,1,1,0,차대차 - 기타,안전거리미확보,건조,맑음,단일로 - 기타,승용,남,25세,상해없음,승용,남,53세,중상
2013102600100059,2013년 10월 26일 02시,토요일,경상북도 군위군 효령면,중상사고,0,2,0,0,차량단독 - 공작물충돌,안전운전불이행,건조,맑음,교차로 - 교차로부근,화물,남,38세,중상,,,,
2013102600100060,2013년 10월 26일 02시,토요일,경상북도 구미시 시미동,중상사고,0,2,0,0,차대차 - 기타,안전운전불이행,건조,맑음,단일로 - 기타,승용,남,53세,상해없음,승용,남,30세,중상
2013102600100097,2013년 10월 26일 05시,토요일,경상북도 포항시 남구 해도동,경상사고,0,0,1,0,차대차 - 측면직각충돌,안전운전불이행,건조,맑음,교차로 - 교차로안,승용,남,24세,상해없음,승용,남,44세,경상
2013102600100110,2013년 10월 26일 06시,토요일,경상북도 경주시 외동읍,경상사고,0,0,1,0,차대차 - 기타,안전운전불이행,건조,맑음,단일로 - 기타,승용,남,54세,상해없음,승용,남,38세,경상
2013102600100111,2013년 10월 26일 06시,토요일,경상북도 상주시 낙동면,중상사고,0,1,0,0,차대차 - 기타,안전운전불이행,건조,맑음,교차로 - 교차로부근,화물,남,50세,중상,화물,남,38세,상해없음
2013102600100112,2013년 10월 26일 06시,토요일,경상북도 칠곡군 왜관읍,중상사고,0,1,0,0,차대차 - 기타,안전운전불이행,건조,맑음,단일로 - 기타,승용,여,44세,상해없음,자전거,남,71세,중상
2013102600100157,2013년 10월 26일 08시,토요일,경상북도 경주시 교동,경상사고,0,0,1,0,차량단독 - 기타,안전운전불이행,건조,맑음,단일로 - 기타,이륜,여,52세,경상,,,,
2013102600100158,2013년 10월 26일 08시,토요일,경상북도 안동시 풍천면,중상사고,0,1,0,0,차대차 - 기타,안전운전불이행,건조,맑음,단일로 - 기타,화물,남,44세,상해없음,원동기,남,53세,중상
2013102600100159,2013년 10월 26일 08시,토요일,경상북도 안동시 수상동,중상사고,0,3,1,0,차대차 - 기타,안전운전불이행,건조,맑음,단일로 - 기타,승용,남,22세,상해없음,승용,남,41세,중상
2013102600100160,2013년 10월 26일 08시,토요일,경상북도 청도군 청도읍,경상사고,0,0,1,0,차량단독 - 기타,안전운전불이행,건조,맑음,단일로 - 기타,승합,남,52세,상해없음,,,,
2013102600100203,2013년 10월 26일 09시,토요일,경상북도 경주시 건천읍,중상사고,0,1,0,0,차대차 - 측면직각충돌,안전운전불이행,습기,맑음,교차로 - 교차로안,원동기,남,77세,중상,승용,남,61세,상해없음
2013102600100231,2013년 10월 26일 10시,토요일,경상북도 경주시 인왕동,중상사고,0,1,0,0,차대차 - 기타,안전운전불이행,건조,맑음,단일로 - 기타,승용,남,55세,상해없음,승합,남,50세,중상
2013102600100232,2013년 10월 26일 10시,토요일,경상북도 상주시 서성동,경상사고,0,0,1,0,차대차 - 기타,안전운전불이행,건조,맑음,단일로 - 기타,승용,여,51세,상해없음,자전거,남,80세,경상
2013102600100265,2013년 10월 26일 11시,토요일,경상북도 김천시 농소면,중상사고,0,1,0,0,차대차 - 측면직각충돌,교차로운행방법위반,건조,맑음,교차로 - 교차로안,승용,남,54세,상해없음,건설기계,남,55세,상해없음
2013102600100266,2013년 10월 26일 11시,토요일,경상북도 고령군 고령읍,부상신고사고,0,0,0,1,차량단독 - 전도전복,안전운전불이행,건조,맑음,단일로 - 기타,이륜,여,72세,부상신고,,,,
2013102600100267,2013년 10월 26일 11시,토요일,경상북도 구미시 광평동,중상사고,0,1,0,0,차대사람 - 횡단중,안전운전불이행,건조,맑음,단일로 - 횡단보도상,화물,남,40세,상해없음,보행자,여,64세,중상
2013102600100310,2013년 10월 26일 12시,토요일,경상북도 구미시 선산읍,경상사고,0,0,4,0,차대차 - 추돌 - 진행중,안전운전불이행,건조,맑음,단일로 - 기타,건설기계,남,39세,상해없음,승용,남,24세,경상
2013102600100354,2013년 10월 26일 13시,토요일,경상북도 경주시 성동동,중상사고,0,1,0,0,차대차 - 기타,안전운전불이행,건조,맑음,교차로 - 교차로부근,원동기,남,82세,중상,승용,남,55세,상해없음
2013102600100355,2013년 10월 26일 13시,토요일,경상북도 안동시 당북동,사망사고,1,0,0,0,차대차 - 기타,안전운전불이행,건조,맑음,교차로 - 교차로부근,이륜,남,77세,사망,화물,남,46세,상해없음
2013102600100356,2013년 10월 26일 13시,토요일,경상북도 예천군 풍양면,중상사고,0,2,1,0,차대차 - 측면직각충돌,안전운전불이행,건조,맑음,단일로 - 기타,승용,여,43세,경상,승용,남,57세,중상
2013102600100388,2013년 10월 26일 14시,토요일,경상북도 영주시 가흥동,중상사고,0,1,0,0,차대사람 - 기타,신호위반,건조,맑음,교차로 - 교차로부근,원동기,남,20세,상해없음,보행자,남,13세,중상
2013102600100389,2013년 10월 26일 14시,토요일,경상북도 구미시 원평동,중상사고,0,2,0,0,차대사람 - 횡단중,보행자보호의무위반,건조,맑음,단일로 - 횡단보도상,승합,남,53세,상해없음,보행자,여,12세,중상
2013102600100390,2013년 10월 26일 14시,토요일,경상북도 포항시 남구 동해면,경상사고,0,0,1,0,차대사람 - 기타,안전운전불이행,건조,맑음,단일로 - 기타,기타불명,기타불명,기타불명,기타불명,보행자,남,54세,경상
2013102600100391,2013년 10월 26일 14시,토요일,경상북도 김천시 아포읍,중상사고,0,2,2,0,차대차 - 추돌 - 진행중,안전운전불이행,건조,맑음,단일로 - 기타,승합,남,64세,상해없음,화물,남,51세,상해없음
2013102600100424,2013년 10월 26일 15시,토요일,경상북도 경주시 성동동,중상사고,0,1,0,0,차대차 - 기타,신호위반,건조,맑음,단일로 - 횡단보도상,승용,남,57세,상해없음,이륜,남,84세,중상
2013102600100425,2013년 10월 26일 15시,토요일,경상북도 경주시 외동읍,경상사고,0,0,1,0,차대차 - 기타,안전운전불이행,건조,맑음,단일로 - 기타,승용,여,33세,기타불명,원동기,남,52세,경상
2013102600100426,2013년 10월 26일 15시,토요일,경상북도 구미시 원평동,경상사고,0,0,6,0,차대차 - 측면직각충돌,교차로운행방법위반,건조,맑음,교차로 - 교차로안,승용,남,33세,경상,승합,남,25세,경상
2013102600100462,2013년 10월 26일 16시,토요일,경상북도 안동시 풍천면,경상사고,0,0,1,0,차대사람 - 기타,안전운전불이행,건조,맑음,단일로 - 기타,화물,남,56세,상해없음,보행자,남,77세,경상
2013102600100463,2013년 10월 26일 16시,토요일,경상북도 김천시 평화동,경상사고,0,0,1,0,차대차 - 측면직각충돌,안전운전불이행,건조,맑음,단일로 - 기타,승용,여,32세,상해없음,이륜,남,19세,경상
2013102600100464,2013년 10월 26일 16시,토요일,경상북도 김천시 어모면,경상사고,0,0,1,0,차대차 - 측면직각충돌,교차로운행방법위반,건조,맑음,교차로 - 교차로안,농기계,남,80세,상해없음,이륜,남,75세,경상
2013102600100465,2013년 10월 26일 16시,토요일,경상북도 예천군 용문면,중상사고,0,1,1,0,차대차 - 측면직각충돌,안전운전불이행,건조,맑음,단일로 - 기타,화물,남,47세,경상,화물,여,45세,중상
2013102600100466,2013년 10월 26일 16시,토요일,경상북도 울진군 평해읍,경상사고,0,0,1,0,차대차 - 기타,안전운전불이행,건조,맑음,단일로 - 기타,승용,남,76세,상해없음,자전거,남,69세,경상
2013102600100498,2013년 10월 26일 17시,토요일,경상북도 포항시 북구 용흥동,경상사고,0,0,1,0,차대차 - 추돌 - 진행중,안전운전불이행,건조,맑음,단일로 - 기타,원동기,남,38세,상해없음,자전거,여,52세,경상
2013102600100499,2013년 10월 26일 17시,토요일,경상북도 포항시 북구 흥해읍,중상사고,0,1,0,0,차대사람 - 기타,안전운전불이행,건조,맑음,기타 - 기타,승용,남,20세,상해없음,보행자,남,67세,중상
2013102600100500,2013년 10월 26일 17시,토요일,경상북도 청송군 안덕면,경상사고,0,0,3,0,차대차 - 측면직각충돌,안전운전불이행,건조,맑음,단일로 - 기타,승용,남,65세,상해없음,화물,남,64세,경상
2013102600100547,2013년 10월 26일 18시,토요일,경상북도 김천시 아포읍,경상사고,0,0,1,0,차량단독 - 공작물충돌,안전운전불이행,건조,맑음,단일로 - 기타,승용,남,34세,경상,,,,
2013102600100548,2013년 10월 26일 18시,토요일,경상북도 의성군 가음면,중상사고,0,1,0,0,차대사람 - 횡단중,안전운전불이행,건조,맑음,단일로 - 기타,승용,남,52세,상해없음,보행자,남,79세,중상
2013102600100549,2013년 10월 26일 18시,토요일,경상북도 영천시 대창면,중상사고,0,1,0,0,차대차 - 기타,안전운전불이행,건조,맑음,단일로 - 기타,승용,남,56세,상해없음,농기계,남,79세,중상
2013102600100550,2013년 10월 26일 18시,토요일,경상북도 청도군 운문면,경상사고,0,0,9,0,차대차 - 정면충돌,중앙선침범,건조,맑음,단일로 - 기타,승용,여,42세,경상,승용,남,52세,경상
2013102600100593,2013년 10월 26일 19시,토요일,경상북도 경주시 광명동,중상사고,0,1,4,0,차대차 - 기타,안전운전불이행,건조,맑음,단일로 - 기타,화물,남,59세,상해없음,승합,남,51세,중상
2013102600100594,2013년 10월 26일 19시,토요일,경상북도 포항시 북구 장성동,경상사고,0,0,1,0,차대차 - 기타,안전운전불이행,건조,맑음,기타 - 기타,승용,남,48세,상해없음,원동기,남,49세,경상
2013102600100595,2013년 10월 26일 19시,토요일,경상북도 울진군 근남면,경상사고,0,0,3,0,차량단독 - 공작물충돌,안전운전불이행,건조,맑음,교차로 - 교차로안,승용,여,48세,경상,,,,
2013102600100596,2013년 10월 26일 19시,토요일,경상북도 고령군 고령읍,경상사고,0,0,4,0,차대차 - 정면충돌,중앙선침범,건조,맑음,교차로 - 교차로부근,화물,남,53세,상해없음,승용,여,47세,경상
2013102600100597,2013년 10월 26일 19시,토요일,경상북도 구미시 선산읍,중상사고,0,1,0,0,차대차 - 측면직각충돌,안전운전불이행,건조,맑음,교차로 - 교차로안,승용,남,65세,상해없음,이륜,남,16세,중상
2013102600100640,2013년 10월 26일 20시,토요일,경상북도 안동시 당북동,경상사고,0,0,2,0,차대차 - 기타,신호위반,건조,맑음,교차로 - 교차로안,승용,남,52세,상해없음,승용,여,51세,경상
2013102600100670,2013년 10월 26일 21시,토요일,경상북도 칠곡군 약목면,중상사고,0,1,0,1,차대차 - 기타,안전운전불이행,건조,흐림,교차로 - 교차로안,이륜,남,18세,중상,농기계,남,67세,부상신고
2013102600100671,2013년 10월 26일 21시,토요일,경상북도 구미시 원평동,중상사고,0,2,0,0,차대차 - 추돌 - 주정차중,안전운전불이행,건조,맑음,교차로 - 교차로부근,승용,남,31세,상해없음,승용,남,54세,중상
2013102600100708,2013년 10월 26일 22시,토요일,경상북도 포항시 남구 연일읍,중상사고,0,1,0,0,차대사람 - 기타,안전운전불이행,건조,맑음,교차로 - 교차로부근,승용,여,54세,상해없음,보행자,남,39세,중상
2013102600100709,2013년 10월 26일 22시,토요일,경상북도 포항시 남구 오천읍,경상사고,0,0,2,0,차대차 - 측면직각충돌,교차로운행방법위반,건조,맑음,교차로 - 교차로안,승용,남,56세,상해없음,승용,여,38세,경상
2013102700100019,2013년 10월 27일 00시,일요일,경상북도 예천군 보문면,경상사고,0,0,1,0,차량단독 - 공작물충돌,안전운전불이행,건조,기타,교차로 - 교차로부근,화물,남,53세,경상,,,,
2013102700100062,2013년 10월 27일 03시,일요일,경상북도 청도군 청도읍,사망사고,1,0,0,0,차량단독 - 공작물충돌,안전운전불이행,건조,맑음,단일로 - 기타,승용,남,32세,사망,,,,
2013102700100074,2013년 10월 27일 04시,일요일,경상북도 포항시 북구 죽도동,경상사고,0,0,1,0,차대차 - 측면직각충돌,안전운전불이행,건조,맑음,교차로 - 교차로부근,승용,남,31세,상해없음,승용,남,33세,경상
2013102700100121,2013년 10월 27일 07시,일요일,경상북도 경산시 서상동,중상사고,0,1,0,0,차대차 - 기타,안전운전불이행,건조,맑음,교차로 - 교차로안,승용,남,72세,상해없음,자전거,여,56세,중상
2013102700100122,2013년 10월 27일 07시,일요일,경상북도 청도군 풍각면,경상사고,0,0,1,0,차대차 - 측면직각충돌,안전운전불이행,습기,안개,단일로 - 기타,농기계,남,57세,경상,건설기계,남,36세,상해없음
2013102700100123,2013년 10월 27일 07시,일요일,경상북도 고령군 쌍림면,경상사고,0,0,1,0,차량단독 - 전도전복,안전운전불이행,건조,맑음,단일로 - 기타,승합,남,54세,상해없음,,,,
2013102700100124,2013년 10월 27일 07시,일요일,경상북도 영양군 일월면,경상사고,0,0,2,0,차대차 - 측면직각충돌,안전운전불이행,건조,맑음,단일로 - 기타,화물,남,45세,경상,승용,남,52세,경상
2013102700100146,2013년 10월 27일 08시,일요일,경상북도 경주시 외동읍,경상사고,0,0,1,0,차대사람 - 기타,안전운전불이행,건조,맑음,기타 - 기타,승용,여,61세,상해없음,보행자,여,55세,경상
2013102700100147,2013년 10월 27일 08시,일요일,경상북도 포항시 북구 대흥동,중상사고,0,1,0,0,차대사람 - 기타,안전운전불이행,건조,맑음,단일로 - 횡단보도상,승용,남,50세,상해없음,보행자,여,75세,중상
2013102700100148,2013년 10월 27일 08시,일요일,경상북도 경산시 진량읍,사망사고,1,4,0,1,차량단독 - 공작물충돌,안전운전불이행,건조,맑음,단일로 - 기타,승합,남,40세,부상신고,,,,
2013102700100162,2013년 10월 27일 09시,일요일,경상북도 칠곡군 약목면,중상사고,0,1,0,1,차량단독 - 공작물충돌,안전운전불이행,건조,맑음,교차로 - 교차로부근,승용,남,54세,부상신고,,,,
2013102700100163,2013년 10월 27일 09시,일요일,경상북도 문경시 문경읍,중상사고,0,1,0,0,차대차 - 측면직각충돌,직진우회전진행방해,건조,맑음,교차로 - 교차로안,승용,여,56세,상해없음,승용,여,50세,중상
2013102700100180,2013년 10월 27일 10시,일요일,경상북도 경주시 감포읍,경상사고,0,0,1,0,차대차 - 측면직각충돌,안전운전불이행,건조,맑음,단일로 - 기타,승용,남,56세,상해없음,원동기,여,57세,경상
2013102700100181,2013년 10월 27일 10시,일요일,경상북도 영주시 하망동,경상사고,0,0,1,0,차대사람 - 차도통행중,안전운전불이행,건조,맑음,단일로 - 기타,승용,여,56세,상해없음,보행자,여,13세,경상
2013102700100194,2013년 10월 27일 11시,일요일,경상북도 경주시 건천읍,경상사고,0,0,1,0,차대차 - 측면직각충돌,안전운전불이행,건조,맑음,교차로 - 교차로안,승합,남,73세,상해없음,승합,남,47세,상해없음
2013102700100195,2013년 10월 27일 11시,일요일,경상북도 경주시 양북면,경상사고,0,0,1,0,차량단독 - 기타,안전운전불이행,건조,맑음,기타 - 기타,농기계,남,87세,경상,,,,
2013102700100196,2013년 10월 27일 11시,일요일,경상북도 경산시 계양동,경상사고,0,0,2,0,차대차 - 기타,신호위반,건조,맑음,교차로 - 교차로안,승용,남,45세,상해없음,승용,남,53세,경상
2013102700100197,2013년 10월 27일 11시,일요일,경상북도 영양군 영양읍,중상사고,0,2,0,0,차대차 - 측면직각충돌,안전운전불이행,건조,맑음,단일로 - 기타,승합,남,60세,상해없음,특수,남,56세,상해없음
2013102700100198,2013년 10월 27일 11시,일요일,경상북도 포항시 남구 상도동,중상사고,0,1,1,0,차대차 - 추돌 - 진행중,안전거리미확보,건조,맑음,단일로 - 기타,승용,남,57세,상해없음,승용,여,58세,경상
2013102700100199,2013년 10월 27일 11시,일요일,경상북도 포항시 남구 청림동,경상사고,0,0,1,0,차대차 - 기타,안전운전불이행,건조,맑음,단일로 - 기타,화물,남,69세,상해없음,승용,남,33세,경상
2013102700100219,2013년 10월 27일 12시,일요일,경상북도 안동시 태화동,중상사고,0,1,0,0,차대사람 - 기타,안전운전불이행,건조,맑음,교차로 - 교차로부근,승용,여,59세,상해없음,보행자,여,83세,중상
2013102700100248,2013년 10월 27일 13시,일요일,경상북도 경주시 안강읍,경상사고,0,0,2,0,차대차 - 기타,안전운전불이행,건조,맑음,교차로 - 교차로부근,화물,여,65세,상해없음,승용,남,71세,경상
2013102700100249,2013년 10월 27일 13시,일요일,경상북도 영주시 풍기읍,중상사고,0,1,0,0,차대사람 - 횡단중,안전운전불이행,건조,맑음,교차로 - 교차로부근,승용,남,69세,상해없음,보행자,남,47세,중상
2013102700100250,2013년 10월 27일 13시,일요일,경상북도 영천시 신령면,중상사고,0,3,0,0,차대차 - 정면충돌,안전운전불이행,건조,맑음,단일로 - 기타,화물,남,52세,중상,승용,남,28세,중상
2013102700100251,2013년 10월 27일 13시,일요일,경상북도 문경시 마성면,중상사고,0,3,1,0,차대차 - 추돌 - 주정차중,안전운전불이행,건조,맑음,교차로 - 교차로부근,화물,남,49세,경상,승용,남,49세,중상
2013102700100252,2013년 10월 27일 13시,일요일,경상북도 구미시 남통동,경상사고,0,0,1,0,차대차 - 기타,안전운전불이행,건조,맑음,교차로 - 교차로안,승용,남,65세,상해없음,승용,남,43세,경상
2013102700100282,2013년 10월 27일 14시,일요일,경상북도 경주시 외동읍,중상사고,0,1,0,0,차대차 - 측면직각충돌,중앙선침범,건조,맑음,단일로 - 기타,승용,남,29세,상해없음,승용,여,61세,중상
2013102700100283,2013년 10월 27일 14시,일요일,경상북도 경주시 암곡동,경상사고,0,0,1,0,차대사람 - 기타,안전운전불이행,건조,맑음,단일로 - 기타,승용,여,64세,상해없음,보행자,남,50세,경상
2013102700100284,2013년 10월 27일 14시,일요일,경상북도 경산시 와촌면,중상사고,0,1,0,0,차대사람 - 기타,안전운전불이행,건조,맑음,단일로 - 기타,화물,여,60세,상해없음,보행자,남,77세,중상
2013102700100285,2013년 10월 27일 14시,일요일,경상북도 구미시 상모동,경상사고,0,0,1,0,차대차 - 기타,안전운전불이행,건조,맑음,교차로 - 교차로안,승용,여,49세,상해없음,자전거,남,8세,경상
2013102700100315,2013년 10월 27일 15시,일요일,경상북도 경주시 보문동,경상사고,0,0,8,0,차대차 - 기타,안전운전불이행,건조,맑음,단일로 - 기타,승용,남,63세,상해없음,승용,남,28세,경상
2013102700100316,2013년 10월 27일 15시,일요일,경상북도 포항시 북구 죽도동,경상사고,0,0,1,0,차대차 - 정면충돌,안전운전불이행,건조,맑음,단일로 - 기타,원동기,여,58세,상해없음,원동기,남,27세,경상
2013102700100317,2013년 10월 27일 15시,일요일,경상북도 김천시 응명동,경상사고,0,0,1,0,차대차 - 측면직각충돌,교차로운행방법위반,건조,맑음,교차로 - 교차로안,이륜,남,77세,상해없음,승용,남,49세,상해없음
2013102700100318,2013년 10월 27일 15시,일요일,경상북도 칠곡군 약목면,중상사고,0,1,0,0,차대사람 - 기타,안전운전불이행,건조,맑음,기타 - 기타,승용,남,49세,상해없음,보행자,남,61세,중상
2013102700100319,2013년 10월 27일 15시,일요일,경상북도 영천시 망정동,중상사고,0,1,1,0,차대차 - 기타,안전운전불이행,건조,맑음,단일로 - 기타,승용,남,47세,상해없음,승용,남,31세,중상
2013102700100320,2013년 10월 27일 15시,일요일,경상북도 예천군 예천읍,경상사고,0,0,1,0,차대사람 - 기타,안전운전불이행,건조,맑음,기타 - 기타,승용,여,51세,상해없음,보행자,남,44세,경상
2013102700100321,2013년 10월 27일 15시,일요일,경상북도 구미시 원평동,경상사고,0,0,1,0,차대사람 - 기타,안전운전불이행,건조,맑음,기타 - 기타,승용,남,48세,상해없음,보행자,여,28세,경상