사고번호,사고일시,요일,시군구,사고내용,사망자수,중상자수,경상자수,부상신고자수,사고유형,법규위반,노면상태,기상상태,도로형태,가해운전자 차종,가해운전자 성별,가해운전자 연령,가해운전자 상해정도,피해운전자 차종,피해운전자 성별,피해운전자 연령,피해운전자 상해정도
2013102700100355,2013년 10월 27일 16시,일요일,경상북도 김천시 부곡동,경상사고,0,0,1,0,차대차 - 측면직각충돌,안전운전불이행,건조,맑음,단일로 - 기타,승용,남,58세,상해없음,자전거,남,65세,경상
2013102700100356,2013년 10월 27일 16시,일요일,경상북도 구미시 형곡동,부상신고사고,0,0,0,1,차대차 - 기타,교차로운행방법위반,건조,맑음,교차로 - 교차로부근,자전거,남,77세,부상신고,승용,남,44세,상해없음
2013102700100357,2013년 10월 27일 16시,일요일,경상북도 포항시 남구 대잠동,경상사고,0,0,1,0,차대차 - 측면직각충돌,신호위반,건조,맑음,단일로 - 기타,승용,여,57세,상해없음,승용,남,33세,경상
2013102700100358,2013년 10월 27일 16시,일요일,경상북도 경주시 율동,경상사고,0,0,1,0,차대차 - 기타,안전운전불이행,건조,맑음,단일로 - 기타,승용,남,57세,경상,승용,여,50세,상해없음
2013102700100389,2013년 10월 27일 17시,일요일,경상북도 경주시 외동읍,사망사고,1,0,0,0,차대차 - 기타,안전운전불이행,건조,맑음,단일로 - 기타,이륜,여,69세,사망,화물,남,55세,상해없음
2013102700100390,2013년 10월 27일 17시,일요일,경상북도 경주시 안강읍,경상사고,0,0,1,0,차대차 - 기타,안전운전불이행,건조,맑음,단일로 - 기타,승용,남,52세,상해없음,농기계,남,59세,경상
2013102700100391,2013년 10월 27일 17시,일요일,경상북도 상주시 청리면,경상사고,0,0,1,0,차대차 - 기타,중앙선침범,건조,맑음,단일로 - 기타,승용,남,34세,상해없음,승용,여,32세,경상
2013102700100392,2013년 10월 27일 17시,일요일,경상북도 칠곡군 동명면,중상사고,0,1,0,0,차대사람 - 기타,안전운전불이행,건조,맑음,교차로 - 교차로안,승용,남,39세,상해없음,보행자,남,79세,중상
2013102700100393,2013년 10월 27일 17시,일요일,경상북도 문경시 동로면,경상사고,0,0,1,0,차량단독 - 전도전복,안전운전불이행,건조,맑음,단일로 - 기타,이륜,남,40세,경상,,,,
2013102700100394,2013년 10월 27일 17시,일요일,경상북도 영천시 금호읍,중상사고,0,2,1,0,차대차 - 기타,안전거리미확보,건조,맑음,단일로 - 기타,기타불명,기타불명,기타불명,기타불명,승용,남,26세,중상
2013102700100442,2013년 10월 27일 18시,일요일,경상북도 포항시 북구 흥해읍,중상사고,0,1,0,0,차대사람 - 횡단중,보행자보호의무위반,건조,맑음,단일로 - 횡단보도상,승용,남,76세,상해없음,보행자,여,75세,중상
2013102700100443,2013년 10월 27일 18시,일요일,경상북도 안동시 광석동,중상사고,0,1,2,0,차대차 - 기타,중앙선침범,건조,맑음,단일로 - 기타,화물,남,35세,상해없음,승용,남,35세,경상
2013102700100444,2013년 10월 27일 18시,일요일,경상북도 안동시 송천동,부상신고사고,0,0,0,1,차대차 - 기타,중앙선침범,건조,맑음,기타 - 기타,자전거,남,22세,부상신고,승합,남,54세,상해없음
2013102700100445,2013년 10월 27일 18시,일요일,경상북도 포항시 남구 해도동,경상사고,0,0,1,0,차대차 - 측면직각충돌,안전거리미확보,건조,맑음,교차로 - 교차로안,화물,남,53세,상해없음,승용,남,36세,경상
2013102700100446,2013년 10월 27일 18시,일요일,경상북도 포항시 남구 상도동,경상사고,0,0,1,0,차대차 - 측면직각충돌,안전운전불이행,건조,맑음,단일로 - 기타,승용,남,58세,상해없음,승용,남,33세,경상
2013102700100482,2013년 10월 27일 19시,일요일,경상북도 경주시 동천동,경상사고,0,0,2,0,차대차 - 기타,중앙선침범,건조,맑음,단일로 - 기타,승용,남,45세,상해없음,승용,남,24세,경상
2013102700100483,2013년 10월 27일 19시,일요일,경상북도 안동시 태화동,경상사고,0,0,1,0,차대차 - 기타,안전운전불이행,건조,맑음,교차로 - 교차로부근,승용,남,51세,상해없음,승용,남,66세,경상
2013102700100484,2013년 10월 27일 19시,일요일,경상북도 김천시 삼락동,경상사고,0,0,1,2,차대차 - 측면직각충돌,안전운전불이행,건조,맑음,단일로 - 기타,승용,남,33세,상해없음,승용,남,30세,경상
2013102700100508,2013년 10월 27일 20시,일요일,경상북도 구미시 원평동,경상사고,0,0,1,0,차대차 - 측면직각충돌,안전운전불이행,건조,맑음,단일로 - 기타,기타불명,기타불명,기타불명,기타불명,승용,여,37세,경상
2013102700100539,2013년 10월 27일 21시,일요일,경상북도 경주시 동천동,경상사고,0,0,2,0,차대차 - 추돌 - 주정차중,안전운전불이행,건조,맑음,단일로 - 기타,승용,여,37세,상해없음,승용,남,43세,경상
2013102700100540,2013년 10월 27일 21시,일요일,경상북도 김천시 부곡동,경상사고,0,0,1,0,차대사람 - 기타,안전운전불이행,건조,맑음,단일로 - 기타,승용,남,61세,상해없음,보행자,여,53세,경상
2013102700100581,2013년 10월 27일 23시,일요일,경상북도 구미시 진평동,경상사고,0,0,1,0,차대차 - 측면직각충돌,안전운전불이행,건조,맑음,교차로 - 교차로안,기타불명,기타불명,기타불명,기타불명,승용,남,29세,경상
2013102700100582,2013년 10월 27일 23시,일요일,경상북도 구미시 원평동,중상사고,0,2,1,0,차대차 - 측면직각충돌,안전운전불이행,건조,맑음,단일로 - 기타,승용,남,31세,상해없음,승용,남,48세,경상
2013102800100008,2013년 10월 28일 00시,월요일,경상북도 포항시 북구 흥해읍,중상사고,0,1,0,0,차량단독 - 공작물충돌,안전운전불이행,건조,맑음,단일로 - 기타,승용,남,25세,중상,,,,
2013102800100015,2013년 10월 28일 01시,월요일,경상북도 구미시 옥계동,중상사고,0,6,0,0,차대차 - 정면충돌,중앙선침범,건조,맑음,단일로 - 기타,승용,여,25세,중상,승용,남,19세,중상
2013102800100034,2013년 10월 28일 03시,월요일,경상북도 경주시 충효동,경상사고,0,0,1,0,차량단독 - 기타,안전운전불이행,건조,맑음,단일로 - 기타,원동기,남,33세,경상,,,,
2013102800100059,2013년 10월 28일 06시,월요일,경상북도 안동시 송현동,중상사고,0,1,0,0,차대차 - 기타,안전운전불이행,건조,맑음,단일로 - 기타,화물,남,38세,상해없음,승용,남,54세,중상
2013102800100078,2013년 10월 28일 07시,월요일,경상북도 경주시 외동읍,중상사고,0,1,0,0,차대차 - 기타,안전운전불이행,건조,맑음,교차로 - 교차로안,화물,남,44세,상해없음,이륜,남,74세,중상
2013102800100079,2013년 10월 28일 07시,월요일,경상북도 김천시 조마면,중상사고,0,1,0,0,차대차 - 측면직각충돌,안전운전불이행,건조,맑음,단일로 - 기타,승용,남,41세,상해없음,자전거,남,64세,중상
2013102800100080,2013년 10월 28일 07시,월요일,경상북도 칠곡군 석적읍,부상신고사고,0,0,0,1,차량단독 - 공작물충돌,안전운전불이행,건조,맑음,교차로 - 교차로부근,승용,남,26세,부상신고,,,,
2013102800100114,2013년 10월 28일 08시,월요일,경상북도 경주시 성건동,경상사고,0,0,1,0,차대차 - 기타,안전운전불이행,건조,맑음,단일로 - 기타,화물,남,64세,상해없음,자전거,여,62세,경상
2013102800100145,2013년 10월 28일 09시,월요일,경상북도 의성군 의성읍,경상사고,0,0,1,0,차대차 - 측면직각충돌,교차로운행방법위반,건조,맑음,교차로 - 교차로안,화물,남,47세,상해없음,이륜,남,78세,경상
2013102800100146,2013년 10월 28일 09시,월요일,경상북도 포항시 남구 상도동,경상사고,0,0,2,0,차대차 - 측면직각충돌,안전운전불이행,건조,맑음,단일로 - 기타,승용,남,56세,경상,승용,남,52세,경상
2013102800100176,2013년 10월 28일 10시,월요일,경상북도 안동시 수상동,경상사고,0,0,3,0,차대차 - 추돌 - 진행중,안전운전불이행,건조,맑음,기타 - 기타,승합,남,55세,상해없음,승용,여,40세,경상
2013102800100177,2013년 10월 28일 10시,월요일,경상북도 구미시 선기동,경상사고,0,0,1,0,차대차 - 기타,안전운전불이행,건조,맑음,교차로 - 교차로부근,승용,여,38세,상해없음,이륜,여,74세,경상
2013102800100209,2013년 10월 28일 11시,월요일,경상북도 상주시 무양동,중상사고,0,1,1,0,차대차 - 기타,교차로운행방법위반,건조,맑음,교차로 - 교차로안,승용,남,71세,상해없음,승용,남,26세,중상
2013102800100210,2013년 10월 28일 11시,월요일,경상북도 의성군 봉양면,중상사고,0,1,0,0,차대차 - 측면직각충돌,안전운전불이행,건조,맑음,교차로 - 교차로안,승용,여,46세,상해없음,승용,여,50세,중상
2013102800100229,2013년 10월 28일 12시,월요일,경상북도 문경시 문경읍,중상사고,0,2,0,0,차대차 - 측면직각충돌,교차로운행방법위반,건조,맑음,교차로 - 교차로안,승용,남,45세,상해없음,승용,남,60세,중상
2013102800100230,2013년 10월 28일 12시,월요일,경상북도 구미시 원평동,중상사고,0,1,0,0,차대차 - 기타,교차로운행방법위반,건조,맑음,교차로 - 교차로안,이륜,남,49세,상해없음,승합,남,34세,상해없음
2013102800100263,2013년 10월 28일 13시,월요일,경상북도 상주시 낙동면,중상사고,0,1,0,0,차량단독 - 기타,안전운전불이행,건조,맑음,단일로 - 기타,화물,남,75세,상해없음,,,,
2013102800100264,2013년 10월 28일 13시,월요일,경상북도 칠곡군 북삼읍,경상사고,0,0,1,0,차대사람 - 기타,안전운전불이행,건조,맑음,기타 - 기타,승용,여,46세,상해없음,보행자,남,30세,경상
2013102800100265,2013년 10월 28일 13시,월요일,경상북도 영천시 임고면,중상사고,0,1,0,0,차대차 - 기타,교차로운행방법위반,건조,맑음,교차로 - 교차로안,화물,남,73세,상해없음,농기계,남,72세,중상
2013102800100266,2013년 10월 28일 13시,월요일,경상북도 울릉군 울릉읍,중상사고,0,1,0,0,차대차 - 기타,안전운전불이행,건조,맑음,단일로 - 기타,화물,남,28세,상해없음,원동기,남,59세,중상
2013102800100267,2013년 10월 28일 13시,월요일,경상북도 포항시 남구 연일읍,경상사고,0,0,1,0,차대차 - 기타,안전운전불이행,건조,맑음,단일로 - 기타,화물,남,39세,상해없음,자전거,남,69세,경상
2013102800100294,2013년 10월 28일 14시,월요일,경상북도 경산시 하양읍,중상사고,0,1,1,0,차대차 - 기타,안전운전불이행,건조,맑음,교차로 - 교차로안,승용,여,19세,중상,화물,남,69세,경상
2013102800100317,2013년 10월 28일 15시,월요일,경상북도 상주시 사벌면,중상사고,0,1,0,0,차량단독 - 도로외이탈 - 기타,안전운전불이행,건조,맑음,단일로 - 기타,승용,여,48세,중상,,,,
2013102800100343,2013년 10월 28일 16시,월요일,경상북도 영덕군 영해면,중상사고,0,1,0,0,차대차 - 기타,중앙선침범,건조,맑음,교차로 - 교차로부근,화물,남,26세,상해없음,이륜,남,73세,중상
2013102800100344,2013년 10월 28일 16시,월요일,경상북도 구미시 옥계동,중상사고,0,1,0,0,차대사람 - 기타,안전운전불이행,건조,맑음,교차로 - 교차로안,승용,여,44세,상해없음,보행자,여,10세,중상
2013102800100373,2013년 10월 28일 17시,월요일,경상북도 경주시 동천동,경상사고,0,0,1,1,차대차 - 기타,안전운전불이행,건조,맑음,교차로 - 교차로안,화물,여,63세,상해없음,화물,남,62세,부상신고
2013102800100374,2013년 10월 28일 17시,월요일,경상북도 경주시 동천동,중상사고,0,1,0,0,차대차 - 기타,안전운전불이행,건조,맑음,기타 - 기타,승용,여,57세,상해없음,자전거,남,58세,중상
2013102800100375,2013년 10월 28일 17시,월요일,경상북도 영주시 하망동,경상사고,0,0,1,0,차대차 - 측면직각충돌,안전운전불이행,건조,맑음,단일로 - 기타,승용,남,62세,상해없음,이륜,남,67세,경상
2013102800100376,2013년 10월 28일 17시,월요일,경상북도 포항시 남구 해도동,중상사고,0,1,0,0,차대차 - 측면직각충돌,차로위반,건조,맑음,단일로 - 기타,원동기,남,65세,중상,승용,남,32세,상해없음
2013102800100377,2013년 10월 28일 17시,월요일,경상북도 포항시 남구 대송면,경상사고,0,0,2,0,차대차 - 측면직각충돌,안전운전불이행,건조,맑음,단일로 - 기타,승용,남,59세,경상,승용,남,38세,경상
2013102800100439,2013년 10월 28일 18시,월요일,경상북도 안동시 정하동,중상사고,0,1,0,0,차대사람 - 기타,보행자보호의무위반,건조,맑음,교차로 - 교차로안,승용,여,37세,상해없음,보행자,여,15세,중상
2013102800100440,2013년 10월 28일 18시,월요일,경상북도 영주시 상망동,경상사고,0,0,1,0,차대차 - 추돌 - 진행중,교차로운행방법위반,건조,맑음,교차로 - 교차로안,승용,여,64세,경상,화물,남,50세,기타불명
2013102800100441,2013년 10월 28일 18시,월요일,경상북도 문경시 마성면,사망사고,2,0,0,0,차대차 - 추돌 - 주정차중,안전운전불이행,건조,맑음,단일로 - 기타,승용,남,65세,사망,농기계,남,51세,기타불명
2013102800100442,2013년 10월 28일 18시,월요일,경상북도 영덕군 병곡면,중상사고,0,1,0,0,차대사람 - 기타,안전운전불이행,건조,맑음,단일로 - 기타,화물,남,65세,상해없음,보행자,여,72세,중상
2013102800100443,2013년 10월 28일 18시,월요일,경상북도 영양군 영양읍,경상사고,0,0,1,0,차대사람 - 횡단중,안전운전불이행,건조,맑음,교차로 - 교차로안,승용,남,44세,상해없음,보행자,여,64세,경상
2013102800100444,2013년 10월 28일 18시,월요일,경상북도 구미시 고아읍,중상사고,0,2,2,0,차대차 - 기타,교차로운행방법위반,건조,맑음,교차로 - 교차로안,화물,남,52세,상해없음,승용,여,46세,경상
2013102800100445,2013년 10월 28일 18시,월요일,경상북도 구미시 구포동,경상사고,0,0,4,0,차대차 - 기타,안전운전불이행,건조,맑음,교차로 - 교차로부근,승용,남,42세,상해없음,승용,남,57세,경상
2013102800100446,2013년 10월 28일 18시,월요일,경상북도 구미시 오태동,경상사고,0,0,3,0,차대차 - 기타,안전운전불이행,건조,맑음,단일로 - 기타,화물,남,58세,상해없음,승용,남,53세,경상
2013102800100481,2013년 10월 28일 19시,월요일,경상북도 포항시 북구 장성동,경상사고,0,0,1,0,차대차 - 기타,안전운전불이행,건조,맑음,교차로 - 교차로부근,승용,여,50세,상해없음,승용,여,43세,경상
2013102800100482,2013년 10월 28일 19시,월요일,경상북도 성주군 선남면,중상사고,0,1,1,0,차대차 - 추돌 - 진행중,안전거리미확보,건조,맑음,단일로 - 기타,승용,여,37세,경상,승용,여,54세,중상
2013102800100514,2013년 10월 28일 20시,월요일,경상북도 포항시 북구 두호동,중상사고,0,1,0,0,차대차 - 기타,안전운전불이행,건조,맑음,교차로 - 교차로안,승용,남,33세,상해없음,자전거,남,58세,중상
2013102800100515,2013년 10월 28일 20시,월요일,경상북도 김천시 남면,경상사고,0,0,1,0,차대차 - 측면직각충돌,중앙선침범,건조,맑음,단일로 - 기타,승용,남,64세,상해없음,화물,남,49세,경상
2013102800100516,2013년 10월 28일 20시,월요일,경상북도 칠곡군 약목면,중상사고,0,1,0,1,차대차 - 측면직각충돌,직진우회전진행방해,건조,맑음,교차로 - 교차로안,승용,남,42세,부상신고,승용,여,51세,중상
2013102800100517,2013년 10월 28일 20시,월요일,경상북도 구미시 황상동,경상사고,0,0,1,0,차대차 - 기타,신호위반,건조,맑음,교차로 - 교차로안,승용,남,41세,상해없음,승용,남,29세,경상
2013102800100543,2013년 10월 28일 21시,월요일,경상북도 안동시 당북동,사망사고,1,0,0,0,차대사람 - 횡단중,안전운전불이행,건조,맑음,기타 - 기타,화물,남,41세,상해없음,보행자,남,70세,사망
2013102800100579,2013년 10월 28일 22시,월요일,경상북도 안동시 서후면,경상사고,0,0,1,0,차대차 - 기타,안전운전불이행,건조,맑음,단일로 - 기타,승용,남,36세,경상,화물,남,35세,상해없음
2013102800100580,2013년 10월 28일 22시,월요일,경상북도 칠곡군 석적읍,중상사고,0,1,0,0,차대차 - 기타,교차로운행방법위반,건조,맑음,교차로 - 교차로안,승합,남,33세,상해없음,승용,여,25세,중상
2013102900100020,2013년 10월 29일 00시,화요일,경상북도 포항시 남구 해도동,부상신고사고,0,0,0,1,차대사람 - 기타,안전운전불이행,건조,맑음,단일로 - 기타,승용,남,28세,상해없음,보행자,남,48세,부상신고
2013102900100021,2013년 10월 29일 00시,화요일,경상북도 포항시 남구 대도동,경상사고,0,0,3,0,차대차 - 측면직각충돌,신호위반,건조,맑음,단일로 - 기타,원동기,남,49세,경상,승용,남,58세,경상
2013102900100065,2013년 10월 29일 05시,화요일,경상북도 경주시 외동읍,중상사고,0,2,0,0,차대차 - 기타,안전운전불이행,건조,맑음,단일로 - 기타,화물,남,52세,중상,농기계,남,70세,중상
2013102900100076,2013년 10월 29일 06시,화요일,경상북도 포항시 남구 구룡포읍,중상사고,0,2,0,0,차대차 - 정면충돌,중앙선침범,건조,맑음,교차로 - 교차로부근,승용,여,36세,중상,화물,남,42세,중상
2013102900100099,2013년 10월 29일 07시,화요일,경상북도 김천시 황금동,경상사고,0,0,1,0,차대차 - 측면직각충돌,중앙선침범,건조,맑음,단일로 - 기타,화물,남,51세,상해없음,승용,남,58세,경상
2013102900100100,2013년 10월 29일 07시,화요일,경상북도 김천시 다수동,경상사고,0,0,1,0,차대차 - 측면직각충돌,신호위반,건조,맑음,단일로 - 기타,이륜,남,74세,상해없음,자전거,남,13세,경상
2013102900100101,2013년 10월 29일 07시,화요일,경상북도 성주군 수륜면,중상사고,0,1,0,0,차량단독 - 전도전복,안전운전불이행,건조,맑음,기타 - 기타,농기계,남,68세,중상,,,,
2013102900100141,2013년 10월 29일 08시,화요일,경상북도 포항시 북구 죽도동,경상사고,0,0,1,0,차대차 - 기타,안전운전불이행,건조,맑음,단일로 - 기타,승용,남,46세,상해없음,자전거,여,46세,경상
2013102900100142,2013년 10월 29일 08시,화요일,경상북도 칠곡군 동명면,중상사고,0,1,1,0,차대차 - 기타,안전운전불이행,건조,맑음,교차로 - 교차로안,승용,남,57세,상해없음,화물,남,67세,경상
2013102900100168,2013년 10월 29일 09시,화요일,경상북도 영주시 하망동,중상사고,0,1,0,0,차대차 - 추돌 - 진행중,안전운전불이행,건조,맑음,교차로 - 교차로안,건설기계,남,54세,상해없음,화물,남,60세,중상
2013102900100191,2013년 10월 29일 10시,화요일,경상북도 청송군 파천면,경상사고,0,0,1,0,차대차 - 추돌 - 진행중,기타,건조,맑음,단일로 - 기타,승합,남,50세,경상,건설기계,남,47세,상해없음
2013102900100217,2013년 10월 29일 11시,화요일,경상북도 칠곡군 왜관읍,중상사고,0,3,0,1,차대사람 - 기타,기타,건조,맑음,단일로 - 기타,승용,남,72세,부상신고,보행자,여,84세,중상
2013102900100218,2013년 10월 29일 11시,화요일,경상북도 문경시 공평동,경상사고,0,0,1,0,차대차 - 측면직각충돌,안전운전불이행,건조,맑음,단일로 - 기타,이륜,여,71세,경상,승용,남,27세,상해없음
2013102900100219,2013년 10월 29일 11시,화요일,경상북도 경산시 정평동,중상사고,0,1,0,0,차대사람 - 기타,보행자보호의무위반,건조,맑음,교차로 - 교차로안,승용,여,55세,상해없음,보행자,여,78세,중상
2013102900100243,2013년 10월 29일 12시,화요일,경상북도 경산시 옥산동,중상사고,0,1,1,0,차대차 - 기타,기타,건조,맑음,교차로 - 교차로안,승용,여,33세,경상,승용,여,59세,중상
2013102900100273,2013년 10월 29일 13시,화요일,경상북도 봉화군 춘양면,경상사고,0,0,1,0,차대차 - 측면직각충돌,교차로운행방법위반,건조,맑음,교차로 - 교차로안,화물,남,74세,상해없음,승용,여,56세,경상
2013102900100274,2013년 10월 29일 13시,화요일,경상북도 구미시 구포동,중상사고,0,1,0,0,차대차 - 기타,안전운전불이행,건조,맑음,단일로 - 기타,화물,남,47세,상해없음,승용,남,26세,중상
2013102900100301,2013년 10월 29일 14시,화요일,경상북도 문경시 모전동,중상사고,0,1,0,0,차대사람 - 보도통행중,기타,건조,맑음,교차로 - 교차로부근,승용,여,33세,상해없음,보행자,여,58세,중상
2013102900100324,2013년 10월 29일 15시,화요일,경상북도 경주시 황성동,경상사고,0,0,1,0,차대차 - 기타,안전운전불이행,건조,맑음,단일로 - 기타,화물,남,63세,상해없음,승합,남,47세,경상
2013102900100325,2013년 10월 29일 15시,화요일,경상북도 영덕군 영덕읍,중상사고,0,2,0,0,차대차 - 추돌 - 주정차중,과속,건조,맑음,단일로 - 기타,화물,남,49세,중상,화물,기타불명,기타불명,기타불명
2013102900100326,2013년 10월 29일 15시,화요일,경상북도 군위군 효령면,중상사고,0,1,0,0,차대차 - 측면직각충돌,안전운전불이행,건조,맑음,교차로 - 교차로부근,이륜,여,79세,중상,승용,남,59세,상해없음
2013102900100358,2013년 10월 29일 16시,화요일,경상북도 안동시 송현동,경상사고,0,0,1,0,차대차 - 기타,안전운전불이행,건조,맑음,기타 - 기타,승용,남,49세,상해없음,자전거,남,46세,경상
2013102900100359,2013년 10월 29일 16시,화요일,경상북도 청도군 화양읍,경상사고,0,0,2,0,차대차 - 추돌 - 진행중,안전운전불이행,건조,맑음,기타 - 기타,승용,여,26세,상해없음,승용,여,30세,경상
2013102900100462,2013년 10월 29일 18시,화요일,경상북도 포항시 북구 죽도동,중상사고,0,1,3,0,차대차 - 기타,안전운전불이행,건조,맑음,단일로 - 기타,원동기,남,22세,상해없음,승용,남,65세,경상
2013102900100463,2013년 10월 29일 18시,화요일,경상북도 안동시 당북동,중상사고,0,1,0,0,차대사람 - 기타,안전운전불이행,건조,맑음,교차로 - 교차로부근,승용,남,51세,상해없음,보행자,남,53세,중상
2013102900100464,2013년 10월 29일 18시,화요일,경상북도 경산시 하양읍,중상사고,0,1,1,0,차대사람 - 기타,안전운전불이행,건조,맑음,단일로 - 기타,자전거,남,14세,경상,보행자,여,18세,중상
2013102900100465,2013년 10월 29일 18시,화요일,경상북도 경산시 진량읍,중상사고,0,1,1,0,차대차 - 기타,안전운전불이행,건조,맑음,단일로 - 기타,승용,남,43세,중상,승합,남,54세,상해없음
2013102900100505,2013년 10월 29일 19시,화요일,경상북도 상주시 이안면,중상사고,0,1,1,0,차대차 - 추돌 - 진행중,안전거리미확보,건조,맑음,단일로 - 기타,승용,남,58세,상해없음,이륜,남,73세,경상
2013102900100506,2013년 10월 29일 19시,화요일,경상북도 경산시 조영동,중상사고,0,1,0,0,차대사람 - 기타,안전운전불이행,건조,맑음,단일로 - 기타,승용,남,55세,상해없음,보행자,여,18세,중상
2013102900100544,2013년 10월 29일 20시,화요일,경상북도 포항시 북구 죽도동,중상사고,0,1,0,0,차대차 - 기타,신호위반,건조,맑음,단일로 - 기타,승용,남,43세,상해없음,자전거,여,26세,중상
2013102900100545,2013년 10월 29일 20시,화요일,경상북도 안동시 남선면,중상사고,0,1,0,0,차대차 - 기타,직진우회전진행방해,건조,맑음,단일로 - 기타,승합,남,63세,상해없음,승용,여,35세,중상
2013102900100546,2013년 10월 29일 20시,화요일,경상북도 김천시 남산동,경상사고,0,0,1,0,차대차 - 측면직각충돌,안전운전불이행,건조,맑음,교차로 - 교차로부근,승용,남,50세,상해없음,승용,여,41세,상해없음
2013102900100547,2013년 10월 29일 20시,화요일,경상북도 김천시 평화동,경상사고,0,0,1,0,차대차 - 측면직각충돌,안전운전불이행,건조,맑음,단일로 - 기타,승용,남,51세,상해없음,승용,여,48세,경상
2013102900100548,2013년 10월 29일 20시,화요일,경상북도 경산시 상방동,경상사고,0,0,1,0,차대차 - 기타,안전운전불이행,건조,맑음,교차로 - 교차로부근,화물,남,44세,상해없음,승용,남,41세,상해없음
2013102900100549,2013년 10월 29일 20시,화요일,경상북도 경산시 계양동,중상사고,0,1,2,0,차대차 - 추돌 - 주정차중,안전운전불이행,건조,맑음,단일로 - 기타,화물,남,61세,상해없음,승용,여,38세,경상
2013102900100574,2013년 10월 29일 21시,화요일,경상북도 경주시 외동읍,경상사고,0,0,1,0,차대차 - 기타,신호위반,건조,맑음,교차로 - 교차로안,승용,남,51세,상해없음,승용,남,52세,경상
2013102900100575,2013년 10월 29일 21시,화요일,경상북도 안동시 옥동,중상사고,0,1,0,0,차대사람 - 차도통행중,안전운전불이행,건조,맑음,기타 - 기타,이륜,남,18세,상해없음,보행자,남,17세,중상
2013102900100576,2013년 10월 29일 21시,화요일,경상북도 포항시 남구 효자동,중상사고,0,2,0,0,차대차 - 기타,안전운전불이행,건조,맑음,단일로 - 기타,승용,남,62세,상해없음,승용,여,28세,중상
2013102900100603,2013년 10월 29일 22시,화요일,경상북도 경주시 안강읍,경상사고,0,0,1,0,차대차 - 기타,안전운전불이행,건조,맑음,단일로 - 기타,승용,남,67세,상해없음,승용,여,30세,경상
2013102900100604,2013년 10월 29일 22시,화요일,경상북도 포항시 북구 흥해읍,중상사고,0,1,0,0,차대사람 - 횡단중,안전운전불이행,건조,맑음,교차로 - 교차로부근,승용,여,30세,상해없음,보행자,남,62세,중상
2013102900100605,2013년 10월 29일 22시,화요일,경상북도 칠곡군 왜관읍,사망사고,1,0,0,0,차대사람 - 기타,안전운전불이행,건조,맑음,교차로 - 교차로안,승용,남,28세,상해없음,보행자,여,81세,사망
2013102900100606,2013년 10월 29일 22시,화요일,경상북도 영천시 야사동,경상사고,0,0,1,0,차대차 - 정면충돌,안전운전불이행,건조,맑음,단일로 - 기타,승용,남,67세,상해없음,승용,남,40세,경상
2013102900100607,2013년 10월 29일 22시,화요일,경상북도 포항시 남구 대잠동,경상사고,0,0,1,0,차대차 - 기타,신호위반,건조,맑음,교차로 - 교차로안,승용,남,27세,상해없음,자전거,남,20세,경상
2013102900100608,2013년 10월 29일 22시,화요일,경상북도 김천시 봉산면,중상사고,0,1,0,0,차대사람 - 기타,안전운전불이행,습기,비,단일로 - 기타,화물,남,57세,상해없음,보행자,남,45세,중상
2013102900100626,2013년 10월 29일 23시,화요일,경상북도 영천시 대전동,경상사고,0,0,1,0,차대차 - 기타,안전운전불이행,건조,흐림,교차로 - 교차로안,승용,남,60세,상해없음,승용,남,28세,경상
2013102900100627,2013년 10월 29일 23시,화요일,경상북도 포항시 남구 해도동,중상사고,0,1,0,0,차대사람 - 기타,안전운전불이행,건조,맑음,단일로 - 기타,승용,남,61세,상해없음,보행자,남,53세,중상
2013103000100041,2013년 10월 30일 02시,수요일,경상북도 구미시 진평동,중상사고,0,1,0,0,차대사람 - 기타,안전운전불이행,건조,맑음,기타 - 기타,승용,남,27세,상해없음,보행자,남,25세,중상
2013103000100047,2013년 10월 30일 03시,수요일,경상북도 포항시 남구 대잠동,경상사고,0,0,1,0,차대차 - 측면직각충돌,안전운전불이행,건조,맑음,단일로 - 기타,승용,남,33세,상해없음,화물,여,49세,경상
2013103000100077,2013년 10월 30일 06시,수요일,경상북도 상주시 가장동,중상사고,0,1,0,0,차대차 - 추돌 - 주정차중,안전거리미확보,건조,맑음,단일로 - 기타,화물,남,25세,상해없음,승용,여,49세,중상
2013103000100104,2013년 10월 30일 07시,수요일,경상북도 문경시 공평동,중상사고,0,1,0,0,차대차 - 측면직각충돌,신호위반,건조,맑음,교차로 - 교차로안,승용,여,51세,중상,화물,남,61세,상해없음
2013103000100105,2013년 10월 30일 07시,수요일,경상북도 구미시 형곡동,경상사고,0,0,1,0,차대사람 - 기타,안전운전불이행,건조,맑음,기타 - 기타,기타불명,기타불명,1세,기타불명,보행자,여,16세,경상
2013103000100144,2013년 10월 30일 08시,수요일,경상북도 경산시 임당동,중상사고,0,1,0,0,차대차 - 기타,중앙선침범,건조,맑음,단일로 - 기타,이륜,남,20세,상해없음,승용,남,39세,상해없음
2013103000100145,2013년 10월 30일 08시,수요일,경상북도 포항시 남구 오천읍,경상사고,0,0,1,0,차대차 - 측면직각충돌,안전운전불이행,건조,맑음,단일로 - 기타,승용,남,43세,상해없음,승용,남,41세,경상