사고번호,사고일시,요일,시군구,사고내용,사망자수,중상자수,경상자수,부상신고자수,사고유형,법규위반,노면상태,기상상태,도로형태,가해운전자 차종,가해운전자 성별,가해운전자 연령,가해운전자 상해정도,피해운전자 차종,피해운전자 성별,피해운전자 연령,피해운전자 상해정도
2013110400100256,2013년 11월 4일 12시,월요일,경상북도 영주시 봉현면,경상사고,0,0,1,0,차대차 - 기타,기타,건조,맑음,교차로 - 교차로안,화물,남,61세,상해없음,농기계,남,71세,경상
2013110400100257,2013년 11월 4일 12시,월요일,경상북도 구미시 공단동,경상사고,0,0,2,0,차대차 - 기타,교차로운행방법위반,건조,맑음,교차로 - 교차로안,화물,남,25세,상해없음,승용,여,47세,경상
2013110400100258,2013년 11월 4일 12시,월요일,경상북도 김천시 아포읍,경상사고,0,0,2,0,차대차 - 추돌 - 진행중,안전운전불이행,건조,맑음,단일로 - 기타,승용,남,55세,상해없음,화물,남,64세,경상
2013110400100270,2013년 11월 4일 13시,월요일,경상북도 경주시 충효동,중상사고,0,1,0,0,차대차 - 기타,안전운전불이행,건조,맑음,교차로 - 교차로안,승용,여,33세,상해없음,원동기,남,50세,중상
2013110400100271,2013년 11월 4일 13시,월요일,경상북도 청도군 청도읍,경상사고,0,0,1,0,차대차 - 측면직각충돌,중앙선침범,건조,맑음,교차로 - 교차로부근,원동기,여,71세,상해없음,원동기,남,67세,경상
2013110400100272,2013년 11월 4일 13시,월요일,경상북도 성주군 대가면,중상사고,0,1,0,0,차대차 - 측면직각충돌,불법유턴,건조,맑음,기타 - 기타,이륜,여,72세,중상,특수,남,44세,상해없음
2013110400100305,2013년 11월 4일 14시,월요일,경상북도 경주시 외동읍,중상사고,0,1,1,0,차대차 - 기타,안전운전불이행,건조,맑음,단일로 - 교량,화물,남,74세,중상,화물,남,54세,경상
2013110400100306,2013년 11월 4일 14시,월요일,경상북도 구미시 선산읍,경상사고,0,0,2,1,차대차 - 기타,교차로운행방법위반,건조,맑음,교차로 - 교차로안,이륜,여,37세,부상신고,승용,남,60세,경상
2013110400100307,2013년 11월 4일 14시,월요일,경상북도 포항시 남구 청림동,경상사고,0,0,1,0,차대차 - 측면직각충돌,안전운전불이행,건조,맑음,교차로 - 교차로안,화물,남,53세,상해없음,승용,남,30세,경상
2013110400100337,2013년 11월 4일 15시,월요일,경상북도 포항시 북구 덕산동,경상사고,0,0,1,0,차대차 - 측면직각충돌,안전운전불이행,건조,맑음,교차로 - 교차로부근,승용,남,58세,상해없음,승용,여,47세,경상
2013110400100358,2013년 11월 4일 16시,월요일,경상북도 경주시 서부동,경상사고,0,0,1,0,차대차 - 기타,신호위반,건조,맑음,교차로 - 교차로안,승용,남,65세,상해없음,자전거,여,45세,경상
2013110400100359,2013년 11월 4일 16시,월요일,경상북도 안동시 법흥동,부상신고사고,0,0,0,1,차대차 - 측면직각충돌,신호위반,건조,맑음,교차로 - 교차로안,자전거,남,72세,부상신고,화물,남,61세,상해없음
2013110400100360,2013년 11월 4일 16시,월요일,경상북도 문경시 영신동,중상사고,0,2,0,0,차대차 - 추돌 - 진행중,안전운전불이행,건조,맑음,단일로 - 기타,농기계,남,90세 이상,상해없음,원동기,남,90세 이상,중상
2013110400100361,2013년 11월 4일 16시,월요일,경상북도 영양군 영양읍,경상사고,0,0,1,0,차대차 - 추돌 - 진행중,안전운전불이행,건조,맑음,단일로 - 기타,승용,남,62세,상해없음,승용,여,46세,경상
2013110400100362,2013년 11월 4일 16시,월요일,경상북도 구미시 인의동,중상사고,0,1,0,0,차대차 - 기타,교차로운행방법위반,건조,맑음,교차로 - 교차로안,승용,여,54세,상해없음,이륜,남,16세,중상
2013110400100363,2013년 11월 4일 16시,월요일,경상북도 구미시 인의동,중상사고,0,1,0,0,차대사람 - 기타,안전운전불이행,건조,맑음,단일로 - 기타,승합,남,47세,기타불명,보행자,여,67세,중상
2013110400100401,2013년 11월 4일 17시,월요일,경상북도 경주시 신평동,중상사고,0,2,0,0,차대차 - 기타,중앙선침범,건조,맑음,교차로 - 교차로부근,승용,남,46세,상해없음,원동기,남,31세,중상
2013110400100402,2013년 11월 4일 17시,월요일,경상북도 경주시 안강읍,중상사고,0,1,0,0,차대차 - 기타,안전운전불이행,건조,맑음,교차로 - 교차로안,원동기,여,66세,중상,승용,여,50세,상해없음
2013110400100403,2013년 11월 4일 17시,월요일,경상북도 칠곡군 기산면,경상사고,0,0,1,0,차대차 - 추돌 - 진행중,차로위반,건조,맑음,단일로 - 교량,화물,남,55세,상해없음,농기계,남,51세,경상
2013110400100404,2013년 11월 4일 17시,월요일,경상북도 경산시 정평동,경상사고,0,0,1,0,차대차 - 기타,직진우회전진행방해,건조,맑음,교차로 - 교차로안,승용,여,46세,상해없음,이륜,남,66세,경상
2013110400100456,2013년 11월 4일 18시,월요일,경상북도 경주시 하동,중상사고,0,2,1,0,차대차 - 기타,안전운전불이행,건조,맑음,단일로 - 기타,승용,여,46세,상해없음,승용,남,25세,중상
2013110400100457,2013년 11월 4일 18시,월요일,경상북도 영주시 휴천동,중상사고,0,1,0,0,차대사람 - 횡단중,보행자보호의무위반,건조,맑음,단일로 - 기타,승용,남,33세,상해없음,보행자,여,56세,중상
2013110400100458,2013년 11월 4일 18시,월요일,경상북도 예천군 개포면,중상사고,0,1,0,0,차대차 - 기타,안전운전불이행,건조,맑음,단일로 - 기타,승용,남,51세,상해없음,이륜,남,64세,중상
2013110400100459,2013년 11월 4일 18시,월요일,경상북도 구미시 송정동,중상사고,0,1,1,0,차대차 - 측면직각충돌,신호위반,건조,맑음,교차로 - 교차로안,승용,남,47세,경상,승용,여,51세,중상
2013110400100460,2013년 11월 4일 18시,월요일,경상북도 구미시 구포동,중상사고,0,1,0,0,차대사람 - 기타,보행자보호의무위반,건조,맑음,단일로 - 기타,승용,남,25세,상해없음,보행자,남,41세,중상
2013110400100497,2013년 11월 4일 19시,월요일,경상북도 포항시 북구 죽도동,중상사고,0,1,0,0,차대차 - 기타,차로위반,건조,맑음,교차로 - 교차로부근,승용,남,29세,상해없음,원동기,남,42세,중상
2013110400100498,2013년 11월 4일 19시,월요일,경상북도 안동시 금곡동,경상사고,0,0,1,0,차대차 - 기타,안전운전불이행,건조,맑음,단일로 - 기타,승용,여,42세,상해없음,승용,남,38세,경상
2013110400100499,2013년 11월 4일 19시,월요일,경상북도 청도군 화양읍,경상사고,0,0,1,0,차대차 - 추돌 - 주정차중,안전운전불이행,건조,맑음,단일로 - 기타,화물,남,50세,경상,농기계,남,55세,기타불명
2013110400100500,2013년 11월 4일 19시,월요일,경상북도 포항시 남구 연일읍,중상사고,0,1,0,0,차대차 - 측면직각충돌,안전거리미확보,건조,맑음,단일로 - 기타,승용,남,69세,중상,농기계,남,61세,상해없음
2013110400100566,2013년 11월 4일 21시,월요일,경상북도 포항시 북구 장성동,경상사고,0,0,3,0,차대차 - 기타,차로위반,건조,맑음,교차로 - 교차로부근,승용,남,55세,상해없음,승용,남,35세,상해없음
2013110400100567,2013년 11월 4일 21시,월요일,경상북도 경산시 진량읍,중상사고,0,2,1,0,차대차 - 기타,안전운전불이행,건조,맑음,교차로 - 교차로안,승용,남,47세,상해없음,승용,여,42세,중상
2013110400100595,2013년 11월 4일 22시,월요일,경상북도 구미시 옥계동,경상사고,0,0,1,0,차대차 - 측면직각충돌,중앙선침범,건조,맑음,단일로 - 기타,기타불명,기타불명,기타불명,기타불명,승용,남,30세,경상
2013110400100596,2013년 11월 4일 22시,월요일,경상북도 구미시 오태동,경상사고,0,0,1,0,차량단독 - 공작물충돌,안전운전불이행,건조,맑음,단일로 - 기타,승용,남,39세,경상,,,,
2013110500100028,2013년 11월 5일 01시,화요일,경상북도 포항시 북구 양덕동,경상사고,0,0,1,0,차대차 - 기타,신호위반,건조,맑음,교차로 - 교차로안,승용,여,53세,상해없음,승용,남,57세,경상
2013110500100029,2013년 11월 5일 01시,화요일,경상북도 구미시 공단동,중상사고,0,1,0,0,차량단독 - 공작물충돌,안전운전불이행,건조,맑음,단일로 - 기타,승용,남,32세,중상,,,,
2013110500100037,2013년 11월 5일 02시,화요일,경상북도 구미시 옥계동,경상사고,0,0,2,0,차대차 - 추돌 - 주정차중,안전운전불이행,건조,맑음,교차로 - 교차로부근,승용,남,65세,상해없음,승용,여,49세,경상
2013110500100077,2013년 11월 5일 06시,화요일,경상북도 영주시 풍기읍,중상사고,0,2,1,0,차대사람 - 횡단중,보행자보호의무위반,습기,맑음,교차로 - 교차로안,이륜,남,66세,경상,보행자,남,76세,중상
2013110500100078,2013년 11월 5일 06시,화요일,경상북도 구미시 인의동,중상사고,0,1,2,0,차대차 - 기타,안전운전불이행,건조,맑음,교차로 - 교차로부근,승용,남,22세,상해없음,승합,남,52세,중상
2013110500100105,2013년 11월 5일 07시,화요일,경상북도 칠곡군 북삼읍,중상사고,0,1,2,0,차대차 - 기타,안전거리미확보,건조,맑음,단일로 - 기타,승용,남,51세,상해없음,승용,남,58세,중상
2013110500100106,2013년 11월 5일 07시,화요일,경상북도 문경시 모전동,경상사고,0,0,1,0,차대차 - 측면직각충돌,교차로운행방법위반,건조,맑음,교차로 - 교차로안,원동기,남,82세,경상,승용,여,55세,상해없음
2013110500100107,2013년 11월 5일 07시,화요일,경상북도 청도군 청도읍,사망사고,1,0,0,0,차대사람 - 기타,보행자보호의무위반,기타,안개,미분류 - 미분류,승합,남,45세,상해없음,보행자,남,82세,사망
2013110500100149,2013년 11월 5일 08시,화요일,경상북도 칠곡군 왜관읍,경상사고,0,0,1,0,차대차 - 기타,교차로운행방법위반,건조,맑음,교차로 - 교차로안,승용,남,56세,상해없음,승용,여,37세,경상
2013110500100150,2013년 11월 5일 08시,화요일,경상북도 청도군 각남면,경상사고,0,0,1,0,차대차 - 측면직각충돌,직진우회전진행방해,습기,안개,교차로 - 교차로안,원동기,여,59세,경상,승용,여,48세,상해없음
2013110500100151,2013년 11월 5일 08시,화요일,경상북도 포항시 남구 효자동,중상사고,0,1,1,0,차대차 - 측면직각충돌,안전운전불이행,건조,맑음,단일로 - 기타,승용,여,30세,상해없음,자전거,여,44세,중상
2013110500100181,2013년 11월 5일 09시,화요일,경상북도 경주시 외동읍,경상사고,0,0,2,0,차대차 - 기타,안전운전불이행,건조,맑음,단일로 - 기타,화물,남,31세,상해없음,승용,여,52세,경상
2013110500100206,2013년 11월 5일 10시,화요일,경상북도 상주시 내서면,경상사고,0,0,1,0,차대차 - 기타,교차로운행방법위반,건조,맑음,교차로 - 교차로안,화물,남,33세,상해없음,자전거,남,75세,경상
2013110500100207,2013년 11월 5일 10시,화요일,경상북도 상주시 무양동,중상사고,0,1,0,0,차대차 - 기타,안전운전불이행,건조,맑음,교차로 - 교차로안,승용,남,27세,상해없음,원동기,남,53세,중상
2013110500100208,2013년 11월 5일 10시,화요일,경상북도 문경시 동로면,중상사고,0,1,0,0,차대차 - 추돌 - 주정차중,안전운전불이행,건조,맑음,단일로 - 기타,이륜,남,62세,중상,화물,남,52세,상해없음
2013110500100263,2013년 11월 5일 12시,화요일,경상북도 포항시 북구 용흥동,부상신고사고,0,0,0,1,차대사람 - 기타,안전운전불이행,건조,맑음,단일로 - 기타,화물,여,46세,상해없음,보행자,여,37세,부상신고
2013110500100264,2013년 11월 5일 12시,화요일,경상북도 울진군 죽변면,경상사고,0,0,1,0,차대차 - 측면직각충돌,안전운전불이행,건조,맑음,단일로 - 기타,원동기,여,46세,경상,승용,여,26세,상해없음
2013110500100265,2013년 11월 5일 12시,화요일,경상북도 고령군 고령읍,중상사고,0,1,0,0,차대차 - 추돌 - 주정차중,안전운전불이행,건조,맑음,단일로 - 기타,승용,여,60세,상해없음,화물,남,30세,중상
2013110500100287,2013년 11월 5일 13시,화요일,경상북도 포항시 남구 효자동,경상사고,0,0,2,0,차대차 - 측면직각충돌,안전운전불이행,건조,맑음,교차로 - 교차로안,승용,남,66세,경상,승용,남,30세,경상
2013110500100288,2013년 11월 5일 13시,화요일,경상북도 포항시 남구 연일읍,부상신고사고,0,0,0,1,차대차 - 측면직각충돌,안전운전불이행,건조,맑음,교차로 - 교차로안,화물,남,42세,부상신고,승용,남,35세,상해없음
2013110500100319,2013년 11월 5일 14시,화요일,경상북도 안동시 옥야동,경상사고,0,0,1,0,차대차 - 기타,직진우회전진행방해,건조,맑음,교차로 - 교차로부근,승용,남,49세,상해없음,승용,남,80세,경상
2013110500100320,2013년 11월 5일 14시,화요일,경상북도 청도군 각남면,중상사고,0,1,0,0,차대차 - 측면직각충돌,중앙선침범,건조,맑음,교차로 - 교차로부근,승용,여,58세,상해없음,원동기,남,77세,중상
2013110500100347,2013년 11월 5일 15시,화요일,경상북도 경주시 동천동,중상사고,0,1,0,0,차대차 - 기타,안전운전불이행,건조,맑음,교차로 - 교차로안,승용,남,25세,상해없음,자전거,남,77세,중상
2013110500100348,2013년 11월 5일 15시,화요일,경상북도 영주시 영주동,경상사고,0,0,1,0,차대사람 - 차도통행중,안전운전불이행,건조,맑음,단일로 - 기타,승용,여,47세,상해없음,보행자,남,59세,경상
2013110500100349,2013년 11월 5일 15시,화요일,경상북도 구미시 공단동,중상사고,0,1,0,0,차대차 - 기타,교차로운행방법위반,건조,맑음,교차로 - 교차로안,승용,남,32세,상해없음,이륜,남,44세,중상
2013110500100350,2013년 11월 5일 15시,화요일,경상북도 구미시 형곡동,중상사고,0,1,0,0,차대차 - 기타,교차로운행방법위반,건조,맑음,교차로 - 교차로부근,승용,여,53세,중상,승용,남,62세,상해없음
2013110500100387,2013년 11월 5일 16시,화요일,경상북도 칠곡군 북삼읍,경상사고,0,0,2,1,차대차 - 측면직각충돌,교차로운행방법위반,건조,맑음,교차로 - 교차로안,승용,여,56세,부상신고,승용,여,52세,경상
2013110500100388,2013년 11월 5일 16시,화요일,경상북도 영천시 청통면,경상사고,0,0,1,0,차대차 - 측면직각충돌,중앙선침범,건조,맑음,단일로 - 기타,승용,남,58세,상해없음,승용,여,51세,경상
2013110500100431,2013년 11월 5일 17시,화요일,경상북도 경주시 동천동,중상사고,0,1,0,0,차대사람 - 기타,신호위반,건조,맑음,교차로 - 교차로안,화물,남,59세,상해없음,보행자,남,10세,중상
2013110500100432,2013년 11월 5일 17시,화요일,경상북도 경산시 중방동,중상사고,0,1,0,0,차대차 - 기타,안전운전불이행,건조,맑음,단일로 - 기타,이륜,남,59세,중상,승용,남,49세,상해없음
2013110500100433,2013년 11월 5일 17시,화요일,경상북도 군위군 의흥면,경상사고,0,0,2,0,차대차 - 추돌 - 진행중,안전운전불이행,건조,맑음,단일로 - 기타,화물,남,74세,경상,농기계,남,63세,경상
2013110500100479,2013년 11월 5일 18시,화요일,경상북도 안동시 송현동,경상사고,0,0,1,0,차대차 - 정면충돌,신호위반,건조,맑음,교차로 - 교차로안,승합,남,82세,상해없음,이륜,남,40세,경상
2013110500100480,2013년 11월 5일 18시,화요일,경상북도 영주시 상망동,중상사고,0,1,0,0,차대차 - 추돌 - 진행중,안전운전불이행,건조,맑음,교차로 - 교차로부근,화물,남,57세,상해없음,승용,여,30세,중상
2013110500100481,2013년 11월 5일 18시,화요일,경상북도 경산시 중방동,경상사고,0,0,2,0,차대차 - 기타,안전거리미확보,건조,맑음,단일로 - 기타,승용,남,42세,상해없음,승용,남,54세,경상
2013110500100482,2013년 11월 5일 18시,화요일,경상북도 성주군 수륜면,경상사고,0,0,1,0,차대차 - 기타,안전운전불이행,건조,맑음,기타 - 기타,승용,남,47세,상해없음,농기계,남,70세,경상
2013110500100483,2013년 11월 5일 18시,화요일,경상북도 포항시 남구 장흥동,중상사고,0,1,0,0,차대차 - 기타,안전운전불이행,건조,맑음,교차로 - 교차로부근,승용,남,29세,중상,승용,남,64세,상해없음
2013110500100484,2013년 11월 5일 18시,화요일,경상북도 포항시 남구 오천읍,부상신고사고,0,0,0,1,차대사람 - 기타,안전거리미확보,건조,맑음,교차로 - 교차로부근,승합,남,13세,상해없음,보행자,남,56세,부상신고
2013110500100519,2013년 11월 5일 19시,화요일,경상북도 포항시 북구 우현동,경상사고,0,0,1,0,차대차 - 추돌 - 주정차중,안전운전불이행,건조,맑음,교차로 - 교차로부근,승용,남,48세,상해없음,승용,남,76세,경상
2013110500100520,2013년 11월 5일 19시,화요일,경상북도 영천시 금호읍,중상사고,0,1,0,0,차량단독 - 전도전복,안전운전불이행,건조,맑음,단일로 - 기타,화물,남,55세,상해없음,,,,
2013110500100521,2013년 11월 5일 19시,화요일,경상북도 포항시 남구 구룡포읍,경상사고,0,0,1,0,차대차 - 측면직각충돌,안전운전불이행,건조,맑음,교차로 - 교차로안,원동기,여,31세,경상,화물,여,50세,상해없음
2013110500100551,2013년 11월 5일 20시,화요일,경상북도 포항시 남구 연일읍,중상사고,0,1,0,0,차대차 - 측면직각충돌,직진우회전진행방해,건조,맑음,교차로 - 교차로안,원동기,남,38세,중상,승용,남,22세,상해없음
2013110500100589,2013년 11월 5일 21시,화요일,경상북도 예천군 유천면,중상사고,0,4,0,0,차대차 - 추돌 - 진행중,안전운전불이행,건조,맑음,단일로 - 기타,화물,남,44세,상해없음,승합,남,44세,중상
2013110500100624,2013년 11월 5일 22시,화요일,경상북도 경산시 사동,중상사고,0,1,0,0,차대차 - 기타,안전운전불이행,건조,맑음,교차로 - 교차로안,승용,여,42세,상해없음,승용,여,45세,중상
2013110500100645,2013년 11월 5일 23시,화요일,경상북도 구미시 오태동,중상사고,0,1,0,0,차대차 - 기타,안전운전불이행,건조,맑음,교차로 - 교차로부근,기타불명,기타불명,기타불명,기타불명,승용,남,39세,중상
2013110600100063,2013년 11월 6일 05시,수요일,경상북도 포항시 북구 용흥동,중상사고,0,1,0,0,차대사람 - 기타,안전운전불이행,건조,맑음,단일로 - 기타,승용,남,31세,상해없음,보행자,남,59세,중상
2013110600100064,2013년 11월 6일 05시,수요일,경상북도 경산시 하양읍,중상사고,0,1,0,0,차대차 - 기타,안전운전불이행,건조,맑음,단일로 - 기타,승용,남,28세,중상,화물,남,41세,상해없음
2013110600100081,2013년 11월 6일 06시,수요일,경상북도 경산시 중방동,중상사고,0,1,0,0,차대차 - 기타,안전운전불이행,건조,맑음,교차로 - 교차로부근,승용,남,32세,상해없음,승용,남,51세,중상
2013110600100082,2013년 11월 6일 06시,수요일,경상북도 성주군 초전면,경상사고,0,0,1,0,차대차 - 측면직각충돌,직진우회전진행방해,기타,안개,교차로 - 교차로안,화물,남,64세,상해없음,승용,남,66세,경상
2013110600100101,2013년 11월 6일 07시,수요일,경상북도 경주시 외동읍,중상사고,0,1,1,0,차대차 - 기타,신호위반,건조,맑음,교차로 - 교차로안,승용,남,48세,상해없음,화물,남,83세,경상
2013110600100102,2013년 11월 6일 07시,수요일,경상북도 김천시 모암동,중상사고,0,1,0,0,차대사람 - 기타,보행자보호의무위반,건조,맑음,교차로 - 교차로부근,승용,남,28세,상해없음,보행자,남,28세,중상
2013110600100103,2013년 11월 6일 07시,수요일,경상북도 영천시 문내동,경상사고,0,0,1,0,차대차 - 측면직각충돌,직진우회전진행방해,건조,맑음,교차로 - 교차로안,화물,남,37세,상해없음,승용,남,28세,경상
2013110600100104,2013년 11월 6일 07시,수요일,경상북도 경산시 진량읍,경상사고,0,0,3,0,차대차 - 기타,안전운전불이행,건조,맑음,단일로 - 기타,화물,남,40세,상해없음,승용,남,51세,경상
2013110600100105,2013년 11월 6일 07시,수요일,경상북도 포항시 남구 청림동,경상사고,0,0,1,0,차대차 - 측면직각충돌,교차로운행방법위반,건조,맑음,교차로 - 교차로안,승용,남,48세,상해없음,승용,남,56세,경상
2013110600100106,2013년 11월 6일 07시,수요일,경상북도 포항시 남구 오천읍,경상사고,0,0,3,0,차대차 - 측면직각충돌,안전운전불이행,건조,맑음,교차로 - 교차로안,승용,남,23세,경상,건설기계,남,48세,상해없음
2013110600100123,2013년 11월 6일 08시,수요일,경상북도 상주시 가장동,중상사고,0,1,0,0,차량단독 - 전도전복,안전운전불이행,건조,맑음,단일로 - 기타,원동기,남,71세,중상,,,,
2013110600100124,2013년 11월 6일 08시,수요일,경상북도 영주시 휴천동,경상사고,0,0,2,0,차대차 - 측면직각충돌,교차로운행방법위반,건조,흐림,교차로 - 교차로안,승용,여,41세,상해없음,승용,여,40세,경상
2013110600100125,2013년 11월 6일 08시,수요일,경상북도 포항시 남구 오천읍,경상사고,0,0,1,0,차대사람 - 횡단중,안전운전불이행,건조,맑음,단일로 - 기타,승용,남,59세,상해없음,보행자,남,12세,경상
2013110600100179,2013년 11월 6일 10시,수요일,경상북도 포항시 북구 장성동,경상사고,0,0,1,0,차량단독 - 공작물충돌,안전운전불이행,건조,맑음,교차로 - 교차로부근,승용,남,20세,상해없음,,,,
2013110600100180,2013년 11월 6일 10시,수요일,경상북도 안동시 운안동,경상사고,0,0,1,0,차대차 - 기타,안전운전불이행,건조,맑음,기타 - 기타,승용,남,69세,상해없음,승용,남,37세,경상
2013110600100234,2013년 11월 6일 12시,수요일,경상북도 포항시 남구 오천읍,경상사고,0,0,1,0,차대차 - 추돌 - 주정차중,안전운전불이행,건조,맑음,교차로 - 교차로부근,승용,남,59세,상해없음,승용,여,37세,경상
2013110600100235,2013년 11월 6일 12시,수요일,경상북도 포항시 남구 인덕동,경상사고,0,0,1,0,차대차 - 추돌 - 주정차중,안전운전불이행,건조,맑음,교차로 - 교차로부근,승용,남,37세,상해없음,승용,여,48세,경상
2013110600100246,2013년 11월 6일 13시,수요일,경상북도 안동시 서후면,중상사고,0,1,0,0,차대차 - 기타,중앙선침범,습기,비,단일로 - 기타,화물,남,54세,상해없음,화물,남,54세,중상
2013110600100276,2013년 11월 6일 14시,수요일,경상북도 상주시 외서면,중상사고,0,1,0,0,차대차 - 기타,안전거리미확보,습기,흐림,단일로 - 기타,화물,남,53세,상해없음,농기계,남,77세,중상
2013110600100277,2013년 11월 6일 14시,수요일,경상북도 영주시 상망동,경상사고,0,0,1,0,차대차 - 추돌 - 진행중,안전운전불이행,건조,맑음,교차로 - 교차로부근,화물,남,52세,상해없음,화물,남,67세,경상
2013110600100278,2013년 11월 6일 14시,수요일,경상북도 칠곡군 북삼읍,중상사고,0,1,0,0,차대차 - 기타,교차로운행방법위반,건조,맑음,교차로 - 교차로안,승용,남,79세,상해없음,승용,여,58세,중상
2013110600100279,2013년 11월 6일 14시,수요일,경상북도 포항시 남구 효자동,경상사고,0,0,1,0,차대차 - 추돌 - 주정차중,교차로운행방법위반,건조,맑음,단일로 - 기타,승용,남,58세,상해없음,승용,여,52세,경상
2013110600100306,2013년 11월 6일 15시,수요일,경상북도 청송군 파천면,경상사고,0,0,3,0,차량단독 - 공작물충돌,안전운전불이행,건조,맑음,단일로 - 기타,승용,여,50세,경상,,,,
2013110600100343,2013년 11월 6일 16시,수요일,경상북도 경주시 동천동,중상사고,0,1,0,0,차대차 - 기타,신호위반,건조,맑음,교차로 - 교차로안,승용,여,64세,상해없음,자전거,여,66세,중상
2013110600100344,2013년 11월 6일 16시,수요일,경상북도 영양군 영양읍,경상사고,0,0,2,0,차대차 - 추돌 - 진행중,안전운전불이행,건조,맑음,단일로 - 기타,승합,여,42세,경상,화물,남,49세,상해없음
2013110600100345,2013년 11월 6일 16시,수요일,경상북도 포항시 남구 오천읍,경상사고,0,0,2,0,차대차 - 측면직각충돌,안전운전불이행,건조,맑음,단일로 - 기타,승용,여,21세,경상,건설기계,남,51세,상해없음
2013110600100386,2013년 11월 6일 17시,수요일,경상북도 경주시 강동면,경상사고,0,0,1,0,차대차 - 기타,안전운전불이행,건조,맑음,단일로 - 기타,승용,남,24세,상해없음,승용,여,36세,경상
2013110600100387,2013년 11월 6일 17시,수요일,경상북도 성주군 성주읍,경상사고,0,0,2,0,차대차 - 정면충돌,신호위반,기타,흐림,단일로 - 기타,화물,남,69세,경상,화물,남,46세,경상
2013110600100443,2013년 11월 6일 18시,수요일,경상북도 경주시 교동,사망사고,1,1,0,0,차대사람 - 기타,안전운전불이행,건조,맑음,단일로 - 기타,승용,남,27세,상해없음,보행자,여,73세,중상
2013110600100444,2013년 11월 6일 18시,수요일,경상북도 안동시 수상동,경상사고,0,0,3,0,차대차 - 기타,안전운전불이행,건조,맑음,단일로 - 기타,승용,남,55세,상해없음,승용,남,35세,경상
2013110600100445,2013년 11월 6일 18시,수요일,경상북도 김천시 평화동,경상사고,0,0,1,0,차대차 - 측면직각충돌,안전운전불이행,습기,비,교차로 - 교차로안,이륜,남,67세,상해없음,승용,남,27세,상해없음
2013110600100446,2013년 11월 6일 18시,수요일,경상북도 상주시 낙양동,경상사고,0,0,2,0,차대차 - 추돌 - 진행중,안전운전불이행,습기,비,교차로 - 교차로부근,승용,남,36세,상해없음,승용,남,34세,경상
2013110600100447,2013년 11월 6일 18시,수요일,경상북도 상주시 남성동,중상사고,0,1,0,0,차대차 - 기타,안전운전불이행,습기,비,단일로 - 기타,자전거,여,69세,중상,승용,남,59세,상해없음
2013110600100448,2013년 11월 6일 18시,수요일,경상북도 칠곡군 약목면,부상신고사고,0,0,0,1,차대사람 - 횡단중,안전운전불이행,습기,비,단일로 - 기타,화물,남,49세,상해없음,보행자,남,36세,부상신고
2013110600100449,2013년 11월 6일 18시,수요일,경상북도 경산시 진량읍,중상사고,0,1,0,0,차대차 - 기타,신호위반,습기,비,교차로 - 교차로안,승용,남,65세,상해없음,승용,여,27세,중상
2013110600100450,2013년 11월 6일 18시,수요일,경상북도 경산시 정평동,경상사고,0,0,2,0,차대차 - 기타,안전운전불이행,건조,맑음,교차로 - 교차로안,화물,남,49세,상해없음,승용,남,56세,경상
2013110600100451,2013년 11월 6일 18시,수요일,경상북도 울진군 울진읍,경상사고,0,0,1,0,차대차 - 측면직각충돌,안전운전불이행,건조,맑음,단일로 - 기타,승용,여,36세,상해없음,원동기,남,78세,경상
2013110600100452,2013년 11월 6일 18시,수요일,경상북도 포항시 남구 이동,중상사고,0,1,0,0,차대차 - 기타,안전운전불이행,건조,맑음,단일로 - 기타,승용,여,31세,상해없음,원동기,남,28세,중상
2013110600100453,2013년 11월 6일 18시,수요일,경상북도 포항시 남구 장기면,사망사고,1,0,0,0,차대사람 - 기타,안전운전불이행,건조,흐림,단일로 - 기타,승용,여,60세,상해없음,보행자,남,66세,사망
2013110600100509,2013년 11월 6일 19시,수요일,경상북도 경주시 외동읍,중상사고,0,1,1,0,차대차 - 기타,안전운전불이행,건조,맑음,교차로 - 교차로안,승용,남,60세,상해없음,승용,남,45세,중상
2013110600100510,2013년 11월 6일 19시,수요일,경상북도 영주시 가흥동,경상사고,0,0,1,0,차대차 - 기타,신호위반,건조,흐림,교차로 - 교차로안,화물,남,46세,상해없음,원동기,남,43세,경상
2013110600100549,2013년 11월 6일 20시,수요일,경상북도 상주시 신봉동,중상사고,0,2,2,0,차대차 - 기타,안전운전불이행,습기,비,단일로 - 기타,승용,남,50세,상해없음,승용,남,18세,중상
2013110600100584,2013년 11월 6일 21시,수요일,경상북도 포항시 북구 항구동,경상사고,0,0,1,0,차대차 - 기타,안전운전불이행,습기,비,단일로 - 기타,승용,남,60세,상해없음,승용,여,53세,경상
2013110600100585,2013년 11월 6일 21시,수요일,경상북도 영천시 완산동,부상신고사고,0,0,0,1,차대사람 - 기타,안전운전불이행,건조,맑음,단일로 - 기타,승용,남,27세,상해없음,보행자,남,65세,부상신고
2013110600100586,2013년 11월 6일 21시,수요일,경상북도 경산시 중방동,중상사고,0,1,0,0,차대차 - 기타,안전거리미확보,습기,비,단일로 - 기타,화물,남,27세,상해없음,승용,여,44세,중상
2013110600100587,2013년 11월 6일 21시,수요일,경상북도 구미시 형곡동,중상사고,0,3,1,0,차대차 - 추돌 - 주정차중,안전운전불이행,습기,흐림,교차로 - 교차로부근,승용,남,52세,상해없음,승용,여,43세,중상