사고번호,사고일시,요일,시군구,사고내용,사망자수,중상자수,경상자수,부상신고자수,사고유형,법규위반,노면상태,기상상태,도로형태,가해운전자 차종,가해운전자 성별,가해운전자 연령,가해운전자 상해정도,피해운전자 차종,피해운전자 성별,피해운전자 연령,피해운전자 상해정도
2013110600100588,2013년 11월 6일 21시,수요일,경상북도 구미시 인의동,중상사고,0,1,0,0,차대사람 - 기타,안전운전불이행,건조,맑음,단일로 - 기타,승용,남,26세,상해없음,보행자,여,29세,중상
2013110600100606,2013년 11월 6일 22시,수요일,경상북도 경주시 성건동,중상사고,0,1,0,0,차대사람 - 기타,보행자보호의무위반,습기,비,교차로 - 교차로부근,승용,남,31세,상해없음,보행자,남,58세,중상
2013110600100642,2013년 11월 6일 23시,수요일,경상북도 경주시 신평동,경상사고,0,0,1,0,차대차 - 기타,안전운전불이행,습기,비,단일로 - 기타,승용,남,57세,상해없음,승용,남,50세,경상
2013110600100643,2013년 11월 6일 23시,수요일,경상북도 포항시 남구 송내동,경상사고,0,0,2,0,차대차 - 기타,안전운전불이행,건조,맑음,단일로 - 교량,승용,남,58세,상해없음,승용,남,43세,경상
2013110700100016,2013년 11월 7일 00시,목요일,경상북도 경주시 서부동,경상사고,0,0,1,0,차대차 - 기타,교차로운행방법위반,건조,맑음,교차로 - 교차로부근,승용,남,39세,상해없음,화물,남,56세,경상
2013110700100032,2013년 11월 7일 01시,목요일,경상북도 경산시 중산동,경상사고,0,0,2,0,차대차 - 기타,안전운전불이행,건조,맑음,교차로 - 교차로부근,승용,남,46세,상해없음,승용,남,56세,경상
2013110700100043,2013년 11월 7일 02시,목요일,경상북도 구미시 오태동,중상사고,0,1,0,0,차대차 - 측면직각충돌,안전운전불이행,건조,흐림,교차로 - 교차로부근,화물,남,34세,상해없음,승용,남,41세,중상
2013110700100088,2013년 11월 7일 06시,목요일,경상북도 구미시 해평면,중상사고,0,1,2,0,차대차 - 기타,중앙선침범,습기,안개,단일로 - 기타,화물,남,52세,경상,화물,남,43세,경상
2013110700100116,2013년 11월 7일 07시,목요일,경상북도 포항시 남구 해도동,중상사고,0,1,0,0,차대차 - 기타,안전운전불이행,건조,맑음,단일로 - 기타,화물,남,25세,상해없음,자전거,남,27세,중상
2013110700100151,2013년 11월 7일 08시,목요일,경상북도 경주시 성동동,중상사고,0,1,0,0,차대사람 - 기타,안전운전불이행,건조,맑음,단일로 - 기타,승용,여,40세,상해없음,보행자,여,63세,중상
2013110700100152,2013년 11월 7일 08시,목요일,경상북도 포항시 남구 효자동,중상사고,0,1,0,0,차대차 - 측면직각충돌,안전운전불이행,건조,맑음,단일로 - 기타,자전거,남,48세,중상,승용,남,51세,상해없음
2013110700100185,2013년 11월 7일 09시,목요일,경상북도 경주시 안강읍,경상사고,0,0,1,0,차대차 - 기타,안전운전불이행,건조,맑음,기타 - 기타,승용,여,53세,상해없음,화물,남,71세,경상
2013110700100186,2013년 11월 7일 09시,목요일,경상북도 성주군 초전면,사망사고,1,0,0,0,차대사람 - 길가장자리구역통행중,안전운전불이행,습기,맑음,단일로 - 기타,화물,남,65세,상해없음,보행자,남,72세,사망
2013110700100215,2013년 11월 7일 10시,목요일,경상북도 안동시 당북동,경상사고,0,0,1,0,차대차 - 기타,안전운전불이행,건조,맑음,교차로 - 교차로부근,승용,남,63세,상해없음,자전거,여,64세,경상
2013110700100216,2013년 11월 7일 10시,목요일,경상북도 안동시 일직면,경상사고,0,0,2,0,차대차 - 측면직각충돌,교차로운행방법위반,건조,맑음,교차로 - 교차로안,승용,남,48세,상해없음,승합,남,54세,상해없음
2013110700100235,2013년 11월 7일 11시,목요일,경상북도 안동시 정하동,부상신고사고,0,0,0,1,차량단독 - 공작물충돌,안전운전불이행,건조,맑음,단일로 - 기타,승합,남,27세,부상신고,,,,
2013110700100236,2013년 11월 7일 11시,목요일,경상북도 문경시 점촌동,경상사고,0,0,3,0,차대차 - 측면직각충돌,교차로운행방법위반,건조,맑음,교차로 - 교차로안,승용,여,54세,경상,승용,남,66세,경상
2013110700100237,2013년 11월 7일 11시,목요일,경상북도 영덕군 영해면,경상사고,0,0,1,1,차대차 - 기타,안전운전불이행,건조,맑음,단일로 - 기타,화물,남,25세,상해없음,화물,남,64세,경상
2013110700100263,2013년 11월 7일 12시,목요일,경상북도 상주시 화산동,경상사고,0,0,1,0,차대차 - 기타,안전운전불이행,건조,맑음,단일로 - 기타,화물,남,40세,상해없음,승용,여,50세,경상
2013110700100291,2013년 11월 7일 13시,목요일,경상북도 영주시 가흥동,경상사고,0,0,4,0,차대차 - 기타,안전운전불이행,건조,맑음,교차로 - 교차로안,승용,남,42세,경상,승용,여,52세,경상
2013110700100318,2013년 11월 7일 14시,목요일,경상북도 영천시 문외동,경상사고,0,0,1,0,차대차 - 기타,신호위반,건조,맑음,교차로 - 교차로안,승용,남,55세,상해없음,승용,여,55세,상해없음
2013110700100319,2013년 11월 7일 14시,목요일,경상북도 청도군 화양읍,중상사고,0,1,0,0,차대사람 - 기타,안전운전불이행,건조,맑음,교차로 - 교차로안,원동기,남,61세,상해없음,보행자,여,77세,중상
2013110700100320,2013년 11월 7일 14시,목요일,경상북도 구미시 공단동,경상사고,0,0,1,0,차대차 - 기타,안전운전불이행,건조,맑음,교차로 - 교차로안,화물,남,64세,상해없음,승용,남,46세,경상
2013110700100362,2013년 11월 7일 15시,목요일,경상북도 안동시 송현동,경상사고,0,0,1,0,차대차 - 기타,안전운전불이행,건조,맑음,교차로 - 교차로부근,승용,남,60세,상해없음,화물,여,43세,경상
2013110700100363,2013년 11월 7일 15시,목요일,경상북도 안동시 금곡동,중상사고,0,1,0,0,차대사람 - 기타,신호위반,건조,맑음,단일로 - 기타,건설기계,남,32세,상해없음,보행자,남,10세,중상
2013110700100364,2013년 11월 7일 15시,목요일,경상북도 봉화군 명호면,중상사고,0,1,0,0,차대차 - 측면직각충돌,안전운전불이행,건조,맑음,단일로 - 기타,이륜,남,45세,중상,승합,남,56세,상해없음
2013110700100400,2013년 11월 7일 16시,목요일,경상북도 경주시 진현동,중상사고,0,4,2,0,차대차 - 기타,안전운전불이행,건조,맑음,교차로 - 교차로안,승용,남,70세,상해없음,승합,남,51세,중상
2013110700100433,2013년 11월 7일 17시,목요일,경상북도 경주시 안강읍,중상사고,0,1,1,0,차대차 - 기타,안전운전불이행,건조,맑음,단일로 - 기타,화물,남,60세,상해없음,승용,남,48세,중상
2013110700100434,2013년 11월 7일 17시,목요일,경상북도 상주시 남성동,중상사고,0,1,0,0,차대차 - 기타,안전운전불이행,건조,맑음,교차로 - 교차로안,농기계,남,58세,상해없음,원동기,남,58세,중상
2013110700100435,2013년 11월 7일 17시,목요일,경상북도 구미시 구평동,경상사고,0,0,1,0,차대차 - 기타,안전거리미확보,건조,맑음,단일로 - 기타,이륜,남,33세,상해없음,이륜,남,19세,경상
2013110700100477,2013년 11월 7일 18시,목요일,경상북도 경주시 서악동,경상사고,0,0,3,0,차대차 - 기타,안전운전불이행,건조,맑음,단일로 - 기타,승용,남,52세,기타불명,승합,남,43세,경상
2013110700100478,2013년 11월 7일 18시,목요일,경상북도 영주시 조암동,사망사고,1,0,0,0,차대사람 - 기타,안전운전불이행,건조,맑음,단일로 - 기타,승용,여,49세,상해없음,보행자,남,61세,사망
2013110700100513,2013년 11월 7일 19시,목요일,경상북도 안동시 옥동,경상사고,0,0,1,0,차대차 - 기타,신호위반,건조,맑음,교차로 - 교차로안,승용,남,49세,상해없음,원동기,남,17세,경상
2013110700100514,2013년 11월 7일 19시,목요일,경상북도 울진군 평해읍,중상사고,0,1,8,0,차대차 - 추돌 - 주정차중,안전운전불이행,건조,맑음,교차로 - 교차로부근,화물,남,50세,중상,승합,남,41세,경상
2013110700100548,2013년 11월 7일 20시,목요일,경상북도 포항시 북구 장성동,중상사고,0,1,0,0,차대사람 - 기타,안전운전불이행,건조,맑음,단일로 - 기타,승용,남,45세,상해없음,보행자,남,50세,중상
2013110700100549,2013년 11월 7일 20시,목요일,경상북도 경산시 진량읍,중상사고,0,1,0,0,차대차 - 기타,안전운전불이행,건조,맑음,단일로 - 기타,화물,남,21세,상해없음,화물,남,22세,중상
2013110700100576,2013년 11월 7일 21시,목요일,경상북도 안동시 옥야동,경상사고,0,0,1,0,차대차 - 기타,안전운전불이행,건조,맑음,기타 - 기타,승용,여,41세,상해없음,승용,남,56세,경상
2013110700100577,2013년 11월 7일 21시,목요일,경상북도 칠곡군 동명면,경상사고,0,0,1,0,차대차 - 추돌 - 진행중,안전거리미확보,건조,맑음,단일로 - 기타,승용,남,31세,상해없음,승용,남,45세,경상
2013110700100578,2013년 11월 7일 21시,목요일,경상북도 영덕군 남정면,경상사고,0,0,1,0,차대차 - 추돌 - 주정차중,안전운전불이행,건조,맑음,교차로 - 교차로부근,승용,여,51세,경상,화물,남,49세,상해없음
2013110700100595,2013년 11월 7일 22시,목요일,경상북도 경산시 진량읍,중상사고,0,1,0,0,차대차 - 기타,안전운전불이행,건조,맑음,단일로 - 기타,승용,남,42세,상해없음,자전거,남,26세,중상
2013110700100625,2013년 11월 7일 23시,목요일,경상북도 경주시 외동읍,경상사고,0,0,2,0,차대차 - 추돌 - 주정차중,안전운전불이행,건조,맑음,교차로 - 교차로부근,승용,남,52세,상해없음,승용,남,24세,경상
2013110700100626,2013년 11월 7일 23시,목요일,경상북도 영주시 상망동,경상사고,0,0,2,0,차대차 - 측면직각충돌,신호위반,건조,맑음,교차로 - 교차로안,승용,남,44세,상해없음,화물,남,56세,경상
2013110800100100,2013년 11월 8일 07시,금요일,경상북도 경주시 성동동,중상사고,0,1,0,0,차대차 - 기타,안전운전불이행,건조,맑음,교차로 - 교차로부근,승용,남,47세,상해없음,자전거,여,63세,중상
2013110800100101,2013년 11월 8일 07시,금요일,경상북도 안동시 태화동,경상사고,0,0,3,0,차대차 - 기타,중앙선침범,건조,맑음,교차로 - 교차로부근,승용,남,24세,상해없음,승용,남,55세,경상
2013110800100134,2013년 11월 8일 08시,금요일,경상북도 고령군 개진면,중상사고,0,1,0,0,차대사람 - 횡단중,안전운전불이행,기타,맑음,기타 - 기타,화물,남,74세,상해없음,보행자,여,60세,중상
2013110800100164,2013년 11월 8일 09시,금요일,경상북도 안동시 옥동,중상사고,0,1,0,0,차대차 - 기타,안전운전불이행,건조,맑음,교차로 - 교차로부근,승용,남,63세,상해없음,승용,여,27세,중상
2013110800100165,2013년 11월 8일 09시,금요일,경상북도 울진군 후포면,중상사고,0,1,0,1,차량단독 - 전도전복,안전운전불이행,건조,맑음,단일로 - 기타,이륜,남,73세,부상신고,,,,
2013110800100166,2013년 11월 8일 09시,금요일,경상북도 청송군 진보면,경상사고,0,0,1,0,차대사람 - 보도통행중,보행자보호의무위반,습기,안개,단일로 - 횡단보도상,화물,남,74세,상해없음,보행자,여,62세,경상
2013110800100167,2013년 11월 8일 09시,금요일,경상북도 구미시 도량동,경상사고,0,0,1,0,차대차 - 기타,안전운전불이행,건조,맑음,단일로 - 기타,화물,남,39세,상해없음,자전거,남,58세,경상
2013110800100168,2013년 11월 8일 09시,금요일,경상북도 구미시 황상동,경상사고,0,0,6,0,차대차 - 측면직각충돌,안전운전불이행,건조,맑음,교차로 - 교차로부근,승용,여,31세,경상,승용,남,33세,경상
2013110800100197,2013년 11월 8일 10시,금요일,경상북도 경주시 안강읍,중상사고,0,1,0,0,차대차 - 기타,안전운전불이행,건조,맑음,교차로 - 교차로안,농기계,남,70세,상해없음,화물,남,70세,상해없음
2013110800100198,2013년 11월 8일 10시,금요일,경상북도 경산시 하양읍,중상사고,0,1,0,0,차대차 - 기타,안전운전불이행,건조,맑음,교차로 - 교차로안,승용,여,21세,상해없음,이륜,남,64세,중상
2013110800100199,2013년 11월 8일 10시,금요일,경상북도 예천군 풍양면,중상사고,0,1,0,0,차대차 - 기타,안전운전불이행,건조,맑음,교차로 - 교차로안,승용,남,22세,상해없음,원동기,여,78세,중상
2013110800100263,2013년 11월 8일 12시,금요일,경상북도 구미시 황상동,경상사고,0,0,1,0,차대차 - 기타,교차로운행방법위반,건조,맑음,단일로 - 기타,승합,남,55세,상해없음,승용,남,23세,경상
2013110800100295,2013년 11월 8일 13시,금요일,경상북도 포항시 북구 장성동,중상사고,0,1,2,0,차대차 - 기타,안전운전불이행,건조,맑음,교차로 - 교차로안,승용,여,52세,경상,승용,남,55세,상해없음
2013110800100296,2013년 11월 8일 13시,금요일,경상북도 포항시 남구 대잠동,중상사고,0,1,1,0,차대차 - 측면직각충돌,신호위반,건조,맑음,교차로 - 교차로안,승용,남,21세,상해없음,승용,남,53세,중상
2013110800100313,2013년 11월 8일 14시,금요일,경상북도 안동시 임동면,중상사고,0,3,4,0,차대차 - 추돌 - 진행중,안전거리미확보,건조,맑음,단일로 - 기타,화물,남,51세,상해없음,승용,남,53세,경상
2013110800100314,2013년 11월 8일 14시,금요일,경상북도 김천시 평화동,경상사고,0,0,1,0,차대차 - 측면직각충돌,교차로운행방법위반,건조,맑음,교차로 - 교차로안,승용,남,56세,상해없음,이륜,남,89세,경상
2013110800100315,2013년 11월 8일 14시,금요일,경상북도 영주시 하망동,경상사고,0,0,1,0,차대차 - 추돌 - 주정차중,안전운전불이행,건조,맑음,교차로 - 교차로부근,화물,남,52세,상해없음,이륜,여,58세,경상
2013110800100316,2013년 11월 8일 14시,금요일,경상북도 영주시 하망동,중상사고,0,1,1,0,차대차 - 측면직각충돌,신호위반,건조,맑음,교차로 - 교차로안,화물,남,58세,상해없음,승용,남,47세,경상
2013110800100317,2013년 11월 8일 14시,금요일,경상북도 경산시 옥곡동,경상사고,0,0,1,0,차대사람 - 기타,안전운전불이행,건조,맑음,단일로 - 횡단보도상,기타불명,기타불명,기타불명,기타불명,보행자,여,13세,경상
2013110800100318,2013년 11월 8일 14시,금요일,경상북도 경산시 정평동,경상사고,0,0,1,0,차대차 - 기타,안전운전불이행,건조,맑음,단일로 - 기타,화물,남,23세,상해없음,원동기,남,25세,경상
2013110800100319,2013년 11월 8일 14시,금요일,경상북도 영덕군 강구면,경상사고,0,0,1,0,차대차 - 정면충돌,안전운전불이행,건조,맑음,단일로 - 기타,화물,남,64세,경상,화물,남,51세,상해없음
2013110800100363,2013년 11월 8일 15시,금요일,경상북도 경주시 배반동,중상사고,0,1,1,0,차대차 - 기타,안전운전불이행,건조,맑음,교차로 - 교차로안,승용,남,76세,상해없음,승용,남,63세,상해없음
2013110800100364,2013년 11월 8일 15시,금요일,경상북도 상주시 남성동,중상사고,0,1,0,0,차대차 - 기타,안전운전불이행,건조,맑음,교차로 - 교차로안,원동기,남,65세,중상,화물,남,52세,상해없음
2013110800100365,2013년 11월 8일 15시,금요일,경상북도 경산시 사정동,중상사고,0,1,0,0,차대차 - 기타,안전운전불이행,건조,맑음,교차로 - 교차로부근,승용,남,22세,상해없음,자전거,남,12세,중상
2013110800100366,2013년 11월 8일 15시,금요일,경상북도 성주군 벽진면,경상사고,0,0,1,0,차대차 - 기타,중앙선침범,건조,맑음,기타 - 기타,이륜,남,76세,경상,화물,여,50세,상해없음
2013110800100367,2013년 11월 8일 15시,금요일,경상북도 포항시 남구 구룡포읍,중상사고,0,1,0,0,차대차 - 측면직각충돌,안전운전불이행,건조,맑음,단일로 - 기타,원동기,남,66세,중상,승용,남,76세,상해없음
2013110800100402,2013년 11월 8일 16시,금요일,경상북도 영천시 임고면,중상사고,0,1,0,0,차량단독 - 전도전복,안전운전불이행,건조,맑음,기타 - 기타,농기계,남,60세,중상,,,,
2013110800100403,2013년 11월 8일 16시,금요일,경상북도 구미시 신평동,중상사고,0,1,0,0,차대사람 - 기타,보행자보호의무위반,건조,맑음,교차로 - 교차로부근,건설기계,남,44세,상해없음,보행자,여,69세,중상
2013110800100444,2013년 11월 8일 17시,금요일,경상북도 경주시 강동면,경상사고,0,0,1,0,차대차 - 기타,안전운전불이행,건조,맑음,기타 - 기타,화물,여,48세,상해없음,화물,남,70세,상해없음
2013110800100445,2013년 11월 8일 17시,금요일,경상북도 상주시 청리면,중상사고,0,1,0,0,차량단독 - 공작물충돌,안전운전불이행,건조,맑음,단일로 - 기타,화물,남,70세,상해없음,,,,
2013110800100446,2013년 11월 8일 17시,금요일,경상북도 구미시 임은동,중상사고,0,1,3,0,차대차 - 추돌 - 진행중,안전운전불이행,건조,맑음,단일로 - 기타,승용,남,49세,경상,승용,여,47세,경상
2013110800100501,2013년 11월 8일 18시,금요일,경상북도 경주시 천북면,중상사고,0,3,0,0,차대차 - 기타,안전운전불이행,건조,맑음,단일로 - 기타,화물,남,54세,중상,농기계,남,54세,중상
2013110800100502,2013년 11월 8일 18시,금요일,경상북도 경주시 광명동,중상사고,0,1,1,0,차대차 - 기타,안전운전불이행,건조,맑음,단일로 - 기타,승용,남,71세,상해없음,농기계,남,73세,경상
2013110800100503,2013년 11월 8일 18시,금요일,경상북도 안동시 금곡동,경상사고,0,0,3,0,차대차 - 추돌 - 진행중,안전운전불이행,건조,맑음,단일로 - 기타,승용,남,62세,상해없음,승용,남,78세,경상
2013110800100504,2013년 11월 8일 18시,금요일,경상북도 상주시 은척면,중상사고,0,1,2,0,차량단독 - 전도전복,안전운전불이행,건조,맑음,단일로 - 기타,화물,남,56세,상해없음,,,,
2013110800100505,2013년 11월 8일 18시,금요일,경상북도 문경시 농암면,경상사고,0,0,2,0,차대차 - 측면직각충돌,안전운전불이행,건조,맑음,단일로 - 기타,승용,남,69세,상해없음,승합,남,72세,경상
2013110800100506,2013년 11월 8일 18시,금요일,경상북도 구미시 임수동,중상사고,0,1,4,0,차대차 - 추돌 - 진행중,안전운전불이행,건조,맑음,단일로 - 기타,승용,남,36세,중상,화물,남,59세,경상
2013110800100557,2013년 11월 8일 19시,금요일,경상북도 포항시 북구 흥해읍,중상사고,0,1,0,0,차대차 - 기타,중앙선침범,건조,맑음,교차로 - 교차로안,원동기,여,54세,상해없음,원동기,남,17세,중상
2013110800100558,2013년 11월 8일 19시,금요일,경상북도 칠곡군 동명면,중상사고,0,1,0,0,차대차 - 기타,안전운전불이행,건조,맑음,교차로 - 교차로안,승합,남,39세,상해없음,이륜,남,29세,중상
2013110800100627,2013년 11월 8일 21시,금요일,경상북도 포항시 북구 죽도동,중상사고,0,1,0,0,차대사람 - 기타,안전운전불이행,건조,맑음,교차로 - 교차로안,승용,남,51세,상해없음,보행자,남,71세,중상
2013110800100660,2013년 11월 8일 22시,금요일,경상북도 포항시 북구 흥해읍,경상사고,0,0,1,0,차대차 - 기타,안전운전불이행,건조,맑음,기타 - 기타,승용,남,44세,상해없음,승용,남,40세,경상
2013110800100693,2013년 11월 8일 23시,금요일,경상북도 포항시 남구 상도동,경상사고,0,0,2,0,차대사람 - 기타,안전운전불이행,건조,맑음,단일로 - 기타,승용,남,57세,상해없음,보행자,여,47세,경상
2013110900100021,2013년 11월 9일 00시,토요일,경상북도 영양군 영양읍,부상신고사고,0,0,0,1,차대사람 - 기타,안전운전불이행,건조,맑음,단일로 - 기타,승용,남,21세,상해없음,보행자,남,21세,부상신고
2013110900100040,2013년 11월 9일 01시,토요일,경상북도 경주시 배반동,경상사고,0,0,1,0,차대사람 - 기타,안전운전불이행,건조,맑음,기타 - 기타,승용,남,52세,상해없음,보행자,남,44세,경상
2013110900100059,2013년 11월 9일 02시,토요일,경상북도 안동시 옥동,중상사고,0,1,0,0,차대사람 - 기타,안전운전불이행,건조,맑음,단일로 - 기타,승용,여,48세,상해없음,보행자,여,28세,중상
2013110900100090,2013년 11월 9일 04시,토요일,경상북도 영천시 화산면,사망사고,1,1,1,0,차대차 - 추돌 - 주정차중,안전운전불이행,건조,맑음,단일로 - 기타,승용,남,43세,경상,승용,남,43세,상해없음
2013110900100101,2013년 11월 9일 05시,토요일,경상북도 경주시 외동읍,경상사고,0,0,1,0,차대차 - 기타,안전운전불이행,건조,맑음,단일로 - 기타,승용,남,29세,상해없음,승용,남,55세,경상
2013110900100102,2013년 11월 9일 05시,토요일,경상북도 상주시 무양동,중상사고,0,1,0,0,차량단독 - 전도전복,안전운전불이행,건조,맑음,단일로 - 기타,승용,남,21세,상해없음,,,,
2013110900100125,2013년 11월 9일 06시,토요일,경상북도 울진군 후포면,경상사고,0,0,1,0,차대차 - 기타,안전운전불이행,건조,맑음,단일로 - 기타,승용,남,71세,상해없음,승합,남,60세,경상
2013110900100140,2013년 11월 9일 07시,토요일,경상북도 경주시 성건동,중상사고,0,1,0,0,차대사람 - 기타,보행자보호의무위반,건조,맑음,교차로 - 교차로안,화물,남,53세,상해없음,보행자,여,62세,중상
2013110900100141,2013년 11월 9일 07시,토요일,경상북도 안동시 운흥동,경상사고,0,0,1,0,차대사람 - 기타,안전운전불이행,건조,맑음,단일로 - 기타,승용,남,73세,상해없음,보행자,여,23세,경상
2013110900100142,2013년 11월 9일 07시,토요일,경상북도 김천시 남면,사망사고,1,0,0,0,차량단독 - 전도전복,안전운전불이행,건조,맑음,교차로 - 교차로안,화물,남,64세,사망,,,,
2013110900100143,2013년 11월 9일 07시,토요일,경상북도 포항시 남구 연일읍,경상사고,0,0,1,0,차대차 - 기타,안전운전불이행,건조,맑음,단일로 - 기타,승용,남,55세,경상,화물,남,53세,상해없음
2013110900100176,2013년 11월 9일 08시,토요일,경상북도 고령군 다산면,경상사고,0,0,1,0,차대차 - 측면직각충돌,안전운전불이행,건조,맑음,교차로 - 교차로부근,승용,남,76세,상해없음,승용,여,35세,경상
2013110900100197,2013년 11월 9일 09시,토요일,경상북도 안동시 옥야동,중상사고,0,1,0,0,차대차 - 추돌 - 진행중,안전운전불이행,건조,맑음,기타 - 기타,승용,남,47세,상해없음,승용,남,69세,중상
2013110900100198,2013년 11월 9일 09시,토요일,경상북도 김천시 농소면,사망사고,1,0,0,0,차대차 - 측면직각충돌,교차로운행방법위반,건조,맑음,교차로 - 교차로안,승합,남,55세,상해없음,이륜,남,71세,사망
2013110900100199,2013년 11월 9일 09시,토요일,경상북도 포항시 남구 오천읍,경상사고,0,0,2,0,차대차 - 측면직각충돌,교차로운행방법위반,건조,맑음,교차로 - 교차로안,건설기계,남,50세,상해없음,승용,남,52세,경상
2013110900100200,2013년 11월 9일 09시,토요일,경상북도 구미시 옥성면,경상사고,0,0,2,0,차대차 - 추돌 - 진행중,안전거리미확보,건조,맑음,단일로 - 터널,승용,남,49세,상해없음,승용,남,42세,상해없음
2013110900100218,2013년 11월 9일 10시,토요일,경상북도 구미시 사곡동,중상사고,0,1,0,0,차대차 - 기타,신호위반,건조,맑음,교차로 - 교차로안,이륜,남,70세,중상,승용,여,41세,상해없음
2013110900100294,2013년 11월 9일 13시,토요일,경상북도 구미시 상모동,경상사고,0,0,1,0,차대차 - 기타,교차로운행방법위반,건조,맑음,교차로 - 교차로부근,승용,여,37세,상해없음,이륜,남,41세,경상
2013110900100364,2013년 11월 9일 15시,토요일,경상북도 경주시 황남동,경상사고,0,0,1,1,차대차 - 추돌 - 주정차중,안전운전불이행,습기,비,교차로 - 교차로부근,승용,남,53세,상해없음,승용,남,64세,경상
2013110900100365,2013년 11월 9일 15시,토요일,경상북도 경주시 천군동,중상사고,0,2,1,0,차대차 - 기타,중앙선침범,습기,비,단일로 - 기타,화물,남,39세,상해없음,승용,여,40세,중상
2013110900100366,2013년 11월 9일 15시,토요일,경상북도 김천시 아포읍,경상사고,0,0,1,0,차대차 - 측면직각충돌,교차로운행방법위반,습기,비,교차로 - 교차로안,화물,남,77세,상해없음,이륜,여,52세,경상
2013110900100367,2013년 11월 9일 15시,토요일,경상북도 김천시 농소면,경상사고,0,0,1,0,차대차 - 측면직각충돌,안전운전불이행,습기,비,교차로 - 교차로안,승용,남,47세,상해없음,승용,남,48세,상해없음
2013110900100368,2013년 11월 9일 15시,토요일,경상북도 문경시 영순면,중상사고,0,1,1,0,차대차 - 측면직각충돌,직진우회전진행방해,습기,비,교차로 - 교차로안,승용,남,29세,중상,이륜,여,59세,경상
2013110900100419,2013년 11월 9일 16시,토요일,경상북도 경주시 보문동,중상사고,0,1,3,0,차대차 - 측면직각충돌,안전운전불이행,습기,비,교차로 - 교차로안,승용,여,46세,상해없음,승용,남,37세,경상
2013110900100420,2013년 11월 9일 16시,토요일,경상북도 안동시 안막동,중상사고,0,1,0,0,차대사람 - 기타,안전운전불이행,습기,비,교차로 - 교차로안,승용,남,49세,상해없음,보행자,여,80세,중상
2013110900100421,2013년 11월 9일 16시,토요일,경상북도 안동시 안기동,중상사고,0,1,0,0,차대차 - 기타,안전운전불이행,습기,비,단일로 - 기타,화물,남,71세,상해없음,이륜,여,64세,중상
2013110900100422,2013년 11월 9일 16시,토요일,경상북도 경산시 옥곡동,중상사고,0,1,2,0,차대차 - 기타,안전운전불이행,건조,맑음,교차로 - 교차로안,승용,남,62세,상해없음,승용,남,53세,경상
2013110900100477,2013년 11월 9일 17시,토요일,경상북도 포항시 북구 용흥동,경상사고,0,0,1,0,차대차 - 기타,안전운전불이행,습기,비,교차로 - 교차로부근,승용,남,49세,상해없음,원동기,여,29세,경상
2013110900100478,2013년 11월 9일 17시,토요일,경상북도 김천시 평화동,경상사고,0,0,1,0,차대차 - 측면직각충돌,안전운전불이행,습기,비,단일로 - 기타,승용,남,34세,상해없음,승용,여,45세,경상
2013110900100479,2013년 11월 9일 17시,토요일,경상북도 구미시 고아읍,경상사고,0,0,1,0,차대차 - 기타,안전운전불이행,습기,비,교차로 - 교차로부근,승용,여,40세,상해없음,승용,여,28세,경상
2013110900100480,2013년 11월 9일 17시,토요일,경상북도 포항시 남구 동해면,경상사고,0,0,1,0,차대차 - 측면직각충돌,안전운전불이행,건조,맑음,교차로 - 교차로안,원동기,남,16세,경상,승용,여,46세,상해없음
2013110900100481,2013년 11월 9일 17시,토요일,경상북도 포항시 남구 송내동,경상사고,0,0,6,0,차대차 - 추돌 - 주정차중,안전거리미확보,습기,비,단일로 - 교량,승용,남,37세,상해없음,승용,여,58세,경상
2013110900100482,2013년 11월 9일 17시,토요일,경상북도 칠곡군 지천면,경상사고,0,0,1,0,차대차 - 측면직각충돌,안전거리미확보,습기,비,단일로 - 기타,승합,남,53세,상해없음,승용,남,28세,경상
2013110900100553,2013년 11월 9일 18시,토요일,경상북도 경주시 양북면,경상사고,0,0,1,0,차대차 - 측면직각충돌,안전운전불이행,습기,비,교차로 - 교차로안,화물,남,35세,상해없음,승용,여,23세,경상
2013110900100554,2013년 11월 9일 18시,토요일,경상북도 경주시 외동읍,중상사고,0,1,0,0,차대사람 - 횡단중,보행자보호의무위반,건조,흐림,단일로 - 횡단보도상,승용,여,45세,상해없음,보행자,여,77세,중상
2013110900100555,2013년 11월 9일 18시,토요일,경상북도 포항시 북구 양덕동,중상사고,0,1,0,0,차대차 - 기타,신호위반,습기,비,단일로 - 횡단보도상,승용,남,22세,상해없음,자전거,남,50세,중상
2013110900100556,2013년 11월 9일 18시,토요일,경상북도 안동시 태화동,중상사고,0,1,0,0,차대사람 - 기타,안전운전불이행,습기,비,교차로 - 교차로안,승용,남,63세,상해없음,보행자,여,57세,중상
2013110900100557,2013년 11월 9일 18시,토요일,경상북도 안동시 길안면,중상사고,0,2,0,0,차대사람 - 기타,안전운전불이행,습기,비,단일로 - 기타,승합,남,54세,상해없음,보행자,여,65세,중상
2013110900100558,2013년 11월 9일 18시,토요일,경상북도 안동시 태화동,경상사고,0,0,1,0,차대사람 - 기타,안전운전불이행,습기,비,교차로 - 교차로부근,승용,남,54세,상해없음,보행자,남,54세,경상