사고번호,사고일시,요일,시군구,사고내용,사망자수,중상자수,경상자수,부상신고자수,사고유형,법규위반,노면상태,기상상태,도로형태,가해운전자 차종,가해운전자 성별,가해운전자 연령,가해운전자 상해정도,피해운전자 차종,피해운전자 성별,피해운전자 연령,피해운전자 상해정도
2013111200100082,2013년 11월 12일 06시,화요일,경상북도 상주시 외답동,중상사고,0,1,0,0,차대차 - 기타,안전운전불이행,건조,맑음,단일로 - 기타,특수,남,45세,상해없음,특수,남,45세,중상
2013111200100083,2013년 11월 12일 06시,화요일,경상북도 구미시 임은동,사망사고,1,0,0,0,차대차 - 기타,신호위반,건조,맑음,교차로 - 교차로안,승용,여,34세,상해없음,이륜,남,60세,사망
2013111200100109,2013년 11월 12일 07시,화요일,경상북도 김천시 성내동,중상사고,0,1,0,0,차대사람 - 기타,안전운전불이행,건조,맑음,단일로 - 기타,화물,남,61세,상해없음,보행자,남,17세,중상
2013111200100110,2013년 11월 12일 07시,화요일,경상북도 영천시 임고면,중상사고,0,2,0,0,차대차 - 기타,안전운전불이행,건조,맑음,단일로 - 기타,화물,남,71세,상해없음,농기계,남,43세,중상
2013111200100111,2013년 11월 12일 07시,화요일,경상북도 구미시 공단동,중상사고,0,1,1,0,차대차 - 기타,신호위반,건조,맑음,교차로 - 교차로안,승용,여,61세,상해없음,승용,남,55세,중상
2013111200100154,2013년 11월 12일 08시,화요일,경상북도 구미시 산동면,경상사고,0,0,1,0,차대사람 - 기타,안전운전불이행,건조,맑음,단일로 - 기타,승합,남,45세,상해없음,보행자,남,32세,경상
2013111200100155,2013년 11월 12일 08시,화요일,경상북도 경산시 남천면,중상사고,0,3,0,0,차대차 - 추돌 - 진행중,안전운전불이행,건조,맑음,단일로 - 기타,승용,남,20세,중상,화물,남,60세,중상
2013111200100183,2013년 11월 12일 09시,화요일,경상북도 경주시 서면,경상사고,0,0,1,0,차량단독 - 도로외이탈 - 추락,안전운전불이행,건조,맑음,단일로 - 기타,승용,여,72세,경상,,,,
2013111200100184,2013년 11월 12일 09시,화요일,경상북도 경주시 안강읍,경상사고,0,0,1,0,차대차 - 기타,안전운전불이행,건조,맑음,단일로 - 기타,승용,여,58세,기타불명,화물,남,35세,경상
2013111200100185,2013년 11월 12일 09시,화요일,경상북도 포항시 남구 대잠동,경상사고,0,0,1,0,차대사람 - 기타,신호위반,건조,맑음,단일로 - 기타,승용,남,51세,상해없음,보행자,여,46세,경상
2013111200100209,2013년 11월 12일 10시,화요일,경상북도 포항시 북구 흥해읍,경상사고,0,0,1,0,차대차 - 기타,교차로운행방법위반,건조,맑음,교차로 - 교차로안,승용,남,58세,상해없음,원동기,남,80세,경상
2013111200100210,2013년 11월 12일 10시,화요일,경상북도 안동시 용상동,중상사고,0,1,1,0,차대차 - 추돌 - 주정차중,안전운전불이행,건조,맑음,교차로 - 교차로부근,건설기계,남,39세,상해없음,승용,남,71세,중상
2013111200100211,2013년 11월 12일 10시,화요일,경상북도 의성군 안계면,중상사고,0,1,0,0,차대사람 - 기타,중앙선침범,건조,맑음,단일로 - 기타,승용,여,50세,상해없음,보행자,여,72세,중상
2013111200100212,2013년 11월 12일 10시,화요일,경상북도 문경시 문경읍,경상사고,0,0,1,0,차대차 - 측면직각충돌,직진우회전진행방해,건조,맑음,교차로 - 교차로안,승용,여,64세,경상,건설기계,남,59세,상해없음
2013111200100213,2013년 11월 12일 10시,화요일,경상북도 청도군 풍각면,사망사고,1,1,0,0,차대차 - 정면충돌,중앙선침범,건조,맑음,단일로 - 기타,화물,남,49세,중상,화물,남,59세,사망
2013111200100214,2013년 11월 12일 10시,화요일,경상북도 포항시 남구 오천읍,중상사고,0,1,0,0,차대사람 - 기타,안전운전불이행,건조,맑음,교차로 - 교차로부근,화물,남,53세,상해없음,보행자,여,91세,중상
2013111200100240,2013년 11월 12일 11시,화요일,경상북도 경산시 사동,중상사고,0,1,1,0,차대차 - 기타,안전운전불이행,건조,맑음,단일로 - 기타,승용,여,46세,중상,승용,남,51세,경상
2013111200100241,2013년 11월 12일 11시,화요일,경상북도 영덕군 영해면,중상사고,0,1,0,0,차대차 - 추돌 - 주정차중,안전운전불이행,건조,맑음,교차로 - 교차로안,화물,남,58세,중상,특수,남,44세,상해없음
2013111200100242,2013년 11월 12일 11시,화요일,경상북도 포항시 남구 연일읍,중상사고,0,2,0,0,차대차 - 측면직각충돌,신호위반,건조,맑음,교차로 - 교차로안,승용,남,64세,중상,승용,여,40세,중상
2013111200100243,2013년 11월 12일 11시,화요일,경상북도 포항시 남구 상도동,중상사고,0,1,1,0,차대차 - 측면직각충돌,교차로운행방법위반,건조,맑음,교차로 - 교차로안,승용,남,67세,경상,승용,여,40세,중상
2013111200100268,2013년 11월 12일 12시,화요일,경상북도 상주시 공성면,중상사고,0,1,0,0,차대차 - 기타,중앙선침범,건조,맑음,단일로 - 기타,화물,여,43세,상해없음,화물,여,26세,중상
2013111200100328,2013년 11월 12일 14시,화요일,경상북도 구미시 송정동,경상사고,0,0,2,0,차대차 - 기타,신호위반,건조,맑음,교차로 - 교차로안,승용,여,50세,상해없음,승용,남,25세,경상
2013111200100329,2013년 11월 12일 14시,화요일,경상북도 청도군 청도읍,중상사고,0,1,0,0,차대차 - 추돌 - 진행중,안전운전불이행,건조,맑음,단일로 - 기타,화물,남,51세,상해없음,화물,남,55세,중상
2013111200100358,2013년 11월 12일 15시,화요일,경상북도 성주군 초전면,경상사고,0,0,1,0,차대차 - 기타,중앙선침범,건조,맑음,기타 - 기타,화물,남,64세,상해없음,승용,남,43세,경상
2013111200100359,2013년 11월 12일 15시,화요일,경상북도 포항시 남구 대잠동,중상사고,0,1,0,0,차대사람 - 횡단중,보행자보호의무위반,건조,맑음,교차로 - 교차로안,승용,남,59세,상해없음,보행자,여,8세,중상
2013111200100426,2013년 11월 12일 17시,화요일,경상북도 포항시 북구 장성동,중상사고,0,1,0,0,차대사람 - 기타,안전운전불이행,건조,맑음,단일로 - 기타,승용,남,47세,상해없음,보행자,남,9세,중상
2013111200100427,2013년 11월 12일 17시,화요일,경상북도 안동시 일직면,사망사고,1,0,0,0,차대사람 - 차도통행중,안전운전불이행,건조,맑음,단일로 - 기타,화물,남,66세,상해없음,보행자,여,78세,사망
2013111200100429,2013년 11월 12일 17시,화요일,경상북도 구미시 구평동,경상사고,0,0,1,0,차대차 - 측면직각충돌,안전운전불이행,건조,맑음,교차로 - 교차로부근,승용,여,30세,상해없음,자전거,남,10세,경상
2013111200100430,2013년 11월 12일 17시,화요일,경상북도 포항시 남구 대도동,중상사고,0,1,0,0,차대차 - 기타,안전운전불이행,건조,맑음,교차로 - 교차로안,화물,남,56세,상해없음,자전거,여,67세,중상
2013111200100473,2013년 11월 12일 18시,화요일,경상북도 경주시 광명동,중상사고,0,1,0,0,차대사람 - 횡단중,신호위반,건조,맑음,교차로 - 교차로안,승용,여,26세,상해없음,보행자,남,51세,중상
2013111200100474,2013년 11월 12일 18시,화요일,경상북도 포항시 북구 흥해읍,중상사고,0,1,1,0,차대차 - 기타,안전거리미확보,건조,맑음,단일로 - 기타,승용,남,33세,상해없음,승용,남,42세,중상
2013111200100475,2013년 11월 12일 18시,화요일,경상북도 포항시 북구 죽도동,경상사고,0,0,1,0,차대차 - 측면직각충돌,차로위반,건조,맑음,교차로 - 교차로부근,승용,여,63세,상해없음,승용,남,37세,경상
2013111200100476,2013년 11월 12일 18시,화요일,경상북도 칠곡군 가산면,중상사고,0,1,0,1,차대차 - 정면충돌,신호위반,건조,맑음,교차로 - 교차로안,승용,남,74세,부상신고,승용,남,51세,중상
2013111200100477,2013년 11월 12일 18시,화요일,경상북도 문경시 문경읍,중상사고,0,1,0,0,차대차 - 정면충돌,교차로운행방법위반,건조,맑음,교차로 - 교차로안,원동기,남,65세,중상,화물,남,67세,상해없음
2013111200100511,2013년 11월 12일 19시,화요일,경상북도 군위군 효령면,경상사고,0,0,1,0,차대사람 - 횡단중,안전운전불이행,건조,맑음,교차로 - 교차로부근,화물,남,39세,상해없음,보행자,남,68세,경상
2013111200100543,2013년 11월 12일 20시,화요일,경상북도 칠곡군 가산면,중상사고,0,1,0,0,차대차 - 정면충돌,중앙선침범,건조,맑음,교차로 - 교차로부근,화물,남,55세,상해없음,승용,남,25세,중상
2013111200100575,2013년 11월 12일 21시,화요일,경상북도 경주시 성건동,경상사고,0,0,2,0,차대차 - 기타,안전운전불이행,건조,맑음,교차로 - 교차로안,승용,남,72세,상해없음,승용,여,38세,경상
2013111200100609,2013년 11월 12일 22시,화요일,경상북도 경산시 하양읍,경상사고,0,0,1,0,차대사람 - 기타,안전운전불이행,건조,맑음,교차로 - 교차로안,승용,남,25세,상해없음,보행자,여,32세,경상
2013111200100610,2013년 11월 12일 22시,화요일,경상북도 구미시 옥계동,경상사고,0,0,1,0,차대차 - 추돌 - 진행중,안전운전불이행,건조,맑음,교차로 - 교차로부근,기타불명,기타불명,1세,기타불명,승용,남,29세,경상
2013111200100641,2013년 11월 12일 23시,화요일,경상북도 칠곡군 지천면,경상사고,0,0,2,0,차대차 - 추돌 - 진행중,안전운전불이행,건조,맑음,단일로 - 기타,승용,남,26세,상해없음,승용,여,36세,경상
2013111300100036,2013년 11월 13일 02시,수요일,경상북도 문경시 문경읍,경상사고,0,0,1,0,차량단독 - 전도전복,안전운전불이행,건조,맑음,교차로 - 교차로부근,화물,남,20세,경상,,,,
2013111300100103,2013년 11월 13일 07시,수요일,경상북도 경주시 사정동,부상신고사고,0,0,0,1,차대차 - 기타,안전운전불이행,건조,맑음,교차로 - 교차로안,화물,남,55세,상해없음,화물,남,48세,상해없음
2013111300100144,2013년 11월 13일 08시,수요일,경상북도 포항시 북구 두호동,중상사고,0,1,0,0,차대차 - 기타,안전운전불이행,건조,맑음,교차로 - 교차로안,승용,여,42세,상해없음,승용,여,52세,중상
2013111300100145,2013년 11월 13일 08시,수요일,경상북도 영주시 휴천동,경상사고,0,0,1,0,차대차 - 측면직각충돌,교차로운행방법위반,건조,맑음,교차로 - 교차로안,승용,남,40세,상해없음,승용,여,51세,상해없음
2013111300100146,2013년 11월 13일 08시,수요일,경상북도 문경시 흥덕동,경상사고,0,0,3,1,차대차 - 기타,안전운전불이행,건조,맑음,단일로 - 기타,자전거,남,54세,상해없음,승합,남,53세,상해없음
2013111300100147,2013년 11월 13일 08시,수요일,경상북도 고령군 고령읍,경상사고,0,0,1,0,차대차 - 측면직각충돌,안전운전불이행,건조,맑음,교차로 - 교차로부근,승용,여,67세,상해없음,승용,여,41세,경상
2013111300100148,2013년 11월 13일 08시,수요일,경상북도 구미시 옥계동,경상사고,0,0,4,0,차대차 - 추돌 - 주정차중,안전거리미확보,건조,맑음,교차로 - 교차로부근,승용,남,39세,상해없음,화물,여,27세,경상
2013111300100177,2013년 11월 13일 09시,수요일,경상북도 김천시 대항면,경상사고,0,0,2,0,차대차 - 측면직각충돌,신호위반,건조,맑음,단일로 - 기타,화물,남,45세,상해없음,화물,남,50세,경상
2013111300100178,2013년 11월 13일 09시,수요일,경상북도 칠곡군 석적읍,중상사고,0,1,1,0,차대차 - 기타,안전운전불이행,건조,맑음,교차로 - 교차로안,승용,여,35세,경상,승용,여,54세,중상
2013111300100179,2013년 11월 13일 09시,수요일,경상북도 경산시 정평동,경상사고,0,0,1,0,차대차 - 기타,안전운전불이행,건조,맑음,교차로 - 교차로안,승용,남,41세,상해없음,원동기,남,78세,경상
2013111300100180,2013년 11월 13일 09시,수요일,경상북도 예천군 풍양면,중상사고,0,1,0,0,차대차 - 기타,안전운전불이행,건조,맑음,단일로 - 기타,승용,남,38세,상해없음,원동기,여,75세,중상
2013111300100203,2013년 11월 13일 10시,수요일,경상북도 포항시 북구 죽도동,경상사고,0,0,1,0,차대사람 - 기타,안전운전불이행,건조,맑음,단일로 - 기타,승용,남,61세,상해없음,보행자,남,18세,경상
2013111300100204,2013년 11월 13일 10시,수요일,경상북도 포항시 북구 양덕동,경상사고,0,0,1,2,차대차 - 기타,안전운전불이행,건조,맑음,단일로 - 기타,승용,남,57세,상해없음,승용,여,34세,경상
2013111300100205,2013년 11월 13일 10시,수요일,경상북도 영덕군 달산면,사망사고,1,0,0,0,차대사람 - 기타,안전운전불이행,건조,맑음,단일로 - 기타,화물,남,71세,상해없음,보행자,여,77세,사망
2013111300100238,2013년 11월 13일 11시,수요일,경상북도 칠곡군 지천면,경상사고,0,0,1,0,차대사람 - 기타,안전운전불이행,건조,맑음,단일로 - 기타,화물,남,56세,상해없음,보행자,남,21세,경상
2013111300100239,2013년 11월 13일 11시,수요일,경상북도 문경시 흥덕동,경상사고,0,0,1,0,차대차 - 측면직각충돌,안전운전불이행,건조,맑음,교차로 - 교차로안,승용,남,57세,상해없음,원동기,남,58세,경상
2013111300100269,2013년 11월 13일 12시,수요일,경상북도 포항시 북구 우현동,중상사고,0,1,1,0,차대차 - 추돌 - 주정차중,안전거리미확보,건조,맑음,단일로 - 기타,화물,남,57세,상해없음,승용,남,28세,경상
2013111300100270,2013년 11월 13일 12시,수요일,경상북도 김천시 백옥동,중상사고,0,1,0,0,차대차 - 측면직각충돌,신호위반,건조,맑음,교차로 - 교차로안,화물,남,47세,상해없음,자전거,남,44세,중상
2013111300100271,2013년 11월 13일 12시,수요일,경상북도 봉화군 소천면,경상사고,0,0,1,0,차량단독 - 도로외이탈 - 기타,안전운전불이행,결빙,맑음,단일로 - 기타,승용,남,61세,경상,,,,
2013111300100272,2013년 11월 13일 12시,수요일,경상북도 포항시 남구 연일읍,경상사고,0,0,1,0,차대사람 - 기타,안전운전불이행,건조,맑음,단일로 - 기타,승용,여,40세,상해없음,보행자,남,55세,경상
2013111300100305,2013년 11월 13일 13시,수요일,경상북도 상주시 공성면,경상사고,0,0,3,0,차대차 - 추돌 - 진행중,안전운전불이행,건조,맑음,교차로 - 교차로부근,승용,남,49세,상해없음,승용,남,66세,경상
2013111300100306,2013년 11월 13일 13시,수요일,경상북도 영천시 청통면,중상사고,0,1,0,0,차대차 - 추돌 - 진행중,안전운전불이행,건조,맑음,교차로 - 교차로안,승용,남,59세,상해없음,화물,남,61세,중상
2013111300100307,2013년 11월 13일 13시,수요일,경상북도 구미시 진평동,경상사고,0,0,2,0,차대차 - 기타,교차로운행방법위반,건조,맑음,교차로 - 교차로안,승용,여,44세,상해없음,승용,여,39세,경상
2013111300100308,2013년 11월 13일 13시,수요일,경상북도 포항시 남구 연일읍,중상사고,0,1,0,0,차대차 - 측면직각충돌,안전운전불이행,건조,맑음,단일로 - 기타,승합,남,49세,상해없음,원동기,여,52세,중상
2013111300100329,2013년 11월 13일 14시,수요일,경상북도 안동시 남선면,중상사고,0,1,0,0,차대차 - 기타,안전운전불이행,건조,맑음,단일로 - 기타,승용,남,64세,상해없음,승용,남,40세,상해없음
2013111300100330,2013년 11월 13일 14시,수요일,경상북도 영주시 가흥동,중상사고,0,1,0,0,차대차 - 측면직각충돌,안전운전불이행,건조,맑음,교차로 - 교차로안,자전거,남,22세,중상,승용,남,41세,상해없음
2013111300100331,2013년 11월 13일 14시,수요일,경상북도 영천시 청통면,중상사고,0,1,0,0,차대차 - 기타,중앙선침범,건조,맑음,단일로 - 기타,화물,여,51세,상해없음,원동기,남,78세,중상
2013111300100332,2013년 11월 13일 14시,수요일,경상북도 영덕군 강구면,경상사고,0,0,1,0,차대차 - 측면직각충돌,안전운전불이행,건조,맑음,단일로 - 기타,원동기,남,33세,상해없음,승용,여,48세,상해없음
2013111300100333,2013년 11월 13일 14시,수요일,경상북도 구미시 신평동,경상사고,0,0,1,0,차대차 - 기타,안전거리미확보,건조,맑음,교차로 - 교차로부근,화물,남,49세,상해없음,승용,여,45세,경상
2013111300100334,2013년 11월 13일 14시,수요일,경상북도 포항시 남구 구룡포읍,부상신고사고,0,0,0,3,차대차 - 추돌 - 진행중,안전거리미확보,건조,맑음,단일로 - 기타,특수,남,20세,상해없음,승용,남,49세,부상신고
2013111300100335,2013년 11월 13일 14시,수요일,경상북도 포항시 남구 대송면,중상사고,0,1,0,0,차대차 - 측면직각충돌,안전운전불이행,건조,맑음,단일로 - 기타,화물,남,52세,상해없음,화물,남,36세,중상
2013111300100365,2013년 11월 13일 15시,수요일,경상북도 경주시 안강읍,중상사고,0,1,4,0,차대차 - 기타,안전운전불이행,건조,맑음,교차로 - 교차로부근,승용,남,44세,상해없음,화물,남,59세,경상
2013111300100366,2013년 11월 13일 15시,수요일,경상북도 포항시 북구 남빈동,경상사고,0,0,2,0,차대차 - 기타,안전운전불이행,건조,맑음,교차로 - 교차로안,승합,남,56세,상해없음,승용,여,30세,경상
2013111300100367,2013년 11월 13일 15시,수요일,경상북도 성주군 초전면,경상사고,0,0,1,0,차대차 - 기타,직진우회전진행방해,건조,맑음,교차로 - 교차로안,이륜,남,61세,경상,승용,여,53세,상해없음
2013111300100405,2013년 11월 13일 16시,수요일,경상북도 문경시 흥덕동,경상사고,0,0,4,0,차대차 - 측면직각충돌,교차로운행방법위반,건조,맑음,교차로 - 교차로부근,승용,여,55세,경상,승용,남,55세,경상
2013111300100406,2013년 11월 13일 16시,수요일,경상북도 포항시 남구 송도동,중상사고,0,1,0,0,차대차 - 측면직각충돌,기타,건조,맑음,교차로 - 교차로안,원동기,남,74세,중상,승용,남,56세,상해없음
2013111300100444,2013년 11월 13일 17시,수요일,경상북도 경주시 성건동,경상사고,0,0,1,0,차대차 - 기타,안전운전불이행,건조,맑음,단일로 - 기타,화물,남,69세,상해없음,자전거,남,16세,경상
2013111300100445,2013년 11월 13일 17시,수요일,경상북도 영주시 영주동,중상사고,0,1,0,0,차대사람 - 길가장자리구역통행중,안전운전불이행,건조,맑음,교차로 - 교차로부근,승용,남,64세,상해없음,보행자,여,16세,중상
2013111300100446,2013년 11월 13일 17시,수요일,경상북도 칠곡군 왜관읍,부상신고사고,0,0,0,1,차대차 - 기타,안전운전불이행,건조,맑음,교차로 - 교차로부근,기타불명,기타불명,기타불명,기타불명,원동기,남,24세,부상신고
2013111300100511,2013년 11월 13일 18시,수요일,경상북도 의성군 다인면,중상사고,0,1,0,0,차대사람 - 길가장자리구역통행중,안전운전불이행,건조,맑음,단일로 - 기타,농기계,남,71세,상해없음,보행자,여,64세,중상
2013111300100512,2013년 11월 13일 18시,수요일,경상북도 경산시 옥산동,경상사고,0,0,3,0,차대차 - 기타,안전운전불이행,건조,맑음,단일로 - 기타,승용,남,61세,상해없음,승용,남,60세,경상
2013111300100513,2013년 11월 13일 18시,수요일,경상북도 청송군 청송읍,경상사고,0,0,1,0,차대차 - 기타,안전운전불이행,건조,맑음,단일로 - 기타,승용,여,45세,상해없음,원동기,남,65세,경상
2013111300100554,2013년 11월 13일 19시,수요일,경상북도 안동시 용상동,경상사고,0,0,1,0,차대차 - 기타,안전거리미확보,건조,맑음,단일로 - 기타,승용,남,55세,상해없음,승용,남,28세,경상
2013111300100555,2013년 11월 13일 19시,수요일,경상북도 성주군 성주읍,경상사고,0,0,1,0,차대차 - 정면충돌,중앙선침범,기타,맑음,단일로 - 기타,승용,남,59세,상해없음,승용,여,43세,경상
2013111300100556,2013년 11월 13일 19시,수요일,경상북도 구미시 상모동,중상사고,0,1,2,0,차대차 - 기타,안전운전불이행,건조,맑음,단일로 - 기타,화물,남,50세,경상,화물,남,71세,경상
2013111300100557,2013년 11월 13일 19시,수요일,경상북도 구미시 도량동,중상사고,0,2,1,0,차대차 - 기타,안전운전불이행,건조,맑음,단일로 - 기타,승용,여,46세,상해없음,승용,남,53세,중상
2013111300100586,2013년 11월 13일 20시,수요일,경상북도 포항시 북구 두호동,경상사고,0,0,1,0,차대차 - 기타,안전운전불이행,건조,맑음,단일로 - 기타,승용,남,37세,상해없음,승용,여,52세,경상
2013111300100587,2013년 11월 13일 20시,수요일,경상북도 김천시 교동,중상사고,0,1,0,0,차대사람 - 기타,안전운전불이행,건조,맑음,단일로 - 기타,이륜,남,46세,상해없음,보행자,남,17세,중상
2013111300100588,2013년 11월 13일 20시,수요일,경상북도 김천시 교동,중상사고,0,2,0,0,차대사람 - 기타,보행자보호의무위반,건조,맑음,단일로 - 횡단보도상,승용,여,58세,상해없음,보행자,여,19세,중상
2013111300100589,2013년 11월 13일 20시,수요일,경상북도 경산시 정평동,경상사고,0,0,1,0,차대차 - 기타,안전운전불이행,건조,맑음,교차로 - 교차로안,승용,남,44세,상해없음,승용,남,34세,경상
2013111300100590,2013년 11월 13일 20시,수요일,경상북도 고령군 다산면,경상사고,0,0,1,0,차대차 - 추돌 - 주정차중,안전거리미확보,건조,맑음,교차로 - 교차로부근,승용,남,27세,상해없음,승용,남,40세,경상
2013111300100591,2013년 11월 13일 20시,수요일,경상북도 구미시 상모동,경상사고,0,0,8,2,차대차 - 기타,안전운전불이행,건조,맑음,교차로 - 교차로안,승용,남,29세,상해없음,승합,남,53세,경상
2013111300100619,2013년 11월 13일 21시,수요일,경상북도 칠곡군 약목면,부상신고사고,0,0,0,1,차대사람 - 기타,안전운전불이행,건조,흐림,단일로 - 기타,승용,남,35세,상해없음,보행자,여,48세,부상신고
2013111300100685,2013년 11월 13일 23시,수요일,경상북도 영주시 영주동,경상사고,0,0,1,0,차대차 - 추돌 - 진행중,신호위반,건조,맑음,교차로 - 교차로안,승용,남,36세,상해없음,승용,여,41세,경상
2013111300100686,2013년 11월 13일 23시,수요일,경상북도 포항시 남구 오천읍,경상사고,0,0,1,0,차대차 - 측면직각충돌,직진우회전진행방해,건조,맑음,교차로 - 교차로안,승용,남,47세,상해없음,원동기,남,22세,경상
2013111400100012,2013년 11월 14일 00시,목요일,경상북도 안동시 당북동,중상사고,0,1,0,0,차대차 - 기타,직진우회전진행방해,건조,맑음,교차로 - 교차로안,승용,남,41세,상해없음,승용,여,38세,중상
2013111400100026,2013년 11월 14일 01시,목요일,경상북도 포항시 북구 용흥동,중상사고,0,2,0,0,차대차 - 기타,안전운전불이행,건조,맑음,교차로 - 교차로부근,승용,남,23세,중상,승용,남,33세,상해없음
2013111400100046,2013년 11월 14일 03시,목요일,경상북도 경주시 안강읍,경상사고,0,0,2,0,차대차 - 기타,안전거리미확보,건조,맑음,단일로 - 기타,화물,남,41세,경상,화물,남,54세,경상
2013111400100047,2013년 11월 14일 03시,목요일,경상북도 경주시 황남동,경상사고,0,0,1,0,차대차 - 기타,안전운전불이행,건조,맑음,교차로 - 교차로부근,승용,여,53세,경상,화물,남,37세,상해없음
2013111400100067,2013년 11월 14일 05시,목요일,경상북도 포항시 남구 대잠동,경상사고,0,0,1,0,차대차 - 측면직각충돌,신호위반,건조,맑음,교차로 - 교차로안,승용,남,59세,상해없음,화물,남,53세,경상
2013111400100081,2013년 11월 14일 06시,목요일,경상북도 포항시 북구 장성동,사망사고,1,0,0,0,차대사람 - 기타,안전운전불이행,건조,맑음,교차로 - 교차로부근,화물,남,52세,상해없음,보행자,남,69세,사망
2013111400100082,2013년 11월 14일 06시,목요일,경상북도 구미시 오태동,중상사고,0,1,0,0,차대차 - 기타,신호위반,건조,맑음,교차로 - 교차로안,승용,남,38세,상해없음,승용,남,46세,중상
2013111400100105,2013년 11월 14일 07시,목요일,경상북도 포항시 북구 장성동,중상사고,0,1,0,0,차대사람 - 기타,안전운전불이행,건조,맑음,단일로 - 기타,승용,여,54세,상해없음,보행자,여,15세,중상
2013111400100106,2013년 11월 14일 07시,목요일,경상북도 포항시 남구 구룡포읍,중상사고,0,1,0,0,차대차 - 측면직각충돌,안전운전불이행,건조,맑음,단일로 - 기타,화물,남,36세,상해없음,원동기,남,71세,중상
2013111400100107,2013년 11월 14일 07시,목요일,경상북도 포항시 남구 동촌동,경상사고,0,0,1,0,차대차 - 측면직각충돌,안전운전불이행,건조,맑음,단일로 - 기타,건설기계,남,53세,상해없음,승용,남,40세,경상
2013111400100141,2013년 11월 14일 08시,목요일,경상북도 포항시 남구 청림동,경상사고,0,0,1,0,차대차 - 기타,안전운전불이행,건조,맑음,기타 - 기타,화물,남,61세,상해없음,승용,남,47세,경상
2013111400100172,2013년 11월 14일 09시,목요일,경상북도 영양군 영양읍,중상사고,0,1,1,0,차대차 - 정면충돌,중앙선침범,건조,맑음,단일로 - 기타,화물,남,72세,경상,화물,남,47세,중상
2013111400100210,2013년 11월 14일 11시,목요일,경상북도 경주시 진현동,중상사고,0,2,0,0,차대차 - 기타,안전운전불이행,건조,맑음,단일로 - 기타,승용,남,34세,상해없음,원동기,남,76세,중상
2013111400100211,2013년 11월 14일 11시,목요일,경상북도 안동시 옥야동,경상사고,0,0,1,0,차대차 - 기타,직진우회전진행방해,건조,맑음,교차로 - 교차로안,화물,남,37세,상해없음,승용,남,45세,경상
2013111400100212,2013년 11월 14일 11시,목요일,경상북도 울진군 죽변면,중상사고,0,2,1,0,차대차 - 기타,안전운전불이행,건조,맑음,단일로 - 기타,화물,남,53세,상해없음,승용,남,35세,경상
2013111400100213,2013년 11월 14일 11시,목요일,경상북도 포항시 남구 오천읍,경상사고,0,0,2,0,차대차 - 측면직각충돌,안전운전불이행,건조,맑음,단일로 - 기타,건설기계,남,56세,상해없음,승용,남,48세,경상
2013111400100214,2013년 11월 14일 11시,목요일,경상북도 포항시 남구 대도동,중상사고,0,1,0,0,차대차 - 기타,안전운전불이행,건조,맑음,단일로 - 기타,기타불명,기타불명,기타불명,기타불명,원동기,남,48세,중상
2013111400100231,2013년 11월 14일 12시,목요일,경상북도 경주시 사정동,중상사고,0,1,0,0,차대사람 - 보도통행중,안전운전불이행,건조,맑음,단일로 - 기타,승용,여,35세,상해없음,보행자,여,80세,중상
2013111400100232,2013년 11월 14일 12시,목요일,경상북도 고령군 쌍림면,경상사고,0,0,1,0,차대차 - 측면직각충돌,안전운전불이행,건조,맑음,단일로 - 기타,승합,남,51세,상해없음,승용,여,56세,경상
2013111400100253,2013년 11월 14일 13시,목요일,경상북도 경주시 감포읍,사망사고,1,0,0,0,차량단독 - 도로외이탈 - 추락,안전운전불이행,건조,맑음,단일로 - 기타,화물,남,32세,사망,,,,
2013111400100254,2013년 11월 14일 13시,목요일,경상북도 영주시 하망동,경상사고,0,0,1,0,차대차 - 측면직각충돌,안전운전불이행,건조,맑음,교차로 - 교차로안,원동기,여,64세,경상,화물,남,51세,상해없음
2013111400100281,2013년 11월 14일 14시,목요일,경상북도 경주시 건천읍,중상사고,0,1,0,0,차대차 - 기타,안전운전불이행,건조,맑음,교차로 - 교차로안,승용,남,59세,상해없음,이륜,남,62세,중상
2013111400100282,2013년 11월 14일 14시,목요일,경상북도 칠곡군 약목면,경상사고,0,0,1,0,차대사람 - 기타,안전운전불이행,건조,흐림,단일로 - 기타,화물,남,37세,상해없음,보행자,여,64세,경상
2013111400100283,2013년 11월 14일 14시,목요일,경상북도 청도군 각남면,경상사고,0,0,1,0,차대차 - 측면직각충돌,직진우회전진행방해,건조,맑음,교차로 - 교차로안,승용,남,77세,경상,승용,남,51세,상해없음
2013111400100284,2013년 11월 14일 14시,목요일,경상북도 구미시 송정동,중상사고,0,1,0,0,차대차 - 기타,안전운전불이행,건조,맑음,교차로 - 교차로부근,이륜,남,46세,중상,승용,남,26세,상해없음
2013111400100285,2013년 11월 14일 14시,목요일,경상북도 구미시 원평동,중상사고,0,1,0,0,차대사람 - 기타,보행자보호의무위반,건조,맑음,단일로 - 기타,승용,여,48세,상해없음,보행자,여,70세,중상
2013111400100286,2013년 11월 14일 14시,목요일,경상북도 구미시 인의동,경상사고,0,0,3,0,차대차 - 기타,안전운전불이행,건조,맑음,단일로 - 기타,승용,남,28세,경상,승용,남,33세,경상