사고번호,사고일시,요일,시군구,사고내용,사망자수,중상자수,경상자수,부상신고자수,사고유형,법규위반,노면상태,기상상태,도로형태,가해운전자 차종,가해운전자 성별,가해운전자 연령,가해운전자 상해정도,피해운전자 차종,피해운전자 성별,피해운전자 연령,피해운전자 상해정도
2013111900100450,2013년 11월 19일 18시,화요일,경상북도 영천시 북안면,중상사고,0,1,1,0,차대차 - 기타,중앙선침범,건조,맑음,단일로 - 기타,승용,남,46세,상해없음,승용,여,51세,경상
2013111900100451,2013년 11월 19일 18시,화요일,경상북도 구미시 도량동,경상사고,0,0,1,0,차대차 - 추돌 - 주정차중,안전운전불이행,건조,맑음,단일로 - 기타,화물,남,62세,상해없음,승용,여,45세,경상
2013111900100452,2013년 11월 19일 18시,화요일,경상북도 포항시 남구 장흥동,경상사고,0,0,2,0,차대차 - 측면직각충돌,신호위반,건조,맑음,교차로 - 교차로안,승용,남,60세,상해없음,승용,남,32세,경상
2013111900100491,2013년 11월 19일 19시,화요일,경상북도 포항시 북구 신흥동,경상사고,0,0,1,0,차대사람 - 기타,안전운전불이행,건조,맑음,단일로 - 기타,승용,여,53세,상해없음,보행자,여,29세,경상
2013111900100492,2013년 11월 19일 19시,화요일,경상북도 상주시 헌신동,중상사고,0,1,0,0,차대차 - 측면직각충돌,안전운전불이행,건조,맑음,교차로 - 교차로안,승용,남,41세,상해없음,승용,남,44세,중상
2013111900100493,2013년 11월 19일 19시,화요일,경상북도 의성군 금성면,경상사고,0,0,1,0,차대차 - 측면직각충돌,안전운전불이행,건조,맑음,단일로 - 기타,승용,남,44세,상해없음,승합,남,57세,상해없음
2013111900100494,2013년 11월 19일 19시,화요일,경상북도 칠곡군 지천면,경상사고,0,0,1,0,차대차 - 기타,안전운전불이행,건조,맑음,단일로 - 기타,승용,남,33세,상해없음,화물,남,60세,경상
2013111900100495,2013년 11월 19일 19시,화요일,경상북도 고령군 고령읍,경상사고,0,0,1,0,차대차 - 추돌 - 진행중,안전운전불이행,건조,기타,기타 - 기타,승용,남,46세,기타불명,이륜,남,61세,경상
2013111900100542,2013년 11월 19일 21시,화요일,경상북도 포항시 북구 용흥동,중상사고,0,1,0,0,차대사람 - 기타,안전운전불이행,건조,맑음,단일로 - 기타,승용,남,47세,상해없음,보행자,남,52세,중상
2013111900100543,2013년 11월 19일 21시,화요일,경상북도 경산시 중산동,중상사고,0,1,1,0,차대차 - 기타,안전운전불이행,건조,맑음,교차로 - 교차로안,승용,남,55세,상해없음,승용,여,35세,중상
2013111900100544,2013년 11월 19일 21시,화요일,경상북도 구미시 형곡동,경상사고,0,0,1,0,차량단독 - 공작물충돌,안전운전불이행,건조,맑음,교차로 - 교차로부근,승용,남,47세,상해없음,,,,
2013111900100574,2013년 11월 19일 22시,화요일,경상북도 경주시 황성동,중상사고,0,1,0,0,차대차 - 기타,신호위반,건조,맑음,교차로 - 교차로안,자전거,남,15세,중상,승용,남,55세,상해없음
2013111900100575,2013년 11월 19일 22시,화요일,경상북도 경산시 계양동,중상사고,0,1,0,0,차대차 - 기타,안전운전불이행,건조,맑음,단일로 - 기타,승용,남,39세,상해없음,승용,남,59세,중상
2013112000100031,2013년 11월 20일 01시,수요일,경상북도 포항시 북구 득량동,경상사고,0,0,3,0,차대차 - 기타,신호위반,건조,맑음,교차로 - 교차로안,승용,남,64세,상해없음,승용,남,19세,경상
2013112000100051,2013년 11월 20일 04시,수요일,경상북도 경주시 충효동,중상사고,0,2,0,0,차대사람 - 기타,안전운전불이행,건조,맑음,단일로 - 기타,이륜,남,21세,중상,보행자,남,24세,중상
2013112000100069,2013년 11월 20일 06시,수요일,경상북도 포항시 북구 용흥동,경상사고,0,0,1,0,차대차 - 기타,안전운전불이행,건조,맑음,교차로 - 교차로부근,승용,남,28세,상해없음,화물,남,39세,경상
2013112000100070,2013년 11월 20일 06시,수요일,경상북도 문경시 산북면,부상신고사고,0,0,0,1,차량단독 - 공작물충돌,안전운전불이행,건조,맑음,단일로 - 기타,화물,남,30세,부상신고,,,,
2013112000100090,2013년 11월 20일 07시,수요일,경상북도 경주시 외동읍,경상사고,0,0,2,0,차대차 - 측면직각충돌,안전운전불이행,건조,맑음,교차로 - 교차로안,승용,남,24세,경상,승용,남,43세,경상
2013112000100091,2013년 11월 20일 07시,수요일,경상북도 상주시 낙양동,중상사고,0,1,1,0,차대차 - 기타,교차로운행방법위반,건조,맑음,교차로 - 교차로안,승용,남,41세,상해없음,이륜,남,48세,중상
2013112000100127,2013년 11월 20일 08시,수요일,경상북도 안동시 서후면,경상사고,0,0,2,0,차대차 - 기타,안전운전불이행,건조,맑음,단일로 - 기타,화물,남,43세,상해없음,승용,남,29세,경상
2013112000100154,2013년 11월 20일 09시,수요일,경상북도 경주시 외동읍,중상사고,0,2,0,0,차대차 - 기타,안전운전불이행,건조,맑음,교차로 - 교차로부근,화물,남,49세,상해없음,승용,남,48세,중상
2013112000100155,2013년 11월 20일 09시,수요일,경상북도 포항시 북구 용흥동,경상사고,0,0,1,0,차량단독 - 기타,안전운전불이행,건조,맑음,교차로 - 교차로안,원동기,남,46세,경상,,,,
2013112000100156,2013년 11월 20일 09시,수요일,경상북도 영덕군 병곡면,중상사고,0,1,1,0,차대차 - 추돌 - 주정차중,안전운전불이행,건조,맑음,교차로 - 교차로부근,승용,남,48세,경상,승용,남,36세,상해없음
2013112000100157,2013년 11월 20일 09시,수요일,경상북도 구미시 원평동,경상사고,0,0,1,0,차대차 - 기타,교차로운행방법위반,건조,맑음,교차로 - 교차로안,승용,여,55세,상해없음,이륜,남,70세,경상
2013112000100173,2013년 11월 20일 10시,수요일,경상북도 포항시 북구 죽도동,경상사고,0,0,1,0,차대차 - 기타,안전운전불이행,건조,맑음,단일로 - 기타,승용,여,54세,상해없음,화물,남,45세,경상
2013112000100174,2013년 11월 20일 10시,수요일,경상북도 김천시 양천동,경상사고,0,0,1,0,차대차 - 측면직각충돌,안전운전불이행,건조,맑음,단일로 - 기타,승용,여,40세,상해없음,건설기계,남,41세,경상
2013112000100175,2013년 11월 20일 10시,수요일,경상북도 경산시 조영동,중상사고,0,1,0,0,차대사람 - 길가장자리구역통행중,안전운전불이행,건조,맑음,단일로 - 기타,승용,여,21세,상해없음,보행자,여,23세,중상
2013112000100176,2013년 11월 20일 10시,수요일,경상북도 포항시 남구 대도동,경상사고,0,0,1,0,차대차 - 추돌 - 주정차중,안전거리미확보,건조,맑음,교차로 - 교차로부근,화물,여,41세,상해없음,승용,남,44세,경상
2013112000100198,2013년 11월 20일 11시,수요일,경상북도 영주시 영주동,경상사고,0,0,1,0,차대사람 - 길가장자리구역통행중,신호위반,건조,맑음,단일로 - 기타,승용,남,64세,상해없음,보행자,여,65세,경상
2013112000100199,2013년 11월 20일 11시,수요일,경상북도 영천시 금호읍,중상사고,0,1,0,0,차대차 - 측면직각충돌,안전운전불이행,건조,맑음,교차로 - 교차로안,이륜,남,71세,중상,승용,남,55세,상해없음
2013112000100222,2013년 11월 20일 12시,수요일,경상북도 경주시 충효동,경상사고,0,0,1,0,차대사람 - 기타,안전운전불이행,건조,맑음,단일로 - 기타,승용,남,59세,상해없음,보행자,여,37세,경상
2013112000100223,2013년 11월 20일 12시,수요일,경상북도 포항시 북구 죽도동,경상사고,0,0,2,0,차대차 - 기타,안전운전불이행,건조,맑음,교차로 - 교차로부근,승용,남,53세,상해없음,승용,여,43세,경상
2013112000100224,2013년 11월 20일 12시,수요일,경상북도 영주시 영주동,경상사고,0,0,1,0,차대사람 - 기타,안전운전불이행,건조,맑음,단일로 - 기타,화물,남,57세,상해없음,보행자,여,59세,경상
2013112000100255,2013년 11월 20일 13시,수요일,경상북도 포항시 북구 기계면,경상사고,0,0,3,0,차대차 - 측면직각충돌,교차로운행방법위반,건조,맑음,교차로 - 교차로안,승용,여,59세,상해없음,승용,여,47세,경상
2013112000100282,2013년 11월 20일 14시,수요일,경상북도 경주시 현곡면,경상사고,0,0,1,0,차대사람 - 기타,안전운전불이행,건조,맑음,단일로 - 기타,승용,남,62세,상해없음,보행자,남,68세,경상
2013112000100283,2013년 11월 20일 14시,수요일,경상북도 포항시 북구 두호동,부상신고사고,0,0,0,1,차대사람 - 기타,안전운전불이행,건조,맑음,기타 - 기타,원동기,기타불명,기타불명,기타불명,보행자,여,7세,부상신고
2013112000100284,2013년 11월 20일 14시,수요일,경상북도 경산시 자인면,경상사고,0,0,2,0,차대차 - 기타,안전운전불이행,건조,맑음,교차로 - 교차로안,승용,여,59세,경상,승합,남,54세,경상
2013112000100311,2013년 11월 20일 15시,수요일,경상북도 경주시 건천읍,중상사고,0,1,1,0,차대차 - 기타,안전운전불이행,건조,맑음,교차로 - 교차로안,화물,남,63세,상해없음,승용,남,35세,경상
2013112000100312,2013년 11월 20일 15시,수요일,경상북도 포항시 북구 죽도동,경상사고,0,0,1,0,차대사람 - 기타,안전운전불이행,건조,맑음,단일로 - 기타,승용,남,70세,상해없음,보행자,여,35세,경상
2013112000100313,2013년 11월 20일 15시,수요일,경상북도 경산시 압량면,경상사고,0,0,1,0,차대차 - 기타,안전운전불이행,건조,맑음,교차로 - 교차로부근,승용,여,49세,상해없음,승용,여,51세,경상
2013112000100348,2013년 11월 20일 16시,수요일,경상북도 포항시 북구 양덕동,경상사고,0,0,2,0,차대차 - 기타,교차로운행방법위반,건조,맑음,교차로 - 교차로안,승용,남,61세,상해없음,승용,남,23세,경상
2013112000100349,2013년 11월 20일 16시,수요일,경상북도 김천시 성내동,경상사고,0,0,1,0,차대사람 - 기타,안전운전불이행,건조,맑음,단일로 - 기타,승용,남,52세,상해없음,보행자,여,74세,경상
2013112000100389,2013년 11월 20일 17시,수요일,경상북도 상주시 인봉동,중상사고,0,1,0,0,차대사람 - 횡단중,안전운전불이행,건조,맑음,교차로 - 교차로부근,화물,남,55세,상해없음,보행자,여,89세,중상
2013112000100390,2013년 11월 20일 17시,수요일,경상북도 경산시 임당동,중상사고,0,1,0,0,차대사람 - 기타,안전운전불이행,건조,맑음,교차로 - 교차로안,승용,남,37세,상해없음,보행자,남,53세,중상
2013112000100391,2013년 11월 20일 17시,수요일,경상북도 구미시 고아읍,중상사고,0,1,0,0,차대차 - 기타,안전운전불이행,건조,맑음,교차로 - 교차로안,승용,남,38세,상해없음,자전거,남,22세,중상
2013112000100442,2013년 11월 20일 18시,수요일,경상북도 경주시 양북면,중상사고,0,1,3,0,차대차 - 기타,중앙선침범,건조,맑음,단일로 - 기타,화물,남,45세,상해없음,승용,남,32세,경상
2013112000100443,2013년 11월 20일 18시,수요일,경상북도 안동시 남후면,경상사고,0,0,1,0,차대차 - 측면직각충돌,안전거리미확보,건조,맑음,단일로 - 기타,기타불명,기타불명,기타불명,기타불명,승용,여,51세,경상
2013112000100444,2013년 11월 20일 18시,수요일,경상북도 구미시 광평동,경상사고,0,0,1,0,차대차 - 측면직각충돌,직진우회전진행방해,건조,맑음,교차로 - 교차로안,승용,남,40세,경상,승용,남,47세,상해없음
2013112000100502,2013년 11월 20일 19시,수요일,경상북도 경주시 안강읍,경상사고,0,0,1,0,차대차 - 기타,안전운전불이행,건조,맑음,단일로 - 기타,승용,남,61세,상해없음,자전거,여,60세,경상
2013112000100503,2013년 11월 20일 19시,수요일,경상북도 안동시 태화동,부상신고사고,0,0,0,1,차대차 - 기타,안전운전불이행,건조,맑음,교차로 - 교차로부근,화물,남,47세,상해없음,이륜,남,17세,부상신고
2013112000100504,2013년 11월 20일 19시,수요일,경상북도 경산시 자인면,경상사고,0,0,1,0,차대사람 - 기타,안전운전불이행,건조,맑음,교차로 - 교차로부근,승용,남,75세,상해없음,보행자,여,18세,경상
2013112000100505,2013년 11월 20일 19시,수요일,경상북도 청도군 매전면,경상사고,0,0,1,0,차량단독 - 공작물충돌,안전운전불이행,건조,맑음,단일로 - 기타,화물,남,51세,경상,,,,
2013112000100546,2013년 11월 20일 20시,수요일,경상북도 경주시 동천동,경상사고,0,0,1,0,차대차 - 기타,안전운전불이행,건조,맑음,교차로 - 교차로안,승용,남,61세,상해없음,승용,남,42세,상해없음
2013112000100547,2013년 11월 20일 20시,수요일,경상북도 경주시 건천읍,경상사고,0,0,1,0,차대차 - 기타,안전거리미확보,건조,맑음,단일로 - 기타,승용,남,47세,경상,승용,남,46세,상해없음
2013112000100548,2013년 11월 20일 20시,수요일,경상북도 포항시 북구 흥해읍,중상사고,0,1,0,0,차대사람 - 차도통행중,안전운전불이행,건조,맑음,단일로 - 기타,승용,여,59세,상해없음,보행자,여,49세,중상
2013112000100600,2013년 11월 20일 22시,수요일,경상북도 문경시 흥덕동,중상사고,0,1,0,0,차대차 - 추돌 - 주정차중,안전운전불이행,건조,맑음,교차로 - 교차로부근,승용,남,45세,상해없음,승용,여,26세,중상
2013112000100601,2013년 11월 20일 22시,수요일,경상북도 성주군 벽진면,경상사고,0,0,2,0,차대차 - 추돌 - 주정차중,안전운전불이행,기타,흐림,단일로 - 기타,화물,남,36세,경상,화물,남,63세,상해없음
2013112000100626,2013년 11월 20일 23시,수요일,경상북도 구미시 옥계동,부상신고사고,0,0,0,1,차대사람 - 횡단중,안전운전불이행,건조,맑음,교차로 - 교차로안,기타불명,기타불명,기타불명,기타불명,보행자,남,44세,부상신고
2013112100100027,2013년 11월 21일 01시,목요일,경상북도 경주시 건천읍,사망사고,1,0,0,0,차량단독 - 공작물충돌,안전운전불이행,건조,맑음,단일로 - 기타,승용,남,28세,사망,,,,
2013112100100028,2013년 11월 21일 01시,목요일,경상북도 포항시 북구 두호동,경상사고,0,0,1,1,차대차 - 기타,안전거리미확보,건조,맑음,단일로 - 기타,승용,남,39세,상해없음,승용,남,39세,경상
2013112100100029,2013년 11월 21일 01시,목요일,경상북도 김천시 부곡동,경상사고,0,0,1,0,차대차 - 측면직각충돌,안전운전불이행,건조,맑음,단일로 - 기타,승용,남,33세,상해없음,승용,남,64세,상해없음
2013112100100077,2013년 11월 21일 06시,목요일,경상북도 구미시 진평동,경상사고,0,0,3,0,차대차 - 추돌 - 주정차중,안전운전불이행,건조,맑음,교차로 - 교차로안,화물,남,29세,상해없음,승용,남,48세,경상
2013112100100135,2013년 11월 21일 08시,목요일,경상북도 포항시 북구 학산동,경상사고,0,0,1,0,차대차 - 기타,안전운전불이행,건조,맑음,교차로 - 교차로부근,승용,남,33세,상해없음,자전거,남,12세,경상
2013112100100136,2013년 11월 21일 08시,목요일,경상북도 김천시 감문면,경상사고,0,0,2,0,차대차 - 측면직각충돌,중앙선침범,건조,맑음,단일로 - 기타,화물,남,53세,경상,건설기계,남,54세,경상
2013112100100137,2013년 11월 21일 08시,목요일,경상북도 울진군 죽변면,경상사고,0,0,2,0,차대차 - 기타,안전운전불이행,건조,맑음,단일로 - 기타,승용,여,26세,경상,승용,남,34세,경상
2013112100100138,2013년 11월 21일 08시,목요일,경상북도 청송군 안덕면,경상사고,0,0,2,0,차대차 - 추돌 - 진행중,안전운전불이행,건조,맑음,교차로 - 교차로부근,승용,남,52세,상해없음,화물,남,59세,경상
2013112100100166,2013년 11월 21일 09시,목요일,경상북도 고령군 개진면,중상사고,0,1,0,0,차대차 - 추돌 - 주정차중,안전운전불이행,건조,맑음,단일로 - 기타,화물,남,72세,상해없음,농기계,남,73세,중상
2013112100100194,2013년 11월 21일 10시,목요일,경상북도 울릉군 울릉읍,경상사고,0,0,1,0,차대차 - 추돌 - 주정차중,안전운전불이행,건조,맑음,단일로 - 기타,승용,남,55세,상해없음,원동기,여,40세,경상
2013112100100214,2013년 11월 21일 11시,목요일,경상북도 포항시 북구 남빈동,경상사고,0,0,1,0,차대차 - 기타,신호위반,건조,맑음,교차로 - 교차로안,승용,여,52세,상해없음,화물,여,30세,경상
2013112100100215,2013년 11월 21일 11시,목요일,경상북도 영주시 가흥동,중상사고,0,1,0,0,차대차 - 측면직각충돌,직진우회전진행방해,건조,맑음,교차로 - 교차로안,화물,남,49세,상해없음,이륜,남,19세,중상
2013112100100216,2013년 11월 21일 11시,목요일,경상북도 칠곡군 약목면,중상사고,0,2,0,0,차대차 - 기타,안전거리미확보,건조,맑음,단일로 - 기타,승용,남,25세,상해없음,화물,남,41세,중상
2013112100100217,2013년 11월 21일 11시,목요일,경상북도 칠곡군 왜관읍,중상사고,0,1,0,0,차대사람 - 기타,보행자보호의무위반,건조,맑음,교차로 - 교차로안,승용,남,71세,상해없음,보행자,여,73세,중상
2013112100100218,2013년 11월 21일 11시,목요일,경상북도 구미시 진평동,경상사고,0,0,1,0,차대사람 - 횡단중,보행자보호의무위반,습기,비,단일로 - 횡단보도상,화물,남,55세,상해없음,보행자,여,22세,경상
2013112100100219,2013년 11월 21일 11시,목요일,경상북도 포항시 남구 연일읍,중상사고,0,2,1,0,차대차 - 측면직각충돌,안전운전불이행,건조,맑음,교차로 - 교차로부근,승용,여,45세,상해없음,화물,남,41세,상해없음
2013112100100246,2013년 11월 21일 12시,목요일,경상북도 김천시 모암동,경상사고,0,0,1,0,차대차 - 측면직각충돌,교차로운행방법위반,건조,맑음,교차로 - 교차로안,승용,남,47세,상해없음,자전거,남,64세,경상
2013112100100247,2013년 11월 21일 12시,목요일,경상북도 구미시 임수동,중상사고,0,1,0,0,차대사람 - 횡단중,안전운전불이행,건조,맑음,교차로 - 교차로안,화물,남,37세,상해없음,보행자,남,57세,중상
2013112100100268,2013년 11월 21일 13시,목요일,경상북도 안동시 서후면,중상사고,0,1,0,0,차대차 - 추돌 - 진행중,안전운전불이행,건조,맑음,단일로 - 기타,화물,남,28세,상해없음,승용,남,41세,상해없음
2013112100100269,2013년 11월 21일 13시,목요일,경상북도 경산시 하양읍,중상사고,0,1,0,0,차대차 - 기타,안전운전불이행,건조,맑음,교차로 - 교차로안,승용,남,54세,상해없음,화물,남,65세,중상
2013112100100270,2013년 11월 21일 13시,목요일,경상북도 성주군 성주읍,경상사고,0,0,1,0,차대차 - 측면직각충돌,불법유턴,기타,맑음,단일로 - 기타,화물,남,47세,상해없음,승용,여,48세,경상
2013112100100296,2013년 11월 21일 14시,목요일,경상북도 포항시 북구 흥해읍,경상사고,0,0,1,0,차대차 - 기타,안전운전불이행,건조,맑음,단일로 - 기타,승용,남,46세,기타불명,승합,남,54세,상해없음
2013112100100297,2013년 11월 21일 14시,목요일,경상북도 김천시 황금동,경상사고,0,0,3,0,차대차 - 측면직각충돌,안전운전불이행,건조,맑음,교차로 - 교차로부근,화물,남,54세,상해없음,승용,남,57세,경상
2013112100100298,2013년 11월 21일 14시,목요일,경상북도 영천시 완산동,경상사고,0,0,1,0,차대사람 - 기타,안전운전불이행,건조,맑음,단일로 - 기타,화물,남,41세,상해없음,보행자,여,47세,경상
2013112100100299,2013년 11월 21일 14시,목요일,경상북도 경산시 진량읍,경상사고,0,0,1,0,차대차 - 기타,안전운전불이행,건조,맑음,단일로 - 기타,화물,남,45세,상해없음,원동기,남,76세,경상
2013112100100300,2013년 11월 21일 14시,목요일,경상북도 포항시 남구 효자동,중상사고,0,1,0,0,차대차 - 기타,기타,건조,맑음,교차로 - 교차로부근,승용,여,42세,상해없음,원동기,남,61세,중상
2013112100100341,2013년 11월 21일 15시,목요일,경상북도 경주시 건천읍,경상사고,0,0,1,0,차대차 - 측면직각충돌,중앙선침범,건조,맑음,교차로 - 교차로안,기타불명,기타불명,기타불명,기타불명,화물,남,55세,상해없음
2013112100100342,2013년 11월 21일 15시,목요일,경상북도 구미시 고아읍,중상사고,0,1,2,0,차대차 - 기타,신호위반,건조,맑음,교차로 - 교차로안,승용,여,58세,중상,승용,남,45세,경상
2013112100100343,2013년 11월 21일 15시,목요일,경상북도 구미시 진평동,경상사고,0,0,1,0,차대사람 - 기타,안전운전불이행,건조,맑음,단일로 - 기타,승용,남,34세,상해없음,보행자,남,42세,경상
2013112100100377,2013년 11월 21일 16시,목요일,경상북도 문경시 모전동,경상사고,0,0,1,0,차대사람 - 횡단중,안전운전불이행,건조,맑음,단일로 - 기타,승용,남,78세,상해없음,보행자,남,10세,경상
2013112100100378,2013년 11월 21일 16시,목요일,경상북도 영덕군 영덕읍,경상사고,0,0,1,0,차대차 - 기타,안전운전불이행,건조,맑음,교차로 - 교차로부근,화물,남,55세,상해없음,승용,여,42세,경상
2013112100100379,2013년 11월 21일 16시,목요일,경상북도 봉화군 법전면,사망사고,1,0,0,0,차대차 - 추돌 - 진행중,안전운전불이행,건조,맑음,단일로 - 기타,화물,남,41세,상해없음,농기계,남,79세,사망
2013112100100416,2013년 11월 21일 17시,목요일,경상북도 경주시 건천읍,경상사고,0,0,1,0,차대차 - 측면직각충돌,안전운전불이행,건조,맑음,교차로 - 교차로안,승용,남,19세,상해없음,승용,남,52세,경상
2013112100100417,2013년 11월 21일 17시,목요일,경상북도 울진군 근남면,부상신고사고,0,0,0,1,차량단독 - 기타,안전운전불이행,건조,맑음,단일로 - 기타,자전거,남,42세,부상신고,,,,
2013112100100472,2013년 11월 21일 18시,목요일,경상북도 영주시 안정면,사망사고,1,0,0,0,차대사람 - 차도통행중,안전운전불이행,건조,맑음,단일로 - 기타,화물,남,50세,상해없음,보행자,남,73세,사망
2013112100100473,2013년 11월 21일 18시,목요일,경상북도 영주시 가흥동,사망사고,1,0,0,0,차대사람 - 보도통행중,보행자보호의무위반,건조,맑음,교차로 - 교차로안,승용,여,31세,상해없음,보행자,남,82세,사망
2013112100100514,2013년 11월 21일 19시,목요일,경상북도 안동시 동부동,경상사고,0,0,1,0,차대차 - 측면직각충돌,안전운전불이행,건조,맑음,기타 - 기타,승용,여,49세,상해없음,승용,여,22세,경상
2013112100100515,2013년 11월 21일 19시,목요일,경상북도 구미시 임은동,경상사고,0,0,1,0,차대차 - 기타,직진우회전진행방해,건조,맑음,교차로 - 교차로안,승용,여,51세,상해없음,승용,남,64세,상해없음
2013112100100516,2013년 11월 21일 19시,목요일,경상북도 구미시 원평동,경상사고,0,0,1,0,차대차 - 기타,안전운전불이행,건조,맑음,교차로 - 교차로부근,승용,남,47세,상해없음,승용,남,45세,경상
2013112100100548,2013년 11월 21일 20시,목요일,경상북도 안동시 당북동,경상사고,0,0,1,0,차대차 - 측면직각충돌,교차로운행방법위반,건조,맑음,교차로 - 교차로안,승용,남,39세,경상,승용,남,52세,상해없음
2013112100100549,2013년 11월 21일 20시,목요일,경상북도 안동시 정하동,중상사고,0,1,0,0,차대사람 - 횡단중,안전운전불이행,건조,맑음,교차로 - 교차로안,승용,여,33세,상해없음,보행자,남,59세,중상
2013112100100550,2013년 11월 21일 20시,목요일,경상북도 경산시 진량읍,중상사고,0,1,0,0,차대차 - 기타,안전운전불이행,건조,맑음,단일로 - 기타,승용,남,60세,상해없음,이륜,남,42세,중상
2013112100100551,2013년 11월 21일 20시,목요일,경상북도 포항시 남구 송도동,경상사고,0,0,1,0,차대차 - 추돌 - 진행중,안전운전불이행,건조,맑음,단일로 - 교량,승용,남,57세,상해없음,승용,여,47세,경상
2013112100100582,2013년 11월 21일 21시,목요일,경상북도 포항시 북구 양덕동,사망사고,1,0,0,0,차대차 - 기타,안전운전불이행,건조,맑음,교차로 - 교차로안,승합,남,57세,상해없음,원동기,남,26세,사망
2013112100100583,2013년 11월 21일 21시,목요일,경상북도 포항시 북구 흥해읍,경상사고,0,0,2,0,차대차 - 측면직각충돌,교차로운행방법위반,건조,맑음,교차로 - 교차로안,승용,남,56세,경상,승용,여,26세,경상
2013112100100584,2013년 11월 21일 21시,목요일,경상북도 포항시 북구 우현동,경상사고,0,0,1,0,차대차 - 기타,차로위반,건조,맑음,기타 - 기타,승용,남,35세,상해없음,승용,여,59세,경상
2013112100100585,2013년 11월 21일 21시,목요일,경상북도 영천시 야사동,경상사고,0,0,1,0,차대차 - 측면직각충돌,안전운전불이행,건조,맑음,교차로 - 교차로안,승합,남,46세,상해없음,이륜,남,16세,경상
2013112100100623,2013년 11월 21일 22시,목요일,경상북도 경주시 황성동,경상사고,0,0,2,0,차대차 - 기타,신호위반,건조,맑음,교차로 - 교차로안,화물,남,38세,상해없음,승용,여,28세,경상
2013112100100624,2013년 11월 21일 22시,목요일,경상북도 포항시 북구 장성동,중상사고,0,1,0,0,차대사람 - 기타,안전운전불이행,건조,맑음,교차로 - 교차로부근,승용,남,58세,상해없음,보행자,남,55세,중상
2013112100100625,2013년 11월 21일 22시,목요일,경상북도 포항시 북구 장성동,중상사고,0,1,0,0,차대차 - 기타,안전거리미확보,건조,맑음,단일로 - 기타,기타불명,기타불명,기타불명,기타불명,원동기,남,20세,중상
2013112100100626,2013년 11월 21일 22시,목요일,경상북도 칠곡군 석적읍,경상사고,0,0,1,0,차대차 - 기타,신호위반,건조,맑음,교차로 - 교차로부근,이륜,남,45세,경상,승용,남,63세,상해없음
2013112100100627,2013년 11월 21일 22시,목요일,경상북도 구미시 봉곡동,중상사고,0,1,0,0,차대사람 - 기타,보행자보호의무위반,건조,맑음,교차로 - 교차로부근,이륜,남,29세,상해없음,보행자,남,42세,중상
2013112100100661,2013년 11월 21일 23시,목요일,경상북도 구미시 도량동,중상사고,0,1,0,0,차대사람 - 기타,안전운전불이행,건조,맑음,교차로 - 교차로부근,승용,남,24세,상해없음,보행자,여,47세,중상
2013112200100020,2013년 11월 22일 00시,금요일,경상북도 포항시 북구 우현동,중상사고,0,1,0,0,차대사람 - 기타,보행자보호의무위반,건조,맑음,교차로 - 교차로안,승용,여,45세,상해없음,보행자,남,55세,중상
2013112200100021,2013년 11월 22일 00시,금요일,경상북도 포항시 남구 대송면,경상사고,0,0,1,0,차대사람 - 기타,안전운전불이행,건조,맑음,단일로 - 기타,승용,남,50세,상해없음,보행자,남,22세,경상
2013112200100039,2013년 11월 22일 01시,금요일,경상북도 영천시 금호읍,중상사고,0,1,0,0,차량단독 - 공작물충돌,안전운전불이행,건조,맑음,단일로 - 기타,승용,여,27세,중상,,,,
2013112200100050,2013년 11월 22일 02시,금요일,경상북도 칠곡군 북삼읍,부상신고사고,0,0,0,1,차량단독 - 공작물충돌,안전운전불이행,건조,맑음,단일로 - 기타,승용,여,37세,부상신고,,,,
2013112200100051,2013년 11월 22일 02시,금요일,경상북도 포항시 남구 괴동동,경상사고,0,0,1,1,차대차 - 측면직각충돌,직진우회전진행방해,건조,맑음,교차로 - 교차로안,건설기계,남,47세,상해없음,승용,여,44세,부상신고
2013112200100059,2013년 11월 22일 03시,금요일,경상북도 경산시 옥산동,경상사고,0,0,1,0,차대차 - 기타,안전운전불이행,건조,맑음,단일로 - 기타,승용,남,29세,상해없음,승합,남,43세,기타불명
2013112200100092,2013년 11월 22일 06시,금요일,경상북도 경주시 동방동,중상사고,0,1,0,0,차대차 - 측면직각충돌,안전운전불이행,건조,맑음,단일로 - 기타,승용,남,53세,상해없음,승용,남,25세,중상
2013112200100118,2013년 11월 22일 07시,금요일,경상북도 고령군 다산면,경상사고,0,0,1,0,차대차 - 측면직각충돌,중앙선침범,건조,맑음,단일로 - 기타,화물,남,61세,상해없음,화물,남,30세,경상
2013112200100119,2013년 11월 22일 07시,금요일,경상북도 구미시 형곡동,경상사고,0,0,1,0,차대차 - 기타,교차로운행방법위반,건조,맑음,교차로 - 교차로안,승용,여,23세,상해없음,승용,남,45세,경상
2013112200100185,2013년 11월 22일 09시,금요일,경상북도 포항시 북구 두호동,경상사고,0,0,1,0,차대사람 - 차도통행중,안전운전불이행,건조,맑음,단일로 - 기타,승용,여,46세,상해없음,보행자,여,50세,경상