사고번호,사고일시,요일,시군구,사고내용,사망자수,중상자수,경상자수,부상신고자수,사고유형,법규위반,노면상태,기상상태,도로형태,가해운전자 차종,가해운전자 성별,가해운전자 연령,가해운전자 상해정도,피해운전자 차종,피해운전자 성별,피해운전자 연령,피해운전자 상해정도
2013112200100186,2013년 11월 22일 09시,금요일,경상북도 포항시 남구 대송면,경상사고,0,0,1,0,차대차 - 기타,안전운전불이행,건조,맑음,교차로 - 교차로안,화물,남,50세,상해없음,승용,남,36세,경상
2013112200100209,2013년 11월 22일 10시,금요일,경상북도 포항시 북구 남빈동,중상사고,0,1,0,0,차대사람 - 기타,안전운전불이행,건조,맑음,단일로 - 기타,승용,남,55세,상해없음,보행자,남,61세,중상
2013112200100240,2013년 11월 22일 11시,금요일,경상북도 경주시 감포읍,경상사고,0,0,1,0,차대차 - 기타,안전운전불이행,건조,맑음,교차로 - 교차로안,승용,남,66세,상해없음,화물,남,52세,경상
2013112200100241,2013년 11월 22일 11시,금요일,경상북도 상주시 남성동,중상사고,0,1,0,0,차대차 - 기타,교차로운행방법위반,건조,맑음,교차로 - 교차로안,승합,남,78세,상해없음,자전거,여,71세,중상
2013112200100242,2013년 11월 22일 11시,금요일,경상북도 영양군 일월면,중상사고,0,1,0,0,차대차 - 추돌 - 진행중,안전운전불이행,건조,맑음,단일로 - 기타,화물,남,64세,중상,농기계,남,51세,기타불명
2013112200100265,2013년 11월 22일 12시,금요일,경상북도 청도군 청도읍,경상사고,0,0,1,0,차대차 - 측면직각충돌,안전운전불이행,건조,맑음,단일로 - 교량,승용,남,40세,상해없음,원동기,여,69세,경상
2013112200100290,2013년 11월 22일 13시,금요일,경상북도 포항시 남구 동촌동,중상사고,0,1,1,0,차대차 - 추돌 - 진행중,안전운전불이행,건조,맑음,단일로 - 기타,화물,남,61세,상해없음,승용,여,48세,중상
2013112200100325,2013년 11월 22일 14시,금요일,경상북도 영주시 봉현면,중상사고,0,1,0,0,차대차 - 측면직각충돌,안전거리미확보,건조,맑음,교차로 - 교차로안,농기계,남,43세,상해없음,승용,남,58세,상해없음
2013112200100363,2013년 11월 22일 15시,금요일,경상북도 안동시 금곡동,경상사고,0,0,2,0,차대차 - 기타,안전운전불이행,건조,맑음,단일로 - 기타,승용,여,29세,상해없음,승용,남,36세,경상
2013112200100391,2013년 11월 22일 16시,금요일,경상북도 경주시 황남동,경상사고,0,0,1,0,차대차 - 기타,안전운전불이행,건조,맑음,단일로 - 기타,승용,남,50세,상해없음,승용,여,51세,경상
2013112200100430,2013년 11월 22일 17시,금요일,경상북도 문경시 모전동,경상사고,0,0,1,0,차대차 - 측면직각충돌,안전운전불이행,건조,맑음,교차로 - 교차로부근,승용,남,57세,상해없음,이륜,남,19세,경상
2013112200100482,2013년 11월 22일 18시,금요일,경상북도 김천시 평화동,경상사고,0,0,1,0,차대차 - 측면직각충돌,안전운전불이행,건조,맑음,교차로 - 교차로부근,승용,남,57세,상해없음,승용,남,26세,경상
2013112200100483,2013년 11월 22일 18시,금요일,경상북도 영천시 임고면,중상사고,0,1,0,0,차대사람 - 길가장자리구역통행중,안전운전불이행,건조,맑음,단일로 - 기타,승용,남,28세,상해없음,보행자,남,80세,중상
2013112200100484,2013년 11월 22일 18시,금요일,경상북도 경산시 진량읍,중상사고,0,1,0,0,차대사람 - 기타,안전운전불이행,건조,맑음,단일로 - 기타,승합,남,49세,상해없음,보행자,여,9세,중상
2013112200100485,2013년 11월 22일 18시,금요일,경상북도 성주군 성주읍,중상사고,0,1,0,0,차대차 - 측면직각충돌,안전운전불이행,기타,맑음,교차로 - 교차로부근,승용,남,53세,상해없음,자전거,여,44세,중상
2013112200100486,2013년 11월 22일 18시,금요일,경상북도 구미시 공단동,중상사고,0,1,0,0,차대사람 - 기타,안전운전불이행,건조,맑음,단일로 - 기타,승용,남,31세,상해없음,보행자,남,16세,중상
2013112200100530,2013년 11월 22일 19시,금요일,경상북도 경주시 현곡면,중상사고,0,1,0,0,차대차 - 기타,안전운전불이행,건조,맑음,단일로 - 기타,승용,남,37세,중상,승용,남,59세,상해없음
2013112200100531,2013년 11월 22일 19시,금요일,경상북도 구미시 진평동,중상사고,0,1,0,0,차대차 - 추돌 - 주정차중,차로위반,건조,맑음,교차로 - 교차로부근,승용,남,22세,상해없음,화물,남,42세,중상
2013112200100602,2013년 11월 22일 21시,금요일,경상북도 경주시 황성동,부상신고사고,0,0,0,1,차대차 - 기타,안전운전불이행,건조,맑음,단일로 - 기타,자전거,남,14세,부상신고,승용,여,40세,상해없음
2013112200100603,2013년 11월 22일 21시,금요일,경상북도 경주시 외동읍,중상사고,0,2,1,0,차대차 - 기타,안전운전불이행,건조,맑음,단일로 - 기타,화물,여,54세,상해없음,승용,남,27세,중상
2013112200100636,2013년 11월 22일 22시,금요일,경상북도 포항시 북구 양덕동,중상사고,0,1,2,0,차대차 - 기타,안전운전불이행,건조,맑음,단일로 - 기타,승용,남,50세,상해없음,승용,남,37세,상해없음
2013112200100664,2013년 11월 22일 23시,금요일,경상북도 구미시 신평동,경상사고,0,0,2,0,차대차 - 추돌 - 진행중,안전운전불이행,건조,흐림,단일로 - 기타,승용,남,29세,상해없음,승용,남,33세,경상
2013112300100043,2013년 11월 23일 01시,토요일,경상북도 칠곡군 왜관읍,경상사고,0,0,1,0,차대차 - 추돌 - 주정차중,안전운전불이행,건조,맑음,단일로 - 기타,승용,남,46세,상해없음,승용,남,27세,경상
2013112300100065,2013년 11월 23일 02시,토요일,경상북도 구미시 남통동,중상사고,0,2,0,0,차대차 - 추돌 - 진행중,안전운전불이행,건조,맑음,교차로 - 교차로부근,승용,남,35세,상해없음,화물,남,29세,중상
2013112300100078,2013년 11월 23일 03시,토요일,경상북도 영천시 망정동,중상사고,0,1,0,0,차량단독 - 기타,안전운전불이행,건조,맑음,단일로 - 기타,승용,여,42세,중상,,,,
2013112300100119,2013년 11월 23일 06시,토요일,경상북도 경산시 대동,중상사고,0,1,0,0,차대사람 - 기타,보행자보호의무위반,건조,맑음,단일로 - 기타,승용,남,23세,상해없음,보행자,남,65세,중상
2013112300100120,2013년 11월 23일 06시,토요일,경상북도 울진군 죽변면,부상신고사고,0,0,0,1,차대차 - 추돌 - 진행중,안전운전불이행,건조,맑음,단일로 - 기타,화물,남,53세,부상신고,건설기계,남,42세,상해없음
2013112300100121,2013년 11월 23일 06시,토요일,경상북도 구미시 공단동,경상사고,0,0,1,0,차대차 - 측면직각충돌,교차로운행방법위반,건조,맑음,교차로 - 교차로안,승용,남,55세,상해없음,승용,남,50세,상해없음
2013112300100122,2013년 11월 23일 06시,토요일,경상북도 포항시 남구 상도동,중상사고,0,1,0,0,차대사람 - 횡단중,안전운전불이행,건조,맑음,단일로 - 기타,승용,남,74세,상해없음,보행자,여,66세,중상
2013112300100123,2013년 11월 23일 06시,토요일,경상북도 포항시 남구 오천읍,경상사고,0,0,2,0,차대차 - 추돌 - 주정차중,안전운전불이행,건조,맑음,교차로 - 교차로부근,승용,남,23세,상해없음,승용,남,33세,경상
2013112300100140,2013년 11월 23일 07시,토요일,경상북도 김천시 감문면,경상사고,0,0,1,0,차대차 - 측면직각충돌,교차로운행방법위반,건조,맑음,교차로 - 교차로안,승용,남,26세,상해없음,건설기계,남,55세,경상
2013112300100141,2013년 11월 23일 07시,토요일,경상북도 상주시 개운동,중상사고,0,1,0,0,차량단독 - 기타,안전운전불이행,건조,기타,단일로 - 기타,승용,남,21세,상해없음,,,,
2013112300100142,2013년 11월 23일 07시,토요일,경상북도 영덕군 영덕읍,경상사고,0,0,1,0,차대차 - 기타,직진우회전진행방해,건조,맑음,교차로 - 교차로안,승용,남,39세,상해없음,화물,남,79세,경상
2013112300100143,2013년 11월 23일 07시,토요일,경상북도 청도군 청도읍,경상사고,0,0,1,0,차대차 - 추돌 - 진행중,안전운전불이행,습기,안개,단일로 - 기타,승용,남,27세,경상,건설기계,남,39세,상해없음
2013112300100159,2013년 11월 23일 08시,토요일,경상북도 의성군 다인면,경상사고,0,0,2,0,차대차 - 측면직각충돌,안전운전불이행,건조,맑음,단일로 - 기타,승용,남,67세,상해없음,승용,남,18세,경상
2013112300100188,2013년 11월 23일 09시,토요일,경상북도 영천시 완산동,경상사고,0,0,1,0,차대차 - 측면직각충돌,중앙선침범,건조,맑음,단일로 - 기타,승용,남,59세,상해없음,승용,여,31세,경상
2013112300100189,2013년 11월 23일 09시,토요일,경상북도 울릉군 서면,중상사고,0,1,0,0,차대차 - 정면충돌,신호위반,건조,맑음,단일로 - 터널,화물,여,42세,중상,화물,남,59세,상해없음
2013112300100218,2013년 11월 23일 10시,토요일,경상북도 경주시 율동,중상사고,0,1,5,0,차대차 - 추돌 - 주정차중,안전운전불이행,건조,맑음,단일로 - 기타,승용,여,45세,상해없음,승용,여,41세,중상
2013112300100219,2013년 11월 23일 10시,토요일,경상북도 포항시 남구 구룡포읍,경상사고,0,0,1,0,차대차 - 측면직각충돌,중앙선침범,건조,맑음,교차로 - 교차로부근,승합,남,56세,상해없음,화물,남,54세,경상
2013112300100242,2013년 11월 23일 11시,토요일,경상북도 포항시 북구 장성동,중상사고,0,1,3,0,차대차 - 기타,안전운전불이행,건조,맑음,단일로 - 기타,승용,남,47세,상해없음,승용,남,37세,경상
2013112300100243,2013년 11월 23일 11시,토요일,경상북도 상주시 내서면,중상사고,0,1,0,0,차대차 - 기타,안전운전불이행,건조,맑음,단일로 - 기타,승용,여,38세,상해없음,이륜,남,62세,중상
2013112300100244,2013년 11월 23일 11시,토요일,경상북도 포항시 남구 연일읍,중상사고,0,1,0,0,차대사람 - 횡단중,안전운전불이행,건조,맑음,단일로 - 기타,화물,남,28세,상해없음,보행자,여,10세,중상
2013112300100245,2013년 11월 23일 11시,토요일,경상북도 포항시 남구 동촌동,경상사고,0,0,1,0,차대차 - 추돌 - 주정차중,안전운전불이행,건조,맑음,단일로 - 기타,이륜,남,31세,경상,화물,남,50세,상해없음
2013112300100286,2013년 11월 23일 12시,토요일,경상북도 경주시 안강읍,경상사고,0,0,1,0,차대차 - 기타,안전운전불이행,건조,맑음,단일로 - 기타,승용,여,52세,경상,화물,남,45세,상해없음
2013112300100287,2013년 11월 23일 12시,토요일,경상북도 경주시 현곡면,경상사고,0,0,5,0,차대차 - 추돌 - 주정차중,안전운전불이행,건조,맑음,기타 - 기타,화물,남,65세,상해없음,승용,여,63세,경상
2013112300100288,2013년 11월 23일 12시,토요일,경상북도 안동시 당북동,중상사고,0,1,0,0,차대차 - 기타,안전운전불이행,건조,맑음,기타 - 기타,승용,남,67세,상해없음,화물,남,53세,중상
2013112300100289,2013년 11월 23일 12시,토요일,경상북도 경산시 사정동,경상사고,0,0,1,1,차대차 - 기타,안전운전불이행,건조,맑음,교차로 - 교차로안,화물,남,35세,상해없음,화물,남,47세,경상
2013112300100290,2013년 11월 23일 12시,토요일,경상북도 영덕군 창수면,중상사고,0,1,0,0,차대사람 - 차도통행중,안전운전불이행,건조,맑음,단일로 - 기타,이륜,남,71세,상해없음,보행자,남,83세,중상
2013112300100291,2013년 11월 23일 12시,토요일,경상북도 구미시 인의동,중상사고,0,1,0,0,차대차 - 측면직각충돌,교차로운행방법위반,건조,맑음,교차로 - 교차로안,승용,여,42세,상해없음,이륜,남,32세,중상
2013112300100316,2013년 11월 23일 13시,토요일,경상북도 영주시 휴천동,중상사고,0,1,0,0,차대사람 - 기타,중앙선침범,건조,맑음,단일로 - 기타,화물,남,29세,상해없음,보행자,남,62세,중상
2013112300100317,2013년 11월 23일 13시,토요일,경상북도 경산시 계양동,경상사고,0,0,2,0,차대차 - 기타,신호위반,건조,맑음,교차로 - 교차로안,승용,남,32세,상해없음,승용,남,44세,경상
2013112300100318,2013년 11월 23일 13시,토요일,경상북도 울릉군 울릉읍,중상사고,0,1,0,0,차대사람 - 길가장자리구역통행중,안전운전불이행,건조,맑음,교차로 - 교차로안,화물,남,29세,상해없음,보행자,여,43세,중상
2013112300100349,2013년 11월 23일 14시,토요일,경상북도 포항시 북구 창포동,중상사고,0,1,0,0,차대차 - 기타,안전운전불이행,건조,맑음,기타 - 기타,승용,여,49세,상해없음,승용,남,42세,중상
2013112300100350,2013년 11월 23일 14시,토요일,경상북도 문경시 문경읍,경상사고,0,0,1,0,차대사람 - 기타,안전운전불이행,건조,맑음,단일로 - 기타,화물,남,49세,상해없음,보행자,남,2세,경상
2013112300100351,2013년 11월 23일 14시,토요일,경상북도 경산시 진량읍,경상사고,0,0,5,0,차대차 - 기타,안전거리미확보,건조,맑음,단일로 - 기타,화물,남,51세,상해없음,승합,남,42세,경상
2013112300100352,2013년 11월 23일 14시,토요일,경상북도 청도군 이서면,중상사고,0,1,1,0,차대차 - 측면직각충돌,안전운전불이행,건조,맑음,단일로 - 기타,원동기,남,69세,경상,승용,남,38세,상해없음
2013112300100381,2013년 11월 23일 15시,토요일,경상북도 문경시 흥덕동,중상사고,0,1,0,0,차대사람 - 기타,안전운전불이행,건조,맑음,단일로 - 기타,승용,남,40세,상해없음,보행자,여,73세,중상
2013112300100382,2013년 11월 23일 15시,토요일,경상북도 구미시 거의동,중상사고,0,2,2,0,차대차 - 추돌 - 주정차중,안전거리미확보,건조,맑음,단일로 - 기타,승용,남,29세,경상,승용,여,58세,중상
2013112300100416,2013년 11월 23일 16시,토요일,경상북도 경주시 천군동,중상사고,0,1,1,0,차량단독 - 기타,안전운전불이행,건조,맑음,기타 - 기타,이륜,여,20세,경상,,,,
2013112300100457,2013년 11월 23일 17시,토요일,경상북도 경주시 안강읍,경상사고,0,0,1,0,차대차 - 기타,안전운전불이행,건조,맑음,단일로 - 기타,기타불명,기타불명,기타불명,기타불명,자전거,남,20세,경상
2013112300100458,2013년 11월 23일 17시,토요일,경상북도 포항시 북구 죽도동,중상사고,0,1,0,0,차대사람 - 차도통행중,안전운전불이행,건조,맑음,단일로 - 기타,승용,남,53세,상해없음,보행자,여,54세,중상
2013112300100459,2013년 11월 23일 17시,토요일,경상북도 청송군 현동면,경상사고,0,0,1,0,차대차 - 추돌 - 진행중,안전운전불이행,건조,맑음,단일로 - 기타,승용,남,51세,상해없음,농기계,남,61세,경상
2013112300100460,2013년 11월 23일 17시,토요일,경상북도 구미시 사곡동,중상사고,0,1,5,0,차대차 - 기타,안전거리미확보,건조,맑음,교차로 - 교차로부근,승용,남,67세,상해없음,승용,남,51세,경상
2013112300100461,2013년 11월 23일 17시,토요일,경상북도 구미시 공단동,경상사고,0,0,1,0,차대차 - 기타,안전운전불이행,건조,맑음,교차로 - 교차로부근,기타불명,기타불명,1세,기타불명,승용,남,35세,경상
2013112300100499,2013년 11월 23일 18시,토요일,경상북도 포항시 북구 장성동,경상사고,0,0,1,0,차대차 - 기타,안전운전불이행,건조,맑음,단일로 - 기타,원동기,남,16세,경상,승용,남,46세,상해없음
2013112300100500,2013년 11월 23일 18시,토요일,경상북도 안동시 옥동,중상사고,0,1,0,0,차대사람 - 기타,안전운전불이행,건조,맑음,교차로 - 교차로안,승용,여,49세,상해없음,보행자,남,55세,중상
2013112300100501,2013년 11월 23일 18시,토요일,경상북도 경산시 진량읍,경상사고,0,0,2,0,차대차 - 기타,안전운전불이행,건조,맑음,단일로 - 기타,승용,남,68세,상해없음,승용,남,51세,상해없음
2013112300100502,2013년 11월 23일 18시,토요일,경상북도 포항시 남구 효자동,중상사고,0,2,5,0,차대차 - 추돌 - 진행중,안전거리미확보,건조,맑음,단일로 - 기타,승용,여,47세,경상,승용,여,56세,경상
2013112300100503,2013년 11월 23일 18시,토요일,경상북도 포항시 남구 장기면,사망사고,1,0,0,0,차대사람 - 기타,안전운전불이행,건조,맑음,단일로 - 기타,화물,남,75세,상해없음,보행자,여,73세,사망
2013112300100543,2013년 11월 23일 19시,토요일,경상북도 포항시 북구 죽도동,경상사고,0,0,1,0,차대차 - 기타,안전운전불이행,건조,맑음,단일로 - 기타,원동기,남,17세,상해없음,승용,여,26세,경상
2013112300100544,2013년 11월 23일 19시,토요일,경상북도 영천시 망정동,중상사고,0,1,0,0,차대차 - 기타,안전운전불이행,건조,맑음,교차로 - 교차로안,기타불명,기타불명,기타불명,기타불명,이륜,남,39세,중상
2013112300100545,2013년 11월 23일 19시,토요일,경상북도 포항시 남구 상도동,경상사고,0,0,1,0,차대차 - 측면직각충돌,차로위반,건조,맑음,교차로 - 교차로부근,승용,남,25세,상해없음,승용,남,46세,경상
2013112300100546,2013년 11월 23일 19시,토요일,경상북도 칠곡군 지천면,경상사고,0,0,4,0,차대차 - 추돌 - 진행중,안전운전불이행,건조,맑음,단일로 - 기타,승용,남,19세,상해없음,승용,여,49세,경상
2013112300100580,2013년 11월 23일 20시,토요일,경상북도 안동시 명륜동,경상사고,0,0,1,0,차대차 - 기타,안전운전불이행,건조,맑음,교차로 - 교차로부근,승용,남,56세,상해없음,승용,남,41세,경상
2013112300100581,2013년 11월 23일 20시,토요일,경상북도 칠곡군 약목면,경상사고,0,0,1,0,차대차 - 기타,안전운전불이행,건조,맑음,기타 - 기타,승용,남,44세,상해없음,승용,남,37세,경상
2013112300100613,2013년 11월 23일 21시,토요일,경상북도 포항시 북구 죽도동,경상사고,0,0,1,0,차대사람 - 기타,안전운전불이행,건조,맑음,교차로 - 교차로안,승용,남,38세,상해없음,보행자,여,40세,경상
2013112300100614,2013년 11월 23일 21시,토요일,경상북도 포항시 북구 장성동,중상사고,0,1,0,0,차대차 - 기타,안전운전불이행,건조,맑음,단일로 - 기타,원동기,남,28세,상해없음,자전거,남,48세,중상
2013112300100637,2013년 11월 23일 22시,토요일,경상북도 경산시 백천동,경상사고,0,0,1,0,차대차 - 기타,신호위반,건조,맑음,단일로 - 기타,이륜,남,17세,경상,이륜,남,51세,상해없음
2013112400100012,2013년 11월 24일 00시,일요일,경상북도 포항시 북구 죽도동,경상사고,0,0,1,0,차대차 - 기타,안전운전불이행,건조,맑음,단일로 - 기타,승용,남,22세,상해없음,승용,남,31세,경상
2013112400100013,2013년 11월 24일 00시,일요일,경상북도 경산시 진량읍,경상사고,0,0,1,0,차량단독 - 기타,안전운전불이행,건조,맑음,미분류 - 미분류,원동기,남,28세,경상,,,,
2013112400100053,2013년 11월 24일 02시,일요일,경상북도 포항시 북구 죽도동,중상사고,0,1,0,0,차대차 - 기타,신호위반,건조,맑음,교차로 - 교차로안,승용,여,32세,상해없음,승용,남,52세,중상
2013112400100054,2013년 11월 24일 02시,일요일,경상북도 포항시 남구 상도동,경상사고,0,0,2,0,차대차 - 측면직각충돌,신호위반,건조,맑음,교차로 - 교차로안,승용,남,18세,상해없음,승용,여,46세,경상
2013112400100085,2013년 11월 24일 05시,일요일,경상북도 경산시 진량읍,경상사고,0,0,1,0,차대사람 - 기타,안전운전불이행,건조,맑음,교차로 - 교차로안,승용,여,48세,상해없음,보행자,남,21세,경상
2013112400100101,2013년 11월 24일 07시,일요일,경상북도 안동시 옥야동,중상사고,0,1,0,0,차대차 - 추돌 - 진행중,안전운전불이행,건조,맑음,단일로 - 기타,승합,남,55세,상해없음,원동기,남,58세,중상
2013112400100102,2013년 11월 24일 07시,일요일,경상북도 청송군 부남면,중상사고,0,2,0,0,차량단독 - 공작물충돌,안전운전불이행,기타,맑음,단일로 - 기타,승용,남,27세,상해없음,,,,
2013112400100108,2013년 11월 24일 08시,일요일,경상북도 포항시 북구 장성동,중상사고,0,2,2,0,차대차 - 기타,안전거리미확보,건조,맑음,교차로 - 교차로안,승용,여,42세,상해없음,승용,여,48세,중상
2013112400100109,2013년 11월 24일 08시,일요일,경상북도 군위군 군위읍,중상사고,0,1,0,0,차대차 - 측면직각충돌,직진우회전진행방해,건조,맑음,교차로 - 교차로안,화물,남,53세,상해없음,이륜,남,51세,중상
2013112400100124,2013년 11월 24일 09시,일요일,경상북도 칠곡군 동명면,경상사고,0,0,1,0,차대차 - 기타,안전운전불이행,건조,맑음,단일로 - 기타,화물,남,38세,상해없음,자전거,남,65세,경상
2013112400100125,2013년 11월 24일 09시,일요일,경상북도 문경시 마성면,중상사고,0,2,0,0,차대차 - 추돌 - 진행중,안전거리미확보,건조,맑음,교차로 - 교차로부근,승용,남,52세,상해없음,승용,여,57세,중상
2013112400100126,2013년 11월 24일 09시,일요일,경상북도 포항시 남구 동촌동,중상사고,0,1,2,0,차대차 - 추돌 - 진행중,안전운전불이행,건조,맑음,교차로 - 교차로부근,승용,여,56세,상해없음,화물,남,48세,경상
2013112400100127,2013년 11월 24일 09시,일요일,경상북도 포항시 남구 해도동,경상사고,0,0,1,0,차대차 - 측면직각충돌,안전운전불이행,건조,맑음,교차로 - 교차로부근,화물,남,19세,상해없음,자전거,남,68세,경상
2013112400100139,2013년 11월 24일 10시,일요일,경상북도 경주시 서면,부상신고사고,0,0,0,1,차대차 - 측면직각충돌,안전운전불이행,건조,맑음,단일로 - 기타,승용,여,71세,부상신고,승용,여,48세,기타불명
2013112400100140,2013년 11월 24일 10시,일요일,경상북도 상주시 함창읍,중상사고,0,1,2,0,차대차 - 기타,교차로운행방법위반,건조,맑음,교차로 - 교차로안,승용,남,41세,상해없음,승용,여,54세,경상
2013112400100164,2013년 11월 24일 11시,일요일,경상북도 경주시 현곡면,부상신고사고,0,0,0,1,차대차 - 기타,안전운전불이행,건조,맑음,단일로 - 기타,기타불명,기타불명,기타불명,기타불명,승용,남,32세,상해없음
2013112400100165,2013년 11월 24일 11시,일요일,경상북도 안동시 임하면,중상사고,0,1,1,0,차대차 - 추돌 - 진행중,안전운전불이행,건조,맑음,교차로 - 교차로부근,승용,남,45세,상해없음,승용,남,55세,경상
2013112400100166,2013년 11월 24일 11시,일요일,경상북도 영주시 평은면,중상사고,0,1,1,0,차대차 - 기타,안전운전불이행,건조,맑음,교차로 - 교차로안,화물,남,70세,상해없음,승용,남,18세,경상
2013112400100185,2013년 11월 24일 12시,일요일,경상북도 안동시 당북동,중상사고,0,1,1,0,차대차 - 측면직각충돌,신호위반,건조,맑음,교차로 - 교차로안,승용,남,34세,상해없음,승용,남,29세,경상
2013112400100186,2013년 11월 24일 12시,일요일,경상북도 영천시 성내동,중상사고,0,2,0,0,차대차 - 추돌 - 진행중,안전거리미확보,건조,맑음,단일로 - 기타,승용,여,55세,상해없음,승용,여,60세,중상
2013112400100187,2013년 11월 24일 12시,일요일,경상북도 울진군 울진읍,경상사고,0,0,1,0,차대차 - 측면직각충돌,중앙선침범,건조,맑음,단일로 - 기타,승용,여,59세,상해없음,화물,남,42세,경상
2013112400100213,2013년 11월 24일 13시,일요일,경상북도 경주시 강동면,중상사고,0,1,3,1,차대차 - 정면충돌,신호위반,건조,맑음,교차로 - 교차로안,승용,남,25세,경상,승용,남,47세,경상
2013112400100214,2013년 11월 24일 13시,일요일,경상북도 영주시 순흥면,중상사고,0,1,0,0,차량단독 - 공작물충돌,안전운전불이행,건조,맑음,단일로 - 기타,승용,남,54세,중상,,,,
2013112400100215,2013년 11월 24일 13시,일요일,경상북도 문경시 모전동,경상사고,0,0,1,0,차대차 - 측면직각충돌,안전운전불이행,건조,맑음,교차로 - 교차로안,원동기,여,57세,경상,승용,남,28세,상해없음
2013112400100216,2013년 11월 24일 13시,일요일,경상북도 성주군 초전면,경상사고,0,0,1,0,차대차 - 측면직각충돌,직진우회전진행방해,건조,흐림,교차로 - 교차로안,화물,남,56세,상해없음,이륜,여,72세,경상
2013112400100217,2013년 11월 24일 13시,일요일,경상북도 포항시 남구 오천읍,중상사고,0,1,0,0,차대사람 - 횡단중,안전운전불이행,건조,맑음,단일로 - 기타,승용,여,56세,상해없음,보행자,여,9세,중상
2013112400100244,2013년 11월 24일 14시,일요일,경상북도 영덕군 강구면,중상사고,0,1,0,0,차대차 - 기타,안전운전불이행,건조,맑음,단일로 - 기타,승용,남,40세,상해없음,자전거,남,75세,중상
2013112400100266,2013년 11월 24일 15시,일요일,경상북도 경주시 성건동,중상사고,0,1,0,1,차대차 - 기타,신호위반,건조,맑음,교차로 - 교차로안,원동기,남,77세,부상신고,원동기,남,64세,중상
2013112400100288,2013년 11월 24일 16시,일요일,경상북도 문경시 문경읍,경상사고,0,0,3,0,차대차 - 추돌 - 주정차중,안전거리미확보,습기,흐림,단일로 - 기타,승합,남,29세,상해없음,승용,남,56세,상해없음
2013112400100290,2013년 11월 24일 16시,일요일,경상북도 청송군 안덕면,중상사고,0,1,0,0,차량단독 - 공작물충돌,기타,건조,맑음,기타 - 기타,화물,남,39세,중상,,,,
2013112400100291,2013년 11월 24일 16시,일요일,경상북도 구미시 원평동,경상사고,0,0,1,0,차대차 - 기타,안전운전불이행,건조,맑음,기타 - 기타,승용,남,59세,상해없음,자전거,남,76세,경상
2013112400100341,2013년 11월 24일 17시,일요일,경상북도 경주시 용강동,경상사고,0,0,4,0,차대차 - 기타,안전운전불이행,건조,흐림,기타 - 기타,화물,여,59세,상해없음,승용,남,38세,경상
2013112400100393,2013년 11월 24일 18시,일요일,경상북도 경주시 황성동,경상사고,0,0,2,0,차대차 - 기타,안전운전불이행,건조,맑음,교차로 - 교차로안,기타불명,기타불명,기타불명,기타불명,승용,남,42세,경상
2013112400100394,2013년 11월 24일 18시,일요일,경상북도 칠곡군 동명면,중상사고,0,1,0,0,차량단독 - 기타,기타,건조,맑음,단일로 - 기타,승합,남,48세,상해없음,,,,
2013112400100395,2013년 11월 24일 18시,일요일,경상북도 영천시 완산동,경상사고,0,0,1,0,차대차 - 기타,교차로운행방법위반,건조,맑음,교차로 - 교차로안,화물,남,45세,상해없음,화물,여,47세,경상
2013112400100396,2013년 11월 24일 18시,일요일,경상북도 문경시 영순면,경상사고,0,0,1,0,차대차 - 측면직각충돌,직진우회전진행방해,습기,비,교차로 - 교차로안,승용,남,38세,상해없음,승용,남,27세,경상
2013112400100397,2013년 11월 24일 18시,일요일,경상북도 경산시 중방동,중상사고,0,1,1,0,차대차 - 기타,신호위반,습기,비,교차로 - 교차로안,원동기,남,57세,중상,승합,남,50세,상해없음
2013112400100449,2013년 11월 24일 19시,일요일,경상북도 안동시 옥동,경상사고,0,0,1,0,차대차 - 측면직각충돌,직진우회전진행방해,습기,비,교차로 - 교차로안,승용,여,49세,상해없음,이륜,남,60세,경상
2013112400100450,2013년 11월 24일 19시,일요일,경상북도 의성군 의성읍,중상사고,0,1,0,0,차대사람 - 차도통행중,안전운전불이행,건조,맑음,단일로 - 기타,승용,여,56세,상해없음,보행자,남,51세,중상
2013112400100451,2013년 11월 24일 19시,일요일,경상북도 성주군 성주읍,중상사고,0,2,8,0,차대차 - 측면직각충돌,안전운전불이행,습기,비,교차로 - 교차로안,승용,남,18세,경상,승용,남,20세,경상
2013112400100452,2013년 11월 24일 19시,일요일,경상북도 구미시 원평동,경상사고,0,0,1,0,차대차 - 측면직각충돌,안전운전불이행,습기,비,교차로 - 교차로안,승용,남,32세,상해없음,승용,남,51세,경상
2013112400100502,2013년 11월 24일 20시,일요일,경상북도 청도군 청도읍,경상사고,0,0,2,0,차대차 - 측면직각충돌,직진우회전진행방해,습기,비,교차로 - 교차로안,승용,남,33세,상해없음,승용,여,53세,경상
2013112400100545,2013년 11월 24일 21시,일요일,경상북도 상주시 서성동,경상사고,0,0,1,0,차대사람 - 기타,안전운전불이행,습기,비,교차로 - 교차로부근,승용,남,54세,상해없음,보행자,남,48세,경상
2013112400100591,2013년 11월 24일 22시,일요일,경상북도 경산시 용성면,사망사고,1,1,1,0,차량단독 - 공작물충돌,안전운전불이행,습기,비,단일로 - 기타,승용,남,26세,사망,,,,