사고번호,사고일시,요일,시군구,사고내용,사망자수,중상자수,경상자수,부상신고자수,사고유형,법규위반,노면상태,기상상태,도로형태,가해운전자 차종,가해운전자 성별,가해운전자 연령,가해운전자 상해정도,피해운전자 차종,피해운전자 성별,피해운전자 연령,피해운전자 상해정도
2013112400100592,2013년 11월 24일 22시,일요일,경상북도 경산시 대동,경상사고,0,0,2,0,차대사람 - 기타,안전운전불이행,습기,비,단일로 - 기타,승용,남,27세,상해없음,보행자,남,32세,경상
2013112400100633,2013년 11월 24일 23시,일요일,경상북도 영주시 가흥동,중상사고,0,1,1,0,차대차 - 측면직각충돌,안전운전불이행,습기,비,교차로 - 교차로안,화물,남,46세,중상,승용,남,57세,상해없음
2013112500100016,2013년 11월 25일 00시,월요일,경상북도 경주시 용강동,중상사고,0,1,0,0,차대차 - 기타,신호위반,습기,비,교차로 - 교차로안,승용,남,55세,상해없음,승용,여,26세,중상
2013112500100017,2013년 11월 25일 00시,월요일,경상북도 구미시 공단동,경상사고,0,0,1,0,차대차 - 측면직각충돌,안전운전불이행,습기,비,교차로 - 교차로안,이륜,남,17세,경상,승용,남,30세,상해없음
2013112500100035,2013년 11월 25일 01시,월요일,경상북도 경주시 성건동,경상사고,0,0,1,0,차대차 - 기타,안전운전불이행,습기,비,단일로 - 기타,승용,남,63세,상해없음,원동기,남,22세,경상
2013112500100036,2013년 11월 25일 01시,월요일,경상북도 경주시 배반동,중상사고,0,1,0,0,차량단독 - 공작물충돌,안전운전불이행,습기,비,단일로 - 기타,화물,남,41세,중상,,,,
2013112500100065,2013년 11월 25일 04시,월요일,경상북도 포항시 북구 흥해읍,경상사고,0,0,1,1,차대차 - 기타,안전운전불이행,습기,비,단일로 - 기타,승용,남,45세,부상신고,화물,남,40세,경상
2013112500100066,2013년 11월 25일 04시,월요일,경상북도 경산시 진량읍,중상사고,0,1,0,0,차대차 - 기타,안전운전불이행,습기,흐림,단일로 - 기타,승용,남,37세,중상,화물,남,33세,기타불명
2013112500100114,2013년 11월 25일 07시,월요일,경상북도 영주시 가흥동,경상사고,0,0,1,0,차대차 - 측면직각충돌,직진우회전진행방해,건조,맑음,교차로 - 교차로안,승용,남,45세,경상,화물,남,35세,상해없음
2013112500100115,2013년 11월 25일 07시,월요일,경상북도 경산시 임당동,중상사고,0,1,0,0,차대차 - 기타,안전운전불이행,습기,비,교차로 - 교차로안,승용,남,24세,상해없음,승용,남,69세,중상
2013112500100116,2013년 11월 25일 07시,월요일,경상북도 구미시 공단동,경상사고,0,0,1,0,차대차 - 기타,안전운전불이행,건조,맑음,단일로 - 기타,승합,남,50세,상해없음,승용,여,43세,경상
2013112500100158,2013년 11월 25일 08시,월요일,경상북도 경주시 황오동,경상사고,0,0,1,0,차대차 - 기타,안전운전불이행,건조,맑음,단일로 - 횡단보도상,승용,여,44세,상해없음,자전거,남,71세,경상
2013112500100204,2013년 11월 25일 09시,월요일,경상북도 포항시 북구 두호동,경상사고,0,0,1,0,차대사람 - 기타,안전운전불이행,건조,맑음,단일로 - 기타,승용,남,58세,상해없음,보행자,여,19세,경상
2013112500100237,2013년 11월 25일 10시,월요일,경상북도 김천시 아포읍,경상사고,0,0,1,0,차대차 - 측면직각충돌,교차로운행방법위반,건조,맑음,교차로 - 교차로안,화물,남,49세,상해없음,승용,여,46세,경상
2013112500100238,2013년 11월 25일 10시,월요일,경상북도 영주시 문수면,중상사고,0,1,1,0,차대차 - 측면직각충돌,안전운전불이행,건조,흐림,단일로 - 기타,승용,여,58세,중상,화물,남,63세,경상
2013112500100263,2013년 11월 25일 11시,월요일,경상북도 경주시 황성동,경상사고,0,0,2,1,차대차 - 기타,신호위반,건조,맑음,단일로 - 기타,승용,여,35세,부상신고,승용,여,35세,경상
2013112500100264,2013년 11월 25일 11시,월요일,경상북도 구미시 봉곡동,경상사고,0,0,1,0,차대차 - 기타,안전거리미확보,건조,흐림,단일로 - 기타,승용,남,27세,상해없음,승용,남,43세,경상
2013112500100289,2013년 11월 25일 12시,월요일,경상북도 구미시 진평동,경상사고,0,0,1,0,차대차 - 기타,안전거리미확보,건조,맑음,단일로 - 기타,승용,여,34세,상해없음,이륜,남,19세,경상
2013112500100290,2013년 11월 25일 12시,월요일,경상북도 포항시 남구 이동,경상사고,0,0,2,0,차대차 - 측면직각충돌,차로위반,건조,맑음,교차로 - 교차로부근,승용,남,61세,상해없음,승용,여,58세,경상
2013112500100309,2013년 11월 25일 13시,월요일,경상북도 포항시 북구 대신동,중상사고,0,3,1,0,차대차 - 기타,신호위반,건조,맑음,교차로 - 교차로안,승용,여,62세,경상,승용,남,48세,중상
2013112500100342,2013년 11월 25일 14시,월요일,경상북도 칠곡군 가산면,사망사고,1,0,0,0,차량단독 - 공작물충돌,안전운전불이행,건조,맑음,단일로 - 기타,화물,남,62세,사망,,,,
2013112500100343,2013년 11월 25일 14시,월요일,경상북도 구미시 선산읍,중상사고,0,3,0,0,차대차 - 기타,교차로운행방법위반,건조,맑음,교차로 - 교차로안,승합,남,71세,중상,승용,남,33세,중상
2013112500100366,2013년 11월 25일 15시,월요일,경상북도 영주시 가흥동,중상사고,0,1,0,0,차대차 - 기타,안전운전불이행,건조,맑음,교차로 - 교차로안,이륜,남,29세,중상,승용,남,41세,상해없음
2013112500100367,2013년 11월 25일 15시,월요일,경상북도 예천군 지보면,중상사고,0,2,0,0,차대차 - 측면직각충돌,안전운전불이행,건조,맑음,교차로 - 교차로안,건설기계,남,34세,상해없음,승용,여,46세,상해없음
2013112500100368,2013년 11월 25일 15시,월요일,경상북도 고령군 성산면,경상사고,0,0,1,0,차대차 - 측면직각충돌,안전운전불이행,건조,맑음,단일로 - 기타,화물,남,54세,상해없음,이륜,남,60세,경상
2013112500100392,2013년 11월 25일 16시,월요일,경상북도 경주시 외동읍,경상사고,0,0,1,0,차대사람 - 기타,안전운전불이행,건조,맑음,단일로 - 기타,원동기,남,24세,상해없음,보행자,남,18세,경상
2013112500100393,2013년 11월 25일 16시,월요일,경상북도 포항시 북구 흥해읍,중상사고,0,1,0,0,차대차 - 정면충돌,중앙선침범,건조,맑음,단일로 - 기타,화물,남,60세,상해없음,승용,여,28세,중상
2013112500100394,2013년 11월 25일 16시,월요일,경상북도 안동시 옥동,중상사고,0,1,0,0,차대사람 - 횡단중,보행자보호의무위반,건조,맑음,단일로 - 횡단보도상,승용,남,62세,상해없음,보행자,여,13세,중상
2013112500100395,2013년 11월 25일 16시,월요일,경상북도 영주시 휴천동,경상사고,0,0,4,0,차대차 - 기타,중앙선침범,습기,흐림,교차로 - 교차로부근,승용,남,57세,상해없음,승용,남,39세,경상
2013112500100396,2013년 11월 25일 16시,월요일,경상북도 구미시 도량동,경상사고,0,0,1,0,차대차 - 기타,안전운전불이행,건조,맑음,단일로 - 기타,승용,여,47세,상해없음,자전거,남,14세,경상
2013112500100397,2013년 11월 25일 16시,월요일,경상북도 포항시 남구 청림동,경상사고,0,0,1,0,차대차 - 측면직각충돌,안전운전불이행,건조,맑음,교차로 - 교차로안,승용,여,55세,상해없음,승용,여,61세,경상
2013112500100425,2013년 11월 25일 17시,월요일,경상북도 경주시 노서동,경상사고,0,0,1,0,차대차 - 기타,안전운전불이행,건조,맑음,기타 - 기타,승용,남,61세,상해없음,승용,남,30세,기타불명
2013112500100426,2013년 11월 25일 17시,월요일,경상북도 경주시 성건동,중상사고,0,1,0,0,차대사람 - 기타,안전운전불이행,건조,맑음,교차로 - 교차로부근,화물,남,44세,상해없음,보행자,여,13세,중상
2013112500100427,2013년 11월 25일 17시,월요일,경상북도 안동시 용상동,경상사고,0,0,1,0,차대사람 - 기타,안전운전불이행,건조,맑음,기타 - 기타,승용,남,44세,상해없음,보행자,여,13세,경상
2013112500100428,2013년 11월 25일 17시,월요일,경상북도 김천시 평화동,경상사고,0,0,1,0,차대차 - 측면직각충돌,신호위반,건조,맑음,교차로 - 교차로안,승합,남,48세,상해없음,승용,여,53세,경상
2013112500100429,2013년 11월 25일 17시,월요일,경상북도 영주시 하망동,경상사고,0,0,4,0,차대차 - 추돌 - 주정차중,안전운전불이행,건조,맑음,교차로 - 교차로부근,화물,남,61세,경상,화물,남,60세,경상
2013112500100430,2013년 11월 25일 17시,월요일,경상북도 영천시 문외동,중상사고,0,1,0,0,차대사람 - 횡단중,안전운전불이행,건조,맑음,단일로 - 기타,승용,여,41세,상해없음,보행자,여,22세,중상
2013112500100431,2013년 11월 25일 17시,월요일,경상북도 영천시 금노동,중상사고,0,1,0,0,차대사람 - 기타,보행자보호의무위반,건조,맑음,교차로 - 교차로부근,승용,여,56세,상해없음,보행자,여,53세,중상
2013112500100432,2013년 11월 25일 17시,월요일,경상북도 경산시 삼북동,경상사고,0,0,1,0,차대차 - 기타,안전운전불이행,건조,기타,교차로 - 교차로부근,승용,남,43세,상해없음,자전거,여,21세,경상
2013112500100489,2013년 11월 25일 18시,월요일,경상북도 안동시 옥동,경상사고,0,0,1,0,차대차 - 측면직각충돌,직진우회전진행방해,건조,맑음,교차로 - 교차로안,승용,남,48세,상해없음,승용,남,42세,경상
2013112500100532,2013년 11월 25일 19시,월요일,경상북도 포항시 북구 흥해읍,사망사고,1,0,0,0,차대사람 - 기타,안전운전불이행,건조,맑음,단일로 - 기타,화물,남,47세,상해없음,보행자,여,37세,사망
2013112500100533,2013년 11월 25일 19시,월요일,경상북도 영덕군 강구면,중상사고,0,1,0,0,차대사람 - 기타,안전운전불이행,건조,맑음,교차로 - 교차로안,승합,남,55세,상해없음,보행자,남,39세,중상
2013112500100601,2013년 11월 25일 22시,월요일,경상북도 포항시 남구 대도동,중상사고,0,1,0,0,차대차 - 측면직각충돌,직진우회전진행방해,건조,맑음,교차로 - 교차로부근,승용,남,42세,상해없음,자전거,남,71세,중상
2013112500100620,2013년 11월 25일 23시,월요일,경상북도 김천시 부곡동,경상사고,0,0,1,0,차대차 - 측면직각충돌,안전운전불이행,건조,맑음,교차로 - 교차로부근,승용,남,32세,상해없음,승용,여,42세,경상
2013112500100621,2013년 11월 25일 23시,월요일,경상북도 영천시 야사동,경상사고,0,0,2,0,차대차 - 측면직각충돌,안전운전불이행,건조,맑음,단일로 - 기타,이륜,남,17세,경상,승합,남,59세,상해없음
2013112600100039,2013년 11월 26일 02시,화요일,경상북도 포항시 남구 대잠동,경상사고,0,0,3,0,차대차 - 측면직각충돌,신호위반,건조,맑음,교차로 - 교차로안,승용,남,27세,상해없음,승용,여,57세,경상
2013112600100044,2013년 11월 26일 03시,화요일,경상북도 포항시 북구 용흥동,중상사고,0,1,0,0,차대사람 - 기타,안전운전불이행,건조,맑음,교차로 - 교차로부근,승용,남,30세,상해없음,보행자,남,63세,중상
2013112600100045,2013년 11월 26일 03시,화요일,경상북도 구미시 인의동,중상사고,0,1,0,0,차대차 - 기타,신호위반,건조,맑음,교차로 - 교차로안,승용,남,57세,상해없음,자전거,남,18세,중상
2013112600100046,2013년 11월 26일 03시,화요일,경상북도 구미시 공단동,중상사고,0,1,0,0,차대차 - 기타,교차로운행방법위반,건조,맑음,교차로 - 교차로안,화물,남,50세,상해없음,화물,남,28세,중상
2013112600100047,2013년 11월 26일 03시,화요일,경상북도 포항시 남구 대도동,경상사고,0,0,1,0,차대차 - 추돌 - 주정차중,안전운전불이행,건조,맑음,단일로 - 기타,승합,남,36세,경상,화물,남,41세,기타불명
2013112600100078,2013년 11월 26일 06시,화요일,경상북도 구미시 송정동,사망사고,1,0,0,0,차대사람 - 기타,안전운전불이행,건조,맑음,단일로 - 기타,승용,남,39세,상해없음,보행자,남,88세,사망
2013112600100103,2013년 11월 26일 07시,화요일,경상북도 경주시 구황동,중상사고,0,1,0,0,차대차 - 기타,직진우회전진행방해,건조,맑음,교차로 - 교차로안,화물,남,51세,상해없음,원동기,남,66세,중상
2013112600100104,2013년 11월 26일 07시,화요일,경상북도 포항시 북구 죽도동,중상사고,0,1,0,0,차대사람 - 기타,신호위반,건조,맑음,교차로 - 교차로안,승용,남,42세,상해없음,보행자,여,66세,중상
2013112600100105,2013년 11월 26일 07시,화요일,경상북도 경산시 와촌면,경상사고,0,0,2,0,차대차 - 기타,중앙선침범,건조,맑음,단일로 - 기타,화물,남,45세,상해없음,승용,여,55세,경상
2013112600100106,2013년 11월 26일 07시,화요일,경상북도 경산시 백천동,경상사고,0,0,1,0,차대차 - 기타,안전운전불이행,건조,맑음,단일로 - 기타,기타불명,기타불명,기타불명,기타불명,자전거,남,17세,경상
2013112600100151,2013년 11월 26일 08시,화요일,경상북도 포항시 북구 용흥동,중상사고,0,1,0,0,차대사람 - 기타,안전운전불이행,건조,맑음,단일로 - 기타,승용,여,50세,상해없음,보행자,여,74세,중상
2013112600100152,2013년 11월 26일 08시,화요일,경상북도 칠곡군 석적읍,경상사고,0,0,1,0,차량단독 - 공작물충돌,안전운전불이행,건조,맑음,단일로 - 기타,화물,남,54세,경상,,,,
2013112600100153,2013년 11월 26일 08시,화요일,경상북도 영천시 야사동,경상사고,0,0,2,0,차대차 - 기타,안전운전불이행,건조,맑음,단일로 - 기타,승용,남,45세,상해없음,승용,여,40세,경상
2013112600100154,2013년 11월 26일 08시,화요일,경상북도 문경시 마성면,중상사고,0,1,7,0,차대차 - 측면직각충돌,안전운전불이행,결빙,맑음,단일로 - 기타,승용,남,52세,경상,승합,남,41세,중상
2013112600100155,2013년 11월 26일 08시,화요일,경상북도 문경시 모전동,경상사고,0,0,2,0,차대차 - 측면직각충돌,교차로운행방법위반,건조,맑음,교차로 - 교차로안,승합,남,59세,상해없음,승합,남,38세,경상
2013112600100156,2013년 11월 26일 08시,화요일,경상북도 고령군 다산면,경상사고,0,0,1,0,차대사람 - 기타,안전운전불이행,건조,맑음,단일로 - 횡단보도상,승용,남,23세,상해없음,보행자,여,11세,경상
2013112600100157,2013년 11월 26일 08시,화요일,경상북도 경주시 내남면,사망사고,1,0,0,0,차량단독 - 공작물충돌,안전운전불이행,건조,맑음,단일로 - 기타,화물,남,57세,사망,,,,
2013112600100203,2013년 11월 26일 09시,화요일,경상북도 포항시 북구 우현동,경상사고,0,0,1,0,차대사람 - 기타,보행자보호의무위반,건조,맑음,단일로 - 횡단보도상,승용,여,26세,상해없음,보행자,여,49세,경상
2013112600100204,2013년 11월 26일 09시,화요일,경상북도 안동시 용상동,중상사고,0,1,0,0,차대차 - 측면직각충돌,교차로운행방법위반,건조,맑음,교차로 - 교차로안,승용,남,69세,상해없음,자전거,여,62세,중상
2013112600100232,2013년 11월 26일 10시,화요일,경상북도 경주시 외동읍,경상사고,0,0,3,1,차대차 - 기타,신호위반,건조,맑음,교차로 - 교차로안,승용,남,55세,부상신고,승용,남,55세,경상
2013112600100233,2013년 11월 26일 10시,화요일,경상북도 포항시 남구 장기면,경상사고,0,0,1,0,차대차 - 측면직각충돌,안전운전불이행,건조,맑음,교차로 - 교차로안,승용,남,60세,상해없음,화물,남,56세,경상
2013112600100257,2013년 11월 26일 11시,화요일,경상북도 포항시 북구 용흥동,경상사고,0,0,2,0,차대차 - 기타,신호위반,건조,맑음,교차로 - 교차로안,승용,남,21세,상해없음,승용,여,40세,경상
2013112600100258,2013년 11월 26일 11시,화요일,경상북도 포항시 북구 장성동,중상사고,0,1,0,0,차대차 - 기타,차로위반,건조,맑음,단일로 - 기타,승용,남,62세,상해없음,승용,여,53세,중상
2013112600100259,2013년 11월 26일 11시,화요일,경상북도 상주시 외서면,중상사고,0,1,0,0,차대차 - 기타,안전운전불이행,건조,맑음,단일로 - 기타,원동기,남,29세,중상,승용,여,36세,상해없음
2013112600100275,2013년 11월 26일 12시,화요일,경상북도 경주시 황성동,중상사고,0,1,2,0,차대차 - 기타,안전운전불이행,건조,맑음,단일로 - 기타,건설기계,남,54세,상해없음,승용,남,51세,중상
2013112600100276,2013년 11월 26일 12시,화요일,경상북도 안동시 송현동,경상사고,0,0,1,0,차대차 - 기타,안전운전불이행,건조,맑음,교차로 - 교차로부근,승용,남,71세,경상,승용,남,49세,상해없음
2013112600100277,2013년 11월 26일 12시,화요일,경상북도 영천시 완산동,중상사고,0,1,2,0,차대차 - 측면직각충돌,신호위반,건조,맑음,교차로 - 교차로안,승용,남,58세,상해없음,화물,남,39세,경상
2013112600100278,2013년 11월 26일 12시,화요일,경상북도 경산시 상방동,경상사고,0,0,1,0,차대차 - 기타,직진우회전진행방해,건조,맑음,교차로 - 교차로안,이륜,남,32세,경상,승용,남,50세,상해없음
2013112600100310,2013년 11월 26일 13시,화요일,경상북도 영주시 가흥동,경상사고,0,0,1,0,차대사람 - 횡단중,안전운전불이행,건조,맑음,단일로 - 기타,승용,남,73세,상해없음,보행자,여,61세,경상
2013112600100311,2013년 11월 26일 13시,화요일,경상북도 영주시 휴천동,경상사고,0,0,1,0,차대차 - 측면직각충돌,신호위반,건조,맑음,교차로 - 교차로안,원동기,남,72세,경상,화물,남,71세,상해없음
2013112600100312,2013년 11월 26일 13시,화요일,경상북도 포항시 남구 호미곶면,중상사고,0,1,0,0,차대사람 - 기타,안전운전불이행,건조,맑음,단일로 - 기타,승용,여,25세,상해없음,보행자,여,50세,중상
2013112600100336,2013년 11월 26일 14시,화요일,경상북도 상주시 복룡동,중상사고,0,1,0,0,차대사람 - 횡단중,보행자보호의무위반,건조,맑음,단일로 - 기타,이륜,남,73세,상해없음,보행자,여,54세,중상
2013112600100337,2013년 11월 26일 14시,화요일,경상북도 의성군 안계면,중상사고,0,1,0,0,차대사람 - 기타,안전운전불이행,건조,맑음,단일로 - 기타,승용,여,56세,상해없음,보행자,여,73세,중상
2013112600100338,2013년 11월 26일 14시,화요일,경상북도 영주시 영주동,중상사고,0,1,0,0,차대사람 - 보도통행중,안전운전불이행,건조,맑음,단일로 - 횡단보도상,화물,남,55세,상해없음,보행자,남,74세,중상
2013112600100371,2013년 11월 26일 15시,화요일,경상북도 상주시 서성동,부상신고사고,0,0,0,1,차대사람 - 기타,안전운전불이행,습기,비,교차로 - 교차로부근,화물,여,55세,상해없음,보행자,남,51세,부상신고
2013112600100372,2013년 11월 26일 15시,화요일,경상북도 봉화군 봉화읍,부상신고사고,0,0,0,1,차대차 - 기타,안전운전불이행,건조,맑음,교차로 - 교차로안,자전거,여,55세,부상신고,승용,여,41세,상해없음
2013112600100404,2013년 11월 26일 16시,화요일,경상북도 포항시 북구 중앙동,경상사고,0,0,1,0,차대차 - 기타,안전운전불이행,건조,맑음,단일로 - 기타,승용,남,58세,상해없음,원동기,남,45세,상해없음
2013112600100405,2013년 11월 26일 16시,화요일,경상북도 영천시 화북면,중상사고,0,1,0,0,차대차 - 기타,안전운전불이행,건조,맑음,단일로 - 기타,승용,여,52세,상해없음,자전거,여,54세,중상
2013112600100406,2013년 11월 26일 16시,화요일,경상북도 포항시 북구 기계면,중상사고,0,2,0,0,차대차 - 추돌 - 진행중,안전운전불이행,건조,맑음,단일로 - 기타,승합,남,34세,상해없음,화물,남,58세,중상
2013112600100439,2013년 11월 26일 17시,화요일,경상북도 포항시 북구 흥해읍,중상사고,0,1,0,0,차대차 - 기타,신호위반,건조,맑음,교차로 - 교차로안,승용,남,48세,상해없음,화물,여,57세,중상
2013112600100440,2013년 11월 26일 17시,화요일,경상북도 김천시 아포읍,경상사고,0,0,2,0,차대차 - 측면직각충돌,교차로운행방법위반,건조,맑음,교차로 - 교차로안,승용,남,56세,경상,승합,남,50세,경상
2013112600100441,2013년 11월 26일 17시,화요일,경상북도 영주시 가흥동,중상사고,0,1,0,0,차대차 - 측면직각충돌,직진우회전진행방해,건조,맑음,교차로 - 교차로안,화물,여,22세,상해없음,이륜,남,35세,중상
2013112600100442,2013년 11월 26일 17시,화요일,경상북도 칠곡군 가산면,부상신고사고,0,0,0,1,차량단독 - 공작물충돌,안전운전불이행,건조,맑음,단일로 - 기타,화물,남,33세,부상신고,,,,
2013112600100443,2013년 11월 26일 17시,화요일,경상북도 영천시 망정동,경상사고,0,0,1,0,차대사람 - 횡단중,안전운전불이행,건조,맑음,단일로 - 기타,승용,남,34세,상해없음,보행자,여,10세,경상
2013112600100444,2013년 11월 26일 17시,화요일,경상북도 고령군 고령읍,중상사고,0,1,0,0,차대차 - 측면직각충돌,중앙선침범,건조,맑음,단일로 - 기타,화물,남,57세,상해없음,승용,남,42세,중상
2013112600100503,2013년 11월 26일 18시,화요일,경상북도 안동시 옥야동,중상사고,0,1,0,0,차대차 - 기타,안전운전불이행,건조,맑음,단일로 - 기타,화물,남,35세,상해없음,자전거,여,67세,중상
2013112600100566,2013년 11월 26일 20시,화요일,경상북도 포항시 남구 해도동,중상사고,0,2,0,0,차대사람 - 횡단중,보행자보호의무위반,건조,맑음,단일로 - 횡단보도상,승용,남,32세,상해없음,보행자,남,49세,중상
2013112600100567,2013년 11월 26일 20시,화요일,경상북도 경산시 계양동,경상사고,0,0,1,0,차대차 - 기타,안전운전불이행,건조,맑음,단일로 - 기타,승용,남,63세,기타불명,승용,남,59세,경상
2013112600100599,2013년 11월 26일 21시,화요일,경상북도 김천시 교동,경상사고,0,0,1,0,차대사람 - 기타,신호위반,건조,맑음,단일로 - 기타,승용,남,38세,상해없음,보행자,남,15세,경상
2013112600100600,2013년 11월 26일 21시,화요일,경상북도 영천시 야사동,경상사고,0,0,5,0,차대차 - 기타,안전운전불이행,건조,맑음,단일로 - 기타,화물,남,50세,상해없음,승용,남,46세,경상
2013112600100601,2013년 11월 26일 21시,화요일,경상북도 구미시 송정동,경상사고,0,0,1,0,차대사람 - 기타,신호위반,건조,맑음,교차로 - 교차로안,이륜,남,16세,상해없음,보행자,여,29세,경상
2013112600100630,2013년 11월 26일 22시,화요일,경상북도 구미시 원평동,부상신고사고,0,0,0,1,차대차 - 기타,안전운전불이행,건조,맑음,단일로 - 기타,이륜,남,16세,부상신고,승용,여,30세,상해없음
2013112600100631,2013년 11월 26일 22시,화요일,경상북도 포항시 남구 송도동,경상사고,0,0,1,0,차대사람 - 기타,안전운전불이행,건조,맑음,단일로 - 기타,승용,여,57세,상해없음,보행자,남,47세,경상
2013112700100016,2013년 11월 27일 00시,수요일,경상북도 상주시 서문동,중상사고,0,2,1,0,차대차 - 기타,안전운전불이행,건조,맑음,교차로 - 교차로안,승용,남,30세,상해없음,승용,남,52세,중상
2013112700100017,2013년 11월 27일 00시,수요일,경상북도 구미시 시미동,경상사고,0,0,4,1,차대차 - 추돌 - 주정차중,안전운전불이행,건조,맑음,교차로 - 교차로부근,승용,남,27세,상해없음,승용,남,40세,경상
2013112700100038,2013년 11월 27일 01시,수요일,경상북도 포항시 북구 흥해읍,중상사고,0,1,0,0,차대사람 - 기타,안전운전불이행,건조,맑음,교차로 - 교차로부근,화물,남,41세,상해없음,보행자,남,43세,중상
2013112700100085,2013년 11월 27일 06시,수요일,경상북도 구미시 도개면,중상사고,0,2,1,0,차대차 - 기타,안전운전불이행,결빙,눈,단일로 - 기타,화물,남,36세,상해없음,승용,남,37세,상해없음
2013112700100111,2013년 11월 27일 07시,수요일,경상북도 영주시 장수면,경상사고,0,0,2,0,차대차 - 측면직각충돌,안전운전불이행,적설,흐림,교차로 - 교차로부근,화물,남,59세,상해없음,화물,남,39세,경상
2013112700100112,2013년 11월 27일 07시,수요일,경상북도 경산시 자인면,중상사고,0,1,0,0,차대차 - 기타,신호위반,건조,맑음,교차로 - 교차로안,승용,여,33세,상해없음,화물,남,65세,중상
2013112700100113,2013년 11월 27일 07시,수요일,경상북도 포항시 남구 대송면,중상사고,0,1,0,0,차대차 - 측면직각충돌,직진우회전진행방해,건조,맑음,교차로 - 교차로안,화물,남,42세,상해없음,승용,남,54세,중상
2013112700100133,2013년 11월 27일 08시,수요일,경상북도 경주시 현곡면,중상사고,0,2,0,0,차대차 - 기타,안전운전불이행,건조,맑음,교차로 - 교차로부근,화물,남,60세,상해없음,화물,남,26세,상해없음
2013112700100134,2013년 11월 27일 08시,수요일,경상북도 경주시 황성동,중상사고,0,1,0,0,차대사람 - 기타,보행자보호의무위반,건조,맑음,단일로 - 기타,자전거,남,14세,상해없음,보행자,여,79세,중상
2013112700100135,2013년 11월 27일 08시,수요일,경상북도 안동시 옥동,경상사고,0,0,2,0,차대차 - 기타,직진우회전진행방해,습기,눈,교차로 - 교차로안,승용,여,29세,경상,승용,남,31세,경상
2013112700100136,2013년 11월 27일 08시,수요일,경상북도 문경시 산양면,경상사고,0,0,1,0,차대차 - 추돌 - 주정차중,안전운전불이행,습기,눈,단일로 - 기타,화물,남,57세,상해없음,승용,남,52세,경상
2013112700100137,2013년 11월 27일 08시,수요일,경상북도 포항시 남구 대송면,경상사고,0,0,1,0,차대차 - 기타,안전운전불이행,건조,맑음,단일로 - 기타,승용,여,40세,경상,건설기계,남,40세,상해없음
2013112700100166,2013년 11월 27일 09시,수요일,경상북도 안동시 일직면,부상신고사고,0,0,0,1,차대차 - 기타,안전운전불이행,건조,맑음,교차로 - 교차로부근,이륜,여,63세,부상신고,화물,남,65세,상해없음
2013112700100167,2013년 11월 27일 09시,수요일,경상북도 상주시 가장동,중상사고,0,3,0,0,차대차 - 기타,안전운전불이행,결빙,눈,단일로 - 기타,승용,남,61세,상해없음,승용,남,59세,중상
2013112700100168,2013년 11월 27일 09시,수요일,경상북도 문경시 유곡동,중상사고,0,1,2,0,차대차 - 측면직각충돌,안전거리미확보,적설,눈,단일로 - 기타,승용,남,61세,상해없음,승용,남,36세,중상
2013112700100184,2013년 11월 27일 10시,수요일,경상북도 문경시 유곡동,중상사고,0,1,0,0,차대차 - 추돌 - 주정차중,안전운전불이행,적설,눈,단일로 - 기타,승용,남,31세,상해없음,승용,남,44세,중상
2013112700100201,2013년 11월 27일 11시,수요일,경상북도 예천군 예천읍,중상사고,0,1,0,0,차량단독 - 공작물충돌,안전운전불이행,결빙,눈,단일로 - 기타,승용,남,36세,중상,,,,
2013112700100202,2013년 11월 27일 11시,수요일,경상북도 예천군 감천면,경상사고,0,0,1,0,차량단독 - 기타,안전운전불이행,적설,눈,단일로 - 기타,화물,남,54세,경상,,,,
2013112700100203,2013년 11월 27일 11시,수요일,경상북도 봉화군 명호면,중상사고,0,1,1,0,차량단독 - 전도전복,안전운전불이행,결빙,흐림,단일로 - 기타,화물,남,67세,경상,,,,
2013112700100204,2013년 11월 27일 11시,수요일,경상북도 성주군 수륜면,경상사고,0,0,3,0,차대차 - 측면직각충돌,중앙선침범,습기,기타,교차로 - 교차로부근,승합,남,43세,상해없음,화물,남,36세,경상
2013112700100231,2013년 11월 27일 12시,수요일,경상북도 경주시 용강동,중상사고,0,1,1,0,차대차 - 기타,안전운전불이행,건조,맑음,교차로 - 교차로안,승용,여,40세,상해없음,승용,남,60세,경상
2013112700100232,2013년 11월 27일 12시,수요일,경상북도 구미시 형곡동,중상사고,0,1,0,0,차대차 - 기타,신호위반,습기,비,교차로 - 교차로안,승용,남,48세,상해없음,승용,여,45세,중상
2013112700100254,2013년 11월 27일 13시,수요일,경상북도 포항시 북구 흥해읍,중상사고,0,1,0,0,차량단독 - 기타,안전운전불이행,건조,맑음,단일로 - 기타,승합,남,60세,상해없음,,,,
2013112700100255,2013년 11월 27일 13시,수요일,경상북도 포항시 남구 괴동동,경상사고,0,0,2,0,차대차 - 추돌 - 진행중,안전운전불이행,건조,맑음,단일로 - 기타,승용,여,27세,상해없음,승용,남,61세,경상
2013112700100321,2013년 11월 27일 15시,수요일,경상북도 경주시 동천동,중상사고,0,1,0,0,차대차 - 기타,안전거리미확보,습기,맑음,교차로 - 교차로부근,승용,여,60세,상해없음,승용,여,46세,중상