사고번호,사고일시,요일,시군구,사고내용,사망자수,중상자수,경상자수,부상신고자수,사고유형,법규위반,노면상태,기상상태,도로형태,가해운전자 차종,가해운전자 성별,가해운전자 연령,가해운전자 상해정도,피해운전자 차종,피해운전자 성별,피해운전자 연령,피해운전자 상해정도
2013112700100322,2013년 11월 27일 15시,수요일,경상북도 영천시 문내동,경상사고,0,0,2,0,차대차 - 측면직각충돌,직진우회전진행방해,습기,흐림,교차로 - 교차로안,승용,남,40세,경상,이륜,남,58세,경상
2013112700100323,2013년 11월 27일 15시,수요일,경상북도 군위군 군위읍,중상사고,0,1,0,0,차대차 - 측면직각충돌,안전운전불이행,건조,맑음,교차로 - 교차로안,승용,여,47세,상해없음,원동기,여,66세,중상
2013112700100324,2013년 11월 27일 15시,수요일,경상북도 포항시 남구 청림동,경상사고,0,0,1,0,차대사람 - 기타,안전운전불이행,건조,맑음,단일로 - 기타,기타불명,기타불명,기타불명,기타불명,보행자,남,12세,경상
2013112700100356,2013년 11월 27일 16시,수요일,경상북도 김천시 신음동,경상사고,0,0,1,0,차량단독 - 전도전복,안전운전불이행,건조,맑음,단일로 - 기타,이륜,남,66세,경상,,,,
2013112700100357,2013년 11월 27일 16시,수요일,경상북도 구미시 형곡동,중상사고,0,1,0,0,차대사람 - 횡단중,보행자보호의무위반,건조,흐림,교차로 - 교차로부근,기타불명,기타불명,기타불명,기타불명,보행자,남,13세,중상
2013112700100398,2013년 11월 27일 17시,수요일,경상북도 성주군 성주읍,중상사고,0,1,0,0,차대차 - 추돌 - 주정차중,안전운전불이행,건조,맑음,기타 - 기타,이륜,남,73세,중상,화물,남,45세,상해없음
2013112700100399,2013년 11월 27일 17시,수요일,경상북도 포항시 남구 장흥동,경상사고,0,0,1,0,차대차 - 추돌 - 진행중,안전거리미확보,건조,맑음,교차로 - 교차로안,승용,남,63세,상해없음,승용,남,54세,상해없음
2013112700100454,2013년 11월 27일 18시,수요일,경상북도 상주시 사벌면,중상사고,0,2,3,0,차대차 - 추돌 - 주정차중,안전운전불이행,결빙,눈,단일로 - 기타,화물,남,52세,경상,승용,여,46세,중상
2013112700100455,2013년 11월 27일 18시,수요일,경상북도 상주시 냉림동,중상사고,0,1,0,0,차대차 - 기타,안전운전불이행,결빙,눈,단일로 - 기타,화물,남,60세,상해없음,이륜,여,59세,중상
2013112700100456,2013년 11월 27일 18시,수요일,경상북도 칠곡군 왜관읍,경상사고,0,0,1,0,차대차 - 기타,안전운전불이행,습기,눈,교차로 - 교차로부근,승용,남,56세,상해없음,승용,여,44세,경상
2013112700100457,2013년 11월 27일 18시,수요일,경상북도 문경시 산양면,경상사고,0,0,1,0,차대차 - 추돌 - 진행중,안전거리미확보,결빙,흐림,단일로 - 기타,승합,남,56세,상해없음,승용,남,31세,경상
2013112700100458,2013년 11월 27일 18시,수요일,경상북도 경산시 옥산동,경상사고,0,0,2,0,차대차 - 기타,안전운전불이행,건조,맑음,단일로 - 기타,승용,남,47세,상해없음,승용,남,32세,경상
2013112700100459,2013년 11월 27일 18시,수요일,경상북도 경산시 사동,경상사고,0,0,1,0,차대차 - 기타,안전거리미확보,건조,흐림,단일로 - 기타,승용,남,47세,상해없음,이륜,남,16세,경상
2013112700100460,2013년 11월 27일 18시,수요일,경상북도 경산시 중방동,경상사고,0,0,1,0,차대차 - 기타,안전운전불이행,습기,비,교차로 - 교차로부근,화물,남,51세,상해없음,승용,여,43세,경상
2013112700100461,2013년 11월 27일 18시,수요일,경상북도 성주군 성주읍,경상사고,0,0,1,0,차대차 - 추돌 - 진행중,안전운전불이행,습기,눈,교차로 - 교차로부근,승용,여,45세,상해없음,자전거,여,64세,경상
2013112700100462,2013년 11월 27일 18시,수요일,경상북도 포항시 남구 동촌동,경상사고,0,0,1,0,차대차 - 측면직각충돌,안전운전불이행,건조,맑음,단일로 - 기타,승용,남,23세,상해없음,승용,남,51세,경상
2013112700100505,2013년 11월 27일 19시,수요일,경상북도 안동시 풍천면,중상사고,0,2,0,0,차대차 - 기타,중앙선침범,적설,눈,단일로 - 기타,승용,여,55세,상해없음,화물,남,56세,중상
2013112700100506,2013년 11월 27일 19시,수요일,경상북도 안동시 용상동,중상사고,0,1,0,0,차대사람 - 기타,안전운전불이행,기타,눈,교차로 - 교차로안,화물,남,37세,상해없음,보행자,여,67세,중상
2013112700100507,2013년 11월 27일 19시,수요일,경상북도 상주시 중동면,중상사고,0,1,1,0,차대차 - 기타,중앙선침범,결빙,눈,단일로 - 기타,승합,남,45세,상해없음,승용,남,56세,중상
2013112700100508,2013년 11월 27일 19시,수요일,경상북도 영주시 가흥동,경상사고,0,0,3,0,차대차 - 측면직각충돌,안전거리미확보,습기,맑음,교차로 - 교차로안,승용,남,22세,상해없음,승용,남,27세,경상
2013112700100509,2013년 11월 27일 19시,수요일,경상북도 문경시 산양면,경상사고,0,0,1,0,차대차 - 추돌 - 진행중,안전운전불이행,결빙,흐림,기타 - 기타,승합,남,50세,상해없음,승용,여,44세,경상
2013112700100510,2013년 11월 27일 19시,수요일,경상북도 구미시 고아읍,경상사고,0,0,1,0,차량단독 - 공작물충돌,안전운전불이행,결빙,흐림,기타 - 기타,승합,남,54세,경상,,,,
2013112700100536,2013년 11월 27일 20시,수요일,경상북도 포항시 북구 우현동,경상사고,0,0,3,0,차대차 - 측면직각충돌,중앙선침범,건조,맑음,단일로 - 기타,승용,남,56세,상해없음,승용,남,33세,경상
2013112700100537,2013년 11월 27일 20시,수요일,경상북도 안동시 남후면,중상사고,0,1,1,0,차대차 - 기타,안전운전불이행,결빙,흐림,단일로 - 기타,승용,여,37세,경상,승합,남,24세,상해없음
2013112700100538,2013년 11월 27일 20시,수요일,경상북도 영천시 청통면,중상사고,0,1,0,0,차대차 - 기타,안전운전불이행,기타,흐림,단일로 - 기타,승용,여,52세,상해없음,원동기,남,49세,중상
2013112700100539,2013년 11월 27일 20시,수요일,경상북도 문경시 흥덕동,중상사고,0,2,3,0,차대차 - 추돌 - 주정차중,안전운전불이행,결빙,흐림,단일로 - 교량,화물,남,46세,상해없음,승용,여,36세,경상
2013112700100540,2013년 11월 27일 20시,수요일,경상북도 구미시 신평동,중상사고,0,1,0,0,차대차 - 추돌 - 진행중,안전운전불이행,결빙,흐림,단일로 - 기타,승용,남,28세,상해없음,이륜,남,55세,중상
2013112700100541,2013년 11월 27일 20시,수요일,경상북도 구미시 상모동,경상사고,0,0,1,0,차대차 - 추돌 - 주정차중,안전운전불이행,건조,흐림,단일로 - 기타,승용,남,56세,상해없음,승용,남,33세,경상
2013112700100542,2013년 11월 27일 20시,수요일,경상북도 구미시 임수동,경상사고,0,0,3,1,차대차 - 추돌 - 진행중,안전거리미확보,결빙,눈,단일로 - 교량,승용,남,19세,상해없음,승용,남,66세,경상
2013112700100543,2013년 11월 27일 20시,수요일,경상북도 구미시 임수동,경상사고,0,0,1,0,차대차 - 추돌 - 진행중,안전운전불이행,결빙,흐림,단일로 - 교량,승용,여,47세,상해없음,승용,남,27세,경상
2013112700100544,2013년 11월 27일 20시,수요일,경상북도 구미시 임수동,경상사고,0,0,3,0,차대차 - 추돌 - 진행중,안전운전불이행,결빙,흐림,단일로 - 교량,승용,남,46세,상해없음,승용,남,25세,경상
2013112700100545,2013년 11월 27일 20시,수요일,경상북도 구미시 임수동,중상사고,0,2,1,0,차대차 - 추돌 - 진행중,안전거리미확보,적설,흐림,단일로 - 기타,승용,남,26세,중상,승용,여,26세,상해없음
2013112700100546,2013년 11월 27일 20시,수요일,경상북도 구미시 양호동,경상사고,0,0,1,0,차대차 - 기타,안전운전불이행,결빙,흐림,단일로 - 기타,승합,남,56세,상해없음,승용,여,30세,경상
2013112700100576,2013년 11월 27일 21시,수요일,경상북도 의성군 봉양면,중상사고,0,1,0,0,차대사람 - 횡단중,안전운전불이행,결빙,눈,단일로 - 횡단보도부근,화물,남,57세,상해없음,보행자,남,52세,중상
2013112700100577,2013년 11월 27일 21시,수요일,경상북도 의성군 봉양면,경상사고,0,0,1,0,차대차 - 추돌 - 주정차중,안전운전불이행,결빙,눈,교차로 - 교차로부근,화물,남,57세,상해없음,승용,남,33세,경상
2013112700100578,2013년 11월 27일 21시,수요일,경상북도 칠곡군 지천면,중상사고,0,1,0,0,차량단독 - 공작물충돌,안전운전불이행,결빙,눈,단일로 - 기타,화물,남,54세,상해없음,,,,
2013112700100579,2013년 11월 27일 21시,수요일,경상북도 예천군 유천면,경상사고,0,0,1,0,차대차 - 측면직각충돌,안전운전불이행,결빙,기타,단일로 - 기타,특수,남,49세,상해없음,승용,남,40세,경상
2013112700100580,2013년 11월 27일 21시,수요일,경상북도 성주군 선남면,경상사고,0,0,1,0,차대차 - 추돌 - 진행중,안전운전불이행,결빙,눈,단일로 - 교량,승용,남,42세,상해없음,화물,남,65세,경상
2013112700100581,2013년 11월 27일 21시,수요일,경상북도 포항시 남구 오천읍,부상신고사고,0,0,0,1,차대차 - 측면직각충돌,안전운전불이행,건조,맑음,교차로 - 교차로부근,원동기,남,16세,부상신고,승용,여,30세,상해없음
2013112700100611,2013년 11월 27일 22시,수요일,경상북도 칠곡군 왜관읍,중상사고,0,2,0,1,차대차 - 기타,안전운전불이행,건조,흐림,교차로 - 교차로부근,화물,남,54세,부상신고,승용,남,34세,중상
2013112700100612,2013년 11월 27일 22시,수요일,경상북도 군위군 우보면,중상사고,0,1,0,0,차대차 - 정면충돌,중앙선침범,적설,눈,단일로 - 기타,승용,남,42세,상해없음,승용,여,40세,중상
2013112700100613,2013년 11월 27일 22시,수요일,경상북도 구미시 진평동,경상사고,0,0,1,0,차대차 - 측면직각충돌,교차로운행방법위반,적설,눈,교차로 - 교차로안,이륜,남,47세,경상,승용,여,42세,상해없음
2013112700100614,2013년 11월 27일 22시,수요일,경상북도 포항시 남구 이동,중상사고,0,1,0,0,차대차 - 측면직각충돌,안전운전불이행,건조,맑음,단일로 - 기타,승용,남,63세,상해없음,원동기,남,32세,중상
2013112800100014,2013년 11월 28일 00시,목요일,경상북도 구미시 인의동,경상사고,0,0,1,0,차대사람 - 차도통행중,안전운전불이행,건조,맑음,교차로 - 교차로부근,승용,남,25세,기타불명,보행자,여,24세,경상
2013112800100078,2013년 11월 28일 06시,목요일,경상북도 상주시 만산동,중상사고,0,1,1,0,차대차 - 기타,안전운전불이행,결빙,흐림,교차로 - 교차로안,승용,남,49세,상해없음,승합,남,36세,경상
2013112800100079,2013년 11월 28일 06시,목요일,경상북도 구미시 시미동,경상사고,0,0,4,0,차대차 - 측면직각충돌,안전운전불이행,적설,눈,교차로 - 교차로부근,화물,남,48세,상해없음,승용,남,48세,경상
2013112800100138,2013년 11월 28일 08시,목요일,경상북도 영덕군 병곡면,중상사고,0,2,0,1,차대차 - 기타,안전운전불이행,건조,맑음,교차로 - 교차로안,화물,남,55세,부상신고,승용,남,74세,중상
2013112800100139,2013년 11월 28일 08시,목요일,경상북도 구미시 공단동,중상사고,0,2,2,0,차대차 - 기타,중앙선침범,결빙,눈,단일로 - 기타,승용,남,36세,상해없음,승용,남,26세,중상
2013112800100175,2013년 11월 28일 09시,목요일,경상북도 경주시 서부동,경상사고,0,0,1,0,차대사람 - 기타,신호위반,건조,맑음,교차로 - 교차로안,화물,남,52세,상해없음,보행자,남,52세,경상
2013112800100176,2013년 11월 28일 09시,목요일,경상북도 안동시 목성동,경상사고,0,0,2,0,차대차 - 기타,안전운전불이행,건조,맑음,교차로 - 교차로부근,승용,남,54세,상해없음,승용,남,40세,경상
2013112800100177,2013년 11월 28일 09시,목요일,경상북도 상주시 공성면,중상사고,0,2,0,0,차대차 - 정면충돌,안전운전불이행,결빙,흐림,단일로 - 기타,화물,남,33세,상해없음,화물,남,54세,중상
2013112800100178,2013년 11월 28일 09시,목요일,경상북도 칠곡군 약목면,중상사고,0,2,0,0,차대차 - 기타,중앙선침범,결빙,맑음,미분류 - 미분류,화물,여,62세,중상,특수,남,40세,상해없음
2013112800100179,2013년 11월 28일 09시,목요일,경상북도 영천시 금호읍,중상사고,0,1,0,0,차대차 - 측면직각충돌,안전운전불이행,건조,맑음,교차로 - 교차로안,화물,남,52세,상해없음,자전거,여,77세,중상
2013112800100180,2013년 11월 28일 09시,목요일,경상북도 예천군 개포면,중상사고,0,5,0,1,차량단독 - 도로외이탈 - 추락,안전운전불이행,결빙,맑음,단일로 - 기타,화물,남,59세,부상신고,,,,
2013112800100206,2013년 11월 28일 10시,목요일,경상북도 칠곡군 동명면,경상사고,0,0,1,1,차대차 - 기타,신호위반,건조,맑음,교차로 - 교차로안,화물,여,43세,부상신고,승용,남,59세,경상
2013112800100219,2013년 11월 28일 11시,목요일,경상북도 상주시 남성동,중상사고,0,1,0,0,차대사람 - 횡단중,보행자보호의무위반,기타,맑음,교차로 - 교차로부근,승합,남,43세,상해없음,보행자,여,60세,중상
2013112800100220,2013년 11월 28일 11시,목요일,경상북도 영주시 상망동,중상사고,0,2,0,0,차량단독 - 기타,안전운전불이행,건조,맑음,단일로 - 기타,화물,남,64세,상해없음,,,,
2013112800100247,2013년 11월 28일 12시,목요일,경상북도 경주시 사정동,중상사고,0,1,0,0,차대차 - 기타,중앙선침범,건조,맑음,단일로 - 기타,승용,남,79세,상해없음,원동기,남,43세,중상
2013112800100248,2013년 11월 28일 12시,목요일,경상북도 경주시 양북면,중상사고,0,1,2,0,차량단독 - 공작물충돌,안전운전불이행,건조,맑음,단일로 - 교량,승용,남,59세,상해없음,,,,
2013112800100249,2013년 11월 28일 12시,목요일,경상북도 안동시 법흥동,중상사고,0,1,0,1,차대차 - 측면직각충돌,안전거리미확보,건조,맑음,교차로 - 교차로부근,승용,남,61세,부상신고,승용,남,63세,중상
2013112800100250,2013년 11월 28일 12시,목요일,경상북도 영덕군 남정면,중상사고,0,1,0,0,차대차 - 추돌 - 주정차중,안전거리미확보,건조,맑음,단일로 - 기타,화물,남,66세,상해없음,승용,여,63세,중상
2013112800100269,2013년 11월 28일 13시,목요일,경상북도 안동시 와룡면,중상사고,0,2,0,0,차대차 - 정면충돌,중앙선침범,결빙,맑음,단일로 - 기타,화물,남,70세,상해없음,화물,남,62세,중상
2013112800100270,2013년 11월 28일 13시,목요일,경상북도 포항시 남구 오천읍,경상사고,0,0,1,0,차대차 - 기타,안전운전불이행,건조,맑음,단일로 - 기타,승용,남,44세,상해없음,원동기,남,30세,경상
2013112800100296,2013년 11월 28일 14시,목요일,경상북도 포항시 남구 상도동,경상사고,0,0,2,0,차대차 - 기타,교차로운행방법위반,건조,맑음,교차로 - 교차로안,승용,남,20세,경상,승용,남,61세,상해없음
2013112800100328,2013년 11월 28일 15시,목요일,경상북도 경주시 외동읍,경상사고,0,0,1,0,차대차 - 기타,안전운전불이행,건조,맑음,단일로 - 기타,승용,기타불명,기타불명,기타불명,승용,남,47세,경상
2013112800100329,2013년 11월 28일 15시,목요일,경상북도 군위군 효령면,중상사고,0,1,1,0,차대차 - 정면충돌,안전운전불이행,결빙,맑음,단일로 - 기타,화물,여,46세,중상,승용,남,45세,경상
2013112800100351,2013년 11월 28일 16시,목요일,경상북도 경주시 도지동,중상사고,0,1,0,0,차대차 - 기타,신호위반,건조,맑음,교차로 - 교차로안,승용,남,51세,상해없음,화물,남,40세,중상
2013112800100390,2013년 11월 28일 17시,목요일,경상북도 포항시 북구 동빈1가,중상사고,0,1,0,0,차대차 - 기타,교차로운행방법위반,건조,맑음,교차로 - 교차로안,승용,남,69세,상해없음,승용,여,57세,중상
2013112800100391,2013년 11월 28일 17시,목요일,경상북도 경산시 압량면,중상사고,0,1,0,0,차대차 - 기타,안전운전불이행,건조,맑음,교차로 - 교차로안,화물,남,33세,상해없음,자전거,남,13세,중상
2013112800100392,2013년 11월 28일 17시,목요일,경상북도 구미시 원평동,경상사고,0,0,1,0,차대차 - 기타,직진우회전진행방해,건조,맑음,교차로 - 교차로안,화물,남,61세,상해없음,자전거,남,61세,경상
2013112800100441,2013년 11월 28일 18시,목요일,경상북도 경주시 성동동,경상사고,0,0,1,0,차대차 - 기타,안전운전불이행,건조,맑음,교차로 - 교차로안,승용,남,50세,상해없음,승용,여,30세,경상
2013112800100442,2013년 11월 28일 18시,목요일,경상북도 포항시 북구 장성동,경상사고,0,0,1,0,차대사람 - 횡단중,신호위반,건조,맑음,단일로 - 기타,승용,여,62세,상해없음,보행자,남,10세,경상
2013112800100443,2013년 11월 28일 18시,목요일,경상북도 의성군 의성읍,경상사고,0,0,1,0,차대사람 - 기타,안전운전불이행,건조,맑음,단일로 - 기타,승용,여,61세,상해없음,보행자,남,20세,경상
2013112800100444,2013년 11월 28일 18시,목요일,경상북도 예천군 예천읍,중상사고,0,1,0,0,차대사람 - 횡단중,안전운전불이행,건조,맑음,단일로 - 기타,승용,남,54세,상해없음,보행자,여,31세,중상
2013112800100445,2013년 11월 28일 18시,목요일,경상북도 포항시 남구 연일읍,경상사고,0,0,2,0,차대사람 - 기타,안전운전불이행,건조,맑음,교차로 - 교차로안,화물,남,42세,상해없음,보행자,남,54세,경상
2013112800100490,2013년 11월 28일 19시,목요일,경상북도 경주시 황성동,중상사고,0,2,0,0,차대차 - 기타,중앙선침범,건조,맑음,교차로 - 교차로부근,승용,여,51세,상해없음,승용,여,35세,중상
2013112800100491,2013년 11월 28일 19시,목요일,경상북도 예천군 예천읍,중상사고,0,1,0,0,차대사람 - 횡단중,안전운전불이행,건조,맑음,단일로 - 기타,승용,남,52세,상해없음,보행자,남,42세,중상
2013112800100554,2013년 11월 28일 21시,목요일,경상북도 성주군 성주읍,중상사고,0,1,0,0,차대사람 - 횡단중,안전운전불이행,건조,흐림,단일로 - 기타,화물,남,55세,상해없음,보행자,남,49세,중상
2013112800100555,2013년 11월 28일 21시,목요일,경상북도 포항시 남구 대도동,경상사고,0,0,1,0,차대차 - 측면직각충돌,안전운전불이행,건조,맑음,단일로 - 기타,승용,남,35세,상해없음,원동기,남,19세,경상
2013112800100591,2013년 11월 28일 22시,목요일,경상북도 포항시 남구 대잠동,중상사고,0,1,0,0,차대사람 - 기타,안전운전불이행,건조,맑음,교차로 - 교차로부근,승용,남,33세,상해없음,보행자,남,54세,중상
2013112900100015,2013년 11월 29일 00시,금요일,경상북도 안동시 옥동,경상사고,0,0,1,0,차대사람 - 기타,안전운전불이행,건조,맑음,교차로 - 교차로부근,승용,남,23세,상해없음,보행자,남,43세,경상
2013112900100025,2013년 11월 29일 01시,금요일,경상북도 포항시 남구 대도동,경상사고,0,0,2,0,차대차 - 기타,안전운전불이행,건조,맑음,단일로 - 기타,승용,남,37세,상해없음,승용,남,22세,경상
2013112900100054,2013년 11월 29일 04시,금요일,경상북도 안동시 옥동,경상사고,0,0,1,0,차대사람 - 기타,중앙선침범,건조,맑음,단일로 - 기타,승용,남,34세,상해없음,보행자,남,39세,경상
2013112900100078,2013년 11월 29일 06시,금요일,경상북도 경주시 동천동,사망사고,1,0,0,0,차량단독 - 도로외이탈 - 추락,안전운전불이행,건조,맑음,단일로 - 기타,농기계,남,74세,사망,,,,
2013112900100146,2013년 11월 29일 08시,금요일,경상북도 안동시 정상동,경상사고,0,0,2,0,차대차 - 기타,직진우회전진행방해,건조,맑음,단일로 - 기타,승용,남,40세,상해없음,승용,남,43세,상해없음
2013112900100147,2013년 11월 29일 08시,금요일,경상북도 영천시 조교동,경상사고,0,0,1,0,차대차 - 기타,안전운전불이행,건조,맑음,교차로 - 교차로부근,승용,남,55세,상해없음,승용,여,29세,경상
2013112900100148,2013년 11월 29일 08시,금요일,경상북도 경산시 자인면,중상사고,0,4,0,0,차대차 - 정면충돌,중앙선침범,건조,맑음,단일로 - 기타,화물,남,64세,중상,승용,남,26세,중상
2013112900100149,2013년 11월 29일 08시,금요일,경상북도 구미시 고아읍,중상사고,0,1,0,0,차대사람 - 기타,안전운전불이행,건조,맑음,교차로 - 교차로부근,승용,여,37세,상해없음,보행자,남,58세,중상
2013112900100150,2013년 11월 29일 08시,금요일,경상북도 구미시 인의동,경상사고,0,0,1,0,차대사람 - 기타,안전운전불이행,건조,맑음,교차로 - 교차로부근,기타불명,기타불명,기타불명,기타불명,보행자,여,12세,경상
2013112900100184,2013년 11월 29일 09시,금요일,경상북도 상주시 낙양동,중상사고,0,1,0,0,차대차 - 기타,안전운전불이행,건조,맑음,단일로 - 기타,승용,남,63세,상해없음,승용,여,36세,중상
2013112900100185,2013년 11월 29일 09시,금요일,경상북도 포항시 남구 효자동,중상사고,0,1,0,0,차대차 - 측면직각충돌,안전운전불이행,건조,맑음,단일로 - 기타,자전거,남,28세,중상,승용,여,32세,상해없음
2013112900100210,2013년 11월 29일 10시,금요일,경상북도 구미시 임은동,경상사고,0,0,1,0,차대차 - 기타,교차로운행방법위반,건조,맑음,교차로 - 교차로안,화물,남,65세,상해없음,승용,여,32세,경상
2013112900100211,2013년 11월 29일 10시,금요일,경상북도 포항시 남구 지곡동,중상사고,0,1,1,0,차대차 - 측면직각충돌,안전운전불이행,건조,맑음,교차로 - 교차로안,승용,여,25세,중상,화물,남,45세,경상
2013112900100243,2013년 11월 29일 11시,금요일,경상북도 경주시 현곡면,중상사고,0,1,0,0,차대사람 - 기타,안전운전불이행,건조,맑음,단일로 - 기타,승용,여,39세,상해없음,보행자,여,68세,중상
2013112900100244,2013년 11월 29일 11시,금요일,경상북도 경주시 외동읍,중상사고,0,1,2,0,차대차 - 기타,안전운전불이행,건조,맑음,단일로 - 기타,화물,남,43세,상해없음,화물,남,49세,중상
2013112900100245,2013년 11월 29일 11시,금요일,경상북도 김천시 신음동,경상사고,0,0,1,0,차대차 - 측면직각충돌,안전운전불이행,건조,맑음,단일로 - 기타,화물,남,57세,상해없음,승합,남,31세,상해없음
2013112900100246,2013년 11월 29일 11시,금요일,경상북도 영주시 영주동,중상사고,0,1,0,0,차대차 - 측면직각충돌,교차로운행방법위반,건조,맑음,교차로 - 교차로안,승합,남,35세,상해없음,화물,남,48세,중상
2013112900100247,2013년 11월 29일 11시,금요일,경상북도 봉화군 소천면,중상사고,0,1,0,1,차대차 - 정면충돌,안전운전불이행,결빙,맑음,단일로 - 기타,화물,남,49세,부상신고,화물,남,42세,중상
2013112900100248,2013년 11월 29일 11시,금요일,경상북도 구미시 고아읍,경상사고,0,0,3,0,차대차 - 기타,안전운전불이행,건조,맑음,교차로 - 교차로안,승용,여,57세,경상,승용,남,18세,경상
2013112900100277,2013년 11월 29일 12시,금요일,경상북도 영천시 망정동,중상사고,0,1,0,0,차대사람 - 횡단중,안전운전불이행,건조,맑음,단일로 - 기타,화물,남,54세,상해없음,보행자,남,71세,중상
2013112900100305,2013년 11월 29일 13시,금요일,경상북도 포항시 북구 학잠동,경상사고,0,0,1,0,차대차 - 기타,안전거리미확보,건조,맑음,교차로 - 교차로부근,승용,남,44세,상해없음,승용,여,37세,경상
2013112900100339,2013년 11월 29일 14시,금요일,경상북도 안동시 안막동,중상사고,0,1,0,0,차대차 - 기타,안전운전불이행,건조,맑음,교차로 - 교차로안,농기계,남,68세,상해없음,승용,남,72세,중상
2013112900100340,2013년 11월 29일 14시,금요일,경상북도 안동시 송현동,중상사고,0,1,0,0,차대사람 - 기타,안전운전불이행,결빙,맑음,단일로 - 기타,화물,남,64세,상해없음,보행자,남,47세,중상
2013112900100341,2013년 11월 29일 14시,금요일,경상북도 영주시 영주동,경상사고,0,0,2,0,차대차 - 측면직각충돌,교차로운행방법위반,건조,맑음,교차로 - 교차로안,승용,남,36세,경상,승용,남,63세,경상
2013112900100342,2013년 11월 29일 14시,금요일,경상북도 청송군 진보면,중상사고,0,1,0,0,차대차 - 기타,안전운전불이행,건조,맑음,단일로 - 기타,승용,남,72세,상해없음,농기계,남,73세,중상
2013112900100343,2013년 11월 29일 14시,금요일,경상북도 포항시 남구 오천읍,중상사고,0,1,0,0,차대차 - 추돌 - 진행중,안전운전불이행,건조,맑음,단일로 - 기타,승용,남,22세,상해없음,승용,남,53세,중상
2013112900100369,2013년 11월 29일 15시,금요일,경상북도 경주시 배반동,경상사고,0,0,4,0,차대차 - 기타,안전운전불이행,건조,맑음,교차로 - 교차로부근,화물,남,59세,상해없음,승용,남,38세,경상
2013112900100400,2013년 11월 29일 16시,금요일,경상북도 상주시 화동면,중상사고,0,1,0,0,차대차 - 측면직각충돌,안전운전불이행,건조,맑음,교차로 - 교차로안,화물,여,54세,상해없음,자전거,여,62세,중상
2013112900100401,2013년 11월 29일 16시,금요일,경상북도 상주시 남성동,중상사고,0,1,0,0,차대사람 - 횡단중,보행자보호의무위반,건조,맑음,단일로 - 기타,화물,남,53세,상해없음,보행자,남,82세,중상
2013112900100402,2013년 11월 29일 16시,금요일,경상북도 영주시 영주동,경상사고,0,0,1,0,차대차 - 측면직각충돌,안전운전불이행,건조,맑음,교차로 - 교차로안,화물,남,34세,상해없음,화물,여,55세,경상
2013112900100403,2013년 11월 29일 16시,금요일,경상북도 구미시 원평동,중상사고,0,1,0,0,차대사람 - 기타,보행자보호의무위반,건조,맑음,교차로 - 교차로부근,승용,여,56세,상해없음,보행자,남,61세,중상
2013112900100443,2013년 11월 29일 17시,금요일,경상북도 포항시 북구 장성동,경상사고,0,0,1,0,차대차 - 추돌 - 진행중,안전운전불이행,건조,맑음,교차로 - 교차로부근,승용,여,31세,상해없음,승용,남,54세,상해없음
2013112900100444,2013년 11월 29일 17시,금요일,경상북도 안동시 와룡면,중상사고,0,1,1,0,차량단독 - 전도전복,안전운전불이행,적설,흐림,단일로 - 기타,화물,남,44세,중상,,,,
2013112900100445,2013년 11월 29일 17시,금요일,경상북도 의성군 봉양면,중상사고,0,1,0,0,차대차 - 정면충돌,중앙선침범,건조,맑음,단일로 - 기타,화물,남,59세,상해없음,화물,남,54세,중상
2013112900100446,2013년 11월 29일 17시,금요일,경상북도 영덕군 영덕읍,경상사고,0,0,1,0,차대차 - 기타,안전운전불이행,건조,맑음,교차로 - 교차로안,승용,여,37세,상해없음,이륜,남,73세,경상
2013112900100447,2013년 11월 29일 17시,금요일,경상북도 구미시 해평면,경상사고,0,0,1,0,차대차 - 기타,안전운전불이행,건조,맑음,단일로 - 기타,승용,남,25세,상해없음,화물,남,56세,경상
2013112900100448,2013년 11월 29일 17시,금요일,경상북도 포항시 남구 해도동,경상사고,0,0,1,0,차대차 - 추돌 - 진행중,안전거리미확보,건조,맑음,단일로 - 기타,원동기,남,57세,경상,화물,남,59세,상해없음
2013112900100494,2013년 11월 29일 18시,금요일,경상북도 경주시 성건동,경상사고,0,0,2,0,차대차 - 기타,안전운전불이행,건조,맑음,단일로 - 기타,승용,여,63세,상해없음,승합,남,44세,경상
2013112900100495,2013년 11월 29일 18시,금요일,경상북도 안동시 풍산읍,경상사고,0,0,3,0,차대차 - 기타,안전운전불이행,건조,맑음,단일로 - 기타,화물,남,54세,상해없음,화물,남,61세,경상
2013112900100496,2013년 11월 29일 18시,금요일,경상북도 안동시 풍산읍,중상사고,0,2,2,0,차대차 - 기타,기타,습기,맑음,단일로 - 기타,화물,남,55세,상해없음,화물,남,72세,상해없음
2013112900100497,2013년 11월 29일 18시,금요일,경상북도 경산시 중방동,경상사고,0,0,1,0,차대차 - 기타,안전운전불이행,건조,맑음,교차로 - 교차로안,승용,여,52세,기타불명,승용,남,34세,경상
2013112900100498,2013년 11월 29일 18시,금요일,경상북도 울진군 북면,경상사고,0,0,1,0,차대차 - 정면충돌,중앙선침범,건조,맑음,단일로 - 기타,농기계,여,68세,경상,원동기,남,47세,상해없음