사고번호,사고일시,요일,시군구,사고내용,사망자수,중상자수,경상자수,부상신고자수,사고유형,법규위반,노면상태,기상상태,도로형태,가해운전자 차종,가해운전자 성별,가해운전자 연령,가해운전자 상해정도,피해운전자 차종,피해운전자 성별,피해운전자 연령,피해운전자 상해정도
2013120300100174,2013년 12월 3일 10시,화요일,경상북도 경주시 동천동,경상사고,0,0,3,0,차대차 - 기타,안전운전불이행,건조,맑음,단일로 - 기타,승용,여,49세,상해없음,승용,남,30세,경상
2013120300100175,2013년 12월 3일 10시,화요일,경상북도 안동시 임동면,사망사고,1,1,0,0,차대차 - 정면충돌,중앙선침범,습기,맑음,단일로 - 기타,화물,여,52세,중상,화물,남,66세,사망
2013120300100194,2013년 12월 3일 11시,화요일,경상북도 의성군 단북면,중상사고,0,1,0,0,차대차 - 측면직각충돌,안전운전불이행,건조,맑음,단일로 - 기타,화물,남,71세,상해없음,이륜,남,79세,중상
2013120300100195,2013년 12월 3일 11시,화요일,경상북도 의성군 가음면,중상사고,0,2,0,0,차대차 - 측면직각충돌,안전운전불이행,건조,맑음,교차로 - 교차로안,이륜,남,77세,상해없음,승용,여,43세,중상
2013120300100196,2013년 12월 3일 11시,화요일,경상북도 영주시 봉현면,중상사고,0,2,0,0,차대차 - 측면직각충돌,안전운전불이행,건조,맑음,단일로 - 기타,화물,남,70세,상해없음,승용,여,24세,중상
2013120300100197,2013년 12월 3일 11시,화요일,경상북도 구미시 원평동,사망사고,1,0,0,0,차대차 - 기타,교차로운행방법위반,건조,맑음,교차로 - 교차로안,이륜,남,81세,사망,승용,여,41세,상해없음
2013120300100220,2013년 12월 3일 12시,화요일,경상북도 경주시 천북면,경상사고,0,0,2,0,차대차 - 기타,안전운전불이행,건조,맑음,기타 - 기타,화물,남,44세,상해없음,승용,남,68세,경상
2013120300100221,2013년 12월 3일 12시,화요일,경상북도 김천시 평화동,경상사고,0,0,1,0,차대차 - 측면직각충돌,안전운전불이행,건조,맑음,단일로 - 기타,승용,남,57세,상해없음,이륜,남,19세,경상
2013120300100222,2013년 12월 3일 12시,화요일,경상북도 김천시 남면,중상사고,0,1,3,0,차대차 - 측면직각충돌,안전운전불이행,건조,맑음,단일로 - 기타,승용,남,55세,중상,승합,기타불명,기타불명,기타불명
2013120300100223,2013년 12월 3일 12시,화요일,경상북도 봉화군 봉화읍,경상사고,0,0,1,0,차대차 - 측면직각충돌,안전운전불이행,건조,맑음,교차로 - 교차로안,승합,남,76세,상해없음,원동기,남,47세,경상
2013120300100243,2013년 12월 3일 13시,화요일,경상북도 영양군 영양읍,경상사고,0,0,1,0,차대차 - 측면직각충돌,안전운전불이행,건조,맑음,교차로 - 교차로안,승용,남,44세,상해없음,승용,여,48세,경상
2013120300100244,2013년 12월 3일 13시,화요일,경상북도 포항시 남구 대잠동,중상사고,0,1,0,0,차대사람 - 기타,보행자보호의무위반,건조,맑음,교차로 - 교차로부근,승용,여,44세,상해없음,보행자,여,49세,중상
2013120300100264,2013년 12월 3일 14시,화요일,경상북도 안동시 화성동,중상사고,0,1,0,0,차대차 - 기타,직진우회전진행방해,건조,맑음,교차로 - 교차로안,승용,남,76세,상해없음,원동기,남,53세,중상
2013120300100265,2013년 12월 3일 14시,화요일,경상북도 영천시 문외동,경상사고,0,0,1,0,차대차 - 기타,안전운전불이행,건조,맑음,단일로 - 기타,승용,여,37세,상해없음,승용,남,57세,상해없음
2013120300100266,2013년 12월 3일 14시,화요일,경상북도 영천시 금노동,경상사고,0,0,4,0,차대차 - 기타,안전운전불이행,건조,맑음,단일로 - 기타,승용,남,55세,상해없음,승용,여,42세,경상
2013120300100267,2013년 12월 3일 14시,화요일,경상북도 봉화군 재산면,중상사고,0,1,0,0,차량단독 - 기타,안전운전불이행,건조,맑음,단일로 - 기타,이륜,남,76세,중상,,,,
2013120300100317,2013년 12월 3일 16시,화요일,경상북도 경주시 서악동,중상사고,0,1,0,0,차대차 - 기타,신호위반,건조,맑음,교차로 - 교차로안,원동기,남,71세,중상,승용,여,43세,상해없음
2013120300100318,2013년 12월 3일 16시,화요일,경상북도 칠곡군 왜관읍,경상사고,0,0,1,0,차대사람 - 기타,안전운전불이행,건조,맑음,단일로 - 기타,승용,남,46세,상해없음,보행자,남,74세,경상
2013120300100319,2013년 12월 3일 16시,화요일,경상북도 청도군 풍각면,중상사고,0,1,1,0,차대차 - 추돌 - 진행중,안전운전불이행,건조,맑음,단일로 - 기타,화물,남,63세,상해없음,농기계,남,78세,경상
2013120300100352,2013년 12월 3일 17시,화요일,경상북도 포항시 남구 효자동,경상사고,0,0,3,0,차대차 - 추돌 - 진행중,안전거리미확보,건조,맑음,단일로 - 기타,승용,여,42세,경상,승용,여,37세,상해없음
2013120300100353,2013년 12월 3일 17시,화요일,경상북도 포항시 남구 상도동,중상사고,0,1,0,0,차대사람 - 기타,기타,건조,맑음,단일로 - 기타,승용,남,56세,상해없음,보행자,여,70세,중상
2013120300100354,2013년 12월 3일 17시,화요일,경상북도 포항시 남구 송내동,중상사고,0,1,0,0,차대사람 - 기타,안전운전불이행,건조,맑음,단일로 - 기타,화물,남,33세,상해없음,보행자,남,27세,중상
2013120300100355,2013년 12월 3일 17시,화요일,경상북도 포항시 남구 대도동,경상사고,0,0,1,0,차대사람 - 기타,안전운전불이행,건조,맑음,단일로 - 기타,기타불명,기타불명,기타불명,기타불명,보행자,여,58세,경상
2013120300100395,2013년 12월 3일 18시,화요일,경상북도 경주시 충효동,경상사고,0,0,2,0,차대차 - 기타,안전운전불이행,건조,맑음,단일로 - 기타,특수,남,42세,상해없음,승용,남,45세,경상
2013120300100396,2013년 12월 3일 18시,화요일,경상북도 영주시 휴천동,경상사고,0,0,1,0,차대사람 - 횡단중,안전운전불이행,건조,맑음,단일로 - 기타,승용,남,44세,상해없음,보행자,여,58세,경상
2013120300100397,2013년 12월 3일 18시,화요일,경상북도 영천시 망정동,중상사고,0,1,0,0,차대사람 - 횡단중,신호위반,건조,맑음,교차로 - 교차로안,화물,남,43세,상해없음,보행자,남,58세,중상
2013120300100398,2013년 12월 3일 18시,화요일,경상북도 경산시 계양동,중상사고,0,1,0,0,차대차 - 기타,안전운전불이행,건조,맑음,교차로 - 교차로부근,이륜,남,78세,중상,승용,남,61세,상해없음
2013120300100399,2013년 12월 3일 18시,화요일,경상북도 고령군 다산면,경상사고,0,0,1,0,차대차 - 측면직각충돌,차로위반,건조,맑음,교차로 - 교차로부근,승용,남,51세,경상,승용,남,54세,상해없음
2013120300100400,2013년 12월 3일 18시,화요일,경상북도 구미시 황상동,경상사고,0,0,1,0,차대차 - 기타,안전운전불이행,건조,맑음,교차로 - 교차로부근,승용,여,35세,상해없음,승용,여,50세,상해없음
2013120300100441,2013년 12월 3일 19시,화요일,경상북도 구미시 형곡동,사망사고,1,0,0,0,차량단독 - 기타,안전운전불이행,건조,맑음,단일로 - 기타,이륜,남,54세,사망,,,,
2013120300100500,2013년 12월 3일 21시,화요일,경상북도 경주시 안강읍,경상사고,0,0,1,0,차대차 - 기타,기타,건조,맑음,교차로 - 교차로안,승합,남,51세,상해없음,승용,남,39세,경상
2013120300100501,2013년 12월 3일 21시,화요일,경상북도 경주시 감포읍,중상사고,0,2,1,0,차량단독 - 공작물충돌,안전운전불이행,건조,맑음,단일로 - 기타,승합,남,60세,중상,,,,
2013120300100502,2013년 12월 3일 21시,화요일,경상북도 포항시 북구 동빈1가,경상사고,0,0,4,0,차대차 - 기타,안전운전불이행,건조,맑음,단일로 - 기타,화물,남,42세,상해없음,화물,남,32세,경상
2013120300100503,2013년 12월 3일 21시,화요일,경상북도 상주시 무양동,경상사고,0,0,1,0,차대사람 - 기타,안전운전불이행,건조,맑음,기타 - 기타,승용,남,53세,상해없음,보행자,남,20세,경상
2013120300100504,2013년 12월 3일 21시,화요일,경상북도 영천시 완산동,경상사고,0,0,1,0,차대사람 - 길가장자리구역통행중,기타,건조,맑음,단일로 - 기타,화물,남,36세,상해없음,보행자,남,45세,경상
2013120300100533,2013년 12월 3일 22시,화요일,경상북도 문경시 모전동,경상사고,0,0,1,0,차대차 - 추돌 - 주정차중,안전운전불이행,건조,맑음,교차로 - 교차로부근,원동기,남,64세,경상,승용,남,40세,상해없음
2013120300100534,2013년 12월 3일 22시,화요일,경상북도 구미시 공단동,경상사고,0,0,1,0,차대차 - 기타,안전운전불이행,건조,맑음,교차로 - 교차로안,승용,남,34세,상해없음,이륜,남,18세,경상
2013120300100535,2013년 12월 3일 22시,화요일,경상북도 포항시 남구 지곡동,경상사고,0,0,1,0,차대사람 - 기타,보행자보호의무위반,건조,맑음,단일로 - 기타,승용,남,31세,상해없음,보행자,여,32세,경상
2013120300100536,2013년 12월 3일 22시,화요일,경상북도 포항시 남구 동촌동,경상사고,0,0,1,0,차대차 - 추돌 - 주정차중,안전운전불이행,건조,맑음,단일로 - 기타,승용,남,27세,상해없음,승용,여,62세,경상
2013120300100564,2013년 12월 3일 23시,화요일,경상북도 구미시 임수동,경상사고,0,0,1,0,차대차 - 기타,신호위반,건조,맑음,교차로 - 교차로안,승용,남,25세,상해없음,승용,남,36세,경상
2013120300100565,2013년 12월 3일 23시,화요일,경상북도 구미시 비산동,경상사고,0,0,1,0,차대차 - 기타,안전운전불이행,건조,맑음,단일로 - 기타,승용,남,26세,상해없음,자전거,남,50세,경상
2013120300100566,2013년 12월 3일 23시,화요일,경상북도 구미시 인의동,경상사고,0,0,1,0,차대차 - 기타,차로위반,건조,맑음,교차로 - 교차로안,승용,남,57세,기타불명,승용,남,35세,경상
2013120300100567,2013년 12월 3일 23시,화요일,경상북도 포항시 남구 해도동,경상사고,0,0,2,0,차대차 - 추돌 - 주정차중,안전운전불이행,건조,맑음,단일로 - 기타,승용,남,26세,상해없음,승용,남,35세,상해없음
2013120400100007,2013년 12월 4일 00시,수요일,경상북도 칠곡군 석적읍,부상신고사고,0,0,0,1,차대사람 - 기타,안전운전불이행,건조,맑음,단일로 - 기타,승용,남,30세,상해없음,보행자,남,27세,부상신고
2013120400100030,2013년 12월 4일 01시,수요일,경상북도 칠곡군 약목면,중상사고,0,1,0,0,차대차 - 기타,안전운전불이행,건조,맑음,교차로 - 교차로부근,승용,남,54세,상해없음,이륜,여,43세,중상
2013120400100031,2013년 12월 4일 01시,수요일,경상북도 구미시 신평동,중상사고,0,1,2,0,차대차 - 기타,안전운전불이행,건조,맑음,교차로 - 교차로부근,화물,남,30세,상해없음,승용,남,53세,중상
2013120400100032,2013년 12월 4일 01시,수요일,경상북도 포항시 남구 송도동,경상사고,0,0,1,0,차대차 - 측면직각충돌,안전운전불이행,건조,맑음,교차로 - 교차로안,승용,여,44세,상해없음,승용,남,24세,경상
2013120400100033,2013년 12월 4일 01시,수요일,경상북도 포항시 남구 상도동,중상사고,0,1,0,0,차대차 - 추돌 - 주정차중,안전운전불이행,건조,맑음,단일로 - 기타,승용,남,24세,상해없음,승용,남,45세,중상
2013120400100085,2013년 12월 4일 06시,수요일,경상북도 경주시 성동동,중상사고,0,1,0,0,차대사람 - 횡단중,보행자보호의무위반,건조,맑음,교차로 - 교차로부근,승용,남,60세,상해없음,보행자,여,76세,중상
2013120400100102,2013년 12월 4일 07시,수요일,경상북도 경주시 인왕동,경상사고,0,0,1,1,차대차 - 기타,신호위반,건조,맑음,교차로 - 교차로안,화물,남,42세,상해없음,승용,남,49세,부상신고
2013120400100103,2013년 12월 4일 07시,수요일,경상북도 경산시 유곡동,경상사고,0,0,1,0,차대차 - 기타,안전운전불이행,건조,맑음,단일로 - 기타,화물,남,43세,경상,화물,남,33세,기타불명
2013120400100141,2013년 12월 4일 08시,수요일,경상북도 포항시 북구 장성동,경상사고,0,0,2,0,차대차 - 기타,직진우회전진행방해,건조,맑음,교차로 - 교차로안,승용,여,33세,상해없음,승용,여,40세,경상
2013120400100142,2013년 12월 4일 08시,수요일,경상북도 포항시 북구 죽도동,경상사고,0,0,1,0,차대차 - 기타,직진우회전진행방해,건조,맑음,교차로 - 교차로안,승용,남,46세,상해없음,승용,여,46세,경상
2013120400100143,2013년 12월 4일 08시,수요일,경상북도 안동시 태화동,경상사고,0,0,1,0,차대사람 - 기타,안전운전불이행,건조,맑음,단일로 - 기타,승용,남,47세,상해없음,보행자,여,32세,경상
2013120400100144,2013년 12월 4일 08시,수요일,경상북도 김천시 지좌동,경상사고,0,0,1,0,차대차 - 측면직각충돌,교차로운행방법위반,건조,맑음,교차로 - 교차로안,승용,남,40세,상해없음,승용,남,41세,경상
2013120400100145,2013년 12월 4일 08시,수요일,경상북도 고령군 고령읍,경상사고,0,0,2,0,차대차 - 측면직각충돌,중앙선침범,건조,맑음,단일로 - 기타,승용,남,32세,상해없음,승용,남,63세,경상
2013120400100199,2013년 12월 4일 10시,수요일,경상북도 경주시 동부동,경상사고,0,0,1,0,차대차 - 기타,안전운전불이행,건조,맑음,교차로 - 교차로안,승용,남,64세,상해없음,원동기,남,74세,경상
2013120400100200,2013년 12월 4일 10시,수요일,경상북도 구미시 원평동,경상사고,0,0,1,0,차대차 - 기타,안전운전불이행,건조,맑음,교차로 - 교차로부근,승용,남,20세,기타불명,승용,남,59세,경상
2013120400100223,2013년 12월 4일 11시,수요일,경상북도 포항시 북구 용흥동,경상사고,0,0,2,0,차대차 - 추돌 - 진행중,안전거리미확보,건조,맑음,교차로 - 교차로부근,승용,남,62세,경상,승용,여,50세,상해없음
2013120400100224,2013년 12월 4일 11시,수요일,경상북도 고령군 쌍림면,경상사고,0,0,3,0,차대차 - 추돌 - 진행중,안전거리미확보,건조,맑음,단일로 - 기타,승용,여,48세,상해없음,화물,남,51세,경상
2013120400100246,2013년 12월 4일 12시,수요일,경상북도 경주시 양남면,중상사고,0,1,0,0,차대사람 - 기타,안전운전불이행,건조,맑음,단일로 - 기타,승용,남,77세,상해없음,보행자,남,75세,중상
2013120400100323,2013년 12월 4일 15시,수요일,경상북도 경산시 와촌면,경상사고,0,0,1,0,차대차 - 기타,안전운전불이행,건조,맑음,교차로 - 교차로부근,승용,남,52세,상해없음,승용,여,40세,경상
2013120400100338,2013년 12월 4일 16시,수요일,경상북도 경주시 강동면,경상사고,0,0,1,0,차대차 - 측면직각충돌,안전운전불이행,건조,맑음,단일로 - 터널,화물,남,45세,상해없음,승용,여,43세,경상
2013120400100339,2013년 12월 4일 16시,수요일,경상북도 경산시 옥산동,경상사고,0,0,1,0,차대차 - 기타,안전운전불이행,건조,맑음,단일로 - 기타,승용,여,39세,상해없음,원동기,남,18세,경상
2013120400100373,2013년 12월 4일 17시,수요일,경상북도 안동시 법상동,경상사고,0,0,1,0,차대차 - 기타,안전운전불이행,건조,맑음,교차로 - 교차로안,기타불명,기타불명,기타불명,기타불명,화물,남,51세,경상
2013120400100374,2013년 12월 4일 17시,수요일,경상북도 의성군 단촌면,사망사고,1,0,0,0,차량단독 - 도로외이탈 - 기타,안전운전불이행,건조,맑음,단일로 - 기타,화물,남,62세,사망,,,,
2013120400100375,2013년 12월 4일 17시,수요일,경상북도 영천시 고경면,중상사고,0,1,0,0,차대차 - 측면직각충돌,안전운전불이행,건조,맑음,교차로 - 교차로부근,화물,남,71세,상해없음,이륜,남,71세,중상
2013120400100376,2013년 12월 4일 17시,수요일,경상북도 경산시 사정동,중상사고,0,1,0,0,차대사람 - 기타,안전운전불이행,건조,맑음,단일로 - 기타,승합,남,62세,상해없음,보행자,남,6세,중상
2013120400100377,2013년 12월 4일 17시,수요일,경상북도 포항시 남구 장흥동,경상사고,0,0,2,0,차대차 - 측면직각충돌,기타,건조,맑음,단일로 - 기타,승용,남,40세,상해없음,승용,남,52세,경상
2013120400100415,2013년 12월 4일 18시,수요일,경상북도 포항시 북구 죽도동,경상사고,0,0,1,0,차대차 - 기타,안전거리미확보,건조,맑음,단일로 - 기타,원동기,여,21세,경상,승용,남,31세,상해없음
2013120400100416,2013년 12월 4일 18시,수요일,경상북도 안동시 옥동,경상사고,0,0,1,0,차대사람 - 횡단중,보행자보호의무위반,건조,맑음,교차로 - 교차로부근,화물,남,35세,상해없음,보행자,남,47세,경상
2013120400100417,2013년 12월 4일 18시,수요일,경상북도 칠곡군 왜관읍,중상사고,0,1,0,0,차대사람 - 횡단중,중앙선침범,건조,맑음,단일로 - 기타,승용,남,48세,상해없음,보행자,남,33세,중상
2013120400100418,2013년 12월 4일 18시,수요일,경상북도 성주군 대가면,경상사고,0,0,1,0,차대차 - 추돌 - 진행중,안전운전불이행,기타,맑음,단일로 - 기타,승용,남,48세,상해없음,농기계,남,46세,경상
2013120400100419,2013년 12월 4일 18시,수요일,경상북도 포항시 남구 대잠동,중상사고,0,1,1,0,차대차 - 측면직각충돌,직진우회전진행방해,건조,맑음,교차로 - 교차로안,원동기,남,59세,중상,승용,남,63세,경상
2013120400100460,2013년 12월 4일 19시,수요일,경상북도 경산시 하양읍,경상사고,0,0,1,0,차대사람 - 기타,안전운전불이행,건조,맑음,단일로 - 기타,승용,여,22세,상해없음,보행자,여,20세,경상
2013120400100461,2013년 12월 4일 19시,수요일,경상북도 포항시 남구 오천읍,경상사고,0,0,1,0,차대차 - 측면직각충돌,안전운전불이행,건조,맑음,단일로 - 기타,원동기,남,24세,경상,승용,남,28세,상해없음
2013120400100481,2013년 12월 4일 20시,수요일,경상북도 경산시 중방동,중상사고,0,1,0,0,차대사람 - 기타,중앙선침범,건조,맑음,단일로 - 횡단보도상,승용,남,52세,상해없음,보행자,여,51세,중상
2013120400100482,2013년 12월 4일 20시,수요일,경상북도 포항시 남구 대도동,경상사고,0,0,1,0,차대차 - 측면직각충돌,안전운전불이행,건조,맑음,교차로 - 교차로안,승용,남,60세,상해없음,원동기,남,16세,경상
2013120400100516,2013년 12월 4일 21시,수요일,경상북도 경주시 용강동,중상사고,0,1,2,0,차대차 - 기타,안전운전불이행,건조,맑음,교차로 - 교차로부근,승용,남,53세,상해없음,승용,남,44세,중상
2013120400100517,2013년 12월 4일 21시,수요일,경상북도 구미시 공단동,중상사고,0,1,1,0,차대차 - 기타,안전운전불이행,건조,맑음,교차로 - 교차로안,승합,남,47세,상해없음,승용,남,31세,경상
2013120500100051,2013년 12월 5일 03시,목요일,경상북도 포항시 남구 송도동,중상사고,0,1,0,0,차대차 - 측면직각충돌,안전운전불이행,건조,맑음,교차로 - 교차로안,승용,남,29세,상해없음,승용,남,32세,중상
2013120500100103,2013년 12월 5일 07시,목요일,경상북도 포항시 남구 해도동,중상사고,0,2,0,0,차대차 - 기타,안전운전불이행,건조,맑음,단일로 - 기타,승용,남,46세,상해없음,승용,남,45세,중상
2013120500100104,2013년 12월 5일 07시,목요일,경상북도 포항시 남구 상도동,경상사고,0,0,1,0,차대차 - 측면직각충돌,안전운전불이행,건조,맑음,단일로 - 기타,승용,남,58세,상해없음,자전거,남,15세,경상
2013120500100133,2013년 12월 5일 08시,목요일,경상북도 경주시 석장동,경상사고,0,0,1,0,차대차 - 기타,안전운전불이행,건조,맑음,교차로 - 교차로안,승용,남,68세,기타불명,자전거,남,19세,경상
2013120500100134,2013년 12월 5일 08시,목요일,경상북도 구미시 송정동,중상사고,0,1,0,0,차대차 - 기타,직진우회전진행방해,건조,맑음,교차로 - 교차로부근,승용,여,42세,상해없음,화물,남,46세,중상
2013120500100135,2013년 12월 5일 08시,목요일,경상북도 구미시 옥계동,중상사고,0,1,0,0,차대사람 - 기타,안전운전불이행,건조,맑음,교차로 - 교차로부근,승용,남,76세,상해없음,보행자,여,34세,중상
2013120500100136,2013년 12월 5일 08시,목요일,경상북도 포항시 남구 송도동,부상신고사고,0,0,0,2,차대차 - 기타,직진우회전진행방해,건조,맑음,교차로 - 교차로부근,화물,남,28세,상해없음,승용,여,34세,상해없음
2013120500100177,2013년 12월 5일 10시,목요일,경상북도 안동시 금곡동,경상사고,0,0,3,0,차대차 - 기타,중앙선침범,결빙,맑음,단일로 - 기타,승용,여,54세,경상,승용,남,53세,경상
2013120500100178,2013년 12월 5일 10시,목요일,경상북도 칠곡군 북삼읍,중상사고,0,1,0,0,차대차 - 기타,안전운전불이행,건조,맑음,단일로 - 기타,승용,남,80세,상해없음,승용,여,51세,중상
2013120500100179,2013년 12월 5일 10시,목요일,경상북도 영덕군 축산면,중상사고,0,1,0,0,차대차 - 측면직각충돌,중앙선침범,건조,흐림,단일로 - 기타,승용,여,45세,상해없음,이륜,남,80세,중상
2013120500100180,2013년 12월 5일 10시,목요일,경상북도 포항시 남구 구룡포읍,중상사고,0,2,0,0,차대사람 - 기타,보행자보호의무위반,건조,맑음,단일로 - 횡단보도상,화물,남,66세,상해없음,보행자,남,52세,중상
2013120500100204,2013년 12월 5일 11시,목요일,경상북도 경주시 외동읍,경상사고,0,0,1,0,차대차 - 기타,안전운전불이행,건조,맑음,단일로 - 기타,승용,여,52세,상해없음,건설기계,남,54세,경상
2013120500100205,2013년 12월 5일 11시,목요일,경상북도 영천시 금호읍,경상사고,0,0,1,0,차대차 - 추돌 - 주정차중,안전운전불이행,건조,맑음,단일로 - 기타,승용,남,71세,경상,화물,남,53세,상해없음
2013120500100230,2013년 12월 5일 12시,목요일,경상북도 경산시 하양읍,중상사고,0,3,5,5,차대차 - 기타,안전운전불이행,건조,맑음,단일로 - 기타,승합,남,43세,상해없음,화물,남,70세,경상
2013120500100246,2013년 12월 5일 13시,목요일,경상북도 포항시 북구 창포동,중상사고,0,1,0,0,차대사람 - 횡단중,안전운전불이행,건조,맑음,단일로 - 기타,승용,남,29세,상해없음,보행자,여,46세,중상
2013120500100303,2013년 12월 5일 15시,목요일,경상북도 안동시 삼산동,경상사고,0,0,2,0,차대차 - 추돌 - 진행중,직진우회전진행방해,건조,맑음,교차로 - 교차로안,승용,남,73세,상해없음,승용,남,31세,경상
2013120500100365,2013년 12월 5일 17시,목요일,경상북도 청도군 매전면,중상사고,0,2,0,0,차대차 - 정면충돌,중앙선침범,건조,맑음,단일로 - 기타,화물,남,65세,중상,승용,남,56세,중상
2013120500100366,2013년 12월 5일 17시,목요일,경상북도 울진군 북면,경상사고,0,0,1,0,차대사람 - 횡단중,안전운전불이행,건조,맑음,교차로 - 교차로안,승용,남,62세,상해없음,보행자,남,56세,경상
2013120500100367,2013년 12월 5일 17시,목요일,경상북도 포항시 남구 대도동,경상사고,0,0,1,0,차대차 - 기타,안전운전불이행,건조,맑음,단일로 - 기타,승용,남,51세,경상,화물,남,54세,상해없음
2013120500100407,2013년 12월 5일 18시,목요일,경상북도 안동시 옥동,중상사고,0,1,0,0,차대사람 - 횡단중,안전운전불이행,건조,맑음,단일로 - 기타,승용,여,34세,상해없음,보행자,남,45세,중상
2013120500100408,2013년 12월 5일 18시,목요일,경상북도 영천시 문내동,중상사고,0,1,0,0,차대차 - 기타,신호위반,건조,맑음,단일로 - 기타,승용,남,40세,상해없음,이륜,남,17세,중상
2013120500100409,2013년 12월 5일 18시,목요일,경상북도 문경시 신기동,사망사고,1,0,0,0,차량단독 - 공작물충돌,안전운전불이행,건조,맑음,단일로 - 기타,화물,남,56세,사망,,,,
2013120500100410,2013년 12월 5일 18시,목요일,경상북도 문경시 산양면,경상사고,0,0,1,0,차대차 - 측면직각충돌,안전운전불이행,건조,맑음,교차로 - 교차로안,승용,남,50세,상해없음,승용,남,59세,상해없음
2013120500100411,2013년 12월 5일 18시,목요일,경상북도 경산시 대동,경상사고,0,0,1,0,차대차 - 기타,안전운전불이행,건조,맑음,단일로 - 기타,이륜,남,45세,경상,승용,남,41세,상해없음
2013120500100412,2013년 12월 5일 18시,목요일,경상북도 성주군 성주읍,중상사고,0,1,0,0,차대차 - 측면직각충돌,직진우회전진행방해,기타,맑음,교차로 - 교차로안,승합,여,52세,상해없음,이륜,남,57세,중상
2013120500100413,2013년 12월 5일 18시,목요일,경상북도 포항시 남구 호동,경상사고,0,0,1,0,차대사람 - 기타,안전운전불이행,건조,맑음,교차로 - 교차로안,승용,남,23세,상해없음,보행자,남,53세,경상
2013120500100456,2013년 12월 5일 19시,목요일,경상북도 상주시 낙동면,중상사고,0,1,0,0,차대사람 - 기타,안전운전불이행,건조,맑음,단일로 - 기타,승용,남,42세,상해없음,보행자,여,54세,중상
2013120500100457,2013년 12월 5일 19시,목요일,경상북도 영천시 야사동,경상사고,0,0,1,0,차대차 - 측면직각충돌,안전운전불이행,건조,맑음,교차로 - 교차로안,화물,남,48세,상해없음,이륜,남,20세,경상
2013120500100458,2013년 12월 5일 19시,목요일,경상북도 청송군 진보면,경상사고,0,0,1,0,차대차 - 기타,안전운전불이행,건조,맑음,단일로 - 기타,승용,남,49세,상해없음,농기계,남,57세,경상
2013120500100492,2013년 12월 5일 20시,목요일,경상북도 김천시 남면,경상사고,0,0,1,0,차대차 - 측면직각충돌,교차로운행방법위반,건조,맑음,교차로 - 교차로안,승용,남,63세,상해없음,승용,남,31세,경상
2013120500100529,2013년 12월 5일 21시,목요일,경상북도 울진군 기성면,중상사고,0,1,0,0,차대차 - 추돌 - 진행중,안전거리미확보,건조,맑음,단일로 - 기타,건설기계,남,56세,상해없음,승용,여,25세,중상
2013120500100553,2013년 12월 5일 22시,목요일,경상북도 경산시 하양읍,중상사고,0,1,0,0,차대사람 - 기타,보행자보호의무위반,건조,맑음,단일로 - 횡단보도상,승용,남,24세,상해없음,보행자,여,27세,중상
2013120500100575,2013년 12월 5일 23시,목요일,경상북도 구미시 원평동,경상사고,0,0,5,0,차대차 - 기타,안전운전불이행,건조,맑음,단일로 - 기타,승용,남,43세,상해없음,승용,남,32세,상해없음
2013120600100016,2013년 12월 6일 00시,금요일,경상북도 포항시 북구 학산동,경상사고,0,0,1,0,차대차 - 추돌 - 주정차중,안전운전불이행,건조,맑음,교차로 - 교차로부근,승용,남,31세,상해없음,승용,남,41세,경상
2013120600100017,2013년 12월 6일 00시,금요일,경상북도 구미시 진평동,중상사고,0,1,0,0,차대사람 - 기타,안전운전불이행,건조,맑음,교차로 - 교차로부근,승용,남,39세,상해없음,보행자,남,55세,중상
2013120600100029,2013년 12월 6일 01시,금요일,경상북도 경주시 외동읍,중상사고,0,2,0,0,차량단독 - 공작물충돌,안전운전불이행,건조,맑음,단일로 - 기타,원동기,남,25세,중상,,,,
2013120600100030,2013년 12월 6일 01시,금요일,경상북도 포항시 북구 대신동,중상사고,0,1,0,0,차대사람 - 기타,안전운전불이행,건조,맑음,교차로 - 교차로부근,승용,남,20세,상해없음,보행자,여,63세,중상
2013120600100076,2013년 12월 6일 06시,금요일,경상북도 문경시 모전동,중상사고,0,1,2,0,차대차 - 정면충돌,신호위반,건조,맑음,교차로 - 교차로안,승용,여,32세,중상,승용,여,42세,경상
2013120600100095,2013년 12월 6일 07시,금요일,경상북도 경주시 외동읍,중상사고,0,1,1,0,차대차 - 기타,안전운전불이행,건조,맑음,교차로 - 교차로부근,화물,남,65세,상해없음,화물,남,50세,경상
2013120600100096,2013년 12월 6일 07시,금요일,경상북도 김천시 감문면,중상사고,0,2,0,0,차대차 - 측면직각충돌,교차로운행방법위반,건조,맑음,교차로 - 교차로안,건설기계,남,52세,상해없음,승용,남,46세,중상
2013120600100097,2013년 12월 6일 07시,금요일,경상북도 포항시 남구 오천읍,경상사고,0,0,1,0,차대차 - 측면직각충돌,안전운전불이행,건조,맑음,단일로 - 기타,승용,여,43세,상해없음,승용,남,38세,경상
2013120600100128,2013년 12월 6일 08시,금요일,경상북도 경산시 계양동,경상사고,0,0,1,0,차대차 - 기타,안전운전불이행,건조,맑음,단일로 - 기타,기타불명,기타불명,기타불명,기타불명,승용,남,37세,경상
2013120600100129,2013년 12월 6일 08시,금요일,경상북도 구미시 공단동,경상사고,0,0,2,0,차대차 - 측면직각충돌,직진우회전진행방해,건조,맑음,교차로 - 교차로안,승용,남,38세,상해없음,승용,남,55세,경상