사고번호,사고일시,요일,시군구,사고내용,사망자수,중상자수,경상자수,부상신고자수,사고유형,법규위반,노면상태,기상상태,도로형태,가해운전자 차종,가해운전자 성별,가해운전자 연령,가해운전자 상해정도,피해운전자 차종,피해운전자 성별,피해운전자 연령,피해운전자 상해정도
2013120600100161,2013년 12월 6일 09시,금요일,경상북도 영주시 문수면,경상사고,0,0,1,0,차량단독 - 전도전복,안전운전불이행,결빙,맑음,단일로 - 기타,승용,여,40세,경상,,,,
2013120600100187,2013년 12월 6일 10시,금요일,경상북도 포항시 북구 우현동,경상사고,0,0,4,0,차대차 - 측면직각충돌,신호위반,건조,맑음,교차로 - 교차로안,승용,남,69세,상해없음,승용,남,54세,경상
2013120600100188,2013년 12월 6일 10시,금요일,경상북도 김천시 대광동,경상사고,0,0,2,0,차대차 - 측면직각충돌,안전운전불이행,건조,맑음,교차로 - 교차로부근,화물,남,42세,상해없음,승용,여,60세,경상
2013120600100220,2013년 12월 6일 11시,금요일,경상북도 성주군 월항면,경상사고,0,0,1,0,차대차 - 측면직각충돌,안전운전불이행,건조,맑음,단일로 - 기타,이륜,남,56세,경상,승용,남,51세,상해없음
2013120600100221,2013년 12월 6일 11시,금요일,경상북도 구미시 광평동,경상사고,0,0,1,0,차대차 - 기타,안전운전불이행,건조,맑음,단일로 - 기타,승용,남,26세,상해없음,승용,남,29세,경상
2013120600100248,2013년 12월 6일 12시,금요일,경상북도 포항시 북구 용흥동,경상사고,0,0,1,0,차대차 - 기타,교차로운행방법위반,건조,맑음,교차로 - 교차로안,승용,여,54세,상해없음,원동기,여,23세,경상
2013120600100249,2013년 12월 6일 12시,금요일,경상북도 김천시 모암동,경상사고,0,0,2,0,차대차 - 측면직각충돌,안전운전불이행,건조,맑음,교차로 - 교차로안,승용,남,27세,상해없음,승용,남,75세,상해없음
2013120600100250,2013년 12월 6일 12시,금요일,경상북도 칠곡군 북삼읍,경상사고,0,0,1,0,차대차 - 기타,안전운전불이행,건조,맑음,교차로 - 교차로안,승용,남,47세,상해없음,화물,남,44세,경상
2013120600100282,2013년 12월 6일 13시,금요일,경상북도 포항시 북구 용흥동,경상사고,0,0,1,0,차대사람 - 기타,안전운전불이행,건조,맑음,단일로 - 기타,기타불명,기타불명,기타불명,기타불명,보행자,여,36세,경상
2013120600100283,2013년 12월 6일 13시,금요일,경상북도 의성군 구천면,중상사고,0,1,0,0,차대차 - 추돌 - 주정차중,안전운전불이행,건조,맑음,단일로 - 기타,화물,남,59세,상해없음,화물,여,51세,중상
2013120600100284,2013년 12월 6일 13시,금요일,경상북도 영주시 휴천동,중상사고,0,1,0,0,차대사람 - 보도통행중,보행자보호의무위반,건조,맑음,단일로 - 횡단보도상,승용,남,57세,상해없음,보행자,남,13세,중상
2013120600100285,2013년 12월 6일 13시,금요일,경상북도 경산시 남산면,중상사고,0,1,0,0,차대차 - 기타,안전운전불이행,건조,맑음,교차로 - 교차로안,승용,여,48세,상해없음,자전거,남,72세,중상
2013120600100286,2013년 12월 6일 13시,금요일,경상북도 구미시 봉곡동,경상사고,0,0,1,1,차대차 - 기타,안전운전불이행,건조,맑음,단일로 - 기타,승용,여,41세,기타불명,화물,남,36세,경상
2013120600100321,2013년 12월 6일 14시,금요일,경상북도 칠곡군 가산면,경상사고,0,0,1,0,차대차 - 기타,안전운전불이행,건조,맑음,교차로 - 교차로안,화물,남,30세,상해없음,승용,남,66세,상해없음
2013120600100322,2013년 12월 6일 14시,금요일,경상북도 포항시 남구 연일읍,경상사고,0,0,1,0,차대사람 - 기타,안전운전불이행,건조,맑음,단일로 - 기타,승용,남,27세,상해없음,보행자,여,50세,경상
2013120600100370,2013년 12월 6일 15시,금요일,경상북도 의성군 의성읍,경상사고,0,0,1,0,차대사람 - 횡단중,보행자보호의무위반,건조,맑음,단일로 - 횡단보도상,기타불명,기타불명,기타불명,기타불명,보행자,남,7세,경상
2013120600100371,2013년 12월 6일 15시,금요일,경상북도 구미시 원평동,부상신고사고,0,0,0,1,차대차 - 기타,직진우회전진행방해,건조,맑음,교차로 - 교차로안,이륜,남,73세,부상신고,승용,여,47세,상해없음
2013120600100372,2013년 12월 6일 15시,금요일,경상북도 포항시 남구 지곡동,중상사고,0,1,0,0,차대차 - 측면직각충돌,교차로운행방법위반,건조,맑음,교차로 - 교차로안,원동기,남,68세,중상,승용,남,58세,상해없음
2013120600100397,2013년 12월 6일 16시,금요일,경상북도 경산시 대동,경상사고,0,0,1,0,차량단독 - 기타,기타,건조,맑음,단일로 - 기타,승합,남,48세,상해없음,,,,
2013120600100442,2013년 12월 6일 17시,금요일,경상북도 영천시 화북면,중상사고,0,1,0,0,차대차 - 기타,안전운전불이행,건조,맑음,교차로 - 교차로부근,승용,남,41세,상해없음,자전거,여,53세,중상
2013120600100493,2013년 12월 6일 18시,금요일,경상북도 경주시 건천읍,중상사고,0,1,0,0,차대사람 - 기타,안전운전불이행,건조,맑음,교차로 - 교차로안,승용,남,36세,상해없음,보행자,여,59세,중상
2013120600100494,2013년 12월 6일 18시,금요일,경상북도 경주시 충효동,사망사고,1,0,0,0,차대사람 - 기타,안전운전불이행,건조,맑음,단일로 - 기타,화물,남,64세,상해없음,보행자,여,72세,사망
2013120600100495,2013년 12월 6일 18시,금요일,경상북도 포항시 북구 청하면,경상사고,0,0,3,0,차대차 - 추돌 - 주정차중,안전거리미확보,건조,맑음,단일로 - 기타,승용,여,54세,상해없음,승용,남,48세,경상
2013120600100496,2013년 12월 6일 18시,금요일,경상북도 의성군 의성읍,중상사고,0,1,0,0,차대사람 - 횡단중,보행자보호의무위반,건조,맑음,단일로 - 횡단보도상,승용,남,66세,상해없음,보행자,남,53세,중상
2013120600100497,2013년 12월 6일 18시,금요일,경상북도 울진군 죽변면,중상사고,0,1,0,0,차대차 - 정면충돌,안전운전불이행,건조,맑음,단일로 - 기타,원동기,남,64세,중상,승용,남,49세,상해없음
2013120600100530,2013년 12월 6일 19시,금요일,경상북도 포항시 남구 장흥동,중상사고,0,1,0,0,차대사람 - 기타,신호위반,건조,맑음,교차로 - 교차로안,승용,남,56세,상해없음,보행자,남,57세,중상
2013120600100564,2013년 12월 6일 20시,금요일,경상북도 경주시 동천동,중상사고,0,1,0,0,차대사람 - 기타,안전운전불이행,건조,맑음,교차로 - 교차로안,승용,남,53세,상해없음,보행자,남,45세,중상
2013120600100565,2013년 12월 6일 20시,금요일,경상북도 경주시 황성동,중상사고,0,2,0,0,차대차 - 정면충돌,중앙선침범,건조,맑음,단일로 - 기타,승용,여,26세,중상,승용,남,45세,중상
2013120600100566,2013년 12월 6일 20시,금요일,경상북도 영천시 망정동,경상사고,0,0,1,0,차대사람 - 기타,안전운전불이행,건조,맑음,교차로 - 교차로안,승용,남,43세,상해없음,보행자,남,48세,경상
2013120600100567,2013년 12월 6일 20시,금요일,경상북도 경산시 진량읍,경상사고,0,0,1,0,차대차 - 기타,안전거리미확보,건조,맑음,단일로 - 기타,승용,남,64세,상해없음,이륜,남,25세,경상
2013120600100568,2013년 12월 6일 20시,금요일,경상북도 포항시 남구 구룡포읍,경상사고,0,0,2,0,차대차 - 측면직각충돌,교차로운행방법위반,건조,맑음,교차로 - 교차로부근,승용,여,23세,상해없음,승용,여,30세,경상
2013120600100592,2013년 12월 6일 21시,금요일,경상북도 포항시 북구 두호동,경상사고,0,0,1,0,차대사람 - 기타,안전운전불이행,건조,맑음,기타 - 기타,승용,여,42세,상해없음,보행자,남,27세,경상
2013120600100593,2013년 12월 6일 21시,금요일,경상북도 경산시 진량읍,경상사고,0,0,1,0,차대사람 - 기타,안전운전불이행,건조,맑음,단일로 - 기타,승용,남,32세,상해없음,보행자,남,45세,경상
2013120600100594,2013년 12월 6일 21시,금요일,경상북도 구미시 원평동,중상사고,0,1,0,0,차대사람 - 횡단중,안전운전불이행,건조,맑음,교차로 - 교차로안,승용,남,49세,상해없음,보행자,남,54세,중상
2013120600100629,2013년 12월 6일 22시,금요일,경상북도 경주시 동천동,경상사고,0,0,1,0,차대차 - 기타,안전운전불이행,건조,맑음,교차로 - 교차로부근,기타불명,기타불명,기타불명,기타불명,자전거,남,18세,경상
2013120600100630,2013년 12월 6일 22시,금요일,경상북도 경주시 성동동,중상사고,0,1,1,0,차대차 - 추돌 - 주정차중,안전운전불이행,건조,맑음,단일로 - 기타,승용,남,31세,상해없음,승용,여,42세,중상
2013120600100631,2013년 12월 6일 22시,금요일,경상북도 울진군 울진읍,경상사고,0,0,1,0,차대차 - 측면직각충돌,안전운전불이행,건조,맑음,교차로 - 교차로안,승용,남,42세,상해없음,원동기,남,17세,경상
2013120600100658,2013년 12월 6일 23시,금요일,경상북도 포항시 북구 용흥동,경상사고,0,0,1,0,차대차 - 기타,안전운전불이행,건조,맑음,단일로 - 기타,승용,남,40세,상해없음,승용,남,48세,경상
2013120600100659,2013년 12월 6일 23시,금요일,경상북도 포항시 북구 항구동,경상사고,0,0,1,0,차대사람 - 기타,안전운전불이행,건조,맑음,단일로 - 기타,승용,여,41세,상해없음,보행자,남,52세,경상
2013120600100660,2013년 12월 6일 23시,금요일,경상북도 포항시 북구 장성동,중상사고,0,1,0,0,차대차 - 측면직각충돌,차로위반,건조,맑음,단일로 - 기타,승용,남,34세,상해없음,원동기,남,17세,중상
2013120600100661,2013년 12월 6일 23시,금요일,경상북도 김천시 신음동,중상사고,0,1,0,0,차대사람 - 기타,안전운전불이행,건조,맑음,단일로 - 기타,이륜,남,19세,상해없음,보행자,남,23세,중상
2013120600100662,2013년 12월 6일 23시,금요일,경상북도 구미시 공단동,중상사고,0,1,0,0,차대사람 - 횡단중,보행자보호의무위반,건조,맑음,교차로 - 교차로안,승용,남,47세,상해없음,보행자,여,20세,중상
2013120700100022,2013년 12월 7일 00시,토요일,경상북도 경주시 황성동,경상사고,0,0,2,0,차대차 - 기타,안전운전불이행,건조,맑음,단일로 - 기타,승용,남,44세,상해없음,승용,남,22세,경상
2013120700100051,2013년 12월 7일 01시,토요일,경상북도 구미시 형곡동,경상사고,0,0,2,0,차대차 - 측면직각충돌,안전운전불이행,건조,맑음,교차로 - 교차로안,승용,여,35세,경상,승용,남,35세,상해없음
2013120700100063,2013년 12월 7일 02시,토요일,경상북도 경산시 압량면,중상사고,0,1,0,0,차대사람 - 기타,신호위반,건조,맑음,교차로 - 교차로안,승용,남,55세,상해없음,보행자,남,52세,중상
2013120700100094,2013년 12월 7일 04시,토요일,경상북도 김천시 모암동,경상사고,0,0,1,0,차대차 - 측면직각충돌,안전운전불이행,건조,맑음,단일로 - 기타,승용,남,23세,상해없음,승용,여,47세,경상
2013120700100095,2013년 12월 7일 04시,토요일,경상북도 경산시 정평동,경상사고,0,0,2,0,차대차 - 기타,안전운전불이행,건조,맑음,교차로 - 교차로부근,승용,남,67세,상해없음,승용,여,35세,경상
2013120700100104,2013년 12월 7일 05시,토요일,경상북도 경주시 외동읍,중상사고,0,1,1,0,차대차 - 기타,신호위반,건조,맑음,교차로 - 교차로안,승용,여,56세,중상,화물,남,48세,경상
2013120700100123,2013년 12월 7일 06시,토요일,경상북도 안동시 풍산읍,부상신고사고,0,0,0,1,차대차 - 추돌 - 진행중,안전거리미확보,건조,맑음,단일로 - 기타,화물,남,51세,부상신고,특수,남,63세,상해없음
2013120700100124,2013년 12월 7일 06시,토요일,경상북도 구미시 공단동,경상사고,0,0,1,0,차대차 - 측면직각충돌,신호위반,건조,맑음,교차로 - 교차로안,승용,남,19세,상해없음,승용,남,31세,경상
2013120700100138,2013년 12월 7일 07시,토요일,경상북도 포항시 남구 해도동,중상사고,0,1,0,0,차대차 - 측면직각충돌,안전운전불이행,건조,맑음,단일로 - 기타,자전거,남,47세,중상,승합,남,52세,상해없음
2013120700100139,2013년 12월 7일 07시,토요일,경상북도 포항시 남구 괴동동,중상사고,0,1,0,0,차대차 - 측면직각충돌,안전운전불이행,건조,맑음,교차로 - 교차로안,승용,남,33세,상해없음,원동기,남,53세,중상
2013120700100152,2013년 12월 7일 08시,토요일,경상북도 김천시 부곡동,경상사고,0,0,1,0,차대차 - 측면직각충돌,차로위반,건조,맑음,단일로 - 기타,승합,남,73세,상해없음,승합,여,50세,상해없음
2013120700100153,2013년 12월 7일 08시,토요일,경상북도 군위군 효령면,중상사고,0,1,0,0,차대차 - 측면직각충돌,안전거리미확보,건조,맑음,단일로 - 기타,승용,여,61세,상해없음,화물,남,55세,중상
2013120700100183,2013년 12월 7일 10시,토요일,경상북도 경주시 현곡면,경상사고,0,0,1,0,차대사람 - 기타,안전운전불이행,건조,맑음,기타 - 기타,승용,남,20세,상해없음,보행자,여,38세,경상
2013120700100184,2013년 12월 7일 10시,토요일,경상북도 경주시 내남면,중상사고,0,1,0,0,차대차 - 기타,신호위반,건조,맑음,교차로 - 교차로안,화물,남,54세,상해없음,자전거,남,75세,중상
2013120700100185,2013년 12월 7일 10시,토요일,경상북도 청도군 이서면,경상사고,0,0,3,0,차대차 - 측면직각충돌,교차로운행방법위반,건조,맑음,교차로 - 교차로안,승용,여,42세,경상,승용,남,41세,경상
2013120700100213,2013년 12월 7일 11시,토요일,경상북도 안동시 당북동,경상사고,0,0,1,0,차대차 - 기타,안전거리미확보,건조,맑음,단일로 - 기타,승용,여,46세,상해없음,승용,남,35세,경상
2013120700100214,2013년 12월 7일 11시,토요일,경상북도 영주시 문정동,중상사고,0,1,1,0,차대차 - 측면직각충돌,신호위반,건조,흐림,교차로 - 교차로안,승합,여,52세,상해없음,승용,여,69세,상해없음
2013120700100215,2013년 12월 7일 11시,토요일,경상북도 포항시 남구 오천읍,중상사고,0,1,0,0,차대차 - 측면직각충돌,안전운전불이행,건조,맑음,교차로 - 교차로부근,화물,남,48세,상해없음,승합,남,52세,상해없음
2013120700100238,2013년 12월 7일 12시,토요일,경상북도 김천시 평화동,경상사고,0,0,1,0,차대차 - 측면직각충돌,안전운전불이행,건조,맑음,교차로 - 교차로부근,화물,남,52세,상해없음,승용,남,24세,경상
2013120700100239,2013년 12월 7일 12시,토요일,경상북도 상주시 성하동,중상사고,0,1,0,0,차대차 - 기타,안전운전불이행,건조,맑음,단일로 - 기타,승용,여,51세,상해없음,자전거,남,74세,중상
2013120700100240,2013년 12월 7일 12시,토요일,경상북도 문경시 영순면,경상사고,0,0,1,0,차량단독 - 도로외이탈 - 기타,안전운전불이행,건조,맑음,단일로 - 기타,승용,남,39세,경상,,,,
2013120700100278,2013년 12월 7일 13시,토요일,경상북도 경주시 북군동,중상사고,0,1,0,0,차대차 - 추돌 - 주정차중,안전운전불이행,건조,맑음,단일로 - 기타,승용,남,58세,상해없음,승용,여,41세,중상
2013120700100279,2013년 12월 7일 13시,토요일,경상북도 안동시 안흥동,중상사고,0,1,0,0,차대사람 - 차도통행중,안전운전불이행,건조,맑음,단일로 - 기타,승용,남,67세,상해없음,보행자,남,11세,중상
2013120700100280,2013년 12월 7일 13시,토요일,경상북도 경산시 중방동,중상사고,0,1,0,0,차대차 - 기타,안전운전불이행,건조,맑음,교차로 - 교차로안,승용,남,53세,상해없음,자전거,남,74세,중상
2013120700100281,2013년 12월 7일 13시,토요일,경상북도 구미시 임수동,경상사고,0,0,2,0,차대차 - 기타,안전운전불이행,건조,맑음,단일로 - 기타,승용,남,25세,상해없음,승용,여,39세,경상
2013120700100341,2013년 12월 7일 15시,토요일,경상북도 영주시 풍기읍,중상사고,0,1,0,0,차대사람 - 기타,교차로운행방법위반,건조,맑음,교차로 - 교차로안,승합,남,57세,상해없음,보행자,남,81세,중상
2013120700100371,2013년 12월 7일 16시,토요일,경상북도 안동시 정하동,중상사고,0,3,0,0,차대차 - 측면직각충돌,안전운전불이행,건조,맑음,기타 - 기타,화물,남,56세,중상,승용,여,41세,중상
2013120700100372,2013년 12월 7일 16시,토요일,경상북도 군위군 소보면,부상신고사고,0,0,0,1,차량단독 - 전도전복,안전운전불이행,건조,맑음,단일로 - 교량,화물,남,62세,부상신고,,,,
2013120700100401,2013년 12월 7일 17시,토요일,경상북도 경주시 강동면,경상사고,0,0,1,0,차대차 - 기타,신호위반,건조,맑음,교차로 - 교차로안,승용,남,31세,상해없음,승용,남,37세,경상
2013120700100402,2013년 12월 7일 17시,토요일,경상북도 경주시 구황동,경상사고,0,0,1,0,차대차 - 기타,안전운전불이행,건조,맑음,단일로 - 기타,이륜,남,39세,경상,승합,남,58세,상해없음
2013120700100403,2013년 12월 7일 17시,토요일,경상북도 안동시 수상동,중상사고,0,1,1,0,차대차 - 기타,안전운전불이행,건조,맑음,단일로 - 기타,승용,남,43세,상해없음,승용,남,33세,중상
2013120700100441,2013년 12월 7일 18시,토요일,경상북도 경주시 성동동,중상사고,0,1,0,0,차대사람 - 횡단중,안전운전불이행,건조,맑음,단일로 - 기타,승용,남,68세,상해없음,보행자,여,52세,중상
2013120700100442,2013년 12월 7일 18시,토요일,경상북도 문경시 산양면,경상사고,0,0,3,0,차대차 - 추돌 - 주정차중,안전거리미확보,건조,맑음,교차로 - 교차로부근,화물,남,70세,상해없음,승용,여,48세,경상
2013120700100477,2013년 12월 7일 19시,토요일,경상북도 김천시 지좌동,경상사고,0,0,1,0,차대차 - 측면직각충돌,안전운전불이행,건조,맑음,단일로 - 기타,승용,여,39세,상해없음,승용,남,32세,경상
2013120700100478,2013년 12월 7일 19시,토요일,경상북도 구미시 황상동,경상사고,0,0,1,0,차대사람 - 기타,안전운전불이행,건조,맑음,단일로 - 기타,화물,남,52세,상해없음,보행자,남,41세,경상
2013120700100479,2013년 12월 7일 19시,토요일,경상북도 구미시 고아읍,사망사고,1,0,0,0,차대사람 - 횡단중,안전운전불이행,건조,맑음,교차로 - 교차로부근,화물,남,41세,상해없음,보행자,여,67세,사망
2013120700100511,2013년 12월 7일 20시,토요일,경상북도 포항시 남구 송도동,경상사고,0,0,2,0,차대차 - 측면직각충돌,신호위반,건조,맑음,교차로 - 교차로안,원동기,남,48세,상해없음,승용,남,49세,경상
2013120700100532,2013년 12월 7일 21시,토요일,경상북도 경주시 황오동,중상사고,0,1,0,0,차대차 - 기타,안전운전불이행,건조,맑음,단일로 - 기타,승용,남,60세,상해없음,이륜,남,24세,중상
2013120700100533,2013년 12월 7일 21시,토요일,경상북도 영천시 신령면,중상사고,0,2,0,0,차대차 - 기타,중앙선침범,건조,맑음,단일로 - 기타,화물,남,49세,상해없음,원동기,남,16세,중상
2013120700100560,2013년 12월 7일 22시,토요일,경상북도 경주시 동천동,경상사고,0,0,2,0,차대차 - 추돌 - 주정차중,안전운전불이행,건조,맑음,교차로 - 교차로부근,승용,남,54세,상해없음,승용,남,58세,경상
2013120700100561,2013년 12월 7일 22시,토요일,경상북도 포항시 북구 장성동,중상사고,0,1,0,0,차대사람 - 기타,안전운전불이행,건조,맑음,단일로 - 기타,승용,남,32세,상해없음,보행자,남,46세,중상
2013120700100594,2013년 12월 7일 23시,토요일,경상북도 김천시 성내동,경상사고,0,0,1,0,차대사람 - 기타,보행자보호의무위반,건조,맑음,단일로 - 횡단보도상,이륜,남,18세,상해없음,보행자,남,59세,경상
2013120700100595,2013년 12월 7일 23시,토요일,경상북도 김천시 모암동,경상사고,0,0,1,0,차대차 - 측면직각충돌,기타,건조,맑음,단일로 - 기타,승용,남,55세,상해없음,이륜,남,60세,경상
2013120700100596,2013년 12월 7일 23시,토요일,경상북도 문경시 문경읍,경상사고,0,0,1,0,차량단독 - 공작물충돌,안전운전불이행,건조,흐림,단일로 - 기타,승용,여,47세,경상,,,,
2013120800100013,2013년 12월 8일 00시,일요일,경상북도 경주시 내남면,중상사고,0,1,2,0,차대차 - 추돌 - 진행중,안전운전불이행,건조,맑음,단일로 - 기타,승용,남,42세,중상,승합,여,55세,경상
2013120800100037,2013년 12월 8일 01시,일요일,경상북도 경산시 중방동,경상사고,0,0,1,0,차대사람 - 기타,안전운전불이행,건조,맑음,단일로 - 기타,승용,남,47세,상해없음,보행자,남,32세,경상
2013120800100038,2013년 12월 8일 01시,일요일,경상북도 청도군 풍각면,사망사고,1,0,0,0,차량단독 - 도로외이탈 - 추락,안전운전불이행,기타,맑음,기타 - 기타,이륜,남,18세,사망,,,,
2013120800100091,2013년 12월 8일 04시,일요일,경상북도 경주시 구황동,경상사고,0,0,1,0,차량단독 - 공작물충돌,안전운전불이행,건조,맑음,교차로 - 교차로부근,승용,남,28세,경상,,,,
2013120800100115,2013년 12월 8일 06시,일요일,경상북도 경주시 사정동,사망사고,1,0,0,0,차대사람 - 횡단중,보행자보호의무위반,건조,맑음,교차로 - 교차로안,승용,여,49세,상해없음,보행자,남,76세,사망
2013120800100133,2013년 12월 8일 07시,일요일,경상북도 경주시 황성동,중상사고,0,1,0,0,차대차 - 기타,안전운전불이행,건조,맑음,교차로 - 교차로안,승용,남,50세,상해없음,승용,여,56세,중상
2013120800100206,2013년 12월 8일 12시,일요일,경상북도 경주시 산내면,경상사고,0,0,1,0,차대사람 - 기타,안전운전불이행,건조,맑음,단일로 - 기타,승용,남,69세,상해없음,보행자,남,76세,경상
2013120800100207,2013년 12월 8일 12시,일요일,경상북도 포항시 북구 청하면,중상사고,0,2,1,0,차대차 - 기타,안전운전불이행,건조,맑음,단일로 - 기타,승용,여,72세,상해없음,승용,남,64세,중상
2013120800100225,2013년 12월 8일 13시,일요일,경상북도 경주시 안강읍,중상사고,0,2,1,0,차대차 - 기타,안전운전불이행,건조,맑음,단일로 - 기타,승용,여,53세,상해없음,화물,남,45세,중상
2013120800100253,2013년 12월 8일 14시,일요일,경상북도 경주시 충효동,중상사고,0,1,0,0,차대차 - 측면직각충돌,안전운전불이행,건조,맑음,교차로 - 교차로부근,화물,남,77세,상해없음,자전거,여,75세,중상
2013120800100255,2013년 12월 8일 14시,일요일,경상북도 경주시 안강읍,중상사고,0,2,3,0,차대차 - 추돌 - 진행중,안전운전불이행,건조,맑음,단일로 - 기타,화물,남,56세,상해없음,승용,남,34세,중상
2013120800100256,2013년 12월 8일 14시,일요일,경상북도 영천시 금호읍,경상사고,0,0,1,0,차대차 - 기타,안전운전불이행,건조,맑음,단일로 - 기타,승용,여,61세,상해없음,자전거,여,64세,경상
2013120800100257,2013년 12월 8일 14시,일요일,경상북도 포항시 남구 대잠동,경상사고,0,0,1,0,차대사람 - 횡단중,안전운전불이행,건조,맑음,단일로 - 횡단보도부근,승용,여,55세,상해없음,보행자,남,15세,경상
2013120800100258,2013년 12월 8일 14시,일요일,경상북도 포항시 남구 상도동,경상사고,0,0,2,0,차대차 - 측면직각충돌,안전운전불이행,건조,맑음,단일로 - 기타,원동기,남,22세,경상,승용,남,32세,경상
2013120800100287,2013년 12월 8일 15시,일요일,경상북도 경주시 외동읍,경상사고,0,0,3,0,차대차 - 기타,중앙선침범,건조,맑음,단일로 - 기타,승합,남,33세,상해없음,승용,여,50세,경상
2013120800100288,2013년 12월 8일 15시,일요일,경상북도 예천군 지보면,경상사고,0,0,1,0,차량단독 - 전도전복,안전운전불이행,건조,맑음,단일로 - 기타,이륜,남,71세,경상,,,,
2013120800100314,2013년 12월 8일 16시,일요일,경상북도 경주시 동천동,경상사고,0,0,1,0,차대사람 - 차도통행중,안전운전불이행,건조,맑음,교차로 - 교차로부근,화물,남,39세,상해없음,보행자,남,24세,경상
2013120800100315,2013년 12월 8일 16시,일요일,경상북도 김천시 성내동,경상사고,0,0,1,0,차대차 - 측면직각충돌,안전운전불이행,건조,맑음,단일로 - 기타,승용,남,48세,상해없음,승합,남,44세,상해없음
2013120800100316,2013년 12월 8일 16시,일요일,경상북도 영천시 화남면,부상신고사고,0,0,0,1,차대차 - 측면직각충돌,안전운전불이행,건조,맑음,교차로 - 교차로안,이륜,남,88세,부상신고,승합,남,64세,상해없음
2013120800100317,2013년 12월 8일 16시,일요일,경상북도 문경시 호계면,경상사고,0,0,1,0,차량단독 - 공작물충돌,안전운전불이행,결빙,맑음,단일로 - 기타,화물,남,28세,경상,,,,
2013120800100318,2013년 12월 8일 16시,일요일,경상북도 영덕군 지품면,중상사고,0,4,0,0,차대차 - 측면직각충돌,중앙선침범,건조,맑음,단일로 - 기타,화물,남,62세,상해없음,승용,남,55세,중상
2013120800100347,2013년 12월 8일 17시,일요일,경상북도 영주시 휴천동,중상사고,0,1,5,0,차대차 - 측면직각충돌,직진우회전진행방해,건조,맑음,교차로 - 교차로안,화물,남,62세,상해없음,승용,여,37세,경상
2013120800100348,2013년 12월 8일 17시,일요일,경상북도 영천시 화룡동,중상사고,0,5,2,0,차대차 - 기타,중앙선침범,건조,맑음,교차로 - 교차로안,화물,남,75세,중상,승용,남,43세,중상
2013120800100349,2013년 12월 8일 17시,일요일,경상북도 군위군 부계면,중상사고,0,1,0,0,차대차 - 정면충돌,안전운전불이행,건조,맑음,단일로 - 기타,원동기,남,62세,중상,승용,남,49세,기타불명
2013120800100350,2013년 12월 8일 17시,일요일,경상북도 예천군 보문면,중상사고,0,2,6,0,차대차 - 추돌 - 진행중,안전운전불이행,건조,맑음,단일로 - 기타,승합,남,55세,상해없음,화물,남,47세,경상
2013120800100395,2013년 12월 8일 18시,일요일,경상북도 칠곡군 동명면,중상사고,0,1,1,0,차대차 - 측면직각충돌,안전운전불이행,건조,맑음,단일로 - 기타,승용,남,58세,경상,화물,남,58세,상해없음
2013120800100396,2013년 12월 8일 18시,일요일,경상북도 영천시 문외동,경상사고,0,0,1,0,차대차 - 기타,교차로운행방법위반,건조,맑음,교차로 - 교차로안,승용,여,41세,상해없음,원동기,남,16세,경상
2013120800100397,2013년 12월 8일 18시,일요일,경상북도 문경시 마성면,중상사고,0,1,0,0,차대사람 - 횡단중,안전운전불이행,건조,맑음,단일로 - 기타,승용,남,30세,상해없음,보행자,남,70세,중상
2013120800100398,2013년 12월 8일 18시,일요일,경상북도 경산시 중방동,중상사고,0,1,0,0,차대차 - 기타,중앙선침범,건조,맑음,단일로 - 기타,승용,남,50세,상해없음,이륜,남,30세,중상
2013120800100429,2013년 12월 8일 19시,일요일,경상북도 안동시 임하면,중상사고,0,2,0,0,차대차 - 기타,중앙선침범,건조,맑음,단일로 - 기타,승용,남,38세,상해없음,승용,남,71세,중상
2013120800100430,2013년 12월 8일 19시,일요일,경상북도 칠곡군 석적읍,경상사고,0,0,1,0,차대차 - 기타,교차로운행방법위반,건조,맑음,교차로 - 교차로부근,승용,여,37세,상해없음,원동기,남,38세,경상
2013120800100431,2013년 12월 8일 19시,일요일,경상북도 영천시 야사동,경상사고,0,0,2,0,차대차 - 기타,안전운전불이행,건조,맑음,단일로 - 기타,승용,남,46세,상해없음,승용,남,32세,경상
2013120800100432,2013년 12월 8일 19시,일요일,경상북도 경산시 조영동,부상신고사고,0,0,0,1,차대사람 - 기타,안전운전불이행,건조,맑음,단일로 - 기타,승용,남,37세,상해없음,보행자,남,51세,부상신고
2013120800100433,2013년 12월 8일 19시,일요일,경상북도 영천시 임고면,경상사고,0,0,1,0,차대차 - 측면직각충돌,안전운전불이행,건조,맑음,단일로 - 터널,승용,남,50세,상해없음,승용,남,51세,경상
2013120800100460,2013년 12월 8일 20시,일요일,경상북도 포항시 북구 용흥동,중상사고,0,1,7,0,차대차 - 기타,안전운전불이행,건조,맑음,단일로 - 기타,승용,남,23세,경상,승합,남,51세,중상
2013120800100481,2013년 12월 8일 21시,일요일,경상북도 영주시 가흥동,경상사고,0,0,2,0,차대차 - 측면직각충돌,안전운전불이행,건조,맑음,기타 - 기타,승용,남,42세,상해없음,승용,여,48세,경상
2013120800100482,2013년 12월 8일 21시,일요일,경상북도 포항시 남구 오천읍,중상사고,0,1,0,0,차대차 - 측면직각충돌,직진우회전진행방해,건조,맑음,교차로 - 교차로안,승용,남,40세,상해없음,원동기,남,17세,중상