사고번호,사고일시,요일,시군구,사고내용,사망자수,중상자수,경상자수,부상신고자수,사고유형,법규위반,노면상태,기상상태,도로형태,가해운전자 차종,가해운전자 성별,가해운전자 연령,가해운전자 상해정도,피해운전자 차종,피해운전자 성별,피해운전자 연령,피해운전자 상해정도
2013121100100516,2013년 12월 11일 19시,수요일,경상북도 군위군 효령면,경상사고,0,0,2,0,차대차 - 기타,안전운전불이행,결빙,눈,단일로 - 기타,승용,남,53세,상해없음,승합,남,49세,경상
2013121100100517,2013년 12월 11일 19시,수요일,경상북도 포항시 남구 이동,중상사고,0,1,1,0,차대사람 - 기타,보행자보호의무위반,건조,맑음,교차로 - 교차로부근,승용,남,48세,상해없음,보행자,여,51세,중상
2013121100100548,2013년 12월 11일 20시,수요일,경상북도 울진군 평해읍,부상신고사고,0,0,0,1,차대차 - 추돌 - 진행중,안전운전불이행,건조,맑음,교차로 - 교차로부근,승용,남,60세,부상신고,승합,남,49세,상해없음
2013121100100549,2013년 12월 11일 20시,수요일,경상북도 구미시 인의동,부상신고사고,0,0,0,1,차대사람 - 기타,안전운전불이행,건조,맑음,교차로 - 교차로안,화물,남,56세,상해없음,보행자,여,56세,부상신고
2013121100100550,2013년 12월 11일 20시,수요일,경상북도 포항시 남구 대잠동,중상사고,0,1,0,0,차대사람 - 횡단중,보행자보호의무위반,건조,맑음,단일로 - 횡단보도상,승용,남,46세,상해없음,보행자,여,54세,중상
2013121100100584,2013년 12월 11일 21시,수요일,경상북도 경산시 옥산동,경상사고,0,0,1,0,차대차 - 기타,안전운전불이행,건조,맑음,교차로 - 교차로안,원동기,남,50세,경상,승용,남,41세,상해없음
2013121100100585,2013년 12월 11일 21시,수요일,경상북도 포항시 남구 오천읍,경상사고,0,0,1,0,차대차 - 기타,안전운전불이행,건조,맑음,교차로 - 교차로안,승용,남,34세,경상,승합,여,34세,기타불명
2013121100100605,2013년 12월 11일 22시,수요일,경상북도 구미시 신평동,중상사고,0,1,0,0,차대사람 - 기타,안전운전불이행,적설,눈,단일로 - 기타,승용,남,29세,상해없음,보행자,남,40세,중상
2013121100100634,2013년 12월 11일 23시,수요일,경상북도 성주군 선남면,중상사고,0,1,0,0,차대차 - 기타,안전운전불이행,건조,맑음,단일로 - 기타,기타불명,기타불명,기타불명,기타불명,화물,남,33세,중상
2013121200100012,2013년 12월 12일 00시,목요일,경상북도 성주군 선남면,중상사고,0,1,0,0,차대사람 - 기타,안전운전불이행,건조,맑음,단일로 - 기타,기타불명,기타불명,기타불명,기타불명,보행자,남,44세,중상
2013121200100048,2013년 12월 12일 03시,목요일,경상북도 경주시 용강동,경상사고,0,0,2,0,차대차 - 기타,신호위반,건조,맑음,교차로 - 교차로안,승용,남,51세,상해없음,승용,남,31세,경상
2013121200100059,2013년 12월 12일 04시,목요일,경상북도 칠곡군 석적읍,부상신고사고,0,0,0,1,차대차 - 기타,안전운전불이행,결빙,눈,단일로 - 기타,승합,남,56세,상해없음,화물,남,21세,부상신고
2013121200100075,2013년 12월 12일 05시,목요일,경상북도 칠곡군 가산면,중상사고,0,1,1,0,차대차 - 기타,중앙선침범,결빙,눈,단일로 - 기타,화물,남,54세,중상,화물,남,54세,경상
2013121200100102,2013년 12월 12일 07시,목요일,경상북도 구미시 임수동,중상사고,0,1,0,0,차대사람 - 기타,안전운전불이행,습기,눈,교차로 - 교차로부근,승용,남,61세,상해없음,보행자,남,52세,중상
2013121200100127,2013년 12월 12일 08시,목요일,경상북도 칠곡군 왜관읍,경상사고,0,0,1,0,차대차 - 기타,신호위반,건조,맑음,교차로 - 교차로안,승용,여,54세,상해없음,화물,남,55세,경상
2013121200100128,2013년 12월 12일 08시,목요일,경상북도 영천시 완산동,중상사고,0,1,0,0,차대사람 - 기타,중앙선침범,건조,맑음,단일로 - 기타,승용,남,71세,상해없음,보행자,남,81세,중상
2013121200100129,2013년 12월 12일 08시,목요일,경상북도 경산시 정평동,경상사고,0,0,1,0,차대사람 - 횡단중,보행자보호의무위반,건조,맑음,단일로 - 횡단보도상,승용,여,40세,기타불명,보행자,남,9세,경상
2013121200100130,2013년 12월 12일 08시,목요일,경상북도 예천군 예천읍,경상사고,0,0,3,0,차대차 - 측면직각충돌,안전운전불이행,건조,맑음,단일로 - 기타,승용,남,28세,경상,승용,남,57세,경상
2013121200100131,2013년 12월 12일 08시,목요일,경상북도 포항시 남구 호미곶면,중상사고,0,1,1,0,차대차 - 기타,중앙선침범,건조,맑음,단일로 - 기타,화물,남,48세,중상,화물,남,25세,경상
2013121200100167,2013년 12월 12일 09시,목요일,경상북도 상주시 남성동,경상사고,0,0,1,0,차대사람 - 기타,안전운전불이행,건조,맑음,교차로 - 교차로부근,화물,남,54세,상해없음,보행자,여,77세,경상
2013121200100168,2013년 12월 12일 09시,목요일,경상북도 의성군 의성읍,경상사고,0,0,1,0,차대차 - 측면직각충돌,교차로운행방법위반,건조,맑음,교차로 - 교차로안,원동기,여,56세,경상,화물,남,43세,상해없음
2013121200100169,2013년 12월 12일 09시,목요일,경상북도 칠곡군 가산면,경상사고,0,0,1,0,차대차 - 추돌 - 진행중,안전운전불이행,결빙,맑음,단일로 - 기타,화물,남,66세,상해없음,승합,여,47세,경상
2013121200100170,2013년 12월 12일 09시,목요일,경상북도 청도군 화양읍,경상사고,0,0,4,0,차대차 - 측면직각충돌,신호위반,건조,맑음,교차로 - 교차로부근,승용,여,49세,상해없음,승용,여,70세,경상
2013121200100171,2013년 12월 12일 09시,목요일,경상북도 포항시 남구 괴동동,중상사고,0,1,0,0,차대사람 - 기타,안전운전불이행,건조,맑음,교차로 - 교차로안,승용,남,60세,상해없음,보행자,남,44세,중상
2013121200100190,2013년 12월 12일 10시,목요일,경상북도 경주시 외동읍,경상사고,0,0,2,0,차대차 - 기타,안전운전불이행,건조,맑음,단일로 - 기타,건설기계,남,66세,상해없음,특수,남,41세,경상
2013121200100211,2013년 12월 12일 11시,목요일,경상북도 영천시 도남동,중상사고,0,1,2,0,차대차 - 기타,안전운전불이행,건조,맑음,단일로 - 기타,화물,남,53세,상해없음,승용,여,49세,중상
2013121200100254,2013년 12월 12일 13시,목요일,경상북도 포항시 북구 죽도동,경상사고,0,0,1,0,차대차 - 기타,안전운전불이행,건조,맑음,단일로 - 기타,승용,남,40세,상해없음,특수,남,28세,경상
2013121200100255,2013년 12월 12일 13시,목요일,경상북도 영주시 하망동,중상사고,0,1,1,0,차대사람 - 횡단중,보행자보호의무위반,건조,흐림,교차로 - 교차로안,승용,여,55세,상해없음,보행자,여,48세,중상
2013121200100256,2013년 12월 12일 13시,목요일,경상북도 영주시 영주동,경상사고,0,0,1,0,차대차 - 기타,안전운전불이행,건조,맑음,단일로 - 기타,화물,남,54세,상해없음,기타불명,남,65세,경상
2013121200100257,2013년 12월 12일 13시,목요일,경상북도 칠곡군 북삼읍,경상사고,0,0,1,0,차대사람 - 횡단중,신호위반,건조,맑음,단일로 - 횡단보도상,승용,여,48세,상해없음,보행자,여,38세,경상
2013121200100258,2013년 12월 12일 13시,목요일,경상북도 봉화군 상운면,중상사고,0,1,0,0,차대차 - 측면직각충돌,중앙선침범,건조,맑음,단일로 - 기타,원동기,남,62세,중상,화물,남,64세,상해없음
2013121200100284,2013년 12월 12일 14시,목요일,경상북도 경주시 충효동,경상사고,0,0,1,0,차대차 - 기타,안전운전불이행,건조,맑음,교차로 - 교차로부근,승용,남,23세,상해없음,승용,여,41세,경상
2013121200100285,2013년 12월 12일 14시,목요일,경상북도 구미시 황상동,경상사고,0,0,1,0,차대차 - 기타,안전운전불이행,건조,맑음,기타 - 기타,승합,여,60세,상해없음,자전거,남,68세,경상
2013121200100286,2013년 12월 12일 14시,목요일,경상북도 구미시 인의동,중상사고,0,1,2,0,차대차 - 기타,신호위반,건조,맑음,교차로 - 교차로안,승용,여,48세,경상,승용,남,65세,중상
2013121200100304,2013년 12월 12일 15시,목요일,경상북도 경주시 용강동,경상사고,0,0,2,0,차대차 - 기타,안전운전불이행,건조,맑음,단일로 - 기타,승용,여,58세,경상,승용,여,37세,경상
2013121200100305,2013년 12월 12일 15시,목요일,경상북도 포항시 남구 오천읍,경상사고,0,0,2,0,차대차 - 측면직각충돌,기타,건조,맑음,교차로 - 교차로안,승용,여,30세,경상,승용,남,48세,경상
2013121200100329,2013년 12월 12일 16시,목요일,경상북도 포항시 북구 죽장면,중상사고,0,2,3,0,차대차 - 기타,중앙선침범,건조,맑음,단일로 - 기타,승용,남,65세,상해없음,승용,남,54세,경상
2013121200100330,2013년 12월 12일 16시,목요일,경상북도 칠곡군 북삼읍,경상사고,0,0,1,0,차대차 - 기타,안전운전불이행,건조,맑음,교차로 - 교차로부근,승용,여,50세,상해없음,화물,남,47세,경상
2013121200100358,2013년 12월 12일 17시,목요일,경상북도 칠곡군 가산면,경상사고,0,0,1,0,차대차 - 기타,안전거리미확보,건조,흐림,단일로 - 기타,승용,남,51세,상해없음,승용,남,51세,경상
2013121200100359,2013년 12월 12일 17시,목요일,경상북도 구미시 고아읍,경상사고,0,0,4,0,차대차 - 기타,안전운전불이행,건조,맑음,단일로 - 기타,승용,남,57세,상해없음,승용,여,22세,경상
2013121200100360,2013년 12월 12일 17시,목요일,경상북도 구미시 광평동,경상사고,0,0,1,0,차대사람 - 기타,안전운전불이행,건조,맑음,단일로 - 기타,승합,남,55세,상해없음,보행자,남,18세,경상
2013121200100490,2013년 12월 12일 21시,목요일,경상북도 포항시 북구 우현동,경상사고,0,0,1,0,차대사람 - 기타,안전운전불이행,건조,맑음,단일로 - 기타,승용,남,61세,상해없음,보행자,여,64세,경상
2013121200100491,2013년 12월 12일 21시,목요일,경상북도 고령군 쌍림면,중상사고,0,1,0,0,차대차 - 추돌 - 진행중,안전거리미확보,건조,맑음,단일로 - 기타,승용,남,22세,상해없음,승용,남,54세,중상
2013121200100522,2013년 12월 12일 22시,목요일,경상북도 경주시 용강동,경상사고,0,0,1,0,차대사람 - 기타,안전운전불이행,기타,맑음,기타 - 기타,승용,남,50세,상해없음,보행자,남,47세,경상
2013121200100523,2013년 12월 12일 22시,목요일,경상북도 영천시 문외동,경상사고,0,0,1,0,차대차 - 추돌 - 주정차중,안전운전불이행,건조,맑음,단일로 - 기타,승용,남,35세,상해없음,승용,남,40세,경상
2013121200100524,2013년 12월 12일 22시,목요일,경상북도 영천시 금호읍,경상사고,0,0,1,0,차대차 - 추돌 - 주정차중,안전운전불이행,건조,맑음,단일로 - 기타,화물,남,57세,경상,화물,남,47세,기타불명
2013121200100551,2013년 12월 12일 23시,목요일,경상북도 구미시 진평동,경상사고,0,0,1,0,차대차 - 기타,안전운전불이행,건조,맑음,단일로 - 기타,승용,여,44세,기타불명,승용,남,31세,경상
2013121200100552,2013년 12월 12일 23시,목요일,경상북도 구미시 신평동,경상사고,0,0,2,0,차대차 - 추돌 - 주정차중,안전운전불이행,습기,비,교차로 - 교차로부근,승용,남,40세,상해없음,승용,남,32세,경상
2013121200100553,2013년 12월 12일 23시,목요일,경상북도 포항시 남구 오천읍,경상사고,0,0,1,0,차대차 - 기타,안전운전불이행,건조,맑음,단일로 - 기타,승용,남,31세,경상,화물,남,44세,기타불명
2013121300100014,2013년 12월 13일 00시,금요일,경상북도 포항시 북구 죽도동,중상사고,0,1,0,0,차대사람 - 횡단중,안전운전불이행,습기,비,단일로 - 기타,승용,여,45세,상해없음,보행자,남,32세,중상
2013121300100061,2013년 12월 13일 05시,금요일,경상북도 경주시 성동동,중상사고,0,1,1,0,차대차 - 추돌 - 진행중,안전운전불이행,건조,맑음,기타 - 기타,승용,기타불명,기타불명,기타불명,승용,남,46세,중상
2013121300100068,2013년 12월 13일 06시,금요일,경상북도 칠곡군 동명면,부상신고사고,0,0,0,1,차량단독 - 공작물충돌,안전운전불이행,결빙,맑음,단일로 - 기타,승용,여,61세,부상신고,,,,
2013121300100110,2013년 12월 13일 08시,금요일,경상북도 경주시 성동동,경상사고,0,0,3,0,차대차 - 기타,안전운전불이행,건조,맑음,단일로 - 기타,승용,남,68세,상해없음,화물,남,25세,경상
2013121300100139,2013년 12월 13일 09시,금요일,경상북도 경산시 자인면,경상사고,0,0,2,0,차대차 - 기타,안전운전불이행,건조,맑음,교차로 - 교차로부근,승용,남,37세,상해없음,승용,남,38세,상해없음
2013121300100186,2013년 12월 13일 11시,금요일,경상북도 포항시 북구 중앙동,중상사고,0,1,0,0,차대차 - 측면직각충돌,안전운전불이행,건조,맑음,교차로 - 교차로부근,승용,남,59세,상해없음,자전거,남,66세,중상
2013121300100187,2013년 12월 13일 11시,금요일,경상북도 경산시 신교동,경상사고,0,0,1,0,차대차 - 기타,안전운전불이행,건조,맑음,교차로 - 교차로안,승용,남,43세,상해없음,자전거,여,81세,경상
2013121300100188,2013년 12월 13일 11시,금요일,경상북도 구미시 진평동,경상사고,0,0,1,0,차대사람 - 기타,안전운전불이행,건조,맑음,교차로 - 교차로부근,기타불명,기타불명,기타불명,기타불명,보행자,여,41세,경상
2013121300100207,2013년 12월 13일 12시,금요일,경상북도 경주시 성건동,중상사고,0,2,0,0,차대차 - 기타,중앙선침범,건조,맑음,단일로 - 기타,화물,남,23세,상해없음,승용,여,26세,중상
2013121300100289,2013년 12월 13일 15시,금요일,경상북도 고령군 운수면,중상사고,0,1,0,0,차대차 - 정면충돌,중앙선침범,건조,맑음,단일로 - 기타,승용,여,62세,상해없음,화물,남,60세,중상
2013121300100316,2013년 12월 13일 16시,금요일,경상북도 상주시 공검면,중상사고,0,1,0,0,차대사람 - 기타,중앙선침범,건조,맑음,단일로 - 기타,화물,남,61세,상해없음,보행자,여,10세,중상
2013121300100317,2013년 12월 13일 16시,금요일,경상북도 영천시 언하동,경상사고,0,0,1,0,차대차 - 측면직각충돌,안전운전불이행,건조,맑음,교차로 - 교차로안,승용,남,57세,경상,건설기계,남,42세,상해없음
2013121300100318,2013년 12월 13일 16시,금요일,경상북도 성주군 성주읍,경상사고,0,0,1,0,차대차 - 기타,안전운전불이행,건조,맑음,단일로 - 기타,이륜,남,80세,경상,승용,여,59세,상해없음
2013121300100319,2013년 12월 13일 16시,금요일,경상북도 포항시 남구 연일읍,경상사고,0,0,3,0,차대차 - 측면직각충돌,직진우회전진행방해,건조,맑음,교차로 - 교차로안,승용,남,45세,경상,승용,남,58세,경상
2013121300100351,2013년 12월 13일 17시,금요일,경상북도 경주시 현곡면,경상사고,0,0,1,0,차대차 - 기타,신호위반,건조,맑음,교차로 - 교차로안,화물,남,61세,상해없음,원동기,남,30세,경상
2013121300100352,2013년 12월 13일 17시,금요일,경상북도 포항시 북구 창포동,경상사고,0,0,1,0,차대사람 - 기타,안전운전불이행,건조,맑음,단일로 - 기타,승용,여,51세,상해없음,보행자,여,23세,경상
2013121300100353,2013년 12월 13일 17시,금요일,경상북도 칠곡군 왜관읍,중상사고,0,1,0,0,차대사람 - 기타,안전운전불이행,건조,맑음,단일로 - 기타,화물,남,45세,상해없음,보행자,여,52세,중상
2013121300100354,2013년 12월 13일 17시,금요일,경상북도 문경시 호계면,경상사고,0,0,2,0,차대차 - 측면직각충돌,중앙선침범,건조,맑음,단일로 - 기타,승용,남,72세,경상,승합,남,42세,경상
2013121300100394,2013년 12월 13일 18시,금요일,경상북도 안동시 당북동,경상사고,0,0,1,0,차대사람 - 기타,안전운전불이행,건조,맑음,기타 - 기타,승용,남,63세,상해없음,보행자,남,71세,경상
2013121300100425,2013년 12월 13일 19시,금요일,경상북도 영덕군 강구면,중상사고,0,1,0,1,차대사람 - 길가장자리구역통행중,안전운전불이행,건조,맑음,단일로 - 기타,이륜,남,59세,부상신고,보행자,남,43세,중상
2013121300100456,2013년 12월 13일 20시,금요일,경상북도 포항시 북구 장성동,중상사고,0,1,0,0,차대차 - 기타,중앙선침범,건조,맑음,단일로 - 기타,승용,남,32세,상해없음,원동기,남,34세,중상
2013121300100480,2013년 12월 13일 21시,금요일,경상북도 구미시 산동면,중상사고,0,2,2,0,차대차 - 정면충돌,중앙선침범,습기,흐림,단일로 - 기타,화물,남,33세,상해없음,화물,남,53세,중상
2013121300100481,2013년 12월 13일 21시,금요일,경상북도 포항시 남구 청림동,중상사고,0,3,1,0,차대차 - 측면직각충돌,신호위반,건조,맑음,교차로 - 교차로안,승용,남,42세,상해없음,승용,남,46세,중상
2013121300100508,2013년 12월 13일 22시,금요일,경상북도 경산시 하양읍,경상사고,0,0,1,0,차대차 - 기타,안전운전불이행,건조,맑음,미분류 - 미분류,승용,남,53세,상해없음,승용,남,34세,경상
2013121300100509,2013년 12월 13일 22시,금요일,경상북도 경산시 대동,중상사고,0,1,0,0,차대차 - 기타,안전운전불이행,건조,맑음,교차로 - 교차로안,이륜,남,26세,중상,승합,남,60세,상해없음
2013121300100540,2013년 12월 13일 23시,금요일,경상북도 문경시 흥덕동,중상사고,0,2,0,0,차대사람 - 기타,안전운전불이행,건조,맑음,단일로 - 기타,이륜,남,17세,중상,보행자,남,37세,중상
2013121400100019,2013년 12월 14일 00시,토요일,경상북도 포항시 북구 대흥동,경상사고,0,0,1,0,차대차 - 추돌 - 주정차중,안전운전불이행,건조,맑음,단일로 - 기타,승용,남,53세,상해없음,승용,남,28세,경상
2013121400100040,2013년 12월 14일 01시,토요일,경상북도 구미시 진평동,경상사고,0,0,1,0,차대차 - 기타,안전운전불이행,건조,맑음,교차로 - 교차로안,승용,남,30세,상해없음,화물,남,44세,경상
2013121400100062,2013년 12월 14일 02시,토요일,경상북도 경산시 중방동,경상사고,0,0,1,0,차대차 - 기타,신호위반,건조,맑음,교차로 - 교차로안,승용,남,53세,상해없음,승용,남,58세,경상
2013121400100063,2013년 12월 14일 02시,토요일,경상북도 경산시 정평동,경상사고,0,0,1,0,차대차 - 기타,기타,건조,맑음,교차로 - 교차로안,승용,여,58세,상해없음,승용,남,58세,경상
2013121400100091,2013년 12월 14일 03시,토요일,경상북도 포항시 북구 용흥동,경상사고,0,0,1,0,차대사람 - 기타,안전운전불이행,건조,맑음,단일로 - 기타,승용,남,56세,상해없음,보행자,남,36세,경상
2013121400100108,2013년 12월 14일 04시,토요일,경상북도 포항시 북구 죽도동,경상사고,0,0,2,0,차대차 - 추돌 - 주정차중,안전운전불이행,건조,맑음,교차로 - 교차로부근,승용,남,28세,상해없음,승용,남,40세,경상
2013121400100113,2013년 12월 14일 05시,토요일,경상북도 영천시 신령면,경상사고,0,0,1,0,차량단독 - 공작물충돌,안전운전불이행,건조,맑음,단일로 - 기타,승용,여,42세,경상,,,,
2013121400100114,2013년 12월 14일 05시,토요일,경상북도 포항시 남구 상도동,경상사고,0,0,2,0,차대차 - 측면직각충돌,신호위반,건조,맑음,교차로 - 교차로안,승용,남,21세,상해없음,승용,남,24세,경상
2013121400100128,2013년 12월 14일 06시,토요일,경상북도 경산시 평산동,중상사고,0,2,0,0,차대차 - 기타,신호위반,건조,맑음,교차로 - 교차로안,승용,여,47세,상해없음,승용,여,64세,중상
2013121400100190,2013년 12월 14일 09시,토요일,경상북도 포항시 북구 청하면,경상사고,0,0,1,0,차대차 - 기타,안전운전불이행,건조,맑음,교차로 - 교차로안,승용,여,46세,상해없음,승용,남,60세,경상
2013121400100191,2013년 12월 14일 09시,토요일,경상북도 김천시 부곡동,중상사고,0,1,1,0,차대차 - 측면직각충돌,안전운전불이행,건조,맑음,교차로 - 교차로부근,승용,여,46세,상해없음,승용,여,41세,중상
2013121400100239,2013년 12월 14일 11시,토요일,경상북도 영천시 성내동,중상사고,0,1,3,0,차대차 - 측면직각충돌,신호위반,건조,맑음,교차로 - 교차로안,승용,남,24세,상해없음,승용,남,63세,중상
2013121400100263,2013년 12월 14일 12시,토요일,경상북도 경주시 외동읍,경상사고,0,0,2,0,차대차 - 기타,안전운전불이행,건조,맑음,교차로 - 교차로부근,승용,남,79세,경상,승용,남,45세,상해없음
2013121400100264,2013년 12월 14일 12시,토요일,경상북도 구미시 옥계동,경상사고,0,0,1,0,차대차 - 기타,안전운전불이행,건조,맑음,교차로 - 교차로안,이륜,남,77세,경상,승용,남,59세,상해없음
2013121400100322,2013년 12월 14일 14시,토요일,경상북도 포항시 남구 대잠동,중상사고,0,2,0,0,차대차 - 기타,중앙선침범,건조,맑음,단일로 - 기타,승용,남,31세,중상,승용,남,34세,중상
2013121400100350,2013년 12월 14일 15시,토요일,경상북도 경주시 황오동,경상사고,0,0,1,0,차대사람 - 기타,안전운전불이행,건조,맑음,단일로 - 기타,승용,여,31세,상해없음,보행자,여,51세,경상
2013121400100351,2013년 12월 14일 15시,토요일,경상북도 안동시 대석동,중상사고,0,2,2,0,차대차 - 기타,안전운전불이행,건조,맑음,단일로 - 기타,승용,남,47세,기타불명,승용,남,26세,중상
2013121400100352,2013년 12월 14일 15시,토요일,경상북도 경산시 중방동,경상사고,0,0,1,0,차대차 - 기타,안전거리미확보,건조,맑음,단일로 - 기타,승용,남,27세,상해없음,이륜,남,24세,경상
2013121400100368,2013년 12월 14일 16시,토요일,경상북도 안동시 옥동,중상사고,0,1,0,0,차대차 - 기타,신호위반,건조,맑음,교차로 - 교차로부근,승용,남,29세,상해없음,승용,여,41세,중상
2013121400100386,2013년 12월 14일 17시,토요일,경상북도 경주시 외동읍,경상사고,0,0,3,0,차대차 - 기타,신호위반,건조,맑음,교차로 - 교차로안,승용,남,34세,경상,승용,남,44세,상해없음
2013121400100387,2013년 12월 14일 17시,토요일,경상북도 안동시 태화동,중상사고,0,1,0,0,차대사람 - 기타,보행자보호의무위반,건조,맑음,단일로 - 기타,승용,남,56세,상해없음,보행자,남,62세,중상
2013121400100388,2013년 12월 14일 17시,토요일,경상북도 구미시 인의동,중상사고,0,1,0,0,차대차 - 기타,안전운전불이행,건조,맑음,단일로 - 기타,승용,남,27세,상해없음,이륜,남,29세,중상
2013121400100419,2013년 12월 14일 18시,토요일,경상북도 영주시 가흥동,경상사고,0,0,1,0,차대차 - 측면직각충돌,안전운전불이행,건조,맑음,교차로 - 교차로안,승용,여,49세,상해없음,원동기,남,40세,경상
2013121400100420,2013년 12월 14일 18시,토요일,경상북도 경산시 중방동,경상사고,0,0,2,0,차대차 - 기타,안전운전불이행,건조,맑음,교차로 - 교차로안,승용,여,30세,상해없음,승용,여,48세,경상
2013121400100421,2013년 12월 14일 18시,토요일,경상북도 청도군 청도읍,경상사고,0,0,1,0,차대차 - 측면직각충돌,안전운전불이행,건조,맑음,단일로 - 기타,승용,남,47세,상해없음,승용,여,35세,경상
2013121400100448,2013년 12월 14일 19시,토요일,경상북도 포항시 북구 청하면,사망사고,1,0,0,0,차대사람 - 기타,안전운전불이행,건조,맑음,단일로 - 기타,승합,남,49세,상해없음,보행자,여,62세,사망
2013121400100449,2013년 12월 14일 19시,토요일,경상북도 안동시 정하동,중상사고,0,1,0,0,차대사람 - 기타,안전운전불이행,건조,맑음,기타 - 기타,승용,남,18세,상해없음,보행자,남,63세,중상
2013121400100474,2013년 12월 14일 20시,토요일,경상북도 포항시 북구 동빈1가,경상사고,0,0,1,0,차대차 - 측면직각충돌,교차로운행방법위반,건조,맑음,교차로 - 교차로안,승용,여,27세,상해없음,승용,남,53세,경상
2013121400100475,2013년 12월 14일 20시,토요일,경상북도 구미시 인의동,중상사고,0,1,1,0,차대차 - 기타,안전운전불이행,건조,맑음,기타 - 기타,승용,남,26세,상해없음,승용,남,29세,중상
2013121400100516,2013년 12월 14일 22시,토요일,경상북도 청도군 청도읍,중상사고,0,1,0,0,차대차 - 추돌 - 주정차중,안전운전불이행,건조,맑음,단일로 - 기타,화물,남,55세,상해없음,화물,남,64세,기타불명
2013121400100517,2013년 12월 14일 22시,토요일,경상북도 구미시 선산읍,부상신고사고,0,0,0,1,차대차 - 추돌 - 진행중,안전운전불이행,건조,맑음,교차로 - 교차로안,이륜,남,17세,부상신고,승용,남,50세,상해없음
2013121500100057,2013년 12월 15일 02시,일요일,경상북도 경주시 성건동,중상사고,0,1,1,0,차대차 - 기타,안전운전불이행,건조,맑음,교차로 - 교차로안,승용,남,34세,상해없음,승용,남,48세,경상
2013121500100058,2013년 12월 15일 02시,일요일,경상북도 경산시 중방동,경상사고,0,0,1,0,차량단독 - 공작물충돌,안전운전불이행,건조,맑음,교차로 - 교차로부근,승용,남,44세,경상,,,,
2013121500100070,2013년 12월 15일 03시,일요일,경상북도 구미시 원평동,경상사고,0,0,4,0,차대차 - 측면직각충돌,안전운전불이행,건조,맑음,교차로 - 교차로부근,승용,남,39세,상해없음,승용,남,22세,경상
2013121500100088,2013년 12월 15일 05시,일요일,경상북도 안동시 송천동,중상사고,0,1,0,0,차대사람 - 차도통행중,안전운전불이행,건조,맑음,단일로 - 기타,승용,남,18세,상해없음,보행자,남,29세,중상
2013121500100103,2013년 12월 15일 07시,일요일,경상북도 포항시 남구 구룡포읍,경상사고,0,0,2,0,차대차 - 측면직각충돌,교차로운행방법위반,건조,맑음,교차로 - 교차로안,화물,남,62세,상해없음,승용,남,63세,경상
2013121500100112,2013년 12월 15일 08시,일요일,경상북도 구미시 임은동,경상사고,0,0,1,0,차대차 - 측면직각충돌,신호위반,건조,맑음,교차로 - 교차로안,화물,남,52세,상해없음,승용,남,49세,경상
2013121500100127,2013년 12월 15일 09시,일요일,경상북도 경주시 동천동,중상사고,0,1,0,0,차대차 - 기타,안전운전불이행,건조,맑음,교차로 - 교차로안,이륜,남,25세,중상,승용,남,45세,상해없음
2013121500100128,2013년 12월 15일 09시,일요일,경상북도 영주시 가흥동,경상사고,0,0,2,0,차대차 - 측면직각충돌,교차로운행방법위반,건조,맑음,교차로 - 교차로안,승합,여,38세,상해없음,승용,남,48세,경상
2013121500100141,2013년 12월 15일 10시,일요일,경상북도 경주시 서면,사망사고,1,2,0,0,차량단독 - 도로외이탈 - 추락,안전운전불이행,건조,맑음,단일로 - 기타,승용,여,52세,중상,,,,
2013121500100159,2013년 12월 15일 12시,일요일,경상북도 경산시 중방동,경상사고,0,0,1,0,차대차 - 기타,교차로운행방법위반,건조,맑음,교차로 - 교차로안,승용,여,31세,기타불명,승용,여,48세,경상
2013121500100175,2013년 12월 15일 13시,일요일,경상북도 포항시 북구 동빈1가,중상사고,0,1,0,0,차대사람 - 기타,안전운전불이행,건조,맑음,단일로 - 횡단보도상,승용,남,49세,상해없음,보행자,남,15세,중상
2013121500100200,2013년 12월 15일 14시,일요일,경상북도 안동시 운안동,경상사고,0,0,1,0,차대차 - 기타,교차로운행방법위반,건조,맑음,단일로 - 기타,이륜,남,17세,경상,승용,남,45세,상해없음
2013121500100224,2013년 12월 15일 15시,일요일,경상북도 안동시 운흥동,중상사고,0,1,0,0,차대사람 - 횡단중,안전운전불이행,건조,맑음,단일로 - 기타,승용,남,29세,상해없음,보행자,남,74세,중상
2013121500100225,2013년 12월 15일 15시,일요일,경상북도 포항시 남구 오천읍,중상사고,0,1,4,0,차대차 - 추돌 - 진행중,안전운전불이행,건조,맑음,단일로 - 기타,특수,남,46세,상해없음,승용,남,70세,경상
2013121500100295,2013년 12월 15일 18시,일요일,경상북도 포항시 북구 두호동,경상사고,0,0,1,0,차대차 - 기타,안전운전불이행,건조,맑음,단일로 - 기타,승용,여,37세,상해없음,원동기,남,18세,경상
2013121500100296,2013년 12월 15일 18시,일요일,경상북도 경산시 옥산동,중상사고,0,1,0,0,차량단독 - 공작물충돌,안전운전불이행,건조,맑음,단일로 - 기타,화물,여,43세,상해없음,,,,
2013121500100363,2013년 12월 15일 21시,일요일,경상북도 김천시 신음동,경상사고,0,0,1,0,차대사람 - 기타,신호위반,건조,맑음,단일로 - 횡단보도상,이륜,남,16세,상해없음,보행자,남,14세,경상