사고번호,사고일시,요일,시군구,사고내용,사망자수,중상자수,경상자수,부상신고자수,사고유형,법규위반,노면상태,기상상태,도로형태,가해운전자 차종,가해운전자 성별,가해운전자 연령,가해운전자 상해정도,피해운전자 차종,피해운전자 성별,피해운전자 연령,피해운전자 상해정도
2013121900100144,2013년 12월 19일 07시,목요일,경상북도 경주시 황오동,중상사고,0,1,0,0,차대차 - 기타,안전운전불이행,건조,맑음,기타 - 기타,승용,남,30세,상해없음,자전거,남,61세,중상
2013121900100195,2013년 12월 19일 08시,목요일,경상북도 안동시 임하면,경상사고,0,0,1,0,차대차 - 기타,중앙선침범,건조,맑음,단일로 - 기타,승용,남,54세,상해없음,화물,남,48세,경상
2013121900100196,2013년 12월 19일 08시,목요일,경상북도 안동시 도산면,경상사고,0,0,1,0,차대차 - 기타,중앙선침범,결빙,맑음,단일로 - 기타,승용,여,37세,상해없음,화물,남,62세,경상
2013121900100226,2013년 12월 19일 09시,목요일,경상북도 포항시 남구 상도동,경상사고,0,0,1,0,차대사람 - 기타,안전운전불이행,건조,맑음,단일로 - 기타,승합,남,41세,상해없음,보행자,남,84세,경상
2013121900100241,2013년 12월 19일 10시,목요일,경상북도 포항시 남구 오천읍,중상사고,0,1,0,0,차대차 - 측면직각충돌,교차로운행방법위반,건조,맑음,교차로 - 교차로부근,승용,남,33세,상해없음,원동기,남,61세,중상
2013121900100259,2013년 12월 19일 11시,목요일,경상북도 안동시 법흥동,중상사고,0,2,0,0,차대차 - 측면직각충돌,안전운전불이행,건조,맑음,기타 - 기타,화물,남,71세,상해없음,승용,여,47세,중상
2013121900100260,2013년 12월 19일 11시,목요일,경상북도 영덕군 강구면,경상사고,0,0,1,0,차대차 - 측면직각충돌,안전운전불이행,건조,맑음,단일로 - 기타,화물,남,43세,상해없음,승용,남,67세,경상
2013121900100261,2013년 12월 19일 11시,목요일,경상북도 포항시 남구 해도동,경상사고,0,0,1,0,차대차 - 측면직각충돌,교차로운행방법위반,건조,맑음,교차로 - 교차로안,화물,여,28세,상해없음,자전거,여,43세,경상
2013121900100278,2013년 12월 19일 12시,목요일,경상북도 경주시 황오동,중상사고,0,1,2,0,차대차 - 기타,안전운전불이행,건조,맑음,단일로 - 기타,승용,남,73세,상해없음,승합,남,32세,중상
2013121900100279,2013년 12월 19일 12시,목요일,경상북도 영주시 휴천동,중상사고,0,1,0,0,차대차 - 측면직각충돌,교차로운행방법위반,건조,맑음,교차로 - 교차로안,이륜,남,22세,중상,승용,남,66세,상해없음
2013121900100301,2013년 12월 19일 13시,목요일,경상북도 의성군 단밀면,경상사고,0,0,1,0,차대차 - 측면직각충돌,직진우회전진행방해,건조,맑음,교차로 - 교차로안,건설기계,남,36세,상해없음,화물,남,50세,경상
2013121900100378,2013년 12월 19일 16시,목요일,경상북도 경주시 황성동,경상사고,0,0,1,0,차대차 - 측면직각충돌,안전운전불이행,건조,맑음,교차로 - 교차로부근,승용,남,45세,상해없음,원동기,남,33세,경상
2013121900100412,2013년 12월 19일 17시,목요일,경상북도 경주시 외동읍,중상사고,0,1,1,0,차대차 - 기타,안전운전불이행,건조,맑음,교차로 - 교차로안,승용,여,55세,중상,승용,남,70세,경상
2013121900100413,2013년 12월 19일 17시,목요일,경상북도 안동시 용상동,경상사고,0,0,1,1,차대차 - 기타,안전거리미확보,건조,맑음,단일로 - 기타,승용,여,29세,부상신고,승용,남,30세,경상
2013121900100414,2013년 12월 19일 17시,목요일,경상북도 칠곡군 동명면,중상사고,0,1,0,1,차대차 - 기타,교차로운행방법위반,건조,맑음,교차로 - 교차로안,화물,남,44세,부상신고,승용,여,39세,중상
2013121900100449,2013년 12월 19일 18시,목요일,경상북도 경주시 건천읍,중상사고,0,1,0,0,차대사람 - 기타,안전운전불이행,건조,맑음,단일로 - 기타,화물,남,50세,상해없음,보행자,남,44세,중상
2013121900100450,2013년 12월 19일 18시,목요일,경상북도 안동시 태화동,경상사고,0,0,2,0,차대차 - 기타,안전운전불이행,건조,맑음,교차로 - 교차로부근,승용,남,52세,상해없음,승용,남,57세,경상
2013121900100493,2013년 12월 19일 19시,목요일,경상북도 포항시 북구 대흥동,경상사고,0,0,1,0,차대사람 - 기타,안전운전불이행,건조,맑음,단일로 - 기타,승용,남,55세,상해없음,보행자,남,50세,경상
2013121900100494,2013년 12월 19일 19시,목요일,경상북도 안동시 송현동,중상사고,0,1,1,0,차대차 - 기타,신호위반,건조,흐림,교차로 - 교차로부근,승용,남,52세,상해없음,승합,여,48세,중상
2013121900100495,2013년 12월 19일 19시,목요일,경상북도 경산시 중방동,중상사고,0,1,0,0,차대사람 - 기타,신호위반,건조,맑음,단일로 - 횡단보도상,승용,여,24세,상해없음,보행자,남,16세,중상
2013121900100527,2013년 12월 19일 20시,목요일,경상북도 안동시 송현동,경상사고,0,0,1,0,차대차 - 기타,신호위반,건조,맑음,교차로 - 교차로안,승합,남,52세,상해없음,승용,여,22세,경상
2013121900100562,2013년 12월 19일 21시,목요일,경상북도 경주시 동천동,경상사고,0,0,1,0,차대차 - 기타,안전거리미확보,건조,맑음,단일로 - 기타,승용,남,56세,상해없음,승용,남,41세,경상
2013121900100563,2013년 12월 19일 21시,목요일,경상북도 포항시 북구 장성동,경상사고,0,0,2,0,차대사람 - 기타,보행자보호의무위반,건조,맑음,교차로 - 교차로안,승용,남,51세,상해없음,보행자,여,19세,경상
2013121900100564,2013년 12월 19일 21시,목요일,경상북도 경산시 압량면,경상사고,0,0,1,0,차대차 - 기타,안전운전불이행,건조,맑음,단일로 - 기타,승용,남,68세,상해없음,화물,남,41세,경상
2013121900100565,2013년 12월 19일 21시,목요일,경상북도 고령군 고령읍,경상사고,0,0,1,0,차대사람 - 보도통행중,보행자보호의무위반,건조,기타,교차로 - 교차로부근,승용,남,58세,상해없음,보행자,여,59세,경상
2013121900100616,2013년 12월 19일 23시,목요일,경상북도 포항시 북구 환호동,경상사고,0,0,1,0,차대차 - 기타,차로위반,건조,맑음,단일로 - 기타,승용,남,58세,상해없음,원동기,남,36세,경상
2013121900100617,2013년 12월 19일 23시,목요일,경상북도 포항시 남구 해도동,중상사고,0,1,0,0,차대사람 - 기타,안전운전불이행,건조,맑음,단일로 - 기타,승용,남,54세,상해없음,보행자,남,58세,중상
2013121900100618,2013년 12월 19일 23시,목요일,경상북도 포항시 남구 대잠동,경상사고,0,0,3,0,차대차 - 추돌 - 주정차중,안전운전불이행,결빙,눈,교차로 - 교차로부근,승용,남,57세,상해없음,승용,남,48세,경상
2013122000100024,2013년 12월 20일 00시,금요일,경상북도 경주시 성건동,경상사고,0,0,1,0,차대차 - 기타,신호위반,건조,맑음,교차로 - 교차로안,승용,여,52세,상해없음,화물,남,42세,경상
2013122000100025,2013년 12월 20일 00시,금요일,경상북도 구미시 양호동,경상사고,0,0,1,0,차대차 - 기타,기타,건조,맑음,단일로 - 기타,승용,남,62세,상해없음,이륜,남,47세,경상
2013122000100059,2013년 12월 20일 02시,금요일,경상북도 포항시 북구 용흥동,경상사고,0,0,1,0,차대차 - 기타,안전운전불이행,적설,눈,단일로 - 기타,승용,남,63세,상해없음,승용,남,61세,상해없음
2013122000100060,2013년 12월 20일 02시,금요일,경상북도 경산시 사동,경상사고,0,0,1,0,차대차 - 기타,안전운전불이행,적설,눈,교차로 - 교차로안,승용,남,34세,상해없음,승합,여,54세,경상
2013122000100061,2013년 12월 20일 02시,금요일,경상북도 구미시 구포동,경상사고,0,0,1,0,차대차 - 추돌 - 진행중,안전운전불이행,적설,눈,단일로 - 기타,기타불명,기타불명,기타불명,기타불명,승용,남,27세,경상
2013122000100062,2013년 12월 20일 02시,금요일,경상북도 구미시 구포동,경상사고,0,0,1,1,차대차 - 추돌 - 주정차중,안전운전불이행,적설,눈,단일로 - 기타,승용,남,51세,상해없음,화물,남,33세,경상
2013122000100070,2013년 12월 20일 03시,금요일,경상북도 포항시 북구 용흥동,경상사고,0,0,2,0,차대차 - 기타,안전운전불이행,결빙,비,미분류 - 미분류,승용,남,45세,상해없음,승용,남,37세,경상
2013122000100084,2013년 12월 20일 04시,금요일,경상북도 포항시 북구 득량동,경상사고,0,0,3,0,차대차 - 기타,안전운전불이행,결빙,눈,단일로 - 기타,승용,남,43세,상해없음,승용,남,61세,경상
2013122000100085,2013년 12월 20일 04시,금요일,경상북도 경산시 삼풍동,중상사고,0,1,0,0,차대차 - 기타,신호위반,적설,눈,교차로 - 교차로안,기타불명,기타불명,기타불명,기타불명,이륜,남,61세,중상
2013122000100086,2013년 12월 20일 04시,금요일,경상북도 구미시 신평동,중상사고,0,1,1,0,차대차 - 정면충돌,안전운전불이행,결빙,눈,단일로 - 기타,승용,남,35세,상해없음,승용,남,48세,경상
2013122000100099,2013년 12월 20일 05시,금요일,경상북도 포항시 북구 항구동,경상사고,0,0,1,1,차대차 - 기타,중앙선침범,적설,눈,교차로 - 교차로부근,승용,남,51세,상해없음,승용,남,58세,상해없음
2013122000100100,2013년 12월 20일 05시,금요일,경상북도 청도군 청도읍,사망사고,1,0,1,0,차대차 - 추돌 - 주정차중,안전운전불이행,결빙,눈,단일로 - 기타,승용,여,28세,경상,화물,남,39세,상해없음
2013122000100143,2013년 12월 20일 07시,금요일,경상북도 경산시 계양동,경상사고,0,0,1,0,차대차 - 기타,안전운전불이행,적설,눈,단일로 - 기타,승용,남,37세,상해없음,승용,기타불명,기타불명,기타불명
2013122000100175,2013년 12월 20일 08시,금요일,경상북도 경주시 천북면,경상사고,0,0,2,0,차대차 - 기타,안전운전불이행,결빙,눈,단일로 - 기타,화물,남,49세,상해없음,승용,여,31세,경상
2013122000100176,2013년 12월 20일 08시,금요일,경상북도 경주시 황남동,경상사고,0,0,1,0,차대차 - 기타,중앙선침범,적설,눈,단일로 - 기타,승용,남,59세,상해없음,승용,여,58세,상해없음
2013122000100177,2013년 12월 20일 08시,금요일,경상북도 경주시 탑동,경상사고,0,0,2,0,차대차 - 기타,안전운전불이행,결빙,눈,교차로 - 교차로부근,승용,남,29세,상해없음,승용,여,51세,경상
2013122000100178,2013년 12월 20일 08시,금요일,경상북도 포항시 북구 용흥동,중상사고,0,1,0,0,차대사람 - 기타,기타,결빙,눈,단일로 - 횡단보도부근,승용,여,53세,상해없음,보행자,남,65세,중상
2013122000100179,2013년 12월 20일 08시,금요일,경상북도 포항시 북구 양덕동,중상사고,0,1,0,0,차대차 - 기타,안전운전불이행,결빙,흐림,단일로 - 기타,승용,남,35세,상해없음,승용,남,62세,상해없음
2013122000100180,2013년 12월 20일 08시,금요일,경상북도 영주시 풍기읍,중상사고,0,6,12,0,차대차 - 정면충돌,안전운전불이행,적설,눈,단일로 - 기타,화물,남,25세,중상,승합,남,52세,중상
2013122000100181,2013년 12월 20일 08시,금요일,경상북도 영천시 화남면,중상사고,0,2,2,0,차대차 - 기타,중앙선침범,결빙,흐림,단일로 - 기타,승용,여,56세,경상,화물,남,54세,경상
2013122000100183,2013년 12월 20일 08시,금요일,경상북도 포항시 남구 장흥동,경상사고,0,0,1,0,차대차 - 기타,안전운전불이행,결빙,맑음,단일로 - 기타,승용,남,31세,상해없음,승용,남,32세,경상
2013122000100206,2013년 12월 20일 09시,금요일,경상북도 경주시 탑동,경상사고,0,0,1,0,차대차 - 기타,안전운전불이행,결빙,눈,기타 - 기타,승용,남,59세,상해없음,화물,남,54세,경상
2013122000100207,2013년 12월 20일 09시,금요일,경상북도 포항시 북구 용흥동,경상사고,0,0,2,0,차대차 - 추돌 - 진행중,안전운전불이행,결빙,맑음,단일로 - 횡단보도부근,승용,여,56세,상해없음,화물,남,32세,경상
2013122000100208,2013년 12월 20일 09시,금요일,경상북도 경산시 진량읍,중상사고,0,1,0,0,차대차 - 기타,안전운전불이행,결빙,눈,단일로 - 기타,화물,남,36세,상해없음,승용,여,32세,중상
2013122000100209,2013년 12월 20일 09시,금요일,경상북도 고령군 쌍림면,중상사고,0,1,0,0,차대차 - 측면직각충돌,안전운전불이행,습기,맑음,교차로 - 교차로안,승용,여,40세,상해없음,승용,남,57세,중상
2013122000100210,2013년 12월 20일 09시,금요일,경상북도 구미시 원평동,중상사고,0,1,0,0,차대사람 - 기타,보행자보호의무위반,결빙,맑음,단일로 - 기타,승용,남,29세,상해없음,보행자,여,20세,중상
2013122000100227,2013년 12월 20일 10시,금요일,경상북도 경주시 보문동,경상사고,0,0,1,0,차대차 - 측면직각충돌,중앙선침범,결빙,맑음,단일로 - 기타,화물,남,57세,상해없음,화물,남,35세,경상
2013122000100239,2013년 12월 20일 11시,금요일,경상북도 경주시 내남면,중상사고,0,2,0,0,차대차 - 추돌 - 주정차중,안전운전불이행,결빙,흐림,단일로 - 터널,화물,남,52세,중상,화물,남,62세,중상
2013122000100240,2013년 12월 20일 11시,금요일,경상북도 구미시 원평동,경상사고,0,0,1,0,차대차 - 기타,안전운전불이행,결빙,맑음,단일로 - 기타,승합,남,32세,상해없음,승용,여,39세,경상
2013122000100262,2013년 12월 20일 12시,금요일,경상북도 안동시 금곡동,경상사고,0,0,2,0,차대차 - 기타,중앙선침범,건조,맑음,교차로 - 교차로안,승용,남,72세,상해없음,승용,남,43세,경상
2013122000100263,2013년 12월 20일 12시,금요일,경상북도 포항시 남구 오천읍,경상사고,0,0,1,0,차량단독 - 전도전복,안전운전불이행,결빙,눈,단일로 - 기타,이륜,여,52세,경상,,,,
2013122000100287,2013년 12월 20일 13시,금요일,경상북도 문경시 마성면,중상사고,0,1,1,0,차대차 - 측면직각충돌,중앙선침범,적설,흐림,단일로 - 기타,승용,남,56세,상해없음,승용,여,56세,중상
2013122000100315,2013년 12월 20일 14시,금요일,경상북도 청도군 풍각면,중상사고,0,1,0,0,차대차 - 기타,안전운전불이행,습기,맑음,교차로 - 교차로안,화물,남,35세,상해없음,자전거,여,65세,중상
2013122000100333,2013년 12월 20일 15시,금요일,경상북도 문경시 모전동,중상사고,0,1,0,0,차대사람 - 보도통행중,보행자보호의무위반,습기,흐림,교차로 - 교차로안,화물,남,53세,상해없음,보행자,여,51세,중상
2013122000100334,2013년 12월 20일 15시,금요일,경상북도 경산시 대동,경상사고,0,0,2,0,차대차 - 기타,안전운전불이행,건조,맑음,단일로 - 기타,승용,남,29세,상해없음,원동기,남,17세,경상
2013122000100335,2013년 12월 20일 15시,금요일,경상북도 구미시 도량동,중상사고,0,1,0,0,차대사람 - 기타,안전운전불이행,건조,맑음,단일로 - 기타,승용,남,43세,상해없음,보행자,여,12세,중상
2013122000100405,2013년 12월 20일 17시,금요일,경상북도 포항시 북구 죽도동,경상사고,0,0,1,0,차대사람 - 기타,안전운전불이행,건조,맑음,단일로 - 기타,승용,남,30세,상해없음,보행자,남,51세,경상
2013122000100406,2013년 12월 20일 17시,금요일,경상북도 김천시 부곡동,중상사고,0,1,0,0,차대차 - 측면직각충돌,안전운전불이행,건조,맑음,교차로 - 교차로안,승용,남,55세,상해없음,이륜,여,57세,중상
2013122000100407,2013년 12월 20일 17시,금요일,경상북도 예천군 예천읍,중상사고,0,1,0,0,차대차 - 기타,안전운전불이행,건조,맑음,단일로 - 기타,이륜,남,77세,중상,승용,여,41세,상해없음
2013122000100460,2013년 12월 20일 18시,금요일,경상북도 경산시 와촌면,중상사고,0,1,0,0,차대사람 - 기타,안전운전불이행,건조,흐림,단일로 - 기타,화물,남,52세,상해없음,보행자,남,59세,중상
2013122000100461,2013년 12월 20일 18시,금요일,경상북도 예천군 예천읍,중상사고,0,1,0,0,차대사람 - 횡단중,안전운전불이행,건조,맑음,단일로 - 기타,승용,남,39세,상해없음,보행자,여,55세,중상
2013122000100462,2013년 12월 20일 18시,금요일,경상북도 청도군 청도읍,경상사고,0,0,2,0,차대차 - 추돌 - 진행중,안전운전불이행,건조,맑음,단일로 - 기타,승용,남,46세,상해없음,승용,여,29세,경상
2013122000100463,2013년 12월 20일 18시,금요일,경상북도 구미시 황상동,경상사고,0,0,1,0,차대차 - 기타,안전거리미확보,건조,맑음,단일로 - 기타,승용,남,29세,상해없음,승용,남,34세,경상
2013122000100464,2013년 12월 20일 18시,금요일,경상북도 포항시 남구 연일읍,중상사고,0,1,3,0,차량단독 - 공작물충돌,안전운전불이행,결빙,맑음,단일로 - 기타,승용,남,48세,경상,,,,
2013122000100500,2013년 12월 20일 19시,금요일,경상북도 경주시 양남면,중상사고,0,2,2,0,차대차 - 기타,중앙선침범,건조,맑음,단일로 - 기타,승용,남,43세,중상,승합,남,59세,상해없음
2013122000100501,2013년 12월 20일 19시,금요일,경상북도 칠곡군 북삼읍,부상신고사고,0,0,0,1,차대차 - 기타,안전운전불이행,건조,맑음,단일로 - 기타,승용,남,35세,부상신고,건설기계,남,49세,상해없음
2013122000100542,2013년 12월 20일 20시,금요일,경상북도 경산시 상방동,경상사고,0,0,1,0,차대차 - 기타,안전운전불이행,건조,맑음,교차로 - 교차로안,기타불명,기타불명,기타불명,기타불명,승용,남,32세,경상
2013122000100543,2013년 12월 20일 20시,금요일,경상북도 포항시 남구 오천읍,중상사고,0,1,0,0,차대차 - 기타,중앙선침범,건조,맑음,단일로 - 기타,승용,남,27세,상해없음,원동기,남,22세,중상
2013122000100580,2013년 12월 20일 21시,금요일,경상북도 구미시 진평동,중상사고,0,1,0,0,차대차 - 기타,신호위반,건조,맑음,교차로 - 교차로안,승용,남,36세,상해없음,승용,남,53세,중상
2013122000100581,2013년 12월 20일 21시,금요일,경상북도 포항시 남구 오천읍,중상사고,0,1,1,0,차대사람 - 기타,안전운전불이행,건조,맑음,단일로 - 기타,승용,남,34세,상해없음,보행자,남,55세,중상
2013122000100582,2013년 12월 20일 21시,금요일,경상북도 포항시 남구 상도동,경상사고,0,0,1,0,차대차 - 기타,안전운전불이행,건조,맑음,단일로 - 기타,승용,여,43세,상해없음,승용,남,27세,경상
2013122000100633,2013년 12월 20일 22시,금요일,경상북도 포항시 북구 죽도동,경상사고,0,0,2,0,차대사람 - 횡단중,안전운전불이행,건조,맑음,단일로 - 기타,승용,남,64세,상해없음,보행자,여,29세,경상
2013122000100634,2013년 12월 20일 22시,금요일,경상북도 경산시 대동,경상사고,0,0,1,0,차대차 - 기타,안전운전불이행,건조,맑음,단일로 - 기타,승용,남,24세,상해없음,이륜,남,19세,경상
2013122100100024,2013년 12월 21일 00시,토요일,경상북도 성주군 성주읍,경상사고,0,0,1,0,차량단독 - 공작물충돌,안전운전불이행,건조,맑음,단일로 - 기타,승용,남,28세,경상,,,,
2013122100100078,2013년 12월 21일 01시,토요일,경상북도 칠곡군 북삼읍,중상사고,0,2,0,0,차대차 - 기타,안전운전불이행,건조,맑음,교차로 - 교차로부근,승용,남,37세,상해없음,승용,남,21세,중상
2013122100100079,2013년 12월 21일 01시,토요일,경상북도 구미시 구평동,경상사고,0,0,1,0,차대차 - 기타,안전운전불이행,건조,맑음,기타 - 기타,승용,남,38세,상해없음,승용,여,40세,경상
2013122100100112,2013년 12월 21일 02시,토요일,경상북도 포항시 북구 항구동,경상사고,0,0,1,0,차량단독 - 기타,안전운전불이행,적설,눈,단일로 - 기타,승용,남,58세,상해없음,,,,
2013122100100129,2013년 12월 21일 03시,토요일,경상북도 칠곡군 왜관읍,부상신고사고,0,0,0,1,차량단독 - 공작물충돌,안전운전불이행,건조,맑음,교차로 - 교차로부근,승용,남,26세,부상신고,,,,
2013122100100148,2013년 12월 21일 04시,토요일,경상북도 경주시 서면,경상사고,0,0,1,0,차대차 - 추돌 - 주정차중,안전운전불이행,건조,맑음,단일로 - 기타,화물,남,38세,상해없음,화물,남,41세,경상
2013122100100164,2013년 12월 21일 05시,토요일,경상북도 경주시 강동면,경상사고,0,0,1,0,차대차 - 기타,안전운전불이행,건조,맑음,단일로 - 기타,화물,남,48세,상해없음,자전거,남,53세,경상
2013122100100165,2013년 12월 21일 05시,토요일,경상북도 안동시 용상동,중상사고,0,1,0,0,차대차 - 기타,안전운전불이행,건조,맑음,단일로 - 기타,승용,남,22세,상해없음,건설기계,남,47세,상해없음
2013122100100209,2013년 12월 21일 07시,토요일,경상북도 의성군 봉양면,중상사고,0,1,1,0,차량단독 - 공작물충돌,안전운전불이행,건조,맑음,단일로 - 기타,승용,남,30세,중상,,,,
2013122100100210,2013년 12월 21일 07시,토요일,경상북도 울진군 북면,중상사고,0,2,0,0,차량단독 - 도로외이탈 - 추락,안전운전불이행,결빙,맑음,단일로 - 기타,승용,여,65세,중상,,,,
2013122100100234,2013년 12월 21일 08시,토요일,경상북도 구미시 진평동,경상사고,0,0,1,0,차대차 - 측면직각충돌,교차로운행방법위반,건조,맑음,교차로 - 교차로안,이륜,남,28세,경상,승용,여,25세,상해없음
2013122100100261,2013년 12월 21일 09시,토요일,경상북도 포항시 북구 학잠동,중상사고,0,1,1,0,차대차 - 기타,교차로운행방법위반,건조,맑음,교차로 - 교차로안,승용,남,49세,상해없음,승용,남,28세,경상
2013122100100262,2013년 12월 21일 09시,토요일,경상북도 안동시 태화동,경상사고,0,0,1,0,차대차 - 기타,안전운전불이행,건조,맑음,기타 - 기타,화물,남,55세,상해없음,승용,남,74세,경상
2013122100100286,2013년 12월 21일 10시,토요일,경상북도 경주시 용강동,경상사고,0,0,1,0,차대차 - 기타,안전운전불이행,건조,맑음,기타 - 기타,승용,남,78세,상해없음,승용,남,55세,경상
2013122100100287,2013년 12월 21일 10시,토요일,경상북도 경주시 율동,경상사고,0,0,1,0,차대차 - 측면직각충돌,안전운전불이행,건조,맑음,교차로 - 교차로안,승용,남,51세,상해없음,승용,남,28세,경상
2013122100100288,2013년 12월 21일 10시,토요일,경상북도 문경시 문경읍,중상사고,0,1,2,0,차대차 - 측면직각충돌,기타,건조,맑음,교차로 - 교차로안,승용,남,66세,상해없음,승용,남,66세,상해없음
2013122100100289,2013년 12월 21일 10시,토요일,경상북도 예천군 예천읍,중상사고,0,1,0,0,차대차 - 기타,안전운전불이행,건조,맑음,교차로 - 교차로안,이륜,남,74세,중상,화물,남,44세,상해없음
2013122100100311,2013년 12월 21일 11시,토요일,경상북도 영주시 휴천동,경상사고,0,0,3,0,차대차 - 측면직각충돌,직진우회전진행방해,건조,맑음,교차로 - 교차로안,승합,남,57세,경상,승용,여,56세,경상
2013122100100312,2013년 12월 21일 11시,토요일,경상북도 경산시 대동,경상사고,0,0,1,0,차대차 - 기타,안전운전불이행,건조,맑음,교차로 - 교차로안,승용,여,56세,상해없음,화물,남,45세,경상
2013122100100342,2013년 12월 21일 12시,토요일,경상북도 영주시 평은면,중상사고,0,1,1,0,차량단독 - 기타,안전운전불이행,결빙,맑음,단일로 - 기타,화물,남,66세,경상,,,,
2013122100100343,2013년 12월 21일 12시,토요일,경상북도 영주시 영주동,경상사고,0,0,2,0,차대차 - 기타,안전운전불이행,건조,맑음,교차로 - 교차로부근,화물,남,45세,상해없음,승용,남,26세,경상
2013122100100373,2013년 12월 21일 13시,토요일,경상북도 경주시 안강읍,경상사고,0,0,1,0,차대사람 - 기타,보행자보호의무위반,건조,맑음,단일로 - 횡단보도상,화물,남,33세,상해없음,보행자,남,9세,경상
2013122100100374,2013년 12월 21일 13시,토요일,경상북도 안동시 용상동,경상사고,0,0,1,0,차대차 - 기타,안전거리미확보,건조,맑음,교차로 - 교차로부근,화물,남,79세,상해없음,승용,남,28세,경상
2013122100100375,2013년 12월 21일 13시,토요일,경상북도 성주군 성주읍,중상사고,0,1,0,0,차대사람 - 기타,안전운전불이행,건조,맑음,교차로 - 교차로안,승용,여,24세,상해없음,보행자,여,93세,중상
2013122100100400,2013년 12월 21일 14시,토요일,경상북도 포항시 북구 대흥동,중상사고,0,1,0,0,차대사람 - 길가장자리구역통행중,안전운전불이행,건조,맑음,단일로 - 기타,승용,남,21세,상해없음,보행자,남,30세,중상
2013122100100401,2013년 12월 21일 14시,토요일,경상북도 칠곡군 동명면,중상사고,0,1,0,0,차대차 - 정면충돌,중앙선침범,건조,맑음,교차로 - 교차로부근,승용,남,27세,상해없음,승용,남,31세,중상
2013122100100429,2013년 12월 21일 15시,토요일,경상북도 영천시 야사동,중상사고,0,1,0,0,차대사람 - 횡단중,안전운전불이행,건조,맑음,교차로 - 교차로안,이륜,남,16세,상해없음,보행자,남,73세,중상
2013122100100430,2013년 12월 21일 15시,토요일,경상북도 경산시 대동,중상사고,0,1,0,0,차대차 - 기타,안전운전불이행,건조,맑음,단일로 - 기타,승용,여,47세,상해없음,이륜,남,59세,중상
2013122100100431,2013년 12월 21일 15시,토요일,경상북도 포항시 남구 인덕동,경상사고,0,0,1,0,차대차 - 기타,안전운전불이행,건조,맑음,단일로 - 기타,승용,여,42세,상해없음,승용,여,49세,경상
2013122100100461,2013년 12월 21일 16시,토요일,경상북도 영주시 부석면,경상사고,0,0,1,0,차대차 - 측면직각충돌,교차로운행방법위반,건조,맑음,교차로 - 교차로안,화물,남,30세,상해없음,화물,남,61세,경상
2013122100100492,2013년 12월 21일 17시,토요일,경상북도 포항시 북구 흥해읍,중상사고,0,1,2,0,차대차 - 기타,교차로운행방법위반,건조,맑음,교차로 - 교차로안,승용,남,43세,경상,승용,남,34세,중상
2013122100100531,2013년 12월 21일 18시,토요일,경상북도 영주시 휴천동,중상사고,0,2,0,0,차대차 - 추돌 - 진행중,안전운전불이행,건조,맑음,단일로 - 기타,승용,남,58세,상해없음,화물,남,43세,중상
2013122100100532,2013년 12월 21일 18시,토요일,경상북도 영주시 휴천동,중상사고,0,1,0,0,차량단독 - 공작물충돌,안전운전불이행,건조,맑음,미분류 - 미분류,승용,남,39세,중상,,,,
2013122100100576,2013년 12월 21일 19시,토요일,경상북도 안동시 송천동,경상사고,0,0,1,0,차량단독 - 공작물충돌,안전운전불이행,건조,맑음,단일로 - 기타,승용,남,25세,경상,,,,
2013122100100577,2013년 12월 21일 19시,토요일,경상북도 경산시 진량읍,중상사고,0,1,1,0,차대차 - 기타,안전운전불이행,건조,맑음,교차로 - 교차로부근,화물,남,62세,상해없음,승용,남,45세,중상
2013122100100578,2013년 12월 21일 19시,토요일,경상북도 경산시 사동,중상사고,0,1,0,0,차대사람 - 기타,안전운전불이행,건조,맑음,단일로 - 기타,승용,남,66세,상해없음,보행자,남,34세,중상
2013122100100579,2013년 12월 21일 19시,토요일,경상북도 구미시 진평동,중상사고,0,1,0,0,차대사람 - 횡단중,안전운전불이행,건조,맑음,단일로 - 횡단보도부근,이륜,남,19세,상해없음,보행자,여,20세,중상
2013122100100614,2013년 12월 21일 20시,토요일,경상북도 영천시 망정동,경상사고,0,0,1,0,차대차 - 기타,안전운전불이행,건조,맑음,단일로 - 기타,승용,남,29세,상해없음,승용,남,54세,경상
2013122100100615,2013년 12월 21일 20시,토요일,경상북도 경산시 중방동,중상사고,0,1,0,0,차대사람 - 기타,보행자보호의무위반,건조,맑음,단일로 - 횡단보도상,이륜,남,25세,상해없음,보행자,여,74세,중상
2013122100100616,2013년 12월 21일 20시,토요일,경상북도 청도군 청도읍,경상사고,0,0,1,0,차대차 - 측면직각충돌,직진우회전진행방해,건조,맑음,교차로 - 교차로안,승용,남,53세,상해없음,승용,남,25세,경상
2013122100100617,2013년 12월 21일 20시,토요일,경상북도 구미시 옥계동,중상사고,0,1,0,0,차대사람 - 기타,안전운전불이행,건조,맑음,단일로 - 기타,이륜,남,18세,상해없음,보행자,남,13세,중상
2013122100100618,2013년 12월 21일 20시,토요일,경상북도 포항시 남구 송내동,경상사고,0,0,2,0,차대차 - 측면직각충돌,안전운전불이행,건조,맑음,교차로 - 교차로안,화물,남,58세,상해없음,승용,남,34세,경상