사고번호,사고일시,요일,시군구,사고내용,사망자수,중상자수,경상자수,부상신고자수,사고유형,법규위반,노면상태,기상상태,도로형태,가해운전자 차종,가해운전자 성별,가해운전자 연령,가해운전자 상해정도,피해운전자 차종,피해운전자 성별,피해운전자 연령,피해운전자 상해정도
2013122100100639,2013년 12월 21일 21시,토요일,경상북도 포항시 북구 장성동,중상사고,0,1,0,0,차대차 - 기타,안전운전불이행,건조,맑음,단일로 - 기타,승용,남,50세,상해없음,원동기,남,30세,중상
2013122100100666,2013년 12월 21일 22시,토요일,경상북도 포항시 북구 득량동,중상사고,0,1,0,0,차대사람 - 기타,안전운전불이행,건조,맑음,단일로 - 기타,승용,여,42세,상해없음,보행자,남,48세,중상
2013122100100667,2013년 12월 21일 22시,토요일,경상북도 칠곡군 약목면,중상사고,0,1,0,0,차대차 - 기타,안전운전불이행,건조,맑음,단일로 - 기타,승합,남,59세,상해없음,승용,남,32세,중상
2013122100100668,2013년 12월 21일 22시,토요일,경상북도 구미시 광평동,부상신고사고,0,0,0,1,차대차 - 추돌 - 주정차중,안전운전불이행,건조,맑음,단일로 - 기타,승용,남,50세,상해없음,승용,남,31세,부상신고
2013122100100698,2013년 12월 21일 23시,토요일,경상북도 포항시 북구 두호동,중상사고,0,2,0,0,차대차 - 측면직각충돌,신호위반,건조,맑음,교차로 - 교차로안,승용,여,49세,상해없음,승용,남,57세,중상
2013122100100699,2013년 12월 21일 23시,토요일,경상북도 포항시 북구 흥해읍,경상사고,0,0,1,0,차대사람 - 길가장자리구역통행중,안전운전불이행,건조,맑음,단일로 - 기타,승용,여,48세,상해없음,보행자,남,42세,경상
2013122100100700,2013년 12월 21일 23시,토요일,경상북도 칠곡군 석적읍,부상신고사고,0,0,0,1,차대차 - 기타,교차로운행방법위반,건조,맑음,교차로 - 교차로안,원동기,남,21세,부상신고,승용,여,28세,상해없음
2013122200100019,2013년 12월 22일 00시,일요일,경상북도 경산시 진량읍,경상사고,0,0,2,0,차대차 - 기타,안전운전불이행,건조,맑음,단일로 - 기타,승용,여,41세,상해없음,승용,남,37세,경상
2013122200100078,2013년 12월 22일 03시,일요일,경상북도 경산시 하양읍,경상사고,0,0,2,0,차대차 - 기타,안전운전불이행,건조,맑음,교차로 - 교차로부근,승용,남,42세,상해없음,승용,남,33세,경상
2013122200100079,2013년 12월 22일 03시,일요일,경상북도 구미시 인의동,중상사고,0,1,2,0,차대차 - 추돌 - 진행중,안전운전불이행,건조,맑음,단일로 - 기타,승용,여,33세,기타불명,승용,여,34세,중상
2013122200100088,2013년 12월 22일 04시,일요일,경상북도 구미시 황상동,경상사고,0,0,1,0,차대차 - 측면직각충돌,안전운전불이행,건조,맑음,교차로 - 교차로안,승용,남,45세,상해없음,승용,남,45세,경상
2013122200100129,2013년 12월 22일 08시,일요일,경상북도 포항시 북구 우현동,경상사고,0,0,2,0,차대차 - 기타,차로위반,건조,맑음,교차로 - 교차로부근,승용,남,48세,상해없음,승용,남,45세,경상
2013122200100130,2013년 12월 22일 08시,일요일,경상북도 문경시 가은읍,중상사고,0,4,4,0,차대차 - 측면직각충돌,교차로운행방법위반,건조,맑음,교차로 - 교차로안,화물,남,62세,중상,승합,남,41세,중상
2013122200100131,2013년 12월 22일 08시,일요일,경상북도 문경시 유곡동,중상사고,0,1,1,0,차량단독 - 공작물충돌,안전운전불이행,건조,맑음,단일로 - 기타,화물,남,61세,경상,,,,
2013122200100148,2013년 12월 22일 09시,일요일,경상북도 안동시 금곡동,중상사고,0,1,2,0,차대차 - 기타,중앙선침범,건조,맑음,단일로 - 기타,승용,남,43세,상해없음,승용,남,57세,중상
2013122200100149,2013년 12월 22일 09시,일요일,경상북도 칠곡군 북삼읍,경상사고,0,0,1,0,차대차 - 기타,안전운전불이행,건조,맑음,교차로 - 교차로부근,화물,남,52세,상해없음,승용,남,62세,경상
2013122200100163,2013년 12월 22일 10시,일요일,경상북도 문경시 흥덕동,중상사고,0,1,0,0,차대사람 - 기타,안전운전불이행,건조,맑음,단일로 - 기타,승용,남,25세,상해없음,보행자,남,2세,중상
2013122200100190,2013년 12월 22일 12시,일요일,경상북도 영주시 하망동,경상사고,0,0,1,0,차대차 - 측면직각충돌,안전운전불이행,건조,맑음,교차로 - 교차로안,화물,남,56세,상해없음,승용,여,37세,경상
2013122200100214,2013년 12월 22일 13시,일요일,경상북도 경주시 마동,중상사고,0,1,1,0,차대차 - 기타,안전운전불이행,건조,맑음,교차로 - 교차로안,승용,남,31세,상해없음,승용,남,55세,중상
2013122200100215,2013년 12월 22일 13시,일요일,경상북도 포항시 북구 송라면,중상사고,0,1,6,0,차대차 - 추돌 - 주정차중,안전거리미확보,건조,맑음,단일로 - 기타,승용,여,37세,상해없음,승용,남,32세,경상
2013122200100216,2013년 12월 22일 13시,일요일,경상북도 포항시 북구 흥해읍,중상사고,0,1,0,0,차대사람 - 기타,안전운전불이행,건조,맑음,단일로 - 기타,승용,여,45세,상해없음,보행자,여,65세,중상
2013122200100217,2013년 12월 22일 13시,일요일,경상북도 포항시 북구 용흥동,경상사고,0,0,1,0,차대사람 - 기타,안전운전불이행,건조,맑음,단일로 - 기타,승용,남,41세,상해없음,보행자,여,70세,경상
2013122200100218,2013년 12월 22일 13시,일요일,경상북도 안동시 용상동,중상사고,0,2,6,0,차대차 - 기타,안전운전불이행,건조,맑음,교차로 - 교차로부근,승용,남,49세,상해없음,승용,남,53세,중상
2013122200100219,2013년 12월 22일 13시,일요일,경상북도 경산시 계양동,중상사고,0,1,0,0,차대사람 - 기타,안전운전불이행,건조,맑음,교차로 - 교차로부근,승용,여,40세,상해없음,보행자,남,60세,중상
2013122200100220,2013년 12월 22일 13시,일요일,경상북도 성주군 성주읍,중상사고,0,1,0,0,차대차 - 추돌 - 진행중,안전거리미확보,건조,맑음,단일로 - 기타,승합,남,75세,상해없음,원동기,남,75세,중상
2013122200100240,2013년 12월 22일 14시,일요일,경상북도 안동시 금곡동,경상사고,0,0,2,0,차대차 - 기타,안전거리미확보,건조,맑음,기타 - 기타,승용,여,48세,상해없음,화물,남,42세,경상
2013122200100241,2013년 12월 22일 14시,일요일,경상북도 포항시 남구 이동,경상사고,0,0,1,0,차대사람 - 기타,안전운전불이행,건조,맑음,교차로 - 교차로안,화물,남,45세,상해없음,보행자,남,36세,경상
2013122200100257,2013년 12월 22일 15시,일요일,경상북도 포항시 북구 장성동,경상사고,0,0,1,0,차대차 - 기타,안전거리미확보,건조,맑음,교차로 - 교차로부근,승용,남,42세,상해없음,원동기,남,18세,경상
2013122200100258,2013년 12월 22일 15시,일요일,경상북도 구미시 장천면,중상사고,0,1,0,0,차량단독 - 기타,안전운전불이행,건조,맑음,단일로 - 기타,이륜,남,75세,중상,,,,
2013122200100287,2013년 12월 22일 16시,일요일,경상북도 경주시 황성동,중상사고,0,2,0,0,차대차 - 측면직각충돌,신호위반,건조,맑음,교차로 - 교차로안,승용,여,50세,상해없음,승용,남,35세,중상
2013122200100307,2013년 12월 22일 17시,일요일,경상북도 경주시 성동동,경상사고,0,0,1,0,차대사람 - 기타,보행자보호의무위반,건조,맑음,단일로 - 횡단보도상,승용,남,46세,상해없음,보행자,남,81세,경상
2013122200100308,2013년 12월 22일 17시,일요일,경상북도 칠곡군 왜관읍,경상사고,0,0,1,0,차대차 - 기타,안전거리미확보,건조,맑음,교차로 - 교차로부근,승용,남,58세,상해없음,승용,남,63세,경상
2013122200100309,2013년 12월 22일 17시,일요일,경상북도 경산시 하양읍,경상사고,0,0,1,0,차대차 - 기타,안전운전불이행,건조,맑음,단일로 - 기타,승용,남,38세,상해없음,승용,여,29세,경상
2013122200100310,2013년 12월 22일 17시,일요일,경상북도 영덕군 축산면,부상신고사고,0,0,0,1,차대차 - 측면직각충돌,중앙선침범,건조,맑음,단일로 - 기타,승용,여,43세,부상신고,화물,남,55세,상해없음
2013122200100311,2013년 12월 22일 17시,일요일,경상북도 구미시 공단동,중상사고,0,2,6,0,차대차 - 추돌 - 주정차중,안전운전불이행,건조,맑음,교차로 - 교차로부근,승용,남,47세,중상,승용,남,39세,경상
2013122200100344,2013년 12월 22일 18시,일요일,경상북도 경주시 노서동,부상신고사고,0,0,0,1,차대차 - 기타,안전운전불이행,건조,맑음,교차로 - 교차로부근,승용,기타불명,기타불명,기타불명,승합,남,56세,상해없음
2013122200100345,2013년 12월 22일 18시,일요일,경상북도 포항시 남구 구룡포읍,중상사고,0,1,0,0,차대사람 - 기타,안전운전불이행,건조,맑음,단일로 - 기타,승용,여,27세,상해없음,보행자,여,66세,중상
2013122200100470,2013년 12월 22일 23시,일요일,경상북도 울진군 북면,부상신고사고,0,0,0,1,차량단독 - 공작물충돌,안전운전불이행,건조,맑음,단일로 - 기타,승용,남,27세,부상신고,,,,
2013122300100012,2013년 12월 23일 00시,월요일,경상북도 경주시 황오동,중상사고,0,2,1,0,차대차 - 측면직각충돌,신호위반,건조,맑음,교차로 - 교차로안,승용,남,50세,중상,승용,남,46세,중상
2013122300100013,2013년 12월 23일 00시,월요일,경상북도 영주시 휴천동,사망사고,1,1,0,0,차대차 - 추돌 - 주정차중,안전운전불이행,결빙,맑음,단일로 - 기타,승용,남,20세,사망,화물,남,35세,기타불명
2013122300100058,2013년 12월 23일 06시,월요일,경상북도 김천시 감문면,경상사고,0,0,3,0,차대차 - 측면직각충돌,교차로운행방법위반,건조,흐림,단일로 - 기타,승합,남,51세,상해없음,승용,남,46세,경상
2013122300100088,2013년 12월 23일 07시,월요일,경상북도 구미시 금전동,중상사고,0,1,0,0,차대차 - 기타,교차로운행방법위반,건조,맑음,교차로 - 교차로안,승용,남,31세,상해없음,승합,남,47세,중상
2013122300100089,2013년 12월 23일 07시,월요일,경상북도 포항시 남구 오천읍,경상사고,0,0,4,0,차대차 - 측면직각충돌,신호위반,건조,맑음,교차로 - 교차로안,승용,남,61세,경상,승용,남,29세,경상
2013122300100127,2013년 12월 23일 08시,월요일,경상북도 경주시 현곡면,경상사고,0,0,1,0,차량단독 - 기타,안전운전불이행,건조,맑음,단일로 - 기타,원동기,남,71세,상해없음,,,,
2013122300100128,2013년 12월 23일 08시,월요일,경상북도 포항시 북구 항구동,경상사고,0,0,1,0,차대차 - 기타,교차로운행방법위반,건조,맑음,교차로 - 교차로안,승용,남,51세,상해없음,승용,여,31세,경상
2013122300100129,2013년 12월 23일 08시,월요일,경상북도 포항시 북구 동빈1가,경상사고,0,0,1,0,차대차 - 기타,교차로운행방법위반,건조,맑음,교차로 - 교차로안,화물,남,48세,상해없음,자전거,남,30세,경상
2013122300100130,2013년 12월 23일 08시,월요일,경상북도 포항시 북구 두호동,경상사고,0,0,1,0,차대사람 - 횡단중,안전운전불이행,건조,맑음,교차로 - 교차로부근,승용,남,52세,상해없음,보행자,남,10세,경상
2013122300100131,2013년 12월 23일 08시,월요일,경상북도 구미시 형곡동,경상사고,0,0,1,0,차대차 - 기타,안전운전불이행,건조,맑음,교차로 - 교차로부근,승용,남,41세,기타불명,승용,남,59세,경상
2013122300100153,2013년 12월 23일 09시,월요일,경상북도 포항시 북구 덕수동,경상사고,0,0,1,0,차대차 - 측면직각충돌,안전거리미확보,건조,맑음,교차로 - 교차로부근,승용,남,62세,상해없음,승용,여,39세,경상
2013122300100154,2013년 12월 23일 09시,월요일,경상북도 영주시 영주동,경상사고,0,0,4,0,차량단독 - 공작물충돌,안전운전불이행,건조,맑음,기타 - 기타,승용,남,63세,상해없음,,,,
2013122300100155,2013년 12월 23일 09시,월요일,경상북도 구미시 구평동,경상사고,0,0,1,1,차대차 - 기타,교차로운행방법위반,건조,맑음,교차로 - 교차로안,승용,남,50세,상해없음,승용,남,55세,상해없음
2013122300100188,2013년 12월 23일 10시,월요일,경상북도 포항시 북구 용흥동,중상사고,0,2,0,0,차대사람 - 기타,신호위반,건조,맑음,단일로 - 기타,승용,남,61세,상해없음,보행자,여,18세,중상
2013122300100189,2013년 12월 23일 10시,월요일,경상북도 영주시 휴천동,경상사고,0,0,2,0,차대차 - 측면직각충돌,직진우회전진행방해,건조,맑음,교차로 - 교차로안,승합,여,52세,경상,승용,여,45세,경상
2013122300100215,2013년 12월 23일 11시,월요일,경상북도 안동시 정하동,경상사고,0,0,1,0,차대차 - 기타,중앙선침범,건조,맑음,단일로 - 기타,승용,남,48세,상해없음,건설기계,남,66세,경상
2013122300100216,2013년 12월 23일 11시,월요일,경상북도 포항시 남구 청림동,경상사고,0,0,2,0,차대차 - 기타,안전운전불이행,건조,맑음,교차로 - 교차로부근,승용,남,21세,상해없음,건설기계,남,51세,경상
2013122300100217,2013년 12월 23일 11시,월요일,경상북도 경산시 남천면,중상사고,0,1,0,0,차대차 - 측면직각충돌,안전거리미확보,건조,맑음,단일로 - 기타,화물,남,57세,상해없음,승용,여,35세,중상
2013122300100246,2013년 12월 23일 12시,월요일,경상북도 경주시 동천동,경상사고,0,0,2,0,차대차 - 기타,안전운전불이행,건조,맑음,교차로 - 교차로부근,화물,남,39세,상해없음,승용,남,57세,경상
2013122300100247,2013년 12월 23일 12시,월요일,경상북도 포항시 북구 동빈1가,중상사고,0,1,0,0,차대사람 - 기타,안전운전불이행,건조,맑음,단일로 - 횡단보도상,승용,여,40세,상해없음,보행자,남,45세,중상
2013122300100287,2013년 12월 23일 13시,월요일,경상북도 김천시 성내동,중상사고,0,1,0,0,차대사람 - 기타,보행자보호의무위반,건조,맑음,단일로 - 횡단보도상,화물,남,57세,상해없음,보행자,남,71세,중상
2013122300100289,2013년 12월 23일 13시,월요일,경상북도 영천시 성내동,경상사고,0,0,1,0,차대차 - 기타,안전운전불이행,건조,맑음,교차로 - 교차로부근,승용,여,48세,상해없음,이륜,남,24세,경상
2013122300100351,2013년 12월 23일 15시,월요일,경상북도 경주시 감포읍,중상사고,0,1,0,0,차량단독 - 기타,안전운전불이행,건조,맑음,단일로 - 기타,원동기,남,85세,중상,,,,
2013122300100352,2013년 12월 23일 15시,월요일,경상북도 포항시 북구 두호동,중상사고,0,1,0,0,차대차 - 측면직각충돌,안전운전불이행,건조,맑음,교차로 - 교차로안,승용,여,45세,상해없음,자전거,남,71세,중상
2013122300100353,2013년 12월 23일 15시,월요일,경상북도 포항시 북구 장성동,중상사고,0,1,0,0,차대차 - 기타,차로위반,건조,맑음,단일로 - 기타,승용,남,28세,상해없음,화물,남,50세,상해없음
2013122300100354,2013년 12월 23일 15시,월요일,경상북도 상주시 냉림동,중상사고,0,1,0,0,차대차 - 기타,신호위반,건조,맑음,교차로 - 교차로안,승용,여,35세,상해없음,승용,남,57세,상해없음
2013122300100429,2013년 12월 23일 17시,월요일,경상북도 경주시 내남면,중상사고,0,3,0,0,차대차 - 기타,안전운전불이행,건조,맑음,단일로 - 기타,화물,남,51세,상해없음,승용,여,56세,중상
2013122300100430,2013년 12월 23일 17시,월요일,경상북도 포항시 북구 죽도동,경상사고,0,0,1,0,차대차 - 기타,안전운전불이행,건조,맑음,단일로 - 횡단보도부근,승용,여,25세,상해없음,화물,남,50세,경상
2013122300100479,2013년 12월 23일 18시,월요일,경상북도 청송군 파천면,사망사고,1,0,0,0,차대사람 - 횡단중,안전운전불이행,건조,맑음,단일로 - 기타,승용,남,40세,상해없음,보행자,남,49세,사망
2013122300100480,2013년 12월 23일 18시,월요일,경상북도 구미시 공단동,경상사고,0,0,3,0,차대차 - 기타,교차로운행방법위반,건조,맑음,교차로 - 교차로안,승용,남,22세,경상,승용,남,35세,경상
2013122300100523,2013년 12월 23일 19시,월요일,경상북도 예천군 예천읍,중상사고,0,1,0,0,차대사람 - 횡단중,안전운전불이행,건조,맑음,단일로 - 기타,화물,남,59세,상해없음,보행자,남,15세,중상
2013122300100524,2013년 12월 23일 19시,월요일,경상북도 구미시 장천면,경상사고,0,0,1,0,차량단독 - 전도전복,기타,건조,맑음,단일로 - 기타,화물,남,71세,경상,,,,
2013122300100554,2013년 12월 23일 20시,월요일,경상북도 포항시 남구 구룡포읍,중상사고,0,1,0,0,차대차 - 측면직각충돌,안전운전불이행,건조,맑음,교차로 - 교차로안,원동기,남,51세,중상,승용,남,60세,상해없음
2013122300100582,2013년 12월 23일 21시,월요일,경상북도 상주시 외서면,사망사고,1,1,0,0,차량단독 - 도로외이탈 - 추락,안전운전불이행,건조,맑음,단일로 - 기타,승용,남,50세,중상,,,,
2013122300100613,2013년 12월 23일 22시,월요일,경상북도 칠곡군 왜관읍,경상사고,0,0,2,0,차대차 - 기타,교차로운행방법위반,건조,맑음,교차로 - 교차로안,승용,남,24세,상해없음,승용,여,50세,경상
2013122300100614,2013년 12월 23일 22시,월요일,경상북도 구미시 원평동,경상사고,0,0,3,0,차대차 - 기타,직진우회전진행방해,건조,맑음,교차로 - 교차로안,승용,남,26세,상해없음,승용,남,40세,경상
2013122400100019,2013년 12월 24일 00시,화요일,경상북도 경주시 천북면,사망사고,1,0,0,0,차량단독 - 공작물충돌,안전운전불이행,건조,맑음,교차로 - 교차로안,승합,남,54세,사망,,,,
2013122400100020,2013년 12월 24일 00시,화요일,경상북도 포항시 북구 항구동,경상사고,0,0,1,0,차대차 - 측면직각충돌,차로위반,건조,맑음,교차로 - 교차로부근,승용,여,19세,상해없음,승용,여,50세,경상
2013122400100060,2013년 12월 24일 02시,화요일,경상북도 포항시 북구 창포동,중상사고,0,1,3,0,차대차 - 기타,교차로운행방법위반,건조,맑음,교차로 - 교차로부근,승용,남,46세,상해없음,승용,남,50세,경상
2013122400100061,2013년 12월 24일 02시,화요일,경상북도 포항시 남구 지곡동,경상사고,0,0,1,0,차량단독 - 공작물충돌,안전운전불이행,건조,맑음,단일로 - 기타,승용,남,40세,경상,,,,
2013122400100073,2013년 12월 24일 03시,화요일,경상북도 포항시 북구 장성동,경상사고,0,0,1,0,차대사람 - 기타,안전운전불이행,건조,맑음,단일로 - 기타,승용,남,39세,상해없음,보행자,남,30세,경상
2013122400100095,2013년 12월 24일 05시,화요일,경상북도 구미시 오태동,경상사고,0,0,2,0,차대차 - 기타,안전운전불이행,건조,맑음,기타 - 기타,승용,남,40세,상해없음,화물,남,41세,경상
2013122400100115,2013년 12월 24일 06시,화요일,경상북도 안동시 태화동,경상사고,0,0,1,0,차대차 - 기타,교차로운행방법위반,건조,맑음,교차로 - 교차로안,승용,여,46세,상해없음,승용,남,61세,경상
2013122400100136,2013년 12월 24일 07시,화요일,경상북도 경주시 외동읍,중상사고,0,3,0,0,차대차 - 기타,중앙선침범,건조,맑음,단일로 - 기타,승용,남,26세,중상,화물,남,59세,중상
2013122400100163,2013년 12월 24일 08시,화요일,경상북도 경산시 남방동,경상사고,0,0,2,0,차대차 - 기타,신호위반,건조,맑음,교차로 - 교차로안,승용,남,32세,상해없음,승용,여,44세,경상
2013122400100184,2013년 12월 24일 09시,화요일,경상북도 경산시 백천동,중상사고,0,1,0,0,차대사람 - 기타,신호위반,건조,맑음,단일로 - 횡단보도상,승용,여,42세,상해없음,보행자,여,72세,중상
2013122400100185,2013년 12월 24일 09시,화요일,경상북도 군위군 고로면,경상사고,0,0,1,1,차대차 - 추돌 - 주정차중,안전거리미확보,건조,맑음,교차로 - 교차로부근,화물,남,33세,부상신고,화물,남,39세,경상
2013122400100186,2013년 12월 24일 09시,화요일,경상북도 포항시 남구 대도동,경상사고,0,0,1,0,차대차 - 측면직각충돌,안전운전불이행,건조,맑음,단일로 - 기타,화물,남,45세,상해없음,승용,남,24세,경상
2013122400100205,2013년 12월 24일 10시,화요일,경상북도 경주시 용강동,경상사고,0,0,1,0,차대차 - 측면직각충돌,안전운전불이행,건조,맑음,단일로 - 기타,승용,여,53세,상해없음,승용,남,37세,경상
2013122400100206,2013년 12월 24일 10시,화요일,경상북도 포항시 남구 오천읍,경상사고,0,0,1,0,차대사람 - 기타,교차로운행방법위반,건조,맑음,교차로 - 교차로안,승합,여,38세,상해없음,보행자,남,8세,경상
2013122400100228,2013년 12월 24일 11시,화요일,경상북도 경주시 성건동,중상사고,0,1,0,0,차대차 - 기타,안전운전불이행,건조,맑음,단일로 - 기타,승용,남,60세,상해없음,화물,남,62세,상해없음
2013122400100230,2013년 12월 24일 11시,화요일,경상북도 포항시 남구 대잠동,중상사고,0,1,0,0,차대사람 - 기타,안전운전불이행,건조,맑음,단일로 - 기타,화물,남,35세,상해없음,보행자,남,65세,중상
2013122400100249,2013년 12월 24일 12시,화요일,경상북도 포항시 북구 득량동,경상사고,0,0,1,0,차대사람 - 횡단중,보행자보호의무위반,건조,맑음,단일로 - 횡단보도상,승용,남,37세,상해없음,보행자,여,35세,경상
2013122400100250,2013년 12월 24일 12시,화요일,경상북도 영천시 화남면,중상사고,0,1,0,0,차대차 - 측면직각충돌,중앙선침범,건조,맑음,단일로 - 기타,화물,남,45세,상해없음,자전거,남,77세,중상
2013122400100269,2013년 12월 24일 13시,화요일,경상북도 김천시 지좌동,중상사고,0,1,0,0,차대사람 - 기타,안전운전불이행,건조,맑음,단일로 - 기타,승용,여,37세,상해없음,보행자,남,7세,중상
2013122400100303,2013년 12월 24일 14시,화요일,경상북도 경주시 성동동,경상사고,0,0,1,0,차대차 - 기타,안전운전불이행,건조,맑음,단일로 - 기타,승용,남,45세,상해없음,원동기,여,28세,경상
2013122400100304,2013년 12월 24일 14시,화요일,경상북도 안동시 명륜동,중상사고,0,1,0,0,차대차 - 기타,안전운전불이행,건조,맑음,단일로 - 기타,승용,남,24세,상해없음,이륜,남,25세,중상
2013122400100305,2013년 12월 24일 14시,화요일,경상북도 영주시 가흥동,중상사고,0,1,0,0,차대차 - 정면충돌,신호위반,건조,맑음,교차로 - 교차로안,승용,남,60세,상해없음,승용,여,33세,중상
2013122400100306,2013년 12월 24일 14시,화요일,경상북도 칠곡군 약목면,중상사고,0,1,0,0,차대차 - 기타,교차로운행방법위반,건조,맑음,교차로 - 교차로안,화물,남,41세,상해없음,기타불명,남,76세,중상
2013122400100307,2013년 12월 24일 14시,화요일,경상북도 구미시 송정동,중상사고,0,1,0,0,차대사람 - 기타,안전운전불이행,건조,맑음,교차로 - 교차로부근,기타불명,기타불명,기타불명,기타불명,보행자,남,63세,중상
2013122400100308,2013년 12월 24일 14시,화요일,경상북도 영천시 임고면,경상사고,0,0,1,0,차대차 - 측면직각충돌,안전거리미확보,건조,맑음,단일로 - 기타,화물,남,41세,상해없음,승용,남,50세,경상
2013122400100333,2013년 12월 24일 15시,화요일,경상북도 울진군 서면,경상사고,0,0,2,0,차대차 - 정면충돌,안전운전불이행,습기,맑음,단일로 - 기타,승용,여,45세,경상,승용,남,35세,경상
2013122400100334,2013년 12월 24일 15시,화요일,경상북도 구미시 선산읍,중상사고,0,1,0,0,차대차 - 측면직각충돌,안전운전불이행,건조,맑음,단일로 - 기타,화물,남,53세,상해없음,이륜,남,74세,중상
2013122400100366,2013년 12월 24일 16시,화요일,경상북도 경산시 옥곡동,중상사고,0,1,0,0,차대사람 - 횡단중,안전운전불이행,건조,맑음,단일로 - 기타,승용,남,62세,상해없음,보행자,여,12세,중상
2013122400100392,2013년 12월 24일 17시,화요일,경상북도 포항시 북구 우현동,경상사고,0,0,1,0,차대차 - 측면직각충돌,차로위반,건조,흐림,단일로 - 기타,승용,여,58세,상해없음,승용,여,53세,경상
2013122400100393,2013년 12월 24일 17시,화요일,경상북도 안동시 당북동,경상사고,0,0,1,0,차대차 - 기타,안전운전불이행,건조,맑음,단일로 - 기타,승용,여,30세,상해없음,승용,남,41세,경상
2013122400100394,2013년 12월 24일 17시,화요일,경상북도 영천시 신령면,경상사고,0,0,1,0,차대차 - 기타,중앙선침범,건조,맑음,단일로 - 기타,승용,남,53세,상해없음,승용,여,49세,경상
2013122400100395,2013년 12월 24일 17시,화요일,경상북도 경산시 중방동,경상사고,0,0,1,0,차대차 - 기타,안전운전불이행,건조,맑음,단일로 - 기타,화물,남,46세,상해없음,승용,남,64세,경상
2013122400100436,2013년 12월 24일 18시,화요일,경상북도 경주시 양남면,사망사고,2,0,0,0,차대차 - 기타,중앙선침범,건조,맑음,단일로 - 기타,화물,남,52세,사망,화물,남,54세,사망
2013122400100437,2013년 12월 24일 18시,화요일,경상북도 안동시 동문동,경상사고,0,0,1,0,차대차 - 기타,안전운전불이행,건조,맑음,단일로 - 기타,화물,남,29세,상해없음,승용,남,57세,경상
2013122400100438,2013년 12월 24일 18시,화요일,경상북도 영주시 하망동,경상사고,0,0,1,0,차대차 - 기타,중앙선침범,건조,맑음,단일로 - 기타,원동기,남,52세,상해없음,원동기,남,34세,경상
2013122400100439,2013년 12월 24일 18시,화요일,경상북도 고령군 쌍림면,중상사고,0,1,0,0,차대사람 - 횡단중,안전운전불이행,건조,맑음,단일로 - 횡단보도부근,승용,여,64세,상해없음,보행자,남,58세,중상
2013122400100440,2013년 12월 24일 18시,화요일,경상북도 포항시 남구 해도동,중상사고,0,1,0,0,차대차 - 측면직각충돌,안전운전불이행,건조,맑음,단일로 - 기타,원동기,남,41세,상해없음,자전거,여,60세,중상
2013122400100441,2013년 12월 24일 18시,화요일,경상북도 포항시 남구 대송면,경상사고,0,0,3,0,차대차 - 기타,안전운전불이행,건조,맑음,단일로 - 기타,승용,남,31세,상해없음,승용,여,46세,경상
2013122400100442,2013년 12월 24일 18시,화요일,경상북도 포항시 남구 이동,경상사고,0,0,1,0,차대차 - 추돌 - 진행중,안전거리미확보,건조,맑음,단일로 - 기타,승용,남,49세,상해없음,승용,여,28세,경상
2013122400100494,2013년 12월 24일 19시,화요일,경상북도 경주시 안강읍,중상사고,0,1,0,0,차대사람 - 기타,안전운전불이행,건조,맑음,단일로 - 기타,화물,남,40세,상해없음,보행자,남,57세,중상
2013122400100534,2013년 12월 24일 20시,화요일,경상북도 포항시 북구 흥해읍,경상사고,0,0,1,0,차대사람 - 기타,안전운전불이행,건조,맑음,단일로 - 기타,승용,남,27세,상해없음,보행자,남,43세,경상
2013122400100535,2013년 12월 24일 20시,화요일,경상북도 경산시 대동,경상사고,0,0,1,0,차대사람 - 기타,안전운전불이행,건조,맑음,단일로 - 기타,화물,남,71세,상해없음,보행자,여,21세,경상
2013122400100536,2013년 12월 24일 20시,화요일,경상북도 경산시 대동,경상사고,0,0,1,0,차대차 - 기타,안전운전불이행,건조,맑음,교차로 - 교차로안,승용,남,36세,상해없음,승용,여,33세,경상
2013122400100537,2013년 12월 24일 20시,화요일,경상북도 구미시 공단동,중상사고,0,1,0,0,차대차 - 측면직각충돌,직진우회전진행방해,건조,맑음,교차로 - 교차로안,승용,남,53세,상해없음,승용,여,49세,중상
2013122400100538,2013년 12월 24일 20시,화요일,경상북도 구미시 황상동,경상사고,0,0,1,0,차대사람 - 기타,교차로운행방법위반,건조,맑음,단일로 - 기타,승용,남,57세,상해없음,보행자,여,55세,경상
2013122400100539,2013년 12월 24일 20시,화요일,경상북도 청도군 청도읍,사망사고,1,0,0,0,차량단독 - 전도전복,안전운전불이행,건조,맑음,단일로 - 기타,화물,남,59세,사망,,,,
2013122400100578,2013년 12월 24일 21시,화요일,경상북도 경주시 용강동,중상사고,0,1,3,0,차대차 - 기타,안전운전불이행,건조,흐림,교차로 - 교차로부근,승용,남,53세,상해없음,승합,남,49세,경상
2013122400100611,2013년 12월 24일 22시,화요일,경상북도 상주시 무양동,경상사고,0,0,1,0,차대차 - 기타,안전운전불이행,건조,맑음,교차로 - 교차로안,승용,남,27세,상해없음,승용,남,41세,경상