사고번호,사고일시,요일,시군구,사고내용,사망자수,중상자수,경상자수,부상신고자수,사고유형,법규위반,노면상태,기상상태,도로형태,가해운전자 차종,가해운전자 성별,가해운전자 연령,가해운전자 상해정도,피해운전자 차종,피해운전자 성별,피해운전자 연령,피해운전자 상해정도
2013122400100654,2013년 12월 24일 23시,화요일,경상북도 경주시 황남동,경상사고,0,0,1,0,차대사람 - 기타,안전운전불이행,건조,맑음,교차로 - 교차로부근,승용,남,42세,상해없음,보행자,남,61세,경상
2013122400100655,2013년 12월 24일 23시,화요일,경상북도 안동시 광석동,경상사고,0,0,1,0,차대차 - 기타,안전운전불이행,건조,맑음,단일로 - 기타,이륜,남,24세,상해없음,승용,남,27세,경상
2013122400100656,2013년 12월 24일 23시,화요일,경상북도 안동시 남문동,중상사고,0,1,2,0,차대차 - 기타,중앙선침범,건조,맑음,교차로 - 교차로부근,승용,남,54세,상해없음,승용,남,25세,경상
2013122400100657,2013년 12월 24일 23시,화요일,경상북도 청도군 금천면,중상사고,0,1,2,0,차대차 - 정면충돌,중앙선침범,건조,맑음,단일로 - 기타,승용,남,54세,경상,승용,남,28세,경상
2013122500100017,2013년 12월 25일 00시,수요일,경상북도 영천시 망정동,경상사고,0,0,2,0,차대차 - 추돌 - 주정차중,안전운전불이행,건조,맑음,교차로 - 교차로부근,승용,남,20세,상해없음,승용,남,29세,경상
2013122500100018,2013년 12월 25일 00시,수요일,경상북도 구미시 송정동,중상사고,0,1,0,0,차대사람 - 기타,신호위반,건조,맑음,단일로 - 기타,승용,여,44세,상해없음,보행자,남,57세,중상
2013122500100040,2013년 12월 25일 01시,수요일,경상북도 안동시 용상동,중상사고,0,1,0,0,차대사람 - 횡단중,신호위반,건조,맑음,단일로 - 횡단보도상,승용,남,40세,상해없음,보행자,남,54세,중상
2013122500100054,2013년 12월 25일 02시,수요일,경상북도 안동시 옥동,경상사고,0,0,1,0,차대차 - 기타,직진우회전진행방해,건조,맑음,교차로 - 교차로안,승용,남,24세,상해없음,이륜,남,16세,경상
2013122500100090,2013년 12월 25일 04시,수요일,경상북도 경산시 중방동,경상사고,0,0,1,0,차량단독 - 공작물충돌,안전운전불이행,건조,맑음,교차로 - 교차로부근,승용,남,44세,경상,,,,
2013122500100105,2013년 12월 25일 05시,수요일,경상북도 경주시 성동동,사망사고,1,0,0,0,차대사람 - 횡단중,안전운전불이행,건조,맑음,단일로 - 기타,화물,남,37세,상해없음,보행자,여,36세,사망
2013122500100128,2013년 12월 25일 06시,수요일,경상북도 구미시 원평동,경상사고,0,0,1,0,차대차 - 측면직각충돌,안전운전불이행,건조,맑음,단일로 - 기타,승용,남,22세,상해없음,승합,남,30세,경상
2013122500100129,2013년 12월 25일 06시,수요일,경상북도 포항시 남구 대도동,경상사고,0,0,1,0,차대차 - 기타,안전운전불이행,습기,맑음,단일로 - 기타,승용,남,63세,상해없음,승용,남,33세,경상
2013122500100158,2013년 12월 25일 08시,수요일,경상북도 상주시 외답동,중상사고,0,2,0,0,차대차 - 측면직각충돌,신호위반,건조,맑음,교차로 - 교차로안,승용,여,50세,상해없음,화물,남,63세,중상
2013122500100159,2013년 12월 25일 08시,수요일,경상북도 포항시 남구 동해면,경상사고,0,0,1,0,차대차 - 기타,안전운전불이행,결빙,맑음,단일로 - 기타,승용,남,35세,경상,화물,남,75세,상해없음
2013122500100189,2013년 12월 25일 10시,수요일,경상북도 경주시 북군동,중상사고,0,1,0,0,차대차 - 기타,안전운전불이행,결빙,맑음,단일로 - 기타,승용,여,49세,상해없음,승용,남,21세,중상
2013122500100190,2013년 12월 25일 10시,수요일,경상북도 영천시 청통면,중상사고,0,1,0,0,차대차 - 기타,안전운전불이행,건조,맑음,단일로 - 기타,화물,남,72세,상해없음,건설기계,남,51세,상해없음
2013122500100206,2013년 12월 25일 11시,수요일,경상북도 경주시 마동,경상사고,0,0,1,0,차대차 - 기타,신호위반,건조,맑음,교차로 - 교차로안,승용,남,60세,상해없음,승용,남,35세,상해없음
2013122500100240,2013년 12월 25일 13시,수요일,경상북도 포항시 남구 상도동,경상사고,0,0,1,0,차대사람 - 기타,안전운전불이행,건조,맑음,단일로 - 기타,승용,남,63세,상해없음,보행자,남,2세,경상
2013122500100253,2013년 12월 25일 14시,수요일,경상북도 경주시 덕동,중상사고,0,1,0,0,차대차 - 기타,중앙선침범,습기,맑음,단일로 - 기타,승용,남,21세,상해없음,화물,여,64세,중상
2013122500100254,2013년 12월 25일 14시,수요일,경상북도 경주시 성동동,중상사고,0,3,1,0,차대차 - 기타,안전운전불이행,건조,맑음,단일로 - 기타,승용,남,47세,상해없음,승용,여,42세,중상
2013122500100255,2013년 12월 25일 14시,수요일,경상북도 안동시 옥동,경상사고,0,0,1,0,차대사람 - 기타,보행자보호의무위반,건조,맑음,교차로 - 교차로안,승용,남,67세,상해없음,보행자,남,7세,경상
2013122500100256,2013년 12월 25일 14시,수요일,경상북도 칠곡군 북삼읍,경상사고,0,0,1,0,차대차 - 기타,교차로운행방법위반,건조,맑음,교차로 - 교차로안,이륜,남,57세,경상,승용,여,54세,상해없음
2013122500100279,2013년 12월 25일 15시,수요일,경상북도 영주시 영주동,경상사고,0,0,4,0,차대차 - 측면직각충돌,안전운전불이행,건조,맑음,교차로 - 교차로안,승용,남,57세,경상,승용,여,40세,경상
2013122500100294,2013년 12월 25일 16시,수요일,경상북도 경주시 강동면,중상사고,0,2,0,0,차대차 - 기타,안전운전불이행,건조,맑음,단일로 - 교량,건설기계,남,38세,상해없음,승용,남,27세,중상
2013122500100322,2013년 12월 25일 17시,수요일,경상북도 경산시 중방동,경상사고,0,0,1,0,차대사람 - 기타,안전운전불이행,건조,맑음,교차로 - 교차로안,화물,남,43세,상해없음,보행자,남,73세,경상
2013122500100351,2013년 12월 25일 18시,수요일,경상북도 안동시 수상동,경상사고,0,0,1,0,차대차 - 추돌 - 주정차중,안전운전불이행,건조,맑음,단일로 - 교량,승용,남,41세,상해없음,승용,남,62세,경상
2013122500100389,2013년 12월 25일 19시,수요일,경상북도 포항시 북구 장성동,중상사고,0,1,0,0,차대차 - 측면직각충돌,안전거리미확보,건조,맑음,교차로 - 교차로안,승용,여,31세,상해없음,원동기,남,42세,중상
2013122500100390,2013년 12월 25일 19시,수요일,경상북도 포항시 남구 송내동,경상사고,0,0,1,0,차대차 - 기타,안전운전불이행,건조,맑음,교차로 - 교차로부근,승용,남,54세,상해없음,승용,남,34세,경상
2013122500100432,2013년 12월 25일 21시,수요일,경상북도 경주시 강동면,경상사고,0,0,1,0,차대차 - 측면직각충돌,안전운전불이행,건조,맑음,단일로 - 기타,승용,여,26세,상해없음,승용,남,19세,경상
2013122500100433,2013년 12월 25일 21시,수요일,경상북도 영주시 휴천동,경상사고,0,0,1,0,차대차 - 추돌 - 진행중,안전운전불이행,건조,맑음,교차로 - 교차로부근,원동기,남,45세,경상,승용,남,61세,상해없음
2013122500100434,2013년 12월 25일 21시,수요일,경상북도 경산시 압량면,중상사고,0,2,1,0,차대차 - 기타,안전운전불이행,건조,맑음,단일로 - 기타,승용,남,31세,중상,승용,남,46세,경상
2013122500100446,2013년 12월 25일 22시,수요일,경상북도 경산시 임당동,중상사고,0,1,0,0,차대사람 - 기타,안전운전불이행,건조,맑음,단일로 - 기타,승용,남,28세,상해없음,보행자,남,56세,중상
2013122600100022,2013년 12월 26일 01시,목요일,경상북도 구미시 비산동,경상사고,0,0,1,0,차대차 - 기타,안전운전불이행,건조,맑음,단일로 - 기타,승용,남,37세,상해없음,승용,남,28세,경상
2013122600100045,2013년 12월 26일 04시,목요일,경상북도 영천시 청통면,중상사고,0,2,0,0,차대차 - 추돌 - 진행중,안전운전불이행,건조,맑음,단일로 - 기타,특수,남,58세,중상,특수,남,51세,중상
2013122600100127,2013년 12월 26일 08시,목요일,경상북도 포항시 북구 용흥동,경상사고,0,0,2,0,차대차 - 기타,안전운전불이행,건조,맑음,단일로 - 기타,승용,여,42세,상해없음,화물,남,38세,경상
2013122600100128,2013년 12월 26일 08시,목요일,경상북도 포항시 북구 대신동,경상사고,0,0,1,0,차대차 - 기타,안전운전불이행,건조,맑음,단일로 - 기타,승용,남,44세,상해없음,자전거,남,12세,경상
2013122600100129,2013년 12월 26일 08시,목요일,경상북도 안동시 법흥동,중상사고,0,1,0,0,차대차 - 정면충돌,중앙선침범,습기,맑음,단일로 - 기타,승용,여,41세,상해없음,승용,남,63세,중상
2013122600100130,2013년 12월 26일 08시,목요일,경상북도 경산시 남산면,중상사고,0,1,1,0,차대차 - 측면직각충돌,기타,건조,맑음,교차로 - 교차로안,승용,남,28세,상해없음,화물,남,28세,경상
2013122600100154,2013년 12월 26일 09시,목요일,경상북도 김천시 성내동,중상사고,0,1,0,0,차량단독 - 기타,안전운전불이행,건조,맑음,단일로 - 기타,승용,남,63세,상해없음,,,,
2013122600100171,2013년 12월 26일 10시,목요일,경상북도 포항시 남구 구룡포읍,중상사고,0,1,1,0,차대차 - 측면직각충돌,안전운전불이행,건조,맑음,교차로 - 교차로안,화물,남,55세,상해없음,원동기,남,80세,경상
2013122600100226,2013년 12월 26일 12시,목요일,경상북도 안동시 태화동,중상사고,0,1,0,0,차대차 - 기타,직진우회전진행방해,건조,맑음,교차로 - 교차로안,원동기,여,51세,중상,승용,남,54세,상해없음
2013122600100227,2013년 12월 26일 12시,목요일,경상북도 김천시 대광동,중상사고,0,2,0,0,차량단독 - 전도전복,안전운전불이행,건조,맑음,단일로 - 기타,이륜,남,57세,상해없음,,,,
2013122600100228,2013년 12월 26일 12시,목요일,경상북도 구미시 도량동,중상사고,0,1,0,0,차대사람 - 기타,안전운전불이행,건조,흐림,단일로 - 기타,화물,남,38세,상해없음,보행자,남,62세,중상
2013122600100282,2013년 12월 26일 14시,목요일,경상북도 경주시 현곡면,경상사고,0,0,1,0,차대차 - 기타,안전운전불이행,건조,맑음,단일로 - 기타,승합,남,53세,상해없음,승용,남,79세,상해없음
2013122600100283,2013년 12월 26일 14시,목요일,경상북도 문경시 모전동,중상사고,0,1,0,0,차대차 - 측면직각충돌,직진우회전진행방해,건조,맑음,교차로 - 교차로안,승용,여,47세,상해없음,원동기,남,80세,중상
2013122600100284,2013년 12월 26일 14시,목요일,경상북도 포항시 남구 이동,경상사고,0,0,2,0,차대차 - 측면직각충돌,안전운전불이행,건조,맑음,교차로 - 교차로안,승용,여,37세,경상,승용,여,38세,경상
2013122600100305,2013년 12월 26일 15시,목요일,경상북도 영주시 가흥동,중상사고,0,1,0,0,차대사람 - 기타,안전운전불이행,건조,흐림,단일로 - 기타,화물,남,45세,상해없음,보행자,여,7세,중상
2013122600100306,2013년 12월 26일 15시,목요일,경상북도 울진군 온정면,중상사고,0,2,0,1,차대차 - 기타,중앙선침범,기타,맑음,단일로 - 기타,화물,남,26세,부상신고,승용,남,58세,중상
2013122600100334,2013년 12월 26일 16시,목요일,경상북도 영덕군 영해면,중상사고,0,1,0,0,차대차 - 기타,안전운전불이행,건조,맑음,기타 - 기타,승용,여,57세,상해없음,자전거,여,68세,중상
2013122600100335,2013년 12월 26일 16시,목요일,경상북도 포항시 남구 대잠동,경상사고,0,0,2,0,차대차 - 측면직각충돌,직진우회전진행방해,건조,맑음,교차로 - 교차로안,승용,여,61세,상해없음,화물,남,50세,경상
2013122600100368,2013년 12월 26일 17시,목요일,경상북도 칠곡군 왜관읍,경상사고,0,0,1,0,차대차 - 기타,안전운전불이행,습기,비,단일로 - 교량,승용,여,62세,상해없음,승용,남,41세,경상
2013122600100369,2013년 12월 26일 17시,목요일,경상북도 군위군 의흥면,경상사고,0,0,3,0,차대차 - 기타,중앙선침범,건조,맑음,단일로 - 기타,화물,남,65세,경상,승용,남,61세,경상
2013122600100370,2013년 12월 26일 17시,목요일,경상북도 구미시 형곡동,중상사고,0,1,0,0,차대사람 - 횡단중,신호위반,습기,비,교차로 - 교차로안,이륜,남,81세,상해없음,보행자,여,45세,중상
2013122600100371,2013년 12월 26일 17시,목요일,경상북도 구미시 진평동,중상사고,0,1,0,0,차대사람 - 횡단중,신호위반,습기,비,단일로 - 기타,이륜,남,59세,상해없음,보행자,남,29세,중상
2013122600100372,2013년 12월 26일 17시,목요일,경상북도 포항시 남구 오천읍,경상사고,0,0,1,0,차대차 - 측면직각충돌,안전거리미확보,건조,맑음,단일로 - 기타,승용,여,51세,상해없음,원동기,남,46세,경상
2013122600100408,2013년 12월 26일 18시,목요일,경상북도 경주시 외동읍,경상사고,0,0,1,0,차대사람 - 차도통행중,보행자보호의무위반,건조,맑음,단일로 - 횡단보도상,원동기,기타불명,기타불명,기타불명,보행자,남,13세,경상
2013122600100409,2013년 12월 26일 18시,목요일,경상북도 경주시 인왕동,경상사고,0,0,3,0,차대차 - 추돌 - 진행중,안전운전불이행,건조,맑음,단일로 - 기타,승용,여,45세,상해없음,승용,여,30세,경상
2013122600100410,2013년 12월 26일 18시,목요일,경상북도 경주시 건천읍,중상사고,0,1,0,0,차대사람 - 기타,안전운전불이행,건조,맑음,단일로 - 기타,승용,남,42세,상해없음,보행자,남,64세,중상
2013122600100411,2013년 12월 26일 18시,목요일,경상북도 김천시 대광동,중상사고,0,1,1,0,차대차 - 측면직각충돌,교차로운행방법위반,습기,비,교차로 - 교차로안,승용,여,59세,상해없음,승합,남,61세,중상
2013122600100412,2013년 12월 26일 18시,목요일,경상북도 영천시 오수동,경상사고,0,0,1,0,차대차 - 기타,안전거리미확보,기타,비,단일로 - 교량,승합,남,43세,상해없음,승용,남,47세,경상
2013122600100448,2013년 12월 26일 19시,목요일,경상북도 영주시 가흥동,중상사고,0,1,0,0,차대사람 - 횡단중,안전운전불이행,습기,맑음,교차로 - 교차로안,화물,남,34세,상해없음,보행자,여,19세,중상
2013122600100449,2013년 12월 26일 19시,목요일,경상북도 영천시 문외동,중상사고,0,1,0,0,차대차 - 측면직각충돌,안전운전불이행,건조,맑음,교차로 - 교차로안,승용,남,59세,상해없음,화물,남,29세,중상
2013122600100450,2013년 12월 26일 19시,목요일,경상북도 경산시 옥곡동,중상사고,0,1,0,0,차대차 - 기타,안전운전불이행,건조,흐림,교차로 - 교차로안,승용,남,33세,상해없음,승합,남,58세,중상
2013122600100474,2013년 12월 26일 20시,목요일,경상북도 경주시 외동읍,사망사고,1,0,0,0,차대사람 - 기타,안전운전불이행,건조,맑음,단일로 - 기타,승용,남,50세,상해없음,보행자,남,66세,사망
2013122600100475,2013년 12월 26일 20시,목요일,경상북도 구미시 산동면,중상사고,0,2,0,0,차대차 - 추돌 - 진행중,안전운전불이행,건조,맑음,단일로 - 기타,승용,남,43세,상해없음,승용,여,56세,중상
2013122600100500,2013년 12월 26일 21시,목요일,경상북도 경주시 외동읍,중상사고,0,1,0,0,차대사람 - 기타,안전운전불이행,건조,맑음,단일로 - 기타,화물,남,53세,상해없음,보행자,여,45세,중상
2013122600100501,2013년 12월 26일 21시,목요일,경상북도 경주시 성건동,경상사고,0,0,1,0,차대사람 - 기타,안전운전불이행,건조,맑음,단일로 - 기타,자전거,남,17세,상해없음,보행자,여,44세,경상
2013122600100531,2013년 12월 26일 22시,목요일,경상북도 경산시 중방동,경상사고,0,0,1,0,차대차 - 측면직각충돌,안전운전불이행,건조,맑음,단일로 - 기타,승용,남,38세,상해없음,자전거,남,10세,경상
2013122600100560,2013년 12월 26일 23시,목요일,경상북도 경주시 건천읍,부상신고사고,0,0,0,1,차대차 - 기타,안전운전불이행,건조,맑음,단일로 - 기타,승용,남,57세,부상신고,승용,남,30세,상해없음
2013122600100561,2013년 12월 26일 23시,목요일,경상북도 영주시 부석면,중상사고,0,3,1,0,차량단독 - 도로외이탈 - 추락,안전운전불이행,적설,눈,단일로 - 기타,승용,남,48세,경상,,,,
2013122700100016,2013년 12월 27일 00시,금요일,경상북도 안동시 광석동,경상사고,0,0,1,0,차대사람 - 기타,안전운전불이행,건조,맑음,단일로 - 기타,승용,남,36세,상해없음,보행자,남,51세,경상
2013122700100042,2013년 12월 27일 02시,금요일,경상북도 안동시 일직면,중상사고,0,2,0,0,차량단독 - 공작물충돌,안전운전불이행,건조,맑음,단일로 - 기타,승용,남,22세,상해없음,,,,
2013122700100043,2013년 12월 27일 02시,금요일,경상북도 칠곡군 왜관읍,부상신고사고,0,0,0,1,차량단독 - 공작물충돌,안전운전불이행,건조,흐림,단일로 - 기타,승용,남,32세,부상신고,,,,
2013122700100055,2013년 12월 27일 04시,금요일,경상북도 문경시 점촌동,중상사고,0,1,0,0,차대사람 - 기타,안전운전불이행,건조,맑음,단일로 - 기타,화물,남,54세,상해없음,보행자,남,38세,중상
2013122700100089,2013년 12월 27일 07시,금요일,경상북도 경주시 외동읍,중상사고,0,1,0,0,차대차 - 기타,안전운전불이행,건조,맑음,교차로 - 교차로안,승용,남,53세,상해없음,승용,남,64세,중상
2013122700100128,2013년 12월 27일 09시,금요일,경상북도 경주시 덕동,중상사고,0,1,1,0,차대차 - 기타,중앙선침범,건조,맑음,단일로 - 기타,승용,남,67세,경상,승용,남,40세,중상
2013122700100129,2013년 12월 27일 09시,금요일,경상북도 예천군 예천읍,중상사고,0,1,0,0,차대차 - 기타,안전운전불이행,건조,맑음,교차로 - 교차로안,이륜,남,74세,중상,건설기계,남,30세,상해없음
2013122700100155,2013년 12월 27일 10시,금요일,경상북도 영주시 영주동,중상사고,0,1,0,0,차대사람 - 기타,기타,건조,맑음,단일로 - 기타,승합,남,44세,상해없음,보행자,여,51세,중상
2013122700100156,2013년 12월 27일 10시,금요일,경상북도 구미시 형곡동,경상사고,0,0,1,0,차대사람 - 횡단중,보행자보호의무위반,건조,맑음,단일로 - 기타,승용,남,46세,상해없음,보행자,여,19세,경상
2013122700100176,2013년 12월 27일 11시,금요일,경상북도 안동시 옥야동,경상사고,0,0,1,0,차대사람 - 기타,안전운전불이행,건조,맑음,단일로 - 기타,화물,남,73세,상해없음,보행자,여,53세,경상
2013122700100211,2013년 12월 27일 12시,금요일,경상북도 경주시 성건동,경상사고,0,0,1,0,차대차 - 기타,안전운전불이행,건조,맑음,단일로 - 기타,화물,남,69세,상해없음,승용,여,34세,경상
2013122700100212,2013년 12월 27일 12시,금요일,경상북도 구미시 인의동,경상사고,0,0,2,0,차대차 - 기타,안전운전불이행,건조,맑음,교차로 - 교차로부근,승용,여,64세,경상,승용,여,29세,경상
2013122700100233,2013년 12월 27일 13시,금요일,경상북도 포항시 북구 학산동,사망사고,1,0,0,0,차대사람 - 기타,안전운전불이행,건조,맑음,단일로 - 기타,승용,남,36세,상해없음,보행자,여,63세,사망
2013122700100283,2013년 12월 27일 15시,금요일,경상북도 의성군 의성읍,경상사고,0,0,1,0,차대차 - 추돌 - 진행중,안전운전불이행,건조,맑음,교차로 - 교차로부근,화물,남,52세,상해없음,승용,남,56세,상해없음
2013122700100284,2013년 12월 27일 15시,금요일,경상북도 영천시 문외동,부상신고사고,0,0,0,2,차대사람 - 기타,안전운전불이행,건조,맑음,단일로 - 기타,승용,여,30세,상해없음,보행자,남,16세,부상신고
2013122700100307,2013년 12월 27일 16시,금요일,경상북도 영천시 화북면,중상사고,0,1,0,0,차대사람 - 기타,안전운전불이행,건조,맑음,단일로 - 기타,승용,여,37세,상해없음,보행자,여,79세,중상
2013122700100338,2013년 12월 27일 17시,금요일,경상북도 경주시 건천읍,경상사고,0,0,1,0,차량단독 - 기타,안전운전불이행,건조,맑음,단일로 - 기타,승합,남,47세,상해없음,,,,
2013122700100374,2013년 12월 27일 18시,금요일,경상북도 포항시 북구 장성동,경상사고,0,0,1,0,차대차 - 기타,안전운전불이행,건조,맑음,단일로 - 기타,승용,남,60세,상해없음,원동기,남,36세,경상
2013122700100375,2013년 12월 27일 18시,금요일,경상북도 상주시 무양동,중상사고,0,1,0,0,차대차 - 추돌 - 주정차중,안전거리미확보,건조,맑음,단일로 - 기타,승용,남,38세,상해없음,승용,남,45세,중상
2013122700100376,2013년 12월 27일 18시,금요일,경상북도 구미시 송정동,경상사고,0,0,1,0,차대사람 - 기타,안전운전불이행,건조,맑음,단일로 - 기타,승용,남,60세,상해없음,보행자,남,13세,경상
2013122700100415,2013년 12월 27일 19시,금요일,경상북도 포항시 북구 장성동,중상사고,0,1,0,0,차대차 - 기타,차로위반,건조,맑음,단일로 - 기타,승용,남,48세,상해없음,승용,남,33세,중상
2013122700100452,2013년 12월 27일 20시,금요일,경상북도 경주시 내남면,경상사고,0,0,1,1,차대차 - 기타,안전운전불이행,건조,맑음,교차로 - 교차로안,승용,남,40세,부상신고,승용,남,57세,경상
2013122700100453,2013년 12월 27일 20시,금요일,경상북도 김천시 성내동,경상사고,0,0,1,0,차대차 - 측면직각충돌,안전운전불이행,건조,맑음,단일로 - 기타,화물,여,53세,상해없음,이륜,남,31세,경상
2013122700100486,2013년 12월 27일 21시,금요일,경상북도 경주시 내남면,중상사고,0,1,1,0,차대차 - 추돌 - 진행중,안전운전불이행,건조,맑음,단일로 - 기타,화물,남,71세,중상,화물,남,64세,경상
2013122700100487,2013년 12월 27일 21시,금요일,경상북도 상주시 무양동,경상사고,0,0,1,0,차대차 - 기타,안전운전불이행,건조,맑음,교차로 - 교차로안,승용,여,34세,상해없음,승용,남,51세,경상
2013122700100488,2013년 12월 27일 21시,금요일,경상북도 상주시 이안면,중상사고,0,1,0,0,차대차 - 추돌 - 진행중,안전운전불이행,건조,맑음,단일로 - 기타,화물,남,33세,중상,화물,남,55세,상해없음
2013122700100518,2013년 12월 27일 22시,금요일,경상북도 안동시 옥동,경상사고,0,0,2,0,차대차 - 기타,신호위반,건조,맑음,교차로 - 교차로안,이륜,남,17세,상해없음,승용,여,43세,경상
2013122700100519,2013년 12월 27일 22시,금요일,경상북도 안동시 태화동,중상사고,0,1,0,0,차대사람 - 기타,안전운전불이행,건조,맑음,교차로 - 교차로부근,승용,남,32세,상해없음,보행자,남,54세,중상
2013122800100052,2013년 12월 28일 01시,토요일,경상북도 경주시 성건동,경상사고,0,0,1,0,차대차 - 측면직각충돌,신호위반,건조,맑음,교차로 - 교차로안,화물,남,45세,상해없음,승용,남,32세,경상
2013122800100053,2013년 12월 28일 01시,토요일,경상북도 경산시 진량읍,경상사고,0,0,1,0,차대차 - 기타,안전운전불이행,건조,맑음,단일로 - 기타,승용,남,37세,기타불명,승용,여,56세,경상
2013122800100091,2013년 12월 28일 03시,토요일,경상북도 안동시 옥동,경상사고,0,0,1,0,차대사람 - 기타,기타,건조,맑음,단일로 - 기타,승용,남,40세,상해없음,보행자,남,39세,경상
2013122800100109,2013년 12월 28일 04시,토요일,경상북도 경주시 강동면,사망사고,1,0,0,0,차대차 - 기타,안전운전불이행,건조,맑음,기타 - 기타,화물,남,39세,사망,화물,기타불명,기타불명,기타불명
2013122800100110,2013년 12월 28일 04시,토요일,경상북도 안동시 정하동,경상사고,0,0,1,0,차량단독 - 공작물충돌,안전운전불이행,건조,맑음,단일로 - 기타,승용,남,40세,경상,,,,
2013122800100111,2013년 12월 28일 04시,토요일,경상북도 경산시 옥산동,경상사고,0,0,1,0,차대차 - 기타,안전운전불이행,건조,맑음,교차로 - 교차로안,승용,남,56세,상해없음,자전거,남,58세,경상
2013122800100147,2013년 12월 28일 06시,토요일,경상북도 영주시 조암동,경상사고,0,0,1,0,차대차 - 측면직각충돌,교차로운행방법위반,건조,맑음,교차로 - 교차로안,승용,남,58세,상해없음,화물,남,49세,상해없음
2013122800100148,2013년 12월 28일 06시,토요일,경상북도 고령군 개진면,사망사고,1,1,0,0,차대차 - 정면충돌,중앙선침범,건조,맑음,단일로 - 터널,화물,남,59세,사망,화물,남,40세,중상
2013122800100189,2013년 12월 28일 09시,토요일,경상북도 구미시 원평동,중상사고,0,1,0,0,차대사람 - 보도통행중,보행자보호의무위반,건조,맑음,교차로 - 교차로부근,승용,여,43세,상해없음,보행자,여,69세,중상
2013122800100190,2013년 12월 28일 09시,토요일,경상북도 구미시 형곡동,중상사고,0,1,0,0,차대차 - 측면직각충돌,안전운전불이행,건조,맑음,단일로 - 기타,승용,여,47세,상해없음,승용,여,41세,중상
2013122800100210,2013년 12월 28일 10시,토요일,경상북도 상주시 외남면,중상사고,0,1,0,0,차대차 - 기타,안전운전불이행,건조,맑음,단일로 - 기타,농기계,남,58세,상해없음,화물,남,67세,상해없음
2013122800100211,2013년 12월 28일 10시,토요일,경상북도 문경시 영순면,중상사고,0,1,0,0,차대차 - 측면직각충돌,안전운전불이행,건조,맑음,단일로 - 기타,승용,남,66세,상해없음,화물,남,42세,기타불명
2013122800100236,2013년 12월 28일 11시,토요일,경상북도 포항시 남구 오천읍,중상사고,0,1,0,0,차대차 - 측면직각충돌,교차로운행방법위반,건조,맑음,교차로 - 교차로안,화물,남,33세,상해없음,원동기,남,23세,중상
2013122800100237,2013년 12월 28일 11시,토요일,경상북도 포항시 남구 장기면,중상사고,0,5,0,0,차대차 - 측면직각충돌,안전운전불이행,건조,맑음,단일로 - 기타,건설기계,남,49세,상해없음,승용,남,57세,중상
2013122800100238,2013년 12월 28일 11시,토요일,경상북도 군위군 군위읍,중상사고,0,2,3,0,차대차 - 추돌 - 진행중,과속,건조,맑음,단일로 - 기타,승용,남,26세,경상,승용,남,42세,상해없음
2013122800100266,2013년 12월 28일 12시,토요일,경상북도 안동시 송현동,경상사고,0,0,2,0,차대차 - 기타,안전운전불이행,건조,맑음,단일로 - 기타,승용,남,27세,상해없음,승용,남,58세,경상
2013122800100267,2013년 12월 28일 12시,토요일,경상북도 포항시 남구 상도동,경상사고,0,0,1,0,차대차 - 측면직각충돌,안전운전불이행,건조,맑음,단일로 - 기타,승용,남,74세,상해없음,승용,남,45세,경상
2013122800100300,2013년 12월 28일 13시,토요일,경상북도 안동시 송현동,중상사고,0,1,0,0,차대사람 - 기타,안전운전불이행,건조,맑음,기타 - 기타,승용,남,34세,상해없음,보행자,여,40세,중상
2013122800100301,2013년 12월 28일 13시,토요일,경상북도 구미시 해평면,경상사고,0,0,1,0,차량단독 - 기타,안전운전불이행,건조,맑음,단일로 - 기타,승용,남,27세,경상,,,,
2013122800100321,2013년 12월 28일 14시,토요일,경상북도 안동시 화성동,중상사고,0,1,0,0,차대차 - 기타,직진우회전진행방해,건조,맑음,교차로 - 교차로안,승용,남,68세,상해없음,이륜,남,71세,중상
2013122800100348,2013년 12월 28일 15시,토요일,경상북도 포항시 북구 양덕동,경상사고,0,0,4,0,차대차 - 추돌 - 주정차중,안전운전불이행,건조,맑음,단일로 - 기타,화물,남,58세,상해없음,승용,여,38세,경상
2013122800100349,2013년 12월 28일 15시,토요일,경상북도 포항시 남구 동촌동,경상사고,0,0,1,0,차대차 - 측면직각충돌,안전운전불이행,건조,맑음,교차로 - 교차로안,승용,남,25세,상해없음,원동기,남,28세,경상
2013122800100370,2013년 12월 28일 16시,토요일,경상북도 칠곡군 왜관읍,중상사고,0,1,6,0,차대차 - 기타,안전거리미확보,건조,맑음,단일로 - 교량,건설기계,남,71세,상해없음,승용,남,47세,경상
2013122800100371,2013년 12월 28일 16시,토요일,경상북도 영천시 야사동,중상사고,0,1,1,0,차대사람 - 기타,신호위반,건조,맑음,단일로 - 기타,이륜,남,23세,상해없음,보행자,여,17세,중상
2013122800100402,2013년 12월 28일 17시,토요일,경상북도 포항시 북구 장성동,중상사고,0,1,0,0,차대사람 - 기타,보행자보호의무위반,건조,맑음,교차로 - 교차로부근,승용,여,53세,상해없음,보행자,여,59세,중상