사고번호,사고일시,요일,시군구,사고내용,사망자수,중상자수,경상자수,부상신고자수,사고유형,법규위반,노면상태,기상상태,도로형태,가해운전자 차종,가해운전자 성별,가해운전자 연령,가해운전자 상해정도,피해운전자 차종,피해운전자 성별,피해운전자 연령,피해운전자 상해정도
2013122800100442,2013년 12월 28일 18시,토요일,경상북도 구미시 원평동,경상사고,0,0,1,0,차대차 - 기타,안전운전불이행,건조,맑음,단일로 - 기타,승용,여,39세,상해없음,승용,여,49세,경상
2013122800100478,2013년 12월 28일 19시,토요일,경상북도 포항시 남구 상도동,경상사고,0,0,1,0,차대차 - 추돌 - 주정차중,안전운전불이행,건조,맑음,교차로 - 교차로부근,승용,남,64세,상해없음,승용,남,55세,경상
2013122800100504,2013년 12월 28일 20시,토요일,경상북도 경주시 안강읍,경상사고,0,0,1,0,차대사람 - 기타,안전운전불이행,건조,맑음,단일로 - 기타,화물,기타불명,기타불명,기타불명,보행자,여,60세,경상
2013122800100505,2013년 12월 28일 20시,토요일,경상북도 구미시 도량동,경상사고,0,0,1,0,차대차 - 기타,안전운전불이행,건조,맑음,단일로 - 기타,자전거,남,61세,경상,승용,남,65세,상해없음
2013122800100530,2013년 12월 28일 21시,토요일,경상북도 안동시 옥동,경상사고,0,0,1,0,차대사람 - 기타,안전운전불이행,건조,맑음,단일로 - 기타,승용,남,27세,상해없음,보행자,여,56세,경상
2013122800100531,2013년 12월 28일 21시,토요일,경상북도 영천시 대창면,경상사고,0,0,1,0,차대차 - 정면충돌,중앙선침범,건조,맑음,단일로 - 기타,화물,남,53세,상해없음,승용,남,45세,상해없음
2013122800100532,2013년 12월 28일 21시,토요일,경상북도 구미시 도량동,중상사고,0,1,0,0,차대차 - 기타,안전거리미확보,건조,맑음,단일로 - 기타,승용,남,59세,상해없음,이륜,남,16세,중상
2013122800100533,2013년 12월 28일 21시,토요일,경상북도 포항시 남구 인덕동,중상사고,0,1,0,0,차대차 - 추돌 - 진행중,안전운전불이행,건조,맑음,단일로 - 기타,화물,남,61세,상해없음,승용,남,64세,중상
2013122800100558,2013년 12월 28일 22시,토요일,경상북도 경산시 중방동,중상사고,0,1,0,0,차대차 - 기타,안전운전불이행,건조,맑음,교차로 - 교차로부근,승용,남,22세,상해없음,자전거,남,65세,중상
2013122800100559,2013년 12월 28일 22시,토요일,경상북도 의성군 봉양면,경상사고,0,0,1,0,차대차 - 추돌 - 진행중,안전운전불이행,건조,맑음,단일로 - 기타,승용,여,33세,기타불명,승용,남,61세,경상
2013122800100583,2013년 12월 28일 23시,토요일,경상북도 김천시 모암동,경상사고,0,0,2,0,차대차 - 측면직각충돌,안전운전불이행,건조,맑음,교차로 - 교차로부근,승용,남,32세,상해없음,승용,남,56세,상해없음
2013122900100011,2013년 12월 29일 00시,일요일,경상북도 경산시 조영동,중상사고,0,1,0,0,차대사람 - 기타,안전운전불이행,건조,맑음,단일로 - 기타,승용,남,26세,상해없음,보행자,남,20세,중상
2013122900100036,2013년 12월 29일 01시,일요일,경상북도 구미시 원평동,부상신고사고,0,0,0,1,차대사람 - 기타,안전운전불이행,건조,맑음,단일로 - 기타,승용,남,51세,상해없음,보행자,남,18세,부상신고
2013122900100037,2013년 12월 29일 01시,일요일,경상북도 포항시 남구 대도동,경상사고,0,0,1,0,차대차 - 측면직각충돌,중앙선침범,건조,맑음,단일로 - 기타,승용,남,58세,상해없음,원동기,남,20세,경상
2013122900100063,2013년 12월 29일 02시,일요일,경상북도 경산시 옥산동,중상사고,0,1,0,0,차대사람 - 기타,안전거리미확보,건조,맑음,단일로 - 기타,승용,남,31세,상해없음,보행자,남,30세,중상
2013122900100150,2013년 12월 29일 09시,일요일,경상북도 영주시 하망동,경상사고,0,0,2,0,차대차 - 추돌 - 진행중,안전운전불이행,건조,맑음,교차로 - 교차로부근,승용,남,47세,상해없음,승용,여,49세,경상
2013122900100205,2013년 12월 29일 13시,일요일,경상북도 구미시 고아읍,중상사고,0,1,0,0,차대사람 - 횡단중,안전운전불이행,건조,맑음,교차로 - 교차로부근,승용,여,37세,상해없음,보행자,남,10세,중상
2013122900100224,2013년 12월 29일 14시,일요일,경상북도 경주시 성건동,경상사고,0,0,3,0,차대차 - 기타,안전운전불이행,건조,맑음,기타 - 기타,승용,여,36세,상해없음,승용,여,29세,경상
2013122900100258,2013년 12월 29일 16시,일요일,경상북도 경주시 시래동,중상사고,0,1,0,0,차대사람 - 횡단중,안전운전불이행,건조,맑음,단일로 - 기타,승용,남,40세,상해없음,보행자,남,90세,중상
2013122900100259,2013년 12월 29일 16시,일요일,경상북도 상주시 무양동,경상사고,0,0,1,0,차대차 - 기타,교차로운행방법위반,건조,맑음,교차로 - 교차로안,승용,남,34세,상해없음,승용,남,40세,경상
2013122900100284,2013년 12월 29일 17시,일요일,경상북도 칠곡군 왜관읍,경상사고,0,0,1,0,차대차 - 기타,신호위반,건조,맑음,교차로 - 교차로안,이륜,남,16세,경상,승용,남,46세,상해없음
2013122900100285,2013년 12월 29일 17시,일요일,경상북도 경산시 하양읍,중상사고,0,3,4,0,차대차 - 정면충돌,중앙선침범,건조,맑음,단일로 - 기타,승용,남,63세,경상,승용,남,49세,상해없음
2013122900100324,2013년 12월 29일 18시,일요일,경상북도 영천시 망정동,경상사고,0,0,2,0,차대차 - 기타,안전운전불이행,건조,맑음,단일로 - 기타,승용,여,49세,상해없음,승용,여,43세,경상
2013122900100325,2013년 12월 29일 18시,일요일,경상북도 구미시 구평동,중상사고,0,1,2,0,차대차 - 추돌 - 주정차중,안전운전불이행,건조,맑음,교차로 - 교차로부근,승용,여,37세,상해없음,승용,여,36세,경상
2013122900100326,2013년 12월 29일 18시,일요일,경상북도 구미시 진평동,경상사고,0,0,2,0,차대차 - 기타,신호위반,건조,맑음,교차로 - 교차로부근,승용,남,28세,상해없음,승용,남,29세,경상
2013122900100355,2013년 12월 29일 19시,일요일,경상북도 경주시 사정동,경상사고,0,0,1,0,차대사람 - 기타,보행자보호의무위반,건조,맑음,단일로 - 횡단보도상,승용,남,53세,상해없음,보행자,남,13세,경상
2013122900100356,2013년 12월 29일 19시,일요일,경상북도 포항시 북구 장성동,중상사고,0,1,1,0,차대차 - 기타,안전운전불이행,건조,맑음,단일로 - 기타,승용,남,57세,상해없음,승용,남,69세,경상
2013122900100382,2013년 12월 29일 20시,일요일,경상북도 안동시 수상동,경상사고,0,0,2,0,차대차 - 기타,안전거리미확보,건조,맑음,단일로 - 기타,화물,남,53세,상해없음,승용,남,61세,경상
2013122900100383,2013년 12월 29일 20시,일요일,경상북도 칠곡군 왜관읍,경상사고,0,0,2,0,차대차 - 기타,안전운전불이행,건조,맑음,교차로 - 교차로부근,승합,남,58세,상해없음,승용,여,55세,경상
2013122900100412,2013년 12월 29일 21시,일요일,경상북도 영천시 화남면,중상사고,0,1,0,0,차대사람 - 기타,안전운전불이행,건조,맑음,단일로 - 기타,승용,남,27세,상해없음,보행자,남,17세,중상
2013122900100413,2013년 12월 29일 21시,일요일,경상북도 고령군 다산면,경상사고,0,0,1,0,차대차 - 추돌 - 주정차중,안전운전불이행,건조,맑음,단일로 - 기타,화물,남,52세,상해없음,승용,여,40세,경상
2013122900100414,2013년 12월 29일 21시,일요일,경상북도 구미시 사곡동,중상사고,0,2,1,0,차대사람 - 횡단중,보행자보호의무위반,건조,맑음,단일로 - 횡단보도상,이륜,남,17세,상해없음,보행자,남,44세,중상
2013122900100433,2013년 12월 29일 22시,일요일,경상북도 청도군 청도읍,중상사고,0,1,1,0,차대차 - 측면직각충돌,교차로운행방법위반,건조,맑음,교차로 - 교차로안,승용,남,55세,경상,승용,여,41세,중상
2013122900100444,2013년 12월 29일 23시,일요일,경상북도 포항시 북구 득량동,경상사고,0,0,2,0,차대차 - 기타,안전운전불이행,건조,맑음,교차로 - 교차로부근,승용,남,63세,상해없음,화물,남,53세,경상
2013122900100445,2013년 12월 29일 23시,일요일,경상북도 문경시 산양면,사망사고,1,0,0,0,차량단독 - 도로외이탈 - 추락,안전운전불이행,건조,맑음,단일로 - 기타,자전거,남,55세,사망,,,,
2013123000100010,2013년 12월 30일 00시,월요일,경상북도 포항시 남구 오천읍,경상사고,0,0,3,0,차대차 - 측면직각충돌,직진우회전진행방해,건조,맑음,교차로 - 교차로안,승용,남,47세,상해없음,승합,여,49세,경상
2013123000100017,2013년 12월 30일 01시,월요일,경상북도 안동시 운안동,경상사고,0,0,1,0,차대차 - 추돌 - 진행중,안전운전불이행,건조,맑음,기타 - 기타,승용,남,27세,상해없음,승용,남,67세,경상
2013123000100036,2013년 12월 30일 03시,월요일,경상북도 포항시 남구 오천읍,경상사고,0,0,1,0,차대차 - 기타,안전운전불이행,건조,맑음,단일로 - 기타,승용,남,22세,상해없음,화물,남,47세,기타불명
2013123000100044,2013년 12월 30일 04시,월요일,경상북도 예천군 예천읍,중상사고,0,1,0,0,차대차 - 추돌 - 주정차중,안전운전불이행,건조,맑음,단일로 - 기타,화물,남,21세,중상,화물,남,42세,기타불명
2013123000100045,2013년 12월 30일 04시,월요일,경상북도 구미시 진평동,중상사고,0,1,2,0,차대차 - 추돌 - 진행중,안전운전불이행,건조,맑음,기타 - 기타,승용,남,26세,상해없음,승용,남,47세,기타불명
2013123000100049,2013년 12월 30일 05시,월요일,경상북도 포항시 북구 덕산동,경상사고,0,0,1,0,차대차 - 기타,신호위반,건조,맑음,교차로 - 교차로안,승용,남,37세,상해없음,승용,남,57세,경상
2013123000100088,2013년 12월 30일 07시,월요일,경상북도 영주시 영주동,중상사고,0,1,0,0,차대차 - 측면직각충돌,교차로운행방법위반,건조,맑음,교차로 - 교차로안,건설기계,남,46세,상해없음,승용,남,48세,중상
2013123000100089,2013년 12월 30일 07시,월요일,경상북도 문경시 흥덕동,중상사고,0,1,0,0,차대차 - 추돌 - 주정차중,안전운전불이행,건조,맑음,교차로 - 교차로부근,화물,남,38세,상해없음,화물,남,55세,중상
2013123000100117,2013년 12월 30일 08시,월요일,경상북도 경주시 외동읍,중상사고,0,1,2,0,차대사람 - 기타,안전운전불이행,건조,맑음,기타 - 기타,승용,남,53세,상해없음,보행자,남,23세,경상
2013123000100118,2013년 12월 30일 08시,월요일,경상북도 포항시 남구 대도동,중상사고,0,1,0,0,차대차 - 기타,안전운전불이행,건조,맑음,단일로 - 기타,화물,여,47세,상해없음,원동기,남,32세,중상
2013123000100119,2013년 12월 30일 08시,월요일,경상북도 포항시 남구 오천읍,경상사고,0,0,1,0,차대차 - 측면직각충돌,교차로운행방법위반,건조,맑음,교차로 - 교차로안,원동기,남,31세,경상,승용,남,45세,상해없음
2013123000100142,2013년 12월 30일 09시,월요일,경상북도 경주시 천북면,중상사고,0,1,0,0,차대차 - 측면직각충돌,안전운전불이행,건조,맑음,단일로 - 기타,승용,여,24세,상해없음,원동기,남,66세,중상
2013123000100143,2013년 12월 30일 09시,월요일,경상북도 청송군 현서면,경상사고,0,0,1,0,차대차 - 측면직각충돌,교차로운행방법위반,건조,맑음,교차로 - 교차로안,화물,남,64세,상해없음,승용,여,50세,경상
2013123000100192,2013년 12월 30일 11시,월요일,경상북도 영덕군 영덕읍,경상사고,0,0,1,0,차대차 - 측면직각충돌,직진우회전진행방해,건조,맑음,교차로 - 교차로안,이륜,남,53세,경상,승용,남,48세,상해없음
2013123000100219,2013년 12월 30일 12시,월요일,경상북도 안동시 송현동,중상사고,0,1,0,0,차대차 - 기타,중앙선침범,건조,맑음,교차로 - 교차로부근,화물,남,48세,상해없음,승용,남,42세,중상
2013123000100220,2013년 12월 30일 12시,월요일,경상북도 구미시 신평동,중상사고,0,1,0,0,차대차 - 기타,안전운전불이행,건조,맑음,기타 - 기타,승용,남,30세,상해없음,이륜,여,78세,중상
2013123000100248,2013년 12월 30일 13시,월요일,경상북도 경주시 광명동,중상사고,0,1,0,0,차대차 - 기타,안전운전불이행,건조,맑음,교차로 - 교차로안,화물,남,59세,상해없음,승용,남,57세,중상
2013123000100249,2013년 12월 30일 13시,월요일,경상북도 울진군 평해읍,중상사고,0,1,0,0,차대차 - 측면직각충돌,안전운전불이행,건조,맑음,교차로 - 교차로부근,승용,여,43세,상해없음,원동기,남,83세,중상
2013123000100250,2013년 12월 30일 13시,월요일,경상북도 포항시 남구 연일읍,경상사고,0,0,1,0,차대사람 - 기타,안전운전불이행,건조,맑음,단일로 - 기타,승용,여,49세,상해없음,보행자,남,18세,경상
2013123000100277,2013년 12월 30일 14시,월요일,경상북도 구미시 비산동,중상사고,0,1,0,0,차대차 - 기타,직진우회전진행방해,건조,맑음,교차로 - 교차로안,화물,남,63세,상해없음,이륜,남,39세,중상
2013123000100327,2013년 12월 30일 16시,월요일,경상북도 포항시 북구 죽도동,중상사고,0,1,0,0,차대차 - 기타,안전운전불이행,건조,맑음,교차로 - 교차로안,원동기,남,54세,상해없음,원동기,여,58세,중상
2013123000100328,2013년 12월 30일 16시,월요일,경상북도 안동시 풍천면,중상사고,0,4,1,0,차대차 - 추돌 - 진행중,안전운전불이행,건조,맑음,교차로 - 교차로부근,승용,남,71세,중상,화물,남,46세,중상
2013123000100329,2013년 12월 30일 16시,월요일,경상북도 영주시 영주동,경상사고,0,0,2,0,차대차 - 추돌 - 주정차중,안전운전불이행,건조,맑음,단일로 - 기타,화물,남,69세,상해없음,승합,여,38세,상해없음
2013123000100330,2013년 12월 30일 16시,월요일,경상북도 청송군 부남면,중상사고,0,1,0,0,차대사람 - 기타,안전운전불이행,건조,맑음,단일로 - 기타,승용,남,24세,상해없음,보행자,남,55세,중상
2013123000100331,2013년 12월 30일 16시,월요일,경상북도 포항시 남구 장기면,중상사고,0,1,1,0,차대차 - 측면직각충돌,교차로운행방법위반,건조,맑음,교차로 - 교차로안,승용,남,63세,경상,화물,남,30세,중상
2013123000100363,2013년 12월 30일 17시,월요일,경상북도 경주시 감포읍,부상신고사고,0,0,0,1,차대차 - 기타,안전운전불이행,건조,맑음,교차로 - 교차로안,승용,여,41세,부상신고,승용,남,56세,상해없음
2013123000100364,2013년 12월 30일 17시,월요일,경상북도 성주군 선남면,경상사고,0,0,2,0,차대차 - 추돌 - 진행중,안전거리미확보,기타,맑음,단일로 - 기타,승용,남,59세,상해없음,승용,여,28세,경상
2013123000100365,2013년 12월 30일 17시,월요일,경상북도 군위군 효령면,사망사고,1,0,1,0,차대차 - 정면충돌,중앙선침범,건조,맑음,단일로 - 기타,화물,남,42세,사망,화물,남,56세,경상
2013123000100419,2013년 12월 30일 18시,월요일,경상북도 상주시 화산동,중상사고,0,1,0,0,차대차 - 측면직각충돌,교차로운행방법위반,건조,맑음,교차로 - 교차로안,승용,남,29세,상해없음,승용,여,38세,중상
2013123000100420,2013년 12월 30일 18시,월요일,경상북도 영주시 가흥동,중상사고,0,2,0,0,차대차 - 추돌 - 주정차중,안전운전불이행,건조,맑음,교차로 - 교차로안,승용,남,62세,상해없음,건설기계,남,62세,상해없음
2013123000100421,2013년 12월 30일 18시,월요일,경상북도 구미시 도량동,중상사고,0,1,0,0,차대차 - 기타,직진우회전진행방해,건조,맑음,교차로 - 교차로안,승용,여,53세,상해없음,자전거,남,66세,중상
2013123000100460,2013년 12월 30일 19시,월요일,경상북도 안동시 용상동,경상사고,0,0,2,0,차대차 - 기타,안전거리미확보,건조,맑음,단일로 - 기타,화물,남,54세,상해없음,승용,남,29세,경상
2013123000100461,2013년 12월 30일 19시,월요일,경상북도 칠곡군 북삼읍,중상사고,0,1,0,0,차대사람 - 기타,안전운전불이행,건조,맑음,교차로 - 교차로안,승용,남,51세,상해없음,보행자,여,41세,중상
2013123000100462,2013년 12월 30일 19시,월요일,경상북도 경산시 진량읍,중상사고,0,1,1,0,차대차 - 기타,안전운전불이행,건조,맑음,교차로 - 교차로안,승용,남,32세,상해없음,승용,남,60세,경상
2013123000100502,2013년 12월 30일 20시,월요일,경상북도 안동시 태화동,중상사고,0,1,0,0,차대차 - 기타,안전운전불이행,건조,맑음,교차로 - 교차로안,화물,남,48세,기타불명,원동기,남,53세,중상
2013123000100503,2013년 12월 30일 20시,월요일,경상북도 포항시 남구 오천읍,경상사고,0,0,1,0,차대사람 - 기타,안전운전불이행,건조,맑음,단일로 - 기타,승용,남,34세,상해없음,보행자,여,11세,경상
2013123000100539,2013년 12월 30일 21시,월요일,경상북도 경주시 서악동,중상사고,0,1,4,0,차대차 - 기타,안전거리미확보,건조,맑음,교차로 - 교차로부근,승용,남,28세,경상,승용,남,22세,경상
2013123000100540,2013년 12월 30일 21시,월요일,경상북도 구미시 도량동,중상사고,0,1,0,0,차대차 - 추돌 - 진행중,안전운전불이행,건조,맑음,단일로 - 기타,승용,남,29세,기타불명,이륜,남,27세,중상
2013123000100584,2013년 12월 30일 22시,월요일,경상북도 포항시 북구 장성동,경상사고,0,0,4,0,차대차 - 추돌 - 주정차중,안전운전불이행,건조,맑음,교차로 - 교차로부근,승용,남,41세,상해없음,승용,여,36세,경상
2013123000100623,2013년 12월 30일 23시,월요일,경상북도 안동시 길안면,중상사고,0,1,1,0,차량단독 - 전도전복,안전운전불이행,건조,맑음,단일로 - 기타,화물,남,43세,경상,,,,
2013123000100624,2013년 12월 30일 23시,월요일,경상북도 구미시 공단동,경상사고,0,0,3,0,차대차 - 추돌 - 진행중,안전운전불이행,건조,맑음,단일로 - 기타,승용,남,34세,상해없음,승용,남,44세,경상
2013123000100625,2013년 12월 30일 23시,월요일,경상북도 구미시 원평동,경상사고,0,0,1,0,차량단독 - 공작물충돌,안전운전불이행,건조,맑음,교차로 - 교차로부근,승용,남,34세,경상,,,,
2013123000100626,2013년 12월 30일 23시,월요일,경상북도 구미시 원평동,중상사고,0,1,0,0,차대사람 - 기타,보행자보호의무위반,건조,맑음,단일로 - 기타,승용,남,43세,상해없음,보행자,남,38세,중상
2013123100100023,2013년 12월 31일 00시,화요일,경상북도 구미시 송정동,부상신고사고,0,0,0,1,차대사람 - 횡단중,안전운전불이행,건조,맑음,단일로 - 기타,승용,남,41세,상해없음,보행자,남,24세,부상신고
2013123100100024,2013년 12월 31일 00시,화요일,경상북도 구미시 구포동,중상사고,0,2,1,0,차대차 - 추돌 - 주정차중,안전운전불이행,건조,맑음,단일로 - 기타,승용,여,33세,중상,승용,남,31세,중상
2013123100100065,2013년 12월 31일 02시,화요일,경상북도 포항시 남구 대잠동,중상사고,0,2,0,0,차량단독 - 공작물충돌,안전운전불이행,건조,맑음,단일로 - 기타,승용,여,49세,중상,,,,
2013123100100129,2013년 12월 31일 06시,화요일,경상북도 포항시 북구 우현동,경상사고,0,0,1,0,차대사람 - 기타,안전운전불이행,건조,맑음,단일로 - 기타,승용,여,52세,상해없음,보행자,남,77세,경상
2013123100100130,2013년 12월 31일 06시,화요일,경상북도 영천시 화남면,중상사고,0,1,0,0,차대차 - 추돌 - 진행중,안전운전불이행,건조,맑음,단일로 - 기타,승용,남,27세,상해없음,화물,남,62세,중상
2013123100100173,2013년 12월 31일 08시,화요일,경상북도 경주시 동천동,경상사고,0,0,1,0,차대차 - 기타,안전운전불이행,건조,맑음,교차로 - 교차로안,화물,남,44세,상해없음,승용,남,31세,상해없음
2013123100100174,2013년 12월 31일 08시,화요일,경상북도 칠곡군 왜관읍,부상신고사고,0,0,0,1,차대차 - 기타,교차로운행방법위반,건조,맑음,교차로 - 교차로안,승용,남,49세,상해없음,승용,남,83세,부상신고
2013123100100175,2013년 12월 31일 08시,화요일,경상북도 포항시 남구 괴동동,중상사고,0,1,1,0,차대차 - 측면직각충돌,신호위반,건조,맑음,교차로 - 교차로안,승용,남,56세,중상,승용,남,24세,경상
2013123100100201,2013년 12월 31일 09시,화요일,경상북도 영주시 상망동,경상사고,0,0,1,0,차량단독 - 기타,안전운전불이행,건조,맑음,단일로 - 기타,이륜,남,77세,경상,,,,
2013123100100221,2013년 12월 31일 10시,화요일,경상북도 포항시 북구 용흥동,경상사고,0,0,3,0,차대차 - 기타,안전운전불이행,건조,맑음,단일로 - 기타,화물,남,31세,경상,승용,남,25세,경상
2013123100100222,2013년 12월 31일 10시,화요일,경상북도 포항시 북구 기계면,경상사고,0,0,1,0,차대차 - 측면직각충돌,신호위반,건조,맑음,교차로 - 교차로안,화물,남,51세,상해없음,승용,남,36세,경상
2013123100100272,2013년 12월 31일 12시,화요일,경상북도 포항시 북구 장성동,경상사고,0,0,1,0,차대사람 - 기타,안전운전불이행,건조,맑음,단일로 - 기타,승용,여,45세,상해없음,보행자,여,24세,경상
2013123100100273,2013년 12월 31일 12시,화요일,경상북도 구미시 봉곡동,경상사고,0,0,1,0,차대차 - 기타,안전운전불이행,건조,맑음,단일로 - 기타,이륜,남,36세,경상,승용,남,49세,상해없음
2013123100100292,2013년 12월 31일 13시,화요일,경상북도 문경시 문경읍,중상사고,0,2,2,0,차대차 - 측면직각충돌,안전운전불이행,건조,흐림,단일로 - 기타,화물,남,59세,경상,화물,남,50세,경상
2013123100100293,2013년 12월 31일 13시,화요일,경상북도 경산시 사동,경상사고,0,0,4,0,차대차 - 기타,안전운전불이행,건조,맑음,교차로 - 교차로안,승용,여,51세,경상,승용,여,34세,경상
2013123100100316,2013년 12월 31일 14시,화요일,경상북도 경주시 배반동,경상사고,0,0,4,0,차대차 - 기타,안전운전불이행,건조,맑음,기타 - 기타,화물,남,53세,기타불명,승용,여,39세,경상
2013123100100317,2013년 12월 31일 14시,화요일,경상북도 포항시 북구 우현동,중상사고,0,1,0,0,차량단독 - 기타,안전운전불이행,건조,맑음,교차로 - 교차로부근,원동기,남,74세,상해없음,,,,
2013123100100318,2013년 12월 31일 14시,화요일,경상북도 영덕군 영덕읍,경상사고,0,0,2,0,차대차 - 측면직각충돌,직진우회전진행방해,건조,맑음,교차로 - 교차로안,승용,여,54세,경상,화물,남,43세,경상
2013123100100351,2013년 12월 31일 15시,화요일,경상북도 경주시 인왕동,중상사고,0,1,1,1,차대차 - 기타,안전운전불이행,건조,맑음,단일로 - 기타,승용,여,34세,부상신고,화물,남,39세,중상
2013123100100352,2013년 12월 31일 15시,화요일,경상북도 포항시 북구 양덕동,중상사고,0,1,0,0,차대차 - 기타,차로위반,건조,맑음,단일로 - 기타,승용,남,56세,상해없음,원동기,남,22세,중상
2013123100100353,2013년 12월 31일 15시,화요일,경상북도 경산시 진량읍,중상사고,0,1,0,0,차대사람 - 기타,안전운전불이행,건조,맑음,단일로 - 기타,승용,남,42세,상해없음,보행자,남,10세,중상
2013123100100354,2013년 12월 31일 15시,화요일,경상북도 포항시 남구 이동,경상사고,0,0,1,0,차대차 - 측면직각충돌,안전운전불이행,건조,맑음,단일로 - 기타,승용,남,51세,상해없음,승용,여,27세,경상
2013123100100377,2013년 12월 31일 16시,화요일,경상북도 칠곡군 왜관읍,경상사고,0,0,1,0,차대차 - 기타,안전운전불이행,건조,맑음,교차로 - 교차로부근,이륜,남,76세,경상,화물,남,44세,상해없음
2013123100100406,2013년 12월 31일 17시,화요일,경상북도 경산시 중방동,경상사고,0,0,1,0,차대사람 - 기타,안전운전불이행,건조,맑음,단일로 - 기타,이륜,남,25세,상해없음,보행자,여,66세,경상
2013123100100407,2013년 12월 31일 17시,화요일,경상북도 구미시 신평동,경상사고,0,0,1,0,차대차 - 추돌 - 주정차중,안전운전불이행,건조,맑음,교차로 - 교차로부근,승용,여,27세,상해없음,승용,여,34세,경상
2013123100100456,2013년 12월 31일 18시,화요일,경상북도 경주시 석장동,경상사고,0,0,1,0,차대차 - 측면직각충돌,안전운전불이행,건조,맑음,교차로 - 교차로안,승용,남,25세,상해없음,원동기,남,23세,경상
2013123100100457,2013년 12월 31일 18시,화요일,경상북도 포항시 북구 죽도동,경상사고,0,0,1,0,차대차 - 기타,안전운전불이행,건조,맑음,단일로 - 기타,승용,남,47세,상해없음,승용,남,34세,경상
2013123100100458,2013년 12월 31일 18시,화요일,경상북도 칠곡군 약목면,부상신고사고,0,0,0,1,차대차 - 기타,안전운전불이행,건조,맑음,교차로 - 교차로부근,승용,남,40세,상해없음,승용,남,40세,부상신고
2013123100100459,2013년 12월 31일 18시,화요일,경상북도 영천시 오수동,사망사고,1,0,0,0,차대사람 - 횡단중,안전운전불이행,건조,맑음,단일로 - 기타,승용,남,47세,상해없음,보행자,남,56세,사망
2013123100100516,2013년 12월 31일 19시,화요일,경상북도 안동시 송현동,중상사고,0,1,6,0,차대차 - 기타,안전운전불이행,건조,맑음,교차로 - 교차로안,승용,여,44세,상해없음,승용,남,39세,경상
2013123100100517,2013년 12월 31일 19시,화요일,경상북도 예천군 예천읍,중상사고,0,1,0,0,차대사람 - 횡단중,안전운전불이행,건조,맑음,단일로 - 기타,승합,남,73세,상해없음,보행자,여,71세,중상
2013123100100518,2013년 12월 31일 19시,화요일,경상북도 고령군 다산면,경상사고,0,0,1,0,차량단독 - 도로외이탈 - 추락,안전운전불이행,건조,맑음,단일로 - 교량,이륜,남,65세,경상,,,,
2013123100100519,2013년 12월 31일 19시,화요일,경상북도 고령군 성산면,중상사고,0,1,0,0,차대사람 - 기타,안전운전불이행,건조,맑음,단일로 - 기타,승합,남,50세,상해없음,보행자,남,47세,중상
2013123100100520,2013년 12월 31일 19시,화요일,경상북도 포항시 남구 연일읍,경상사고,0,0,1,0,차대차 - 측면직각충돌,안전운전불이행,건조,맑음,교차로 - 교차로안,화물,남,58세,상해없음,승용,남,26세,경상
2013123100100566,2013년 12월 31일 20시,화요일,경상북도 칠곡군 북삼읍,중상사고,0,1,0,0,차대차 - 기타,안전거리미확보,건조,맑음,단일로 - 기타,승용,남,28세,상해없음,이륜,남,17세,중상
2013123100100567,2013년 12월 31일 20시,화요일,경상북도 포항시 남구 연일읍,중상사고,0,1,0,1,차대차 - 추돌 - 주정차중,안전운전불이행,건조,맑음,교차로 - 교차로부근,승용,여,33세,상해없음,승용,남,35세,중상
2013123100100590,2013년 12월 31일 21시,화요일,경상북도 포항시 북구 흥해읍,경상사고,0,0,2,0,차대차 - 기타,안전운전불이행,건조,맑음,교차로 - 교차로부근,화물,남,54세,상해없음,승용,남,40세,경상
2013123100100591,2013년 12월 31일 21시,화요일,경상북도 영주시 가흥동,중상사고,0,1,0,0,차대사람 - 차도통행중,안전운전불이행,건조,맑음,교차로 - 교차로안,승용,남,33세,상해없음,보행자,남,60세,중상
2013123100100592,2013년 12월 31일 21시,화요일,경상북도 경산시 진량읍,사망사고,1,2,1,0,차대차 - 기타,교차로운행방법위반,건조,맑음,교차로 - 교차로안,화물,남,39세,중상,승용,남,55세,사망
2013123100100593,2013년 12월 31일 21시,화요일,경상북도 구미시 봉곡동,경상사고,0,0,1,0,차대차 - 기타,안전운전불이행,건조,맑음,단일로 - 기타,승용,남,54세,상해없음,승용,남,38세,경상
2013123100100634,2013년 12월 31일 22시,화요일,경상북도 포항시 북구 우현동,경상사고,0,0,1,0,차대차 - 측면직각충돌,교차로운행방법위반,건조,맑음,교차로 - 교차로안,화물,남,31세,상해없음,승용,남,25세,경상
2013123100100635,2013년 12월 31일 22시,화요일,경상북도 문경시 문경읍,사망사고,1,0,0,0,차대사람 - 기타,안전운전불이행,건조,맑음,단일로 - 기타,승용,남,55세,상해없음,보행자,남,66세,사망
2013123100100664,2013년 12월 31일 23시,화요일,경상북도 안동시 남후면,경상사고,0,0,1,0,차대차 - 기타,안전운전불이행,건조,맑음,단일로 - 기타,기타불명,기타불명,기타불명,기타불명,승용,여,26세,경상
2013123100100665,2013년 12월 31일 23시,화요일,경상북도 포항시 남구 송도동,경상사고,0,0,1,0,차대차 - 측면직각충돌,안전운전불이행,건조,맑음,교차로 - 교차로부근,원동기,여,55세,경상,승합,남,55세,상해없음